name,smiles,rank,Electrostatic,Van der Waals,Ligand Polar Desolv,Ligand Apolar Desolv,Total Strain,Max Strain,Total Energy,Ligand Energy,label,n_poses,binding_energy,binding_energy_mean_pose,binding_energy_error_pose,binding_energy_range_pose,best_second_pose_gap,mol_wt,logp,tpsa,hbd,hba,rot_bonds,ring_count,heavy_atoms,fraction_csp3,p_binding,p_binding_bootstrap_mean,p_binding_bootstrap_std,p_binding_ci_low,p_binding_ci_high
OADMET-0001127,fake,1,-1.643051,-27.653767,4.724876,-1.174555,2.705,1.11,-25.746496,0.0,0,80,-25.746496,-22.834343824999998,1.6038684270589345,6.7403960000000005,0.6469650000000016,,,,,,,,,,0.32991694989940074,0.3203420845334376,0.0170379724574318,0.28966318220515874,0.35363324174938243
OADMET-0001129,fake,1,-0.529644,-29.165041,7.763777,-1.118653,6.241,3.54,-23.049561,0.0,0,70,-23.049561,-13.429948271428572,7.037612310366916,24.809731,0.042322999999999666,,,,,,,,,,0.356658632639375,0.3550739182122513,0.02751381270019591,0.3066821649347047,0.40639201860805263
OADMET-0001130,fake,1,0.487608,-29.027895,2.754724,-2.848753,4.079,3.05,-28.634315,0.0,0,80,-28.634315,-25.140928037499997,1.0563910550881666,6.250503000000002,0.029520000000001545,,,,,,,,,,0.6133298180590172,0.6225054085200264,0.023886753805601603,0.5727948211826746,0.6647611161900104
OADMET-0001131,fake,1,-4.717015,-24.21759,5.483884,-1.703335,1.982,1.5,-25.154057,0.0,0,80,-25.154057,-20.9640821625,1.6110939895326528,7.298840000000002,0.21929000000000087,,,,,,,,,,0.3114236425242079,0.30807583882541595,0.019268470399035852,0.27425452574807396,0.34332565358343536
OADMET-0001132,fake,1,9.938957,-18.966978,13.180971,-4.443045,6.873,1.62,-0.290095,0.0,0,2,-0.290095,0.692615,1.3897618098796642,1.96542,1.96542,,,,,,,,,,0.46531003997050097,0.43788636302737116,0.06395582427712103,0.3236158187365999,0.5551291721563623
OADMET-0001134,fake,1,6.201599,-22.641411,8.436428,-3.545988,5.189,2.62,-11.549372,0.0,0,52,-11.549372,-3.4445341923076924,6.831783930161537,28.562130000000003,0.593458,,,,,,,,,,0.47300643894647826,0.45746093724346126,0.03403715448720682,0.3840045969729901,0.5252017318675903
OADMET-0001135,fake,1,0.658825,-29.187412,8.285247,-2.856887,4.481,2.41,-23.100227,0.0,0,66,-23.100227,-15.958778712121212,4.873336327885859,23.097867,0.08544700000000205,,,,,,,,,,0.525792450913768,0.5454263619137499,0.01292364304630808,0.5252971929391951,0.5700628150728068
OADMET-0001137,fake,1,-1.34715,-30.917606,7.653594,-1.693522,5.331,2.43,-26.304682,0.0,0,12,-26.304682,-19.517926499999998,3.9579292406075055,12.548126,0.01676000000000144,,,,,,,,,,0.4648984315159453,0.46889736984603436,0.017134355010671152,0.4362039239875583,0.5011281817605885
OADMET-0001140,fake,1,-3.134608,-27.961552,11.1517,-1.204845,2.72,0.89,-21.149307,0.0,0,58,-21.149307,-14.818444034482757,5.216783742692628,32.062186,1.1799260000000018,,,,,,,,,,0.24860684681550993,0.24894006322477755,0.018060406121330592,0.22020247556091802,0.2867178930194337
OADMET-0001143,fake,1,-3.24472,-29.69788,7.099586,-0.76021,5.909,2.34,-26.603224,0.0,0,54,-26.603224,-22.161838851851847,3.2578637718591077,11.660584,0.5512809999999995,,,,,,,,,,0.3416319117022246,0.3518203537877285,0.022473448057447307,0.3122110911564808,0.398223021408771
OADMET-0001145,fake,1,-2.075802,-31.99589,5.564756,0.351663,3.655,2.39,-28.155273,0.0,0,120,-28.155273,-20.666713266666665,3.1516205956311696,18.714744000000003,0.004540999999999684,,,,,,,,,,0.23779780897329228,0.23069136847975213,0.026970340000400706,0.18316379399306748,0.2803912753918337
OADMET-0001147,fake,1,-1.0651,-33.891987,9.770105,-2.939858,4.102,1.87,-28.126841,0.0,0,16,-28.126841,-20.1381234375,5.90982797542964,20.865547999999997,0.38616799999999785,,,,,,,,,,0.626068396298738,0.6470002028346705,0.016969659358460155,0.6160258237932359,0.678898273008784
OADMET-0001148,fake,1,-22.101652,-24.253761,33.34235,-2.047729,1.882,0.87,-15.060795,0.0,0,80,-15.060795,-7.551800625,3.2404918645151923,12.948493000000001,0.547937000000001,,,,,,,,,,0.13323608147856206,0.12315244074803192,0.025895652220057096,0.0768209644966478,0.17713120839174348
OADMET-0001151,fake,1,-3.447838,-25.56426,8.992832,-1.654247,7.134,3.66,-21.673513,0.0,0,42,-21.673513,-14.350024952380952,4.518722765161082,15.766242,0.7325069999999982,,,,,,,,,,0.36888005717650746,0.3718993632563993,0.025570669404916892,0.3277402428384667,0.4182640710613822
OADMET-0001152,fake,1,-3.239623,-26.502563,3.426781,-2.805748,4.149,2.12,-29.121153,0.0,0,80,-29.121153,-23.21675595,2.6776580303258486,13.850798,0.27284999999999826,,,,,,,,,,0.5856125575293164,0.5876855045008934,0.01830860342955804,0.5534583190393051,0.621596461584715
OADMET-0001153,fake,1,-1.378784,-32.641148,9.550735,-2.284304,8.795,2.85,-26.7535,0.0,0,70,-26.7535,-22.732408085714287,4.482854487297063,17.622555,0.03926099999999977,,,,,,,,,,0.6488935593168996,0.6458787975774627,0.02958687250311591,0.5866500232926217,0.6972958622550421
OADMET-0001154,fake,1,1.593569,-31.541096,11.051114,-1.710956,8.016,3.66,-20.607368,0.0,0,42,-20.607368,-19.097216261904762,0.7449701725381133,3.4860989999999994,0.2113429999999994,,,,,,,,,,0.43954401760501066,0.4620688639657364,0.03676502638498983,0.392813798518622,0.5180599329412195
OADMET-0001155,fake,1,-8.302728,-29.355247,8.26551,-0.147464,4.153,2.64,-29.539928,0.0,0,80,-29.539928,-24.113148175,2.546943549729812,11.55573,0.20326999999999984,,,,,,,,,,0.253973279438456,0.24954190042765048,0.026561298450679362,0.20439746201106324,0.30158991873542246
OADMET-0001157,fake,1,-0.505685,-30.098721,6.596318,-2.166871,2.469,1.59,-26.174957,0.0,0,80,-26.174957,-22.405322599999998,2.428574148469977,8.461507999999998,0.4269849999999984,,,,,,,,,,0.46641900285377375,0.46017761284530395,0.014052372904138683,0.4337470529905987,0.4867939893554775
OADMET-0001159,fake,1,7.300315,-25.280384,6.641809,-3.046145,3.955,1.16,-14.384403,0.0,0,80,-14.384403,-10.004302212499999,2.3748782891935596,11.838874,0.11390900000000137,,,,,,,,,,0.4462063777511304,0.4490349598281146,0.032493309655339524,0.3910588525481633,0.5137937313304655
OADMET-0001160,fake,1,-0.535628,-33.653309,9.458222,-0.617971,3.021,1.79,-25.348688,0.0,0,66,-25.348688,-20.710963242424242,5.084855151434351,17.301676,0.7587410000000006,,,,,,,,,,0.2834796007411616,0.2953839904736345,0.027777921721737972,0.24896610696710253,0.3546905247220877
OADMET-0001161,fake,1,-1.576972,-31.944252,5.098248,-1.327865,5.004,2.64,-29.750843,0.0,0,80,-29.750843,-26.908658087499997,3.1955430968566407,12.650768,0.011372999999998967,,,,,,,,,,0.4682065119152643,0.477599382926256,0.021855611939878755,0.43881454823284133,0.5167335280272092
OADMET-0001162,fake,1,-0.994022,-23.122416,4.594697,-0.925167,4.26,1.82,-20.446909,0.0,0,56,-20.446909,-13.84105157142857,4.347650459614739,19.62834,0.968632000000003,,,,,,,,,,0.24277369674828217,0.2325951950969483,0.0172606556100976,0.20068917310278897,0.2639755362064941
OADMET-0001165,fake,1,-14.55037,-29.271172,24.98374,2.216749,4.541,1.79,-16.621052,0.0,0,40,-16.621052,-11.552584325,4.294445294722633,12.812954999999999,1.2223029999999984,,,,,,,,,,0.033263444938562176,0.034563218993708025,0.010482058778359442,0.018493664478400677,0.05886952731589799
OADMET-0001167,fake,1,-3.905017,-26.317165,6.954724,-1.242159,1.149,1.03,-24.509619,0.0,0,80,-24.509619,-21.420021749999997,1.374080024159239,6.118244000000001,0.17656700000000214,,,,,,,,,,0.2496145645316301,0.25276388524242605,0.017562443282341387,0.22179507302400256,0.2849394885695394
OADMET-0001169,fake,1,3.941307,-29.04071,10.851707,-4.407228,4.953,1.62,-18.654924,0.0,0,90,-18.654924,-3.1745587777777775,7.822292434262351,39.823886,5.597856000000002,,,,,,,,,,0.6928369483632645,0.699088313569896,0.02646530304411789,0.643226389369228,0.7433092555641614
OADMET-0001170,fake,1,-0.453938,-32.27298,7.139315,-2.340101,2.146,1.04,-27.927704,0.0,0,80,-27.927704,-22.5677411,1.714942594750871,8.437234999999998,0.025855999999997437,,,,,,,,,,0.5149679723242127,0.5223748252307303,0.018722563473456397,0.48428159400836607,0.5576521994450515
OADMET-0001171,fake,1,-1.233196,-29.800276,7.449598,-2.413629,8.709,2.45,-25.997503,0.0,0,70,-25.997503,-20.221053285714284,4.475241035822175,20.969789,0.03177399999999864,,,,,,,,,,0.6064405466870308,0.6355423195131166,0.030174740546886014,0.5835910067165946,0.6926767240011646
OADMET-0001172,fake,1,-2.806387,-27.649277,5.306242,-2.136495,2.091,1.87,-27.285917,0.0,0,80,-27.285917,-22.200200674999998,2.46485724452303,12.680724000000001,0.055093000000002945,,,,,,,,,,0.4204794756885273,0.4287929154529567,0.01965894615492175,0.39316428274939125,0.46338732937910077
OADMET-0001173,fake,1,-0.92676,-31.486456,16.688055,-2.132566,6.409,2.34,-17.857727,0.0,0,68,-17.857727,-6.32928205882353,5.939374841959148,28.082844,0.25747300000000095,,,,,,,,,,0.3953352310052984,0.4112873511860872,0.03514972768186382,0.3451129813754952,0.4797424939648188
OADMET-0001174,fake,1,-3.677669,-33.134167,7.3247,-2.886829,7.922,1.79,-32.373966,0.0,0,74,-32.373966,-26.520541932432433,7.207996360837859,23.568662000000003,0.0016740000000012856,,,,,,,,,,0.7406756926512017,0.7636088718405886,0.025098055138132506,0.7214675438881254,0.8189904314808865
OADMET-0001175,fake,1,-3.058918,-28.719627,5.485095,-2.198861,2.233,0.93,-28.492311,0.0,0,80,-28.492311,-24.1231390375,1.9999015387795458,9.617805,0.41784000000000177,,,,,,,,,,0.4806343109979971,0.4730011289435618,0.01698130949760592,0.4428690622688404,0.5066174874315129
OADMET-0001339,fake,1,-3.925284,-36.675617,8.438637,-0.792539,2.541,1.05,-32.954803,0.0,0,46,-32.954803,-28.036462565217388,1.76117128899039,6.871899999999997,0.8825909999999979,,,,,,,,,,0.43551491475403153,0.42038668533721235,0.03498823326432605,0.3558850330232493,0.48356088882331727
OADMET-0001340,fake,1,-0.651505,-26.359674,4.647262,-3.451126,2.167,2.08,-25.815044,0.0,0,80,-25.815044,-21.089268675,1.960108316073961,9.836526000000001,0.7735100000000017,,,,,,,,,,0.5739752882381403,0.5812323223899368,0.02255525183390166,0.5412608101340064,0.6336773277181745
OADMET-0001342,fake,1,-11.492328,-34.723549,33.098862,-3.352045,4.732,2.14,-16.469061,0.0,0,32,-16.469061,-1.15754065625,6.812837263291243,30.815983,0.6988880000000002,,,,,,,,,,0.4378114046390494,0.41912091562645465,0.05711063146665382,0.30610471181112087,0.5199800534015377
OADMET-0001343,fake,1,-1.12323,-33.677254,6.94885,-1.536218,2.688,1.97,-29.387854,0.0,0,10,-29.387854,-25.230832900000003,3.0725899216185844,8.319234999999999,0.056439000000001016,,,,,,,,,,0.46611962966642123,0.4554373976666688,0.02504853090037091,0.4092535540978393,0.5081978266208341
OADMET-0001345,fake,1,5.300912,-19.482601,3.202038,-0.818417,3.983,1.63,-11.798069,0.0,0,38,-11.798069,-5.893786552631579,5.5251912491722255,16.018562,0.12077000000000027,,,,,,,,,,0.15167371019581663,0.15073786396070213,0.019723329798250977,0.11735532399729671,0.19153678973938287
OADMET-0001350,fake,1,-0.058988,-25.699093,4.129715,-1.754985,3.176,1.32,-23.383352,0.0,0,80,-23.383352,-21.326782025,1.9931632847062513,5.220013999999999,0.0064809999999972945,,,,,,,,,,0.36678250292212117,0.3612779728255014,0.014017244944365487,0.33210859635500956,0.38715470068812036
OADMET-0001352,fake,1,-0.200385,-23.274946,7.998244,-1.777716,3.966,1.47,-17.254803,0.0,0,10,-17.254803,-13.2806016,2.5456361348568084,6.366494999999999,0.3996469999999981,,,,,,,,,,0.2810060872398305,0.273303482146059,0.015945521501928583,0.24657411123755404,0.303675120747606
OADMET-0001353,fake,1,-3.422705,-25.882334,8.975953,-0.581924,4.291,2.33,-20.911011,0.0,0,80,-20.911011,-15.794317950000002,4.451213154252424,26.652938,0.20346899999999835,,,,,,,,,,0.2077214703851397,0.20188412233760858,0.017278169955730456,0.17221072521725297,0.23999370388689212
OADMET-0001354,fake,1,5.172825,-27.338604,7.372079,-2.205074,1.969,1.32,-16.998774,0.0,0,30,-16.998774,-1.5983822999999995,5.742559813003071,26.189257,0.3922750000000015,,,,,,,,,,0.32325683827395824,0.3333356646163146,0.022177013969469327,0.2908266231371307,0.3794616910352411
OADMET-0001355,fake,1,9.411443,-29.954552,10.635563,-4.587365,4.4,1.23,-14.494912,0.0,0,6,-14.494912,-7.818026500000001,4.002789607803376,11.001071999999999,4.541604999999999,,,,,,,,,,0.6805629606017373,0.6919274288253408,0.03946571353160271,0.6084071329468386,0.7568309430216887
OADMET-0001356,fake,1,-1.720926,-29.747501,6.923809,0.346575,4.726,1.67,-24.198044,0.0,0,16,-24.198044,-21.664524812499998,4.680520978139752,19.244816999999998,0.07752199999999831,,,,,,,,,,0.20001499014607904,0.200184238642194,0.023471447948716286,0.16172244219523543,0.2491213176255445
OADMET-0001357,fake,1,-1.163059,-22.843117,3.924205,-3.325252,1.068,1.02,-23.407223,0.0,0,80,-23.407223,-20.4624478,1.4113153765566273,6.0280249999999995,0.27672399999999797,,,,,,,,,,0.48677908809711057,0.47699623831933574,0.024985507191584676,0.4377751439310987,0.5294068532327654
OADMET-0001361,fake,1,0.339119,-25.049421,7.158716,0.249878,5.945,2.45,-17.301708,0.0,0,48,-17.301708,-13.448748729166667,5.689712925341245,18.994497000000003,0.0375709999999998,,,,,,,,,,0.1502663133825808,0.14770918064434974,0.020291305061632004,0.11489751606592932,0.19218531272609476
OADMET-0001362,fake,1,-1.806154,-30.842497,6.396934,-4.208525,2.697,1.59,-30.460241,0.0,0,14,-30.460241,-25.462906214285713,7.271607003988016,25.449088,0.6595590000000016,,,,,,,,,,0.7475865787455088,0.7644625373037722,0.01736044216333725,0.7319000515481927,0.7910206857350386
OADMET-0001363,fake,1,-2.784696,-32.193657,5.387061,-1.161728,7.277,2.62,-30.753017,0.0,0,64,-30.753017,-24.0402630625,2.4728168767534964,14.235809,0.5472350000000006,,,,,,,,,,0.5153893429181652,0.5253891116842472,0.027339448581017983,0.468275411143688,0.5717149995117449
OADMET-0001366,fake,1,-1.375222,-27.568455,9.42864,-3.563947,3.465,1.69,-23.078983,0.0,1,2,-23.078983,-22.471709,0.8588151268765594,1.2145480000000006,1.2145480000000006,,,,,,,,,,0.5691351672181867,0.5846259433245319,0.010611625014871666,0.5633979328557781,0.6052264975246197
OADMET-0001368,fake,1,0.592106,-35.217697,8.035488,-4.533143,3.77,1.05,-31.123245,0.0,1,10,-31.123245,-18.946863399999998,8.241630034466418,18.987682,0.018575000000002007,,,,,,,,,,0.829316757066366,0.8464209852045087,0.017053366160515986,0.8140620757697046,0.8772169928480243
OADMET-0001372,fake,1,-5.043983,-27.364693,10.874033,-3.670483,4.045,1.87,-25.205126,0.0,0,4,-25.205126,-17.76942525,8.159795639200627,14.499577,0.7481249999999982,,,,,,,,,,0.6014114255200773,0.6137399770162977,0.01305852620194531,0.5904213730192394,0.63494984917302
OADMET-0001374,fake,1,-0.258829,-32.627422,6.03181,-6.050397,6.632,3.64,-32.904839,0.0,1,42,-32.904839,-27.834178071428568,3.4816261265458914,13.114552000000003,0.09643600000000419,,,,,,,,,,0.9284936669134156,0.937478773170602,0.011741748112288898,0.9115508778948817,0.9532456497568053
OADMET-0001376,fake,1,2.770378,-18.934053,9.178036,-3.324108,7.638,1.87,-10.309748,0.0,0,4,-10.309748,-9.18063425,0.913305093737529,2.113239,0.8491400000000002,,,,,,,,,,0.45953530992900915,0.426158516783037,0.0453425203865982,0.3479630649824906,0.4999635973396813
OADMET-0001383,fake,1,4.406899,-32.528873,8.110589,-2.355892,7.326,2.12,-22.367279,0.0,0,2,-22.367279,-21.951494,0.5880087860312968,0.8315699999999993,0.8315699999999993,,,,,,,,,,0.5816539868234202,0.5992591626750743,0.036027546984874655,0.5324755081704455,0.6733436207235113
OADMET-0005060,fake,1,-0.986294,-27.045376,4.733522,-3.595943,1.468,0.66,-26.894091,0.0,1,2,-26.894091,-26.7350435,0.22492713156153454,0.3180949999999996,0.3180949999999996,,,,,,,,,,0.610667035636788,0.6113814334727845,0.02128213383837073,0.5762299488144084,0.6470910959285853
OADMET-0005065,fake,1,-2.341648,-28.272646,7.484585,-2.9753,4.313,2.64,-26.105009,0.0,1,80,-26.105009,-22.611602325,2.3141846568629125,10.670105999999999,1.0019949999999973,,,,,,,,,,0.5741272367200182,0.5743635802874681,0.014070300973379414,0.5454002711939905,0.5966590784641962
OADMET-0005068,fake,1,-1.670584,-31.414682,6.568824,-4.401165,5.713,2.73,-30.917606,0.0,1,80,-30.917606,-26.659190549999998,3.6227657359405128,12.94568,0.272002999999998,,,,,,,,,,0.827546751530984,0.8331386438709129,0.014555650943309914,0.8041750690472049,0.8549648409896792
OADMET-0005069,fake,1,-0.770358,-26.694893,5.626555,-2.58501,2.138,0.85,-24.423706,0.0,1,40,-24.423706,-19.035336725,3.291805254158871,15.883799,1.094270999999999,,,,,,,,,,0.45970745664217993,0.45694866789138827,0.01397836951018875,0.42942912338952227,0.4843893089314119
OADMET-0005074,fake,1,-2.634175,-26.323666,7.055997,-2.01707,5.721,2.39,-23.918915,0.0,1,10,-23.918915,-19.146392,3.836337000892764,10.609277999999998,0.4925539999999984,,,,,,,,,,0.45043068875474684,0.43970427809687807,0.013719139523882868,0.4147255986404091,0.4648336338446339
OADMET-0005075,fake,1,-1.599793,-28.120052,3.465645,-3.113981,1.241,0.63,-29.368181,0.0,1,26,-29.368181,-25.33378653846154,3.163397362898948,13.965074,0.2864590000000007,,,,,,,,,,0.5771404255654361,0.59003024068709,0.022842426187645294,0.5486829573250483,0.6318441727453671
OADMET-0005077,fake,1,-2.98821,-27.947948,3.917058,-3.379771,2.668,1.63,-30.398872,0.0,1,104,-30.398872,-25.115513028846156,2.2456421601773444,10.914369,0.6884480000000011,,,,,,,,,,0.639369596087119,0.654238721606925,0.02008422765122936,0.6251374894557472,0.6922113366225084
OADMET-0005082,fake,1,-1.981087,-31.669024,5.861772,-2.382372,2.535,2.39,-30.170713,0.0,1,80,-30.170713,-24.3301583875,2.505594389267767,14.473768,0.3795259999999985,,,,,,,,,,0.5303337723029694,0.5496245552398389,0.024824243458961514,0.5055061399083116,0.5958724024560387
OADMET-0005087,fake,1,-1.260015,-29.404692,6.91845,-2.822122,2.944,2.73,-26.568378,0.0,1,78,-26.568378,-23.326327833333337,3.4459905572710974,20.101546,0.08304000000000045,,,,,,,,,,0.5375508868503992,0.5428764928901305,0.024115381702188247,0.48981735151973793,0.581874111077724
OADMET-0005089,fake,1,-1.078774,-33.844124,5.775217,-4.122612,5.641,3.48,-33.270294,0.0,1,18,-33.270294,-29.046140944444446,4.618537286047525,13.618213,0.25505799999999823,,,,,,,,,,0.8182221421265984,0.8423283969924988,0.01765453053442749,0.8100857411716801,0.8671675950901027
OADMET-0005093,fake,1,-0.832247,-29.326965,5.156241,-3.371792,2.612,2.41,-28.374763,0.0,1,80,-28.374763,-26.2827405,1.9820509434901075,5.384214,0.02187500000000142,,,,,,,,,,0.6255261045056836,0.6385744777000903,0.022295556107664094,0.5957310305641322,0.6828148145197857
OADMET-0005094,fake,1,1.068523,-29.531715,4.401789,-4.253955,6.116,3.98,-28.315359,0.0,1,48,-28.315359,-23.611949104166666,1.7176703710951466,8.863205,0.07994599999999963,,,,,,,,,,0.8015976585979323,0.8025560981132075,0.02294880246241316,0.7509112194601366,0.8363028184625595
OADMET-0005095,fake,1,-4.10469,-27.969395,5.38052,-3.215625,3.942,2.27,-29.909191,0.0,1,58,-29.909191,-24.580618017241385,6.794224915337936,31.003294,0.09624300000000119,,,,,,,,,,0.6338526075116223,0.6442291191759807,0.017863358237254275,0.6108458586422109,0.6747409850093826
OADMET-0005096,fake,1,-2.197513,-29.262449,4.7356,-3.399735,4.674,2.0,-30.124098,0.0,1,80,-30.124098,-25.5529425,1.1677831397257135,5.956330999999999,0.502358000000001,,,,,,,,,,0.6929686036610336,0.7090820952850718,0.014176604120039592,0.6814742770740816,0.7329848737675345
OADMET-0005102,fake,1,-2.214377,-30.12714,5.602266,-1.149953,2.073,1.04,-27.889206,0.0,1,66,-27.889206,-22.39986868181818,6.297147270744851,32.292157,0.11626400000000103,,,,,,,,,,0.331002452349036,0.3451361435586998,0.020096126760669065,0.30563677470055456,0.37951016866064274
OADMET-0005104,fake,1,-1.164551,-30.032948,6.564005,-1.428202,1.469,0.54,-26.061695,0.0,1,84,-26.061695,-21.94068982142857,3.126344580344523,11.502869,0.03917900000000074,,,,,,,,,,0.351794831310523,0.34496921478871434,0.020935989327370584,0.3020667322521692,0.38304200986572146
OADMET-0003071,fake,1,0.14627,-30.328285,4.569679,-3.570711,3.123,1.38,-29.183046,0.0,1,82,-29.183046,-22.532895012195123,4.579080032467413,20.05871,0.49557100000000176,,,,,,,,,,0.6930943845872019,0.7061313265493437,0.015124227927346311,0.682734394237849,0.7335320013839689
OADMET-0003072,fake,1,-4.24222,-27.699293,7.324563,-2.697071,3.44,2.33,-27.314022,0.0,0,42,-27.314022,-18.761254476190476,3.4190271284291174,16.716438000000004,0.006914000000001863,,,,,,,,,,0.507494617056046,0.5193112353155097,0.01685097935087382,0.48285047749841464,0.5485714172205012
OADMET-0003073,fake,1,-2.013016,-28.674402,3.536398,-2.962784,4.139,1.83,-30.113804,0.0,0,80,-30.113804,-28.154729249999995,1.9847447263273785,6.390386999999997,0.02350099999999955,,,,,,,,,,0.6333243974700663,0.6479141500768205,0.01493416196756667,0.6219847913624456,0.6750894200188995
OADMET-0003076,fake,1,-3.752946,-26.677378,7.376971,-2.660028,5.113,2.64,-25.713381,0.0,0,80,-25.713381,-15.8396272,5.93868527564157,23.449794999999998,0.21951899999999824,,,,,,,,,,0.5172328766609154,0.52676483740579,0.013136412810485009,0.5009563013910323,0.553278716207526
OADMET-0003078,fake,1,-1.559629,-29.503761,4.912745,-3.637892,7.392,3.37,-29.788538,0.0,1,80,-29.788538,-28.357720087500002,1.1477010253713225,5.194277,0.013220000000000454,,,,,,,,,,0.7648889019256563,0.7788942330217451,0.017738578896803955,0.7461488568120386,0.8110789116302394
OADMET-0003081,fake,1,-0.679492,-33.744648,7.545753,-4.112153,0.573,0.52,-30.99054,0.0,1,8,-30.99054,-23.791474875,4.753340630654416,13.613551000000001,0.7116340000000001,,,,,,,,,,0.7169901135765399,0.7466425095755973,0.024274470398173605,0.7002688502224126,0.7875761445970225
OADMET-0003082,fake,1,-0.666434,-33.448071,5.049178,-4.070708,0.872,0.82,-33.136036,0.0,0,80,-33.136036,-29.061049425,2.144301510332525,7.297006999999997,0.08197399999999533,,,,,,,,,,0.7728404607048418,0.7736371737541755,0.022589859569128748,0.7282293991662134,0.813984220836277
OADMET-0003083,fake,1,-11.072005,-32.484264,27.702927,-2.166796,3.982,2.39,-18.02014,0.0,0,76,-18.02014,-13.065385000000001,2.265465364859791,9.797399000000002,0.2584710000000001,,,,,,,,,,0.26857469822831553,0.28134318338572795,0.039997267483528706,0.20530764109001307,0.36015602974589106
OADMET-0003086,fake,1,-1.914165,-31.621372,6.217879,-3.563058,5.405,2.33,-30.880716,0.0,0,58,-30.880716,-27.529822293103454,3.7261755399581227,12.670131000000001,0.2874289999999995,,,,,,,,,,0.7383606818180158,0.7613020552592883,0.013455424957427358,0.7360924000838829,0.7820683497391436
OADMET-0003088,fake,1,-1.796959,-26.557503,4.958773,-3.010752,0.877,0.84,-26.406441,0.0,1,8,-26.406441,-26.034615125000002,0.19002881481835324,0.6006300000000024,0.24364900000000134,,,,,,,,,,0.5002614321175963,0.5025969258954257,0.020892231112205187,0.4661591913384376,0.5470630063547449
OADMET-0003089,fake,1,1.371751,-33.168938,10.227758,-3.663328,1.016,0.6,-25.232758,0.0,0,56,-25.232758,-23.79889594642857,2.1449497775671995,10.415823,0.001733999999999014,,,,,,,,,,0.614358669845927,0.6340989570169381,0.02614838056100756,0.5779159007791991,0.6744981919861267
OADMET-0003094,fake,1,-5.863733,-30.464685,29.980728,-3.341636,7.383,1.97,-9.689327,0.0,1,34,-9.689327,-6.115113176470588,1.592002021298349,8.370315,0.45946200000000026,,,,,,,,,,0.37612736422997095,0.397754996780147,0.05810982701384367,0.2846586556314991,0.5188266921784193
OADMET-0003097,fake,1,-11.393921,-24.480856,25.379429,-2.473231,10.538,2.31,-12.968581,0.0,1,48,-12.968581,-10.701922604166667,0.9264957965318693,3.5248950000000008,0.11455600000000032,,,,,,,,,,0.35237743230567814,0.3463903890808803,0.05303571494005091,0.22486343717493934,0.45843952285958
OADMET-0003098,fake,1,-0.679585,-30.514654,7.963236,-1.535372,5.54,2.09,-24.766375,0.0,1,48,-24.766375,-22.219126562499998,3.666879289835936,15.001563,0.14438499999999976,,,,,,,,,,0.4262253347206674,0.4337809703861179,0.020125621634770913,0.39355652621171006,0.46966778865511455
OADMET-0003101,fake,1,-1.288249,-25.079693,5.521685,-4.061382,2.843,2.64,-24.90764,0.0,1,16,-24.90764,-18.515962625,4.588462227950535,14.100948,0.6309730000000009,,,,,,,,,,0.616839382044248,0.639266332804814,0.027977218484375198,0.5821079325991069,0.6927751236447061
OADMET-0003102,fake,1,-1.037438,-30.585377,4.852687,-2.616797,6.563,2.41,-29.386923,0.0,1,52,-29.386923,-28.563843192307694,1.1480145827521913,5.2865639999999985,0.013431999999998112,,,,,,,,,,0.6594643405926189,0.6686771702793327,0.01671787429684524,0.6334218788058353,0.7008211856903765
OADMET-0003103,fake,1,-1.909415,-26.600176,4.694561,-3.810679,1.77,0.9,-27.625708,0.0,1,22,-27.625708,-14.811648272727274,9.269179563780508,30.568623,1.4463699999999982,,,,,,,,,,0.6429966005668987,0.6443784492854351,0.021879005602838227,0.608076689271191,0.6832393073440767
OADMET-0003106,fake,1,-1.680668,-34.172256,5.483657,-2.229589,3.244,2.39,-32.598854,0.0,1,6,-32.598854,-22.12574066666667,8.637398574013908,20.029085000000002,1.1381260000000033,,,,,,,,,,0.5831390016454052,0.6082286467300284,0.02389777048221215,0.5661453039074407,0.6545029803606505
OADMET-0003107,fake,1,1.515462,-32.169788,3.539016,-3.757734,12.255,3.48,-30.873045,0.0,1,2,-30.873045,-29.325777000000002,2.188167390225895,3.0945360000000015,3.0945360000000015,,,,,,,,,,0.8648975673686418,0.887549511178685,0.02163023425671666,0.8401198911085443,0.9252598657171596
OADMET-0003109,fake,1,-1.898496,-30.496464,9.323114,-2.942474,6.232,2.3,-26.014318,0.0,1,84,-26.014318,-23.596746452380955,3.0667189929963214,17.429948,0.616848000000001,,,,,,,,,,0.6204972318583994,0.6365075909832756,0.014950853000392625,0.609119805043336,0.6639423276275985
OADMET-0003110,fake,1,-2.537999,-27.941874,3.693784,-2.204893,3.392,0.97,-28.99098,0.0,1,96,-28.99098,-24.537561395833336,3.4119091931884538,20.306476,0.5270100000000006,,,,,,,,,,0.5139629126268686,0.5136946120553396,0.01955254140483131,0.4794545921573764,0.5583325743662805
OADMET-0003111,fake,1,0.547988,-28.093302,3.989873,-3.647471,3.387,1.43,-27.202911,0.0,1,42,-27.202911,-25.07354935714286,0.6879787318506796,3.589556999999999,0.15627800000000036,,,,,,,,,,0.6699867966632039,0.6821691460029686,0.01553289797290516,0.6579278264527345,0.7100651561739296
OADMET-0003113,fake,1,0.450306,-33.419262,5.866875,-4.078417,5.406,1.71,-31.180498,0.0,1,76,-31.180498,-28.722656710526316,2.9379455439739557,8.708471,0.014803000000000566,,,,,,,,,,0.813303661754014,0.8305386390819117,0.015352774037264358,0.8055548575852755,0.8602085778584688
OADMET-0003114,fake,1,-2.209312,-30.750435,5.703727,-3.016479,4.142,1.87,-30.272499,0.0,1,44,-30.272499,-24.292421613636364,2.386504385716669,9.855041,0.7212600000000009,,,,,,,,,,0.647152844805052,0.6656239285762615,0.012346642823944619,0.644055991654684,0.6886824363770359
OADMET-0003116,fake,1,-2.78796,-33.336437,6.61166,-2.575434,4.803,2.06,-32.088173,0.0,1,2,-32.088173,-32.0718215,0.023124513065142197,0.03270299999999793,0.03270299999999793,,,,,,,,,,0.6610670575031315,0.6674165394201563,0.015475530941091449,0.6384440346945395,0.6969345432331021
OADMET-0003117,fake,1,-9.107709,-28.192217,19.645363,-3.178569,2.366,0.91,-20.833134,0.0,1,80,-20.833134,-18.196266825000002,1.9708601240419057,7.751454000000001,0.0630650000000017,,,,,,,,,,0.41457694950375906,0.4058008836167598,0.026686467806845606,0.3540677201829288,0.4571176497722433
OADMET-0003119,fake,1,-4.744399,-19.324125,7.360508,-2.577415,7.871,2.49,-19.285431,0.0,1,4,-19.285431,-17.44945625,2.074981589846903,3.679243999999999,0.07901999999999987,,,,,,,,,,0.4319532773244023,0.4252135425587113,0.03430887474421351,0.35391029618655373,0.49186560206290464
OADMET-0003120,fake,1,-2.105609,-34.047058,4.796883,-3.999671,3.188,1.32,-35.355457,0.0,1,134,-35.355457,-27.47498152985074,6.396342306642375,25.444270000000003,0.3913039999999981,,,,,,,,,,0.8123727897379043,0.8238941929331404,0.017287785789585515,0.7939049993245543,0.8564177903537257
OADMET-0003121,fake,1,-0.338554,-30.5777,2.643542,-2.970714,8.33,2.39,-31.243427,0.0,1,38,-31.243427,-21.518344078947365,4.340401659972492,12.995678000000002,0.5001050000000014,,,,,,,,,,0.75144028284256,0.7729445181334286,0.023384577926272358,0.724210268962781,0.8206323339073837
OADMET-0003122,fake,1,-0.897525,-27.972157,5.042417,-2.771049,3.618,1.87,-26.598316,0.0,1,54,-26.598316,-23.747081703703703,3.131163749495805,11.136578,0.015423000000001963,,,,,,,,,,0.5461296104853939,0.5569287481576896,0.009648116420440726,0.539406029721593,0.5776406384475721
OADMET-0003123,fake,1,-0.726785,-29.436123,6.631767,-4.114019,8.227,3.48,-27.645161,0.0,1,118,-27.645161,-20.971748203389826,5.214141083613965,31.862038000000002,0.8133000000000017,,,,,,,,,,0.7937333153062632,0.8115460160440773,0.018083017963625513,0.7752644192836866,0.8437407429327828
OADMET-0001027,fake,1,-2.243371,-34.340393,7.024171,-1.177843,6.059,2.1,-30.737434,0.0,0,98,-30.737434,-26.50762704081633,3.276252529949461,11.914401999999999,0.02039699999999911,,,,,,,,,,0.510297893893196,0.5162386036955506,0.027953415208829557,0.46348842592012407,0.5616893241889167
OADMET-0001028,fake,1,-2.298027,-28.466627,4.846339,-2.445992,5.674,2.41,-28.364307,0.0,0,84,-28.364307,-22.243306785714285,3.7484496097932776,16.182144,0.07774699999999868,,,,,,,,,,0.5725483696394976,0.5869939158410254,0.013562548586152048,0.5597745859223567,0.6092112634784067
OADMET-0001029,fake,1,-7.651301,-29.357649,7.691914,-0.013349,5.682,1.67,-29.330385,0.0,0,80,-29.330385,-25.091020325,4.180054735593248,21.191586,0.05769099999999838,,,,,,,,,,0.2802092479780254,0.2758391783656181,0.02804836257775015,0.22904772366920326,0.3341775390970081
OADMET-0001030,fake,1,-1.04232,-35.616348,9.390142,1.519126,5.732,2.0,-25.749401,0.0,0,84,-25.749401,-20.897936404761904,2.528317422653132,13.454101,0.2787419999999976,,,,,,,,,,0.1834156889856746,0.16838917383016944,0.03212351314147918,0.11877081594423408,0.2225326164058886
OADMET-0001031,fake,1,0.082499,-34.923737,9.376583,-3.4711,1.747,0.7,-28.935753,0.0,0,48,-28.935753,-25.029522208333333,3.5449145865171596,12.090228999999997,0.0014799999999972613,,,,,,,,,,0.6791785695391779,0.6866668122424131,0.024199327037961457,0.6365090064409478,0.7311930006161241
OADMET-0001032,fake,1,6.805682,-24.139778,5.584576,-1.871419,5.923,3.98,-13.620938,0.0,0,80,-13.620938,-5.892304625000001,3.967898109795196,18.592663,0.1882350000000006,,,,,,,,,,0.31234647336902516,0.31541779557207045,0.0371997813592337,0.2414762190032775,0.3789856186110599
OADMET-0001033,fake,1,-22.921585,-23.840258,28.299021,-2.013648,6.579,2.08,-20.476467,0.0,0,80,-20.476467,-11.605127024999998,3.6218894230104453,14.375888,0.1641939999999984,,,,,,,,,,0.24892448854468427,0.23404480228400967,0.03633209160208438,0.1541255340599951,0.29497387588150054
OADMET-0001035,fake,1,-3.398633,-29.776484,10.659328,-1.799869,3.095,1.57,-24.315659,0.0,0,14,-24.315659,-18.993978357142854,3.2948052175119926,12.455006000000001,0.10379299999999958,,,,,,,,,,0.38366469252589724,0.3710597129281517,0.014905700135226695,0.34471268159680574,0.399702188617683
OADMET-0001037,fake,1,-2.112806,-29.137377,7.892776,-1.607487,6.63,2.64,-24.964893,0.0,0,114,-24.964893,-18.528390780701752,3.621778944018982,21.502404,0.17604400000000098,,,,,,,,,,0.44581444869307063,0.4496933173657998,0.01985962020018968,0.41199631340766246,0.49098401545361436
OADMET-0001038,fake,1,0.290527,-24.698767,3.703903,-3.045709,3.681,1.49,-23.750046,0.0,0,80,-23.750046,-19.187964037500002,3.4397937019169817,14.767444000000001,0.3611550000000001,,,,,,,,,,0.5333752591580979,0.5377962945840288,0.016197511963831287,0.5072550213188584,0.5676365127125171
OADMET-0001040,fake,1,-0.35465,-25.853853,6.362799,-0.356068,3.879,1.79,-20.201773,0.0,0,8,-20.201773,-16.60088425,3.376878504526533,8.707341999999999,0.37400500000000036,,,,,,,,,,0.19887184707819083,0.18982741325515906,0.017433797749466313,0.1590315332482346,0.2279894042222377
OADMET-0001041,fake,1,7.236282,-22.589489,12.270442,-0.808479,4.069,1.59,-3.891243,0.0,0,80,-3.891243,4.40138325,4.581219437470683,14.245716,1.1424529999999997,,,,,,,,,,0.11700677319628949,0.10639079083197497,0.021421191542918522,0.07477820777486227,0.14587158689004098
OADMET-0001042,fake,1,-3.424367,-31.18256,11.285154,-0.257193,4.335,2.11,-23.578964,0.0,0,40,-23.578964,-19.39267065,3.0632796828751063,10.546888,0.050380000000000535,,,,,,,,,,0.23411448284642175,0.2291874513692065,0.023509570031738803,0.19099942847779533,0.2735564510153687
OADMET-0001044,fake,1,-0.411093,-23.279472,6.114697,-0.133197,2.1,1.31,-17.709063,0.0,0,80,-17.709063,-14.6918048,1.573807855467593,6.064631,0.03711200000000048,,,,,,,,,,0.13155077533339232,0.12216012424691625,0.014264743729683829,0.09667924158193172,0.151103093252305
OADMET-0001047,fake,1,-1.219036,-27.971935,7.352161,-0.863017,4.646,3.09,-22.701828,0.0,0,12,-22.701828,-17.043757666666664,5.66177229844413,15.808399999999999,0.05513599999999741,,,,,,,,,,0.2735053713077009,0.27687425197669235,0.023365747730904066,0.22951862205998494,0.31532188601506445
OADMET-0001048,fake,1,-2.436368,-30.303635,6.345848,-0.695797,6.107,2.09,-27.089951,0.0,0,80,-27.089951,-23.7520798125,2.305339653921338,8.994443999999998,0.010815000000000907,,,,,,,,,,0.3576716395016846,0.3692971738972129,0.02540365052609587,0.3236044934509317,0.41887564894927326
OADMET-0001050,fake,1,4.059659,-27.18327,6.828709,-2.455678,5.14,1.77,-18.75058,0.0,0,76,-18.75058,-13.04550585526316,3.9415835703420514,17.507535,1.5978679999999983,,,,,,,,,,0.45490717159485766,0.45950237768587426,0.024144540701508115,0.4209203854828443,0.5107963406683251
OADMET-0001051,fake,1,-5.714499,-27.703648,8.396904,-1.807847,1.666,0.84,-26.829088,0.0,0,120,-26.829088,-22.941764566666667,1.7437284423722335,8.953637999999998,0.40019599999999755,,,,,,,,,,0.34763720564522155,0.3529891910364379,0.018555182086362067,0.3152975061700846,0.3885601609310786
OADMET-0001052,fake,1,-5.990637,-26.873142,16.617798,-3.10231,3.202,2.4,-19.348289,0.0,0,90,-19.348289,-14.905292955555556,3.4288670532105705,11.529167000000001,0.39154000000000266,,,,,,,,,,0.3987104584525538,0.4013763555391656,0.023626509735108516,0.3527691252225625,0.4413832358264282
OADMET-0001054,fake,1,-4.088137,-22.915506,3.894997,1.575437,2.552,0.94,-21.533209,0.0,0,80,-21.533209,-17.4536037375,1.8342000342413047,8.062142,0.0856899999999996,,,,,,,,,,0.07365477648511438,0.06731394956570996,0.012817324463750465,0.04746285260859187,0.09630015824745601
OADMET-0001055,fake,1,-0.766386,-32.395721,14.418814,0.514133,6.308,1.98,-18.229158,0.0,0,36,-18.229158,-10.792119416666669,5.430501285933525,20.564371,0.029251000000002136,,,,,,,,,,0.18065654364010872,0.1639369145249841,0.030100739498809512,0.11758152137448181,0.22661641128476706
OADMET-0001056,fake,1,2.236008,-31.799591,4.508907,-3.392792,6.62,1.87,-28.447468,0.0,0,2,-28.447468,-27.7165355,1.033694654679272,1.4618649999999995,1.4618649999999995,,,,,,,,,,0.7462977583271598,0.768479941754959,0.020218154169584397,0.7322191694652578,0.8160695096101218
OADMET-0001057,fake,1,-4.031835,-26.894779,4.789272,-1.014065,5.78,2.39,-27.151405,0.0,0,120,-27.151405,-21.136034983333335,3.2450945080482594,12.35136,0.23499599999999887,,,,,,,,,,0.3736221308227434,0.365345704407769,0.02105002767287482,0.33144164125955505,0.41158018206823965
OADMET-0001059,fake,1,-10.568838,-35.961697,24.961573,-3.178129,1.604,0.61,-24.747089,0.0,0,106,-24.747089,-18.247888518867928,5.613782186065053,19.751196,0.050170999999998855,,,,,,,,,,0.47796535306845356,0.4878834198646081,0.04738013481237697,0.4012272023326848,0.575183610241227
OADMET-0001060,fake,1,2.2566,-23.271967,3.317479,-3.990906,5.02,1.75,-21.688793,0.0,0,16,-21.688793,-17.7043070625,3.73781576539721,9.241127,0.3355160000000019,,,,,,,,,,0.6396035071771898,0.6587756857636442,0.025001578858843816,0.6083572580435195,0.7049390482790144
OADMET-0001062,fake,1,-2.270973,-36.398239,8.199549,-1.763741,4.808,1.87,-32.233406,0.0,0,42,-32.233406,-19.470271166666667,7.288194014293574,28.135414000000004,0.18909400000000431,,,,,,,,,,0.5739673173904417,0.5962315915289561,0.025962573009458725,0.554548948848477,0.6417226344851084
OADMET-0001063,fake,1,-20.518417,-33.826996,28.583481,-0.125084,3.521,1.48,-25.887016,0.0,0,84,-25.887016,-10.511523595238094,9.840305678953078,34.68671,0.04781499999999994,,,,,,,,,,0.16335249978221536,0.15045621135092763,0.03178167731975027,0.09330047024838428,0.20748558813300924
OADMET-0001064,fake,1,-1.07704,-26.194805,8.250875,-1.337638,3.101,1.27,-20.358606,0.0,0,50,-20.358606,-14.434213160000002,4.60767722290158,20.494010000000003,0.057840000000002334,,,,,,,,,,0.2675638272790921,0.2629595654134151,0.014774696977360498,0.2359486612283788,0.2930552197174839
OADMET-0001065,fake,1,-2.939409,-30.459023,6.903507,-0.247725,5.683,1.65,-26.742647,0.0,0,80,-26.742647,-18.5031648625,4.388705376085687,19.253173,0.015545000000003029,,,,,,,,,,0.3149611023236261,0.303297774208635,0.02774939264793451,0.2565264908953133,0.35851988821471953
OADMET-0001066,fake,1,-1.404062,-30.28557,10.59737,-0.512699,3.429,1.26,-21.604961,0.0,0,40,-21.604961,-15.781445724999998,3.761590626520947,14.708632,0.43139400000000094,,,,,,,,,,0.22955614026947493,0.22469049791900375,0.022349015452466495,0.1895369354476062,0.27166707045519156
OADMET-0001067,fake,1,0.167973,-26.687874,5.108176,-2.659217,1.534,1.53,-24.070942,0.0,0,80,-24.070942,-20.788358725000002,3.0817879847944467,11.482244999999999,0.009072999999997222,,,,,,,,,,0.4389829721713785,0.44729971517941464,0.01701771895844209,0.4163599668335736,0.487155596543314
OADMET-0001068,fake,1,16.992161,-25.102638,19.90959,-4.643395,3.771,1.16,7.155717,0.0,0,4,7.155717,9.17236675,2.1048906537172543,4.8982529999999995,1.0611489999999995,,,,,,,,,,0.3129248439471035,0.36032734437662994,0.07736165678001862,0.21769936254193434,0.4998853775025789
OADMET-0001071,fake,1,-3.387227,-29.56637,6.981959,-1.821877,5.378,2.23,-27.793514,0.0,0,120,-27.793514,-20.858569924999998,3.1530114480519877,17.665134,0.018733999999998474,,,,,,,,,,0.4837473601235007,0.48793039131124805,0.014063437750575208,0.460058799969276,0.5165905052885917
OADMET-0001072,fake,1,1.408037,-27.080679,14.890111,-2.068291,9.927,3.37,-12.850822,0.0,0,40,-12.850822,-12.622702825,0.3781957384952854,2.3993340000000014,0.007119000000001208,,,,,,,,,,0.3842004980631392,0.39676047499700856,0.047570990048650515,0.3057708382783949,0.48754827549344154
OADMET-0001073,fake,1,-2.633801,-28.223497,5.990668,-3.402762,2.972,1.15,-28.269392,0.0,0,80,-28.269392,-23.5463390375,3.117672506596022,14.049002,1.444578,,,,,,,,,,0.6261487901796009,0.6375656140033583,0.015936425510480634,0.6110306254207392,0.6680218489276767
OADMET-0001074,fake,1,-2.524843,-33.780457,5.30504,-1.110622,3.562,1.48,-32.110878,0.0,0,80,-32.110878,-24.7984577625,2.8541247307414945,14.282139,0.4876499999999986,,,,,,,,,,0.4713952695762805,0.46490642607374855,0.025680415522393706,0.4226520010941236,0.508557343433324
OADMET-0001075,fake,1,-2.458268,-29.619123,7.78734,-2.240243,4.476,2.23,-26.530294,0.0,0,80,-26.530294,-23.0002308625,2.6650235983479416,9.812223000000003,0.03081900000000104,,,,,,,,,,0.5003275246938202,0.5033535048302427,0.009820704807771191,0.4849397242580736,0.5218020926598148
OADMET-0006107,fake,1,0.338785,-29.499155,6.434188,-3.581622,3.341,2.4,-26.307804,0.0,0,20,-26.307804,-25.505700949999998,0.6255269528894037,2.0119059999999998,0.006121000000000265,,,,,,,,,,0.6449488803694666,0.6579410203134921,0.017043495191135377,0.624800376481265,0.6911506801745134
OADMET-0006110,fake,1,-3.906371,-30.565224,4.049232,-3.116345,9.379,3.64,-33.538708,0.0,0,42,-33.538708,-28.29748633333334,4.379841136010076,17.020917999999998,0.1133960000000016,,,,,,,,,,0.786471286334916,0.80198418397786,0.021595105000410703,0.7576964297472761,0.8379180583228425
OADMET-0006111,fake,1,-0.508918,-30.127192,3.403368,-3.74877,4.249,2.73,-30.98151,0.0,1,12,-30.98151,-25.678668000000005,1.9894584323050881,8.766283000000001,3.9210320000000003,,,,,,,,,,0.7534978062362141,0.7578034020796072,0.018593148056467376,0.7195108419774635,0.7892175291876213
OADMET-0006112,fake,1,-6.705368,-27.959358,20.715105,-2.622126,7.365,3.15,-16.571747,0.0,1,24,-16.571747,-7.540692500000001,5.48655670028853,19.914896,0.1860219999999977,,,,,,,,,,0.39201742850614724,0.3959010380201324,0.033295691487020364,0.33664614844580293,0.4586102874848853
OADMET-0006115,fake,1,-4.455321,-24.304218,4.3022,-2.519873,9.686,3.39,-26.977213,0.0,1,80,-26.977213,-19.291441925,3.244106453819918,18.682814999999998,0.014672999999998382,,,,,,,,,,0.5940943306846811,0.6240173057580574,0.034142857016339956,0.5479010264154243,0.6862143698100582
OADMET-0006119,fake,1,-0.096001,-26.581705,5.316463,-2.993513,5.329,2.0,-24.354755,0.0,0,80,-24.354755,-20.135126675000002,1.8816051074974058,9.948663000000002,0.16130000000000067,,,,,,,,,,0.5808788930374486,0.5883833047343526,0.014208187674738732,0.5613623681894725,0.613851596341502
OADMET-0006122,fake,1,-2.255031,-26.561638,2.9481,-3.053568,1.968,1.77,-28.922138,0.0,1,24,-28.922138,-24.873844833333337,1.6989846607931731,7.987642000000001,0.4412060000000011,,,,,,,,,,0.5658662374074874,0.5700536284619071,0.024305478837591706,0.5198713851848314,0.6230856946657675
OADMET-0006123,fake,1,-1.78529,-29.251089,5.33548,-3.215582,0.434,0.35,-28.916481,0.0,0,80,-28.916481,-24.051280350000003,3.1039753340511833,8.420490000000001,0.06571399999999983,,,,,,,,,,0.5870661255239455,0.5805678773384042,0.02464773680101184,0.5389812246937945,0.626621820013425
OADMET-0006125,fake,1,-2.693766,-33.173218,5.389338,-2.134151,4.934,1.67,-32.611797,0.0,1,80,-32.611797,-28.092921850000003,2.903968488058442,9.565088000000003,0.15954200000000185,,,,,,,,,,0.6278750058906953,0.6307741106349358,0.019499657782884153,0.5978967723930545,0.672387604959468
OADMET-0006126,fake,1,-7.575469,-30.032442,22.525433,-2.609446,3.985,1.84,-17.691923,0.0,1,78,-17.691923,-6.300455448717948,5.978453678734193,33.616695,0.28456899999999763,,,,,,,,,,0.3378116852529041,0.3426693526865254,0.03089235102281814,0.2796707050865464,0.4009297348245491
OADMET-0006127,fake,1,-11.05387,-29.498978,23.434414,-1.659407,4.092,1.84,-18.777842,0.0,0,124,-18.777842,-12.710384120967738,3.250974824515983,20.74529,1.3977649999999997,,,,,,,,,,0.25335079676988376,0.2345591556411747,0.027687670085289547,0.17967518234091875,0.29254887268828694
OADMET-0006128,fake,1,-10.469164,-24.108519,20.303064,-1.810545,5.931,2.21,-16.085163,0.0,1,56,-16.085163,-11.663793285714288,2.7083885307819062,11.396232000000001,0.008945000000000647,,,,,,,,,,0.23176124678477106,0.2281763895343646,0.023155945370794913,0.18417769273111428,0.2690011713085187
OADMET-0006129,fake,1,-3.646974,-32.463985,5.842487,-2.580104,3.343,1.47,-32.848576,0.0,1,80,-32.848576,-26.165671000000003,5.527894969233548,18.686851,0.01281399999999877,,,,,,,,,,0.6322738249134935,0.6373947962151084,0.01793119705695499,0.6066757673930427,0.673903817249178
OADMET-0006131,fake,1,-2.691164,-32.080528,7.712264,-2.561224,2.689,1.78,-29.620649,0.0,1,52,-29.620649,-17.66443128846154,5.752809661650593,27.745257,0.6702149999999989,,,,,,,,,,0.564510218173623,0.5671044111623998,0.01718303317098056,0.5386185182049722,0.6008569453922725
OADMET-0006132,fake,1,-5.288877,-30.168516,27.710138,-1.275784,3.376,0.91,-9.023039,0.0,1,6,-9.023039,0.398562833333334,8.376167250817367,18.828159,0.13839500000000093,,,,,,,,,,0.13387761314344343,0.13404637224492086,0.029186185083558785,0.08184231743825432,0.19593037868871
OADMET-0006135,fake,1,-6.424398,-22.147121,4.870414,-2.450614,7.767,2.31,-26.151718,0.0,1,40,-26.151718,-22.347158574999998,2.402919428746932,7.845264,0.0033949999999975944,,,,,,,,,,0.5567331859084761,0.5302891417720094,0.03451469085950519,0.45314859810417424,0.5986740634806755
OADMET-0006137,fake,1,0.781919,-17.745186,8.234772,-5.000275,3.971,2.33,-13.728771,0.0,1,2,-13.728771,-13.714191,0.02061923373939915,0.029159999999999187,0.029159999999999187,,,,,,,,,,0.5855275200891054,0.5710646635428869,0.0384130902098832,0.5033881100956754,0.6338687158631944
OADMET-0006140,fake,1,-1.120879,-28.578894,6.036891,-2.293216,2.54,1.73,-25.956099,0.0,1,80,-25.956099,-23.642831475,2.1414404612327975,5.063255999999999,0.011705999999996664,,,,,,,,,,0.46630834025038115,0.4585955031977146,0.012767896930375427,0.4344976952566554,0.4805294540865584
OADMET-0006141,fake,1,-8.04716,-28.887869,27.516451,-3.026906,3.457,1.83,-12.445484,0.0,1,24,-12.445484,-7.739470999999999,3.3943134159487087,11.311475,0.541144000000001,,,,,,,,,,0.27149374086534,0.2870800292262554,0.037500004403361806,0.21751415198361923,0.3576017160932181
OADMET-0006145,fake,1,-1.19279,-30.598585,4.738806,-1.319448,1.322,1.19,-28.372017,0.0,1,22,-28.372017,-27.27555263636364,1.2375830528753768,4.635653000000001,0.1265660000000004,,,,,,,,,,0.3671483957056274,0.36453942955157664,0.022230181098297965,0.319667177292799,0.40272967950697813
OADMET-0006151,fake,1,-0.918247,-26.571922,4.457726,-2.03912,8.567,3.39,-25.071564,0.0,1,8,-25.071564,-18.859519875,6.0774331660370375,15.216181999999998,0.010913999999999646,,,,,,,,,,0.5408074783835995,0.5481080011439563,0.028128875148916068,0.4890373217775479,0.593575647679487
OADMET-0006152,fake,1,-2.421467,-32.683132,6.124138,-2.711737,4.062,1.87,-31.692198,0.0,1,48,-31.692198,-26.313803145833333,7.056670198142482,29.71946,0.05045700000000153,,,,,,,,,,0.6378187836602123,0.6599708644949409,0.014660738748335173,0.6337781240767002,0.6884069499479439
OADMET-0006154,fake,1,-2.349481,-27.348654,5.605714,-0.748822,4.179,1.78,-24.841244,0.0,0,68,-24.841244,-21.670720764705884,1.4876015718589124,8.078703,0.05050100000000057,,,,,,,,,,0.2804115738014751,0.2828321515155177,0.01780943807383357,0.2535473942228318,0.32059631781851133
OADMET-0006155,fake,1,-1.742384,-24.649792,4.188105,-2.703306,9.122,3.39,-24.907377,0.0,1,80,-24.907377,-18.87513335,4.783834090288422,25.21211,0.08154700000000048,,,,,,,,,,0.6151541604154008,0.6227788335674548,0.03064278076137492,0.555297917927908,0.6805280651618679
OADMET-0001658,fake,1,-9.209276,-30.162485,33.003262,-0.788261,1.22,0.87,-7.156761,0.0,0,38,-7.156761,-4.112701631578947,2.22783035393348,7.365175000000001,0.14685700000000068,,,,,,,,,,0.07485114702632817,0.06937238310718608,0.020189338002919208,0.039117907755833514,0.11559502716845496
OADMET-0001659,fake,1,-5.734237,-32.309029,9.823051,-0.266693,5.237,2.39,-28.486908,0.0,0,48,-28.486908,-24.419201625,4.912673923858196,19.836064999999998,0.16427600000000098,,,,,,,,,,0.3039665293270223,0.3034644080318395,0.02702743952880689,0.2617179080003541,0.3538125039670709
OADMET-0001662,fake,1,-2.406859,-29.061722,11.039894,-3.591326,3.82,2.33,-24.020012,0.0,0,80,-24.020012,-20.6242578,3.719184847279642,14.415743,0.30914700000000295,,,,,,,,,,0.5952005683388939,0.6073929003900691,0.014532817477753103,0.5782457442607531,0.6322907553940617
OADMET-0001663,fake,1,-1.247,-31.355028,7.650031,-3.822086,5.645,2.73,-28.774082,0.0,0,40,-28.774082,-21.8526356,8.042663264912166,26.944683,0.1574150000000003,,,,,,,,,,0.75764653362533,0.7633838466473317,0.013981418330845478,0.736276895390786,0.7852899161880869
OADMET-0001665,fake,1,-3.963197,-22.616461,9.196584,0.08388,6.704,2.38,-17.299196,0.0,0,40,-17.299196,-12.173855,2.34825567119368,8.786701999999998,0.04360199999999992,,,,,,,,,,0.15772190048451404,0.14174564254893884,0.01969298460641488,0.1089063813249578,0.187701559526596
OADMET-0001666,fake,1,-1.482996,-27.665373,5.836563,-1.785169,7.542,2.73,-25.096975,0.0,0,56,-25.096975,-18.749684642857144,2.9248629068146417,12.740272000000001,2.2614230000000006,,,,,,,,,,0.4931286960954877,0.49551411689390645,0.023666845152489468,0.45107726885247174,0.5426558459995705
OADMET-0001669,fake,1,-2.128983,-25.399836,5.265202,-3.505747,4.934,2.33,-25.769363,0.0,0,40,-25.769363,-23.174501624999998,1.9227488097472045,7.187123999999997,0.24371499999999813,,,,,,,,,,0.6185894228241571,0.6371518487113018,0.016698184331208857,0.5998332199735465,0.6710718508056664
OADMET-0001671,fake,1,3.372092,-28.604925,8.404082,-1.661729,10.423,3.48,-18.490479,0.0,0,12,-18.490479,-8.24040875,7.183708223477016,21.291844,0.002822999999999354,,,,,,,,,,0.47831832918609357,0.4831607165745415,0.04737685007077821,0.38176921272356534,0.5754211025472792
OADMET-0001673,fake,1,-4.198278,-28.245327,13.858096,-0.86672,6.597,3.2,-19.452227,0.0,0,38,-19.452227,-11.353565868421054,7.295149663792005,24.206643,0.22621400000000236,,,,,,,,,,0.24975588323677722,0.25164534410119105,0.025394873915887347,0.2094131292239654,0.29862012638006313
OADMET-0001674,fake,1,-3.17165,-25.468561,5.078257,-3.299649,7.682,2.89,-26.861603,0.0,0,80,-26.861603,-24.621069475000002,0.9157016314732704,4.3163149999999995,0.10015100000000032,,,,,,,,,,0.6762167443878658,0.6841244867916213,0.022954627342978918,0.6306824648875213,0.7280482693455674
OADMET-0001675,fake,1,-1.930326,-27.955738,6.04563,-3.518555,1.175,1.17,-27.358988,0.0,0,120,-27.358988,-22.73965265833333,1.2285644839032992,7.882971000000001,0.7557779999999994,,,,,,,,,,0.5921563959963739,0.5951670357355234,0.020819630539981548,0.5607154640138441,0.6353721441235098
OADMET-0001676,fake,1,0.345808,-37.221733,5.784108,-5.41731,1.514,1.1,-36.509125,0.0,0,114,-36.509125,-32.248192324561394,2.9387681919931095,15.976260999999997,0.03879599999999783,,,,,,,,,,0.897720425054163,0.9107563087667162,0.015217891498595112,0.8724306991221602,0.9342006497169513
OADMET-0001677,fake,1,-2.531479,-23.072762,9.365874,-2.12641,4.561,3.17,-18.364775,0.0,0,80,-18.364775,-15.349589212500002,1.064051274062102,5.586418000000002,0.15156800000000104,,,,,,,,,,0.3165051532146325,0.3093600183580164,0.022757698844903956,0.252590817066991,0.346197113351524
OADMET-0001678,fake,1,-0.966764,-26.92522,4.239807,-2.698961,4.791,2.38,-26.351139,0.0,0,80,-26.351139,-24.3883144375,1.7671592498471882,5.860149,0.005282999999998594,,,,,,,,,,0.5540455850744562,0.5637687051190665,0.01293287332920384,0.5405656582351316,0.5877334775629709
OADMET-0001679,fake,1,-0.350836,-29.091084,3.610483,-4.561259,4.624,2.12,-30.392694,0.0,1,36,-30.392694,-26.858615277777776,2.5215546738024215,7.7285900000000005,0.005511999999999517,,,,,,,,,,0.8021271811598564,0.8250994124071975,0.016355060495348607,0.7919701311458158,0.8492570409815102
OADMET-0001684,fake,1,1.506259,-30.053877,7.137295,-3.615897,5.86,2.16,-25.02622,0.0,0,80,-25.02622,-24.3195726,0.7233450248986373,2.892872999999998,0.025952999999997672,,,,,,,,,,0.7078497566468743,0.7135375458770477,0.01644850473227354,0.6845428142240909,0.7464481824463044
OADMET-0001685,fake,1,-1.43159,-34.085445,4.890894,-4.309429,7.204,2.95,-34.93557,0.0,0,80,-34.93557,-28.3118509625,2.903372242738976,14.759633999999998,0.10059400000000096,,,,,,,,,,0.8643392715684578,0.8874707811669273,0.013447905478384344,0.8627273980306158,0.9074339034215271
OADMET-0001688,fake,1,-2.113798,-25.330978,3.609553,-2.579991,4.78,2.39,-26.415215,0.0,0,40,-26.415215,-24.388102175,1.2615340943351243,4.788146999999999,0.11376399999999975,,,,,,,,,,0.5203490317031649,0.5297848121734947,0.0170628351636482,0.4964093880410318,0.5653158291456393
OADMET-0001689,fake,1,-0.385272,-21.529751,3.177602,-2.767691,0.026,0.02,-21.50511,0.0,0,40,-21.50511,-18.282899800000003,1.2452647888691355,5.072452999999999,0.26614399999999705,,,,,,,,,,0.3783681034867637,0.3565924633916114,0.026975848782158314,0.31115845800772235,0.40505113228367956
OADMET-0001690,fake,1,-0.48333,-36.618713,6.48339,-2.345315,2.32,0.95,-32.963966,0.0,0,120,-32.963966,-26.552589899999997,2.771387933867874,13.347508999999999,0.041221000000000174,,,,,,,,,,0.6036193447583621,0.6393776680956653,0.02665470397883547,0.58996571136866,0.6898278211178095
OADMET-0001691,fake,1,-1.792805,-32.603168,10.919422,-2.680465,2.557,1.05,-26.157017,0.0,0,28,-26.157017,-23.135857678571426,2.0260366801875187,6.686350000000001,0.1741109999999999,,,,,,,,,,0.5157370712594519,0.5341453238575066,0.020009970582675757,0.4930224915720468,0.5713767081642197
OADMET-0001692,fake,1,-18.224426,-22.746828,51.607811,-1.803317,4.178,2.09,8.833242,0.0,0,40,8.833242,12.349411175,1.4249544548896795,5.248502,0.18713400000000036,,,,,,,,,,0.03433247310167737,0.03282608404953815,0.015111325177753689,0.01278816623106015,0.06984219437544707
OADMET-0001694,fake,1,-0.240183,-29.483673,5.175322,-3.898837,2.043,2.04,-28.447372,0.0,0,80,-28.447372,-23.5486169375,2.084708136587041,9.046661,0.012554000000001508,,,,,,,,,,0.6952504975161454,0.6938788740448154,0.021806303095312646,0.6520363078379979,0.7376217590508493
OADMET-0001707,fake,1,-2.937481,-30.394609,8.413272,-0.244961,4.479,2.39,-25.16378,0.0,0,80,-25.16378,-19.401313050000002,5.325123357649483,23.154222999999998,0.4897919999999978,,,,,,,,,,0.266374013034444,0.24964341677494076,0.022889806316930383,0.21329277859799337,0.29359270272449256
OADMET-0001711,fake,1,0.120067,-30.915443,6.445441,-3.725754,5.469,2.64,-28.075687,0.0,0,10,-28.075687,-24.232099599999998,2.562159448438897,8.106662,0.2644549999999981,,,,,,,,,,0.7252853476869466,0.7498415246154536,0.013881449043301028,0.7227418179800064,0.771052509641409
OADMET-0001712,fake,1,-1.183542,-26.388075,10.720299,-3.238778,6.769,2.38,-20.090096,0.0,0,44,-20.090096,-19.13905584090909,0.771604903226007,4.134473999999999,0.013037000000000631,,,,,,,,,,0.5536329840222808,0.5676130938849255,0.021471518501359695,0.5234262087153555,0.6053467841372522
OADMET-0001717,fake,1,-2.470623,-32.005348,6.48013,-2.080196,8.355,2.35,-30.076038,0.0,0,80,-30.076038,-24.0548331125,3.3124760506642006,17.623006,0.026824999999998766,,,,,,,,,,0.6563210774812455,0.6567679029957211,0.028512156480729828,0.606884480728893,0.7111308298842162
OADMET-0004813,fake,1,-1.55067,-28.445845,4.716755,-3.343129,3.934,1.66,-28.62289,0.0,1,6,-28.62289,-26.774482333333335,2.1179861165518217,4.871158000000001,0.03209600000000279,,,,,,,,,,0.6567213287912296,0.6664193753234552,0.013730380564734895,0.6436132209028804,0.6916264001151307
OADMET-0004822,fake,1,-1.105254,-33.880329,6.443445,-1.802562,7.318,2.36,-30.344702,0.0,0,4,-30.344702,-29.99332675,0.32412714329141096,0.6925800000000031,0.16250400000000198,,,,,,,,,,0.6160005544938455,0.6251370756793198,0.026629236996143148,0.5738527607106902,0.674306394257664
OADMET-0004826,fake,1,-1.806451,-31.819584,7.566816,-2.626149,3.005,1.03,-28.685366,0.0,1,148,-28.685366,-21.79402416216216,4.460936636193055,20.246681,0.1343519999999998,,,,,,,,,,0.5756090899674853,0.5794959307430908,0.016817603019274353,0.5508759703534304,0.6184696634901513
OADMET-0004835,fake,1,-1.623248,-30.063187,5.776285,-4.298229,4.609,2.14,-30.208378,0.0,1,56,-30.208378,-19.227511214285716,3.295109643769841,15.918554,2.518376,,,,,,,,,,0.7828577897549155,0.7989063929442147,0.01503566217284096,0.7712040118542359,0.8220908765406877
OADMET-0004838,fake,1,-1.128824,-27.409716,3.1833,-3.223522,2.122,0.97,-28.578762,0.0,1,30,-28.578762,-16.4859531,9.501184693176029,29.127242000000003,0.7899650000000022,,,,,,,,,,0.6036908496883261,0.6101260041222143,0.019742677238917507,0.5760551269319804,0.6457469793605326
OADMET-0004839,fake,1,-3.933781,-29.23653,4.554228,-2.594159,3.509,2.64,-31.210243,0.0,1,90,-31.210243,-19.486666155555557,8.01435204610189,33.179956,0.37379999999999924,,,,,,,,,,0.5682286141903897,0.5861798602102831,0.024274650668367755,0.5329935570510097,0.629826197098883
OADMET-0004841,fake,1,-5.224383,-30.290628,9.834724,-5.982236,8.007,3.51,-31.662523,0.0,1,12,-31.662523,-26.720667833333334,3.9741463866946054,11.150839000000001,0.22624000000000066,,,,,,,,,,0.9042551989797457,0.9242779759666857,0.012950868561249199,0.8968774195827459,0.9457230183567134
OADMET-0004843,fake,1,-1.060567,-30.632179,9.521054,-4.696284,2.833,2.64,-26.867977,0.0,1,40,-26.867977,-24.95945755,2.1674585759091802,7.462429,0.12342999999999904,,,,,,,,,,0.759500921538241,0.7626138973436457,0.02333589457118696,0.7138986086876002,0.800871821460084
OADMET-0004844,fake,1,-1.104668,-28.664537,8.37376,-2.499686,1.721,0.92,-23.89513,0.0,1,60,-23.89513,-16.2399888,4.091946916671362,16.996062000000002,0.10415600000000325,,,,,,,,,,0.43806962267623506,0.43342805927562217,0.013979183152659074,0.40701521138684027,0.45867640709762475
OADMET-0004850,fake,1,9.223808,-28.630798,3.68011,-3.97615,2.936,1.16,-19.703032,0.0,1,10,-19.703032,-14.584935000000002,4.671688969601251,12.463799000000002,0.03818000000000055,,,,,,,,,,0.6619880888829219,0.6651093325890769,0.028618165802931698,0.6085785732262219,0.7209122358629204
OADMET-0004852,fake,1,-3.833707,-34.655499,10.625369,-2.444368,4.897,1.62,-30.308203,0.0,1,22,-30.308203,-21.346355136363638,7.697104098584463,22.74767,0.008466999999999558,,,,,,,,,,0.6154687452121171,0.6264547049963304,0.021607367379532474,0.5868033239746655,0.6693058799682718
OADMET-0006511,fake,1,-3.702593,-32.49712,9.127945,-0.425305,1.566,1.04,-27.497074,0.0,0,48,-27.497074,-17.2410271875,4.636432002108383,22.222091000000002,3.0241320000000016,,,,,,,,,,0.2594408216704087,0.2520773835497603,0.025278682293237334,0.2025639187930886,0.30093307936890484
OADMET-0006512,fake,1,-1.913324,-25.065083,5.240395,-1.728966,3.032,1.6,-23.466978,0.0,0,80,-23.466978,-18.0765307,3.1422657905236386,14.392039,0.029462999999999795,,,,,,,,,,0.3360412124798908,0.33507083447651226,0.013169853283866027,0.3098652960298802,0.36157382152031725
OADMET-0006514,fake,1,-3.281469,-29.105789,6.331614,-2.176781,4.94,2.2,-28.232422,0.0,0,64,-28.232422,-25.000896374999996,1.7352717864355491,11.871952,0.6854289999999992,,,,,,,,,,0.5256788548225685,0.5278188255835121,0.011386882947917771,0.5083266032550315,0.5487755904931675
OADMET-0006515,fake,1,-1.045891,-25.784262,3.426842,-2.045118,5.065,1.85,-25.448429,0.0,1,80,-25.448429,-20.027862450000004,3.0457233159565877,12.948642000000001,0.037538000000001404,,,,,,,,,,0.46352709087571764,0.46900829278972794,0.01693936477675914,0.4389234807822514,0.5001002542013813
OADMET-0006518,fake,1,-3.243978,-30.300522,2.994801,-4.82052,2.448,1.59,-35.370216,0.0,1,10,-35.370216,-30.745738199999998,4.400067241050573,10.784720999999998,0.23155200000000065,,,,,,,,,,0.8359980106903846,0.8504326861474061,0.02011621985214539,0.8197496998470626,0.8821226825240049
OADMET-0006519,fake,1,-2.220733,-27.684748,3.566324,-2.677131,4.763,2.59,-29.016289,0.0,1,120,-29.016289,-22.671068758333334,2.779093272695151,12.896601,0.346819,,,,,,,,,,0.5956992435582934,0.5980413304449612,0.017063292712353424,0.5674946680719738,0.627999620990976
OADMET-0006521,fake,1,-9.578022,-25.421963,22.715273,-3.236608,2.084,1.87,-15.521319,0.0,0,56,-15.521319,-8.470099875,4.154594018719309,22.589857000000002,0.34014900000000026,,,,,,,,,,0.3133988458769557,0.2948904452186924,0.029977363796807266,0.24169793257728012,0.3524045194235628
OADMET-0006524,fake,1,-0.651196,-18.642464,5.837894,-3.940641,4.507,1.7,-17.396406,0.0,1,2,-17.396406,-17.193610999999997,0.2867954393814519,0.4055900000000001,0.4055900000000001,,,,,,,,,,0.5038011489701901,0.5142964705816814,0.03138826886762135,0.44666153851575396,0.5712212557980799
OADMET-0006526,fake,1,-19.824837,-23.100027,36.750126,-3.057439,3.119,1.69,-9.232179,0.0,0,80,-9.232179,-2.7501727125,2.3592179129244184,12.914611,0.24333099999999952,,,,,,,,,,0.1781713471670405,0.15364403664947004,0.03246795168580659,0.0956172185062553,0.2209488013182665
OADMET-0006528,fake,1,-2.089521,-32.555771,12.032045,-2.267274,6.681,1.77,-24.88052,0.0,0,38,-24.88052,-16.954624499999998,4.505846875047796,20.680487,0.10641899999999893,,,,,,,,,,0.5426167335538135,0.5596251425120681,0.029903539183720126,0.49325313458093545,0.620782931400654
OADMET-0006529,fake,1,-1.67372,-28.017916,6.465848,-2.818758,7.027,2.9,-26.044544,0.0,1,80,-26.044544,-22.8310723875,1.2543400196898593,6.568472,0.2797319999999992,,,,,,,,,,0.6101428755220258,0.6262363351865492,0.016838047485295816,0.5928948504183129,0.6566090097818276
OADMET-0006531,fake,1,-0.416481,-30.541672,8.107561,-4.611583,5.918,2.4,-27.462175,0.0,1,6,-27.462175,-25.529864833333335,2.7161099798987087,5.4390769999999975,0.06197899999999734,,,,,,,,,,0.8074607510072097,0.8216750376869503,0.014898581216883582,0.7895167410090859,0.8487689482809954
OADMET-0006532,fake,1,-9.747743,-26.885384,19.53932,-2.086559,3.985,3.58,-19.180365,0.0,1,80,-19.180365,-12.8429402875,3.4478368313492864,22.328177999999998,0.21755299999999878,,,,,,,,,,0.26274588430936535,0.2660405016516752,0.03294820790844408,0.19365752492733615,0.3147596558904137
OADMET-0006534,fake,1,-2.162767,-28.911781,5.751782,0.241186,1.441,1.05,-25.081581,0.0,0,58,-25.081581,-20.45433470689655,3.9969985774487546,25.04481,0.1663800000000002,,,,,,,,,,0.17507256845329752,0.16341863377993016,0.019399253766870052,0.12870467486011594,0.19883834476454468
OADMET-0006535,fake,1,-2.692228,-35.417824,6.918206,-3.309551,10.09,2.31,-34.501396,0.0,1,38,-34.501396,-25.519903263157893,3.8774911401752696,18.954618,3.1615409999999997,,,,,,,,,,0.8597077710704659,0.8619558738024868,0.022001588629328057,0.8217847360002901,0.9046546066124854
OADMET-0006537,fake,1,-4.269962,-29.694044,8.160007,-2.879569,1.924,1.05,-28.683565,0.0,0,80,-28.683565,-21.423745037499998,2.483167206088395,12.035454000000001,0.05323399999999978,,,,,,,,,,0.5327289243466455,0.5479412460094671,0.01742899963888071,0.5156921951783937,0.5827111059414306
OADMET-0006540,fake,1,-3.601836,-34.814156,5.699915,-3.054659,4.586,1.47,-35.770737,0.0,1,80,-35.770737,-29.809184125,3.9823952458741805,16.055173999999997,0.07746199999999703,,,,,,,,,,0.7621274355315656,0.7686759814161196,0.018815422643916332,0.735247672816008,0.8083255164496774
OADMET-0006542,fake,1,-3.485765,-31.408905,6.279038,-2.118876,4.582,1.47,-30.734507,0.0,1,80,-30.734507,-29.700359475,0.6919145111905076,2.001341,0.048322999999999894,,,,,,,,,,0.573189890094352,0.5724654927176072,0.017956126887986777,0.5431117476265229,0.6139455157910835
OADMET-0006543,fake,1,-8.171679,-26.153091,17.136864,-1.106503,4.551,1.84,-18.294411,0.0,1,44,-18.294411,-16.76109515909091,0.5463333152398154,2.9877199999999995,0.19549400000000006,,,,,,,,,,0.19985408609016053,0.1944898640435751,0.018983109330080142,0.15964248192959116,0.23300581166447534
OADMET-0006546,fake,1,-3.791572,-35.038818,6.049123,-3.294378,5.304,1.47,-36.075645,0.0,1,80,-36.075645,-34.3840295375,0.8646624433461976,3.2511550000000042,0.01395000000000124,,,,,,,,,,0.7894949305486684,0.8049112202267399,0.01846616281746263,0.7741692038885527,0.8449852857569848
OADMET-0006550,fake,1,-2.289225,-34.481552,7.207495,-2.1751,3.203,1.78,-31.73838,0.0,1,44,-31.73838,-26.856329909090906,1.6218189532299092,7.885860000000001,0.26116099999999776,,,,,,,,,,0.5825194784074835,0.5867679346367175,0.02087697351751033,0.5503885034397573,0.6258678760185066
OADMET-0006552,fake,1,-1.179499,-29.326403,5.458954,-2.624842,6.812,2.25,-27.671789,0.0,1,40,-27.671789,-16.866584175,7.537254745267502,35.987982,0.575369000000002,,,,,,,,,,0.6406895532050164,0.641185381201099,0.018848301431337953,0.605868719718964,0.6791436414768587
OADMET-0006553,fake,1,-13.051996,-25.016352,7.969899,-0.527322,2.171,1.35,-30.625772,0.0,0,46,-30.625772,-22.512873630434783,5.245294663752255,30.379808,0.4200380000000017,,,,,,,,,,0.2458424621841715,0.21881907981320503,0.028220076461571937,0.16808986593386774,0.2809399562031997
OADMET-0006554,fake,1,-2.159096,-23.207033,5.408239,-1.998797,2.261,1.57,-21.956688,0.0,1,6,-21.956688,-15.642066000000002,5.74644495479419,12.973542,0.29813199999999895,,,,,,,,,,0.31782946194451694,0.31232366497370734,0.015892441408240338,0.2826356913563699,0.3411642673148761
OADMET-0006307,fake,1,-8.067039,-24.036253,20.399488,-2.659529,6.709,2.64,-14.363335,0.0,0,80,-14.363335,-6.6772975625,6.723457974090427,22.713673,0.5433469999999989,,,,,,,,,,0.30839448809400105,0.3195666423873377,0.028229396459716106,0.26743928510283366,0.37120647154642683
OADMET-0006312,fake,1,-2.30497,-33.11985,7.511018,-3.923327,5.847,2.93,-31.83713,0.0,1,44,-31.83713,-13.550034,6.98376318441109,28.053928999999997,0.24411199999999766,,,,,,,,,,0.7915578627502274,0.8108798471388909,0.014981342647526706,0.7840893641442579,0.8313281225652581
OADMET-0006313,fake,1,-2.136446,-27.450834,5.206514,-4.186041,4.689,2.39,-28.566807,0.0,1,80,-28.566807,-26.3840820875,0.9929633869593975,5.402691000000001,0.019667000000001877,,,,,,,,,,0.7320273570505975,0.7551559900134791,0.01746829099708703,0.7209931528631283,0.7835574259200123
OADMET-0006315,fake,1,-3.842286,-25.177895,4.587557,-1.365411,2.865,1.15,-25.798035,0.0,0,64,-25.798035,-18.470114703125,4.150041887728672,14.454030999999999,0.6025659999999995,,,,,,,,,,0.3150264806919467,0.31550544643520817,0.017785024855926902,0.281000001000503,0.3517627015628018
OADMET-0006316,fake,1,-8.225589,-29.906527,21.570503,-1.716265,3.561,2.06,-18.277876,0.0,1,120,-18.277876,-12.83292745,3.2353634766612274,14.59832,0.010690999999997786,,,,,,,,,,0.2604988363591129,0.24229860084435673,0.027192366304734872,0.19073546235624167,0.29806941774609635
OADMET-0006317,fake,1,-1.046749,-30.197577,4.894748,-2.812362,2.798,1.15,-29.161942,0.0,0,42,-29.161942,-19.760516857142857,7.2248166254514,29.276156,0.023461000000001064,,,,,,,,,,0.5833733230533945,0.6022435570719656,0.014926305769617636,0.5747785002683038,0.6346501381422495
OADMET-0006318,fake,1,-2.602301,-29.406116,7.3024,-3.750555,5.512,2.14,-28.456575,0.0,1,130,-28.456575,-24.61863419230769,3.8724562172051105,16.864855,0.0036410000000017817,,,,,,,,,,0.7213068563592383,0.7354770132777516,0.013683733698627838,0.7117902418970414,0.7615225007426738
OADMET-0006319,fake,1,-5.080256,-28.913366,7.67684,-2.620912,3.126,1.59,-28.937695,0.0,1,6,-28.937695,-22.227430833333333,5.848420483643543,14.081109000000001,0.5576410000000003,,,,,,,,,,0.5288742236678902,0.5354439016166839,0.014100448455011133,0.5053918424249153,0.5618908979360978
OADMET-0006322,fake,1,-9.961903,-25.276564,18.916166,-2.973695,3.245,1.83,-19.295994,0.0,1,120,-19.295994,-10.607358375,3.623118778944941,22.091222000000002,0.4461960000000005,,,,,,,,,,0.3477901693552261,0.3474017669337264,0.022943246342702596,0.30296101682353116,0.39093784278076116
OADMET-0006323,fake,1,-6.177377,-29.058754,6.674713,-1.455819,3.126,1.59,-30.017237,0.0,1,4,-30.017237,-26.178289,3.920985393390204,7.328327000000002,0.9195450000000029,,,,,,,,,,0.4106052101305726,0.398790226814176,0.020137792370055682,0.3646811817834473,0.43648756126888144
OADMET-0006326,fake,1,-1.771365,-27.360292,6.782098,-2.828372,2.858,1.17,-25.177931,0.0,1,48,-25.177931,-17.81345225,4.99180690227644,15.979634,0.06111399999999989,,,,,,,,,,0.5114207699655458,0.5125253382120163,0.010652714015079745,0.4923023045930573,0.5350703633264723
OADMET-0006329,fake,1,-0.517046,-32.597904,4.253067,-1.723075,4.221,1.96,-30.584961,0.0,1,120,-30.584961,-23.77646276666667,2.6637632497812103,10.694686999999998,0.09811600000000098,,,,,,,,,,0.5204206929895926,0.5408760936775936,0.018711340871198197,0.5099894211066225,0.5774148078717387
OADMET-0006330,fake,1,-3.396971,-28.914762,5.360244,-3.435676,4.503,2.34,-30.387165,0.0,1,120,-30.387165,-24.587398383333333,2.899513368674837,12.937164,0.34059299999999837,,,,,,,,,,0.6804598941317597,0.6996483798719264,0.015834479806036934,0.6725546977846725,0.7238851911440316
OADMET-0006333,fake,1,-0.064192,-26.142906,4.319253,-2.384019,5.302,2.94,-24.271864,0.0,0,14,-24.271864,-22.814656000000003,1.0231065201826022,2.8196049999999993,0.16726300000000194,,,,,,,,,,0.48778410348086054,0.49979715147782505,0.018387412673129024,0.46620456005992633,0.5309862065820152
OADMET-0006336,fake,1,-1.441262,-24.318243,6.132339,-0.016726,2.276,1.05,-19.643892,0.0,0,40,-19.643892,-16.999910875,1.7814048335883128,6.329852000000001,0.12788400000000166,,,,,,,,,,0.14383591058902964,0.13235343404945385,0.015154650609113534,0.1073059570044701,0.16452301259969074
OADMET-0006339,fake,1,-1.325,-24.982208,3.203238,-2.477059,7.475,3.18,-25.581028,0.0,0,20,-25.581028,-24.85469125,0.4370710847414177,1.2454469999999986,0.11687299999999823,,,,,,,,,,0.5646580420359676,0.5720988250237391,0.024985224658433083,0.5212717667668664,0.6194233774526784
OADMET-0006340,fake,1,1.716184,-26.07217,4.628023,-2.85867,8.901,3.39,-22.586632,0.0,1,8,-22.586632,-20.378756125000002,1.933427571038723,4.424544000000001,0.2279820000000008,,,,,,,,,,0.6074782555829374,0.6346395070498982,0.029877865908409705,0.5725443040373425,0.6867775716845201
OADMET-0006342,fake,1,2.275105,-25.463093,5.303448,-1.119135,4.837,1.79,-19.003675,0.0,1,12,-19.003675,-14.085457916666664,4.424068775647398,14.143080000000001,0.021064000000002636,,,,,,,,,,0.28206497178648454,0.2767630218884145,0.02071428038268558,0.24118124592088244,0.32216237615048676
OADMET-0006347,fake,1,-0.140707,-26.361267,5.283288,-3.12251,2.149,1.45,-24.341196,0.0,1,12,-24.341196,-22.584326666666666,1.3515082191036087,3.9991510000000012,0.03998199999999841,,,,,,,,,,0.5260680974041899,0.5231776361146069,0.014341365385685468,0.5041219472541336,0.5577925902620537
OADMET-0006349,fake,1,-2.056024,-29.13937,6.320037,-2.956976,5.044,1.79,-27.832331,0.0,1,108,-27.832331,-22.17827964814815,4.54157302188936,19.906125,0.05330100000000115,,,,,,,,,,0.6187311876206315,0.6342711447141796,0.012405711434151551,0.6157483416735628,0.6644727735718591
OADMET-0006351,fake,1,-1.967828,-28.479712,8.181374,-2.493794,2.508,1.05,-24.75996,0.0,1,8,-24.75996,-22.769746625,2.092493603864533,5.278789,0.340917000000001,,,,,,,,,,0.4603649432540419,0.4587470848145716,0.011451842720828338,0.43697774315987925,0.4786720045804616
OADMET-0006352,fake,1,-0.456827,-29.545977,5.835183,-2.217425,3.161,2.4,-26.385046,0.0,1,10,-26.385046,-21.6790818,6.697771877551848,17.476913,0.9529509999999988,,,,,,,,,,0.4702585199653777,0.47962054675180565,0.01827165578899218,0.4402965742197794,0.5127106785896197
OADMET-0006353,fake,1,-8.500107,-24.482533,23.924587,-1.256377,2.73,1.48,-10.314429,0.0,0,4,-10.314429,-7.07195625,3.0478810805231427,5.901425000000001,1.2853630000000003,,,,,,,,,,0.11822323156006113,0.10572995909091903,0.01794742772508966,0.07713534904756476,0.1497058246144095
OADMET-0006354,fake,1,-2.920613,-29.622509,6.466597,-3.23995,3.254,1.05,-29.316475,0.0,1,48,-29.316475,-22.02553152083333,3.7318420625980977,14.276229,0.09351000000000198,,,,,,,,,,0.6421752885931361,0.6483770540651369,0.01640363138000391,0.6237703579897185,0.6840715089030928
OADMET-0006356,fake,1,-1.601955,-31.236019,5.173649,-2.4676,2.353,0.83,-30.131926,0.0,1,116,-30.131926,-22.741941370689652,3.4435975603525946,14.005688,0.16166899999999984,,,,,,,,,,0.5451109650596325,0.5682319560952384,0.019103986392462153,0.5348868398226435,0.6113295659525776
OADMET-0005306,fake,1,-3.411891,-30.75745,7.392209,-3.742519,2.876,1.59,-30.519653,0.0,1,80,-30.519653,-23.6247831875,3.2969150742771918,17.371697,0.3313670000000002,,,,,,,,,,0.6970422345117203,0.7116402432978254,0.016636063551103804,0.6839362289877929,0.7391057530335732
OADMET-0005310,fake,1,-1.980927,-31.396614,4.341979,-2.447892,6.869,2.64,-31.483456,0.0,1,8,-31.483456,-24.186796875,7.63643237249943,22.517424,1.1296099999999996,,,,,,,,,,0.6762767932169235,0.6845933810494358,0.018107316761576862,0.646028390248205,0.7166949493402628
OADMET-0005313,fake,1,-4.630028,-19.735695,3.64635,-2.177376,5.258,2.12,-22.896748,0.0,1,12,-22.896748,-12.775167500000002,4.973915914706942,21.823186999999997,5.040506999999998,,,,,,,,,,0.3798415498019588,0.37770491410402995,0.02764066296862251,0.32098774949434206,0.4357723416561209
OADMET-0005317,fake,1,-1.824929,-31.342028,8.826466,-4.590732,7.9,2.4,-28.931225,0.0,1,2,-28.931225,-28.192336,1.0449468448882944,1.4777780000000007,1.4777780000000007,,,,,,,,,,0.830682214765352,0.8574903441908677,0.0163915650463877,0.8282543397170609,0.8865556289592319
OADMET-0005319,fake,1,-0.674622,-31.713688,6.877464,-3.595778,4.345,0.87,-29.106623,0.0,1,16,-29.106623,-24.8507208125,4.407098233320805,15.790287999999999,0.07373499999999922,,,,,,,,,,0.7203628675360662,0.7368748316995578,0.020297768119544805,0.7080237675684672,0.7906270809749407
OADMET-0005323,fake,1,-1.573586,-32.431633,4.5955,-3.369514,2.052,1.15,-32.779232,0.0,1,120,-32.779232,-25.75378625,2.391893166996808,11.844526000000002,0.18772100000000336,,,,,,,,,,0.7121844807552865,0.7126782433078154,0.01978870025833466,0.6806073078488595,0.7494749350426121
OADMET-0005325,fake,1,5.694372,-30.348324,3.876119,-1.436601,2.232,1.17,-22.214434,0.0,1,76,-22.214434,-13.705450092105265,3.896866773671098,18.631264,2.6078860000000006,,,,,,,,,,0.33733448662247817,0.3571034621194067,0.025092558647309735,0.314303953875625,0.40981992719964955
OADMET-0005333,fake,1,0.656701,-29.318558,4.382646,-2.246385,4.104,1.67,-26.525597,0.0,1,66,-26.525597,-20.536965227272727,2.8733769374274094,14.756022000000002,0.7641610000000014,,,,,,,,,,0.5144980022382276,0.5259227512050638,0.012455932667539108,0.5029286508520279,0.5562612356173355
OADMET-0005342,fake,1,-0.305108,-28.353586,4.394976,-3.116396,4.386,1.48,-27.380116,0.0,1,52,-27.380116,-17.547288384615385,7.32014203440867,27.30357,0.03403899999999993,,,,,,,,,,0.6301070172666334,0.6424161034781392,0.014794288042149264,0.6182262189333744,0.6781679191238799
OADMET-0005343,fake,1,-3.863148,-24.740585,5.15129,-1.033569,3.197,2.64,-24.486012,0.0,0,120,-24.486012,-20.107547991666667,2.178590856127764,9.017459999999998,0.18833000000000055,,,,,,,,,,0.26093736763653314,0.2577083812819437,0.02260149981840159,0.21108771321878383,0.29772175101580467
OADMET-0005344,fake,1,-2.38929,-29.63624,6.305673,-3.418902,5.309,1.65,-29.138762,0.0,1,86,-29.138762,-25.62985227906977,3.643675338369299,12.175265,0.16934600000000088,,,,,,,,,,0.6981988948986118,0.7130299159383655,0.015892846967836313,0.6889711742584829,0.7482191700098958
OADMET-0000977,fake,1,-24.166702,-29.927109,29.132381,-0.191116,7.498,3.7,-25.152546,0.0,0,84,-25.152546,-12.843577083333333,6.595268700661647,22.594917000000002,0.38286199999999937,,,,,,,,,,0.19449565554495196,0.1647662659646473,0.03499352689379462,0.10200500911004856,0.22323185625338485
OADMET-0000979,fake,1,0.790691,-32.439564,9.409479,-3.453688,5.862,1.65,-25.693081,0.0,0,2,-25.693081,-25.5926115,0.1420853295048424,0.2009389999999982,0.2009389999999982,,,,,,,,,,0.6913291799454869,0.7153181414579265,0.021497086700679967,0.6815638636490422,0.766192118916136
OADMET-0000980,fake,1,-1.727479,-29.826778,7.559361,-1.94093,7.503,3.51,-25.935827,0.0,0,62,-25.935827,-19.93813998387097,4.486696472290737,20.197122,0.5210819999999998,,,,,,,,,,0.5419887459960044,0.5331647134312516,0.0236377649011655,0.4851770110241213,0.5767001769399603
OADMET-0000981,fake,1,-3.653564,-28.621906,7.657259,-1.073331,5.377,1.82,-25.691544,0.0,0,6,-25.691544,-18.730526166666667,6.07068400964588,13.835031,0.2701039999999999,,,,,,,,,,0.3633075607263694,0.35485106105105835,0.01994290495669563,0.3220230739233618,0.39554856650788733
OADMET-0000982,fake,1,-2.066828,-26.135098,5.975734,-0.638396,1.799,0.84,-22.864586,0.0,0,80,-22.864586,-20.0173416375,1.977095491443665,6.847479,0.008641999999998262,,,,,,,,,,0.20741286321420394,0.20326818843915612,0.01683937318693452,0.17453389614791487,0.236183183222853
OADMET-0000983,fake,1,-0.460946,-34.730701,8.986371,-2.274111,5.189,2.64,-28.479387,0.0,0,82,-28.479387,-21.739230499999998,4.382250559894957,27.192884,0.15211799999999798,,,,,,,,,,0.5816106891438309,0.6048012512855627,0.021991100366472754,0.5652112633786478,0.6493492650740361
OADMET-0000984,fake,1,-1.679269,-27.74655,9.278281,0.511096,5.391,2.64,-19.636442,0.0,0,46,-19.636442,-16.596823304347826,3.0661487142503114,9.280949999999999,0.07886299999999835,,,,,,,,,,0.1490181229127656,0.1422735036229679,0.020211759709763858,0.11228320717120242,0.18419848934066058
OADMET-0000986,fake,1,-2.224689,-24.80825,5.154348,-2.915731,5.647,2.59,-24.794323,0.0,0,80,-24.794323,-19.32419815,1.8376128320090115,9.614218999999999,0.3305439999999997,,,,,,,,,,0.571255408037752,0.5606362728854795,0.017156681620703575,0.5236237579632395,0.597221024309454
OADMET-0000988,fake,1,1.029565,-30.916397,5.212079,-1.51982,6.3,3.08,-26.194576,0.0,0,22,-26.194576,-21.761570409090908,5.567069205592539,20.462573000000003,0.08117500000000177,,,,,,,,,,0.4749212209464422,0.4876871446772437,0.023962084904197017,0.4393731189029406,0.5296117718729412
OADMET-0000989,fake,1,-6.205002,-22.078064,5.932631,-1.481803,5.19,2.52,-23.832239,0.0,0,80,-23.832239,-19.587508387499998,1.3326250039693905,6.587480000000003,0.894914,,,,,,,,,,0.3287112712701126,0.3077712014124172,0.022419888916190032,0.270360292866575,0.36067654977407576
OADMET-0000991,fake,1,-11.727184,-25.447275,26.192364,-2.485986,0.945,0.57,-13.468083,0.0,0,116,-13.468083,-0.2666313103448277,9.41726483462459,40.567801,3.7943420000000003,,,,,,,,,,0.180975883022821,0.17525553729380466,0.026026888333321983,0.1319907800894936,0.23214359016272368
OADMET-0000993,fake,1,-14.522709,-24.542931,51.078499,-1.278162,6.303,3.58,10.734697,0.0,0,58,10.734697,16.721134706896553,3.571922565553218,14.737566000000001,0.38846399999999903,,,,,,,,,,0.029438761574566083,0.03179453014220888,0.015670858951617555,0.012172142655150788,0.06256737735627148
OADMET-0000994,fake,1,-1.696799,-29.258446,6.358804,0.229253,2.335,0.89,-24.367189,0.0,0,80,-24.367189,-17.64595275,2.0722305697320307,12.818975,0.05883700000000047,,,,,,,,,,0.18814418886602402,0.1747513809740742,0.020415689419888226,0.13906831480050846,0.21442278345887889
OADMET-0000995,fake,1,-2.552379,-29.507586,8.526699,0.029243,2.715,1.03,-23.504021,0.0,0,38,-23.504021,-15.054111263157893,5.395332241191914,18.902409000000002,0.08854300000000137,,,,,,,,,,0.20395997561469928,0.1817976916729621,0.02029139713323179,0.14870181158620183,0.22194966397612198
OADMET-0000997,fake,1,-0.686912,-35.595535,5.895627,-0.304137,5.404,1.87,-30.690958,0.0,0,116,-30.690958,-23.02987603448276,4.966922979540799,27.214837,0.9574069999999999,,,,,,,,,,0.4158671738550524,0.4118873207476006,0.0353530556891599,0.3496251265956992,0.4698808824745115
OADMET-0000998,fake,1,-9.535219,-27.794151,32.475124,-3.278813,3.744,1.62,-8.133058,0.0,0,16,-8.133058,-6.1474306875,1.8057022466229113,6.875265000000001,0.32921599999999973,,,,,,,,,,0.2709541026069268,0.24512221770270734,0.04181935479727107,0.1704515604025305,0.3269640468930977
OADMET-0001000,fake,1,3.134078,-20.573427,12.429073,-3.211199,4.361,1.82,-8.221476,0.0,0,12,-8.221476,-3.8483558333333328,2.310118768924184,7.483891999999999,0.29098699999999944,,,,,,,,,,0.2953225152102577,0.30988939262594467,0.029240329520108143,0.25528017589758945,0.3657637707981696
OADMET-0001001,fake,1,-2.994038,-29.823114,2.774591,-0.09419,5.029,1.62,-30.136753,0.0,0,80,-30.136753,-24.325303249999997,2.479873902286339,11.752682,0.1560859999999984,,,,,,,,,,0.31461113641699284,0.32035220210217585,0.02815156180242319,0.2709362168204757,0.3746417680942712
OADMET-0001003,fake,1,-8.102571,-29.763182,8.852469,-1.814235,3.807,1.59,-30.827518,0.0,0,108,-30.827518,-21.317165342592588,4.470420128940815,24.086034,0.42883600000000044,,,,,,,,,,0.4693368539055631,0.46179681820393087,0.02078127838826916,0.4198200095239154,0.5020346281068826
OADMET-0001004,fake,1,-3.365662,-22.536942,4.283826,0.233936,2.103,1.53,-21.38484,0.0,0,80,-21.38484,-16.09258805,2.7300224169307064,12.011633,0.4518570000000004,,,,,,,,,,0.13747886003940687,0.11638351013976685,0.015115052392178282,0.09036689571741799,0.1480358116058794
OADMET-0001005,fake,1,0.150735,-33.399204,11.027765,-1.091622,3.051,2.64,-23.312326,0.0,0,4,-23.312326,-22.856056499999998,0.41629333368871857,0.9825739999999996,0.29422899999999785,,,,,,,,,,0.3305620402010118,0.31466431919857085,0.03212397781304217,0.25222255420235873,0.384115963207901
OADMET-0001007,fake,1,6.186539,-26.054741,13.349474,-2.354181,2.218,1.33,-8.87291,0.0,0,6,-8.87291,-7.906586166666667,1.321921958235722,3.018795999999999,0.06279499999999949,,,,,,,,,,0.2408876797142678,0.23923319753009223,0.029608325999234943,0.18492495254767657,0.2950757861586193
OADMET-0001008,fake,1,-7.275539,-27.894537,12.721256,-0.933341,3.979,1.87,-23.38216,0.0,0,120,-23.38216,-17.317719866666668,3.3781885899528854,17.649704,0.2095950000000002,,,,,,,,,,0.24991116286203444,0.24305533524414608,0.018179798777176456,0.2122871522553578,0.2791354972176277
OADMET-0001009,fake,1,-0.831552,-27.976881,6.879614,-2.7835,4.536,2.08,-24.71232,0.0,0,120,-24.71232,-20.7014916,1.890036745764072,8.896577999999998,0.10589599999999777,,,,,,,,,,0.546539293463188,0.5482565969888136,0.007119934682867241,0.5349857388623812,0.55962413728663
OADMET-0001010,fake,1,-4.281664,-30.808176,3.568405,-4.261404,5.238,2.64,-35.782837,0.0,1,42,-35.782837,-27.026016476190474,5.132369758763305,18.222954,0.35980599999999896,,,,,,,,,,0.8325634732188162,0.8483726998542757,0.01760748548950975,0.8154645686278226,0.8709280876227232
OADMET-0001011,fake,1,-4.455618,-29.200554,10.394768,0.035526,4.143,1.62,-23.22588,0.0,0,64,-23.22588,-11.09318834375,6.49708850330056,28.919817000000002,0.07819999999999894,,,,,,,,,,0.1972350268905437,0.18644615046829408,0.020472836613858354,0.15390323561371297,0.22851291385777248
OADMET-0001012,fake,1,-1.748135,-34.902542,9.394578,-2.441428,2.874,1.57,-29.697527,0.0,0,80,-29.697527,-21.526695912500003,5.218313885076309,20.232349,1.216545,,,,,,,,,,0.5841061148382437,0.584435042027183,0.02198779815366229,0.5426758078489077,0.6267863571420553
OADMET-0001013,fake,1,-1.566432,-28.112078,8.59591,-0.225803,4.554,2.39,-21.308403,0.0,0,48,-21.308403,-13.472291770833332,5.6066522066786755,20.67344,0.07338699999999676,,,,,,,,,,0.20686791371356258,0.20123465401854063,0.020156017818917363,0.17017803706429088,0.24150679351844348
OADMET-0001016,fake,1,-4.074167,-28.989853,6.748343,0.965512,6.806,2.0,-25.350163,0.0,0,20,-25.350163,-17.8274147,5.515817485924325,20.071424999999998,0.8358289999999968,,,,,,,,,,0.1835793955005951,0.18184198452456188,0.02738062152675363,0.13631656685337978,0.2452835221590093
OADMET-0001018,fake,1,7.836339,-25.814018,7.021351,-2.339062,4.277,1.62,-13.295389,0.0,0,20,-13.295389,-0.2439817499999995,11.422035893975377,30.653993,0.06184499999999993,,,,,,,,,,0.3451823356128731,0.35712557020639674,0.03159610674293641,0.30054337885582855,0.4241489550421944
OADMET-0001019,fake,1,-13.070127,-31.923557,27.767607,-0.453977,8.594,3.57,-17.680052,0.0,0,104,-17.680052,-9.530674009615383,4.45135865948287,34.349756,4.510254,,,,,,,,,,0.2190105570542591,0.1895986161557286,0.03700217770360767,0.12196793564699754,0.25417407498867245
OADMET-0001020,fake,1,-3.822026,-28.752888,8.897045,1.456848,6.628,2.31,-22.22102,0.0,0,110,-22.22102,-13.861526745454546,4.8244532861512015,28.898401,1.2047120000000007,,,,,,,,,,0.1342061648176914,0.11975072799992503,0.021785370196560787,0.08393766396394166,0.16637947943339307
OADMET-0001021,fake,1,-14.49126,-28.966713,22.495968,-1.346758,6.376,2.62,-22.308764,0.0,0,120,-22.308764,-14.838357483333334,4.348980354326799,17.733256,0.2753639999999997,,,,,,,,,,0.27072799364966804,0.26685555551425755,0.030381231809772785,0.2015867723760815,0.3209793271621278
OADMET-0001022,fake,1,-5.700653,-27.606758,8.452589,-1.659487,5.15,2.32,-26.514309,0.0,0,80,-26.514309,-20.7012912375,4.301860681282547,19.410688,0.08008799999999994,,,,,,,,,,0.4086432092292705,0.40574591982166536,0.015154628976041602,0.3813653171254567,0.4392380435761102
OADMET-0001026,fake,1,2.012788,-29.868244,13.197797,-2.15887,4.699,2.09,-16.81653,0.0,0,120,-16.81653,-7.730442324999999,7.978331023922748,24.837350999999998,0.03393700000000166,,,,,,,,,,0.3708510300189251,0.37226909235532113,0.0281887338214831,0.32363006988014675,0.42596505004849705
OADMET-0005557,fake,1,-4.115122,-31.022295,6.197953,-2.270607,5.558,2.39,-31.210072,0.0,1,80,-31.210072,-25.090862525,2.3281024275534627,9.586245000000002,0.015349000000000501,,,,,,,,,,0.6042801795623798,0.6096373958439709,0.015326145596905039,0.5782164477755394,0.6371303042186145
OADMET-0005562,fake,1,-0.265209,-31.456247,6.358554,-2.943296,3.769,2.4,-28.3062,0.0,1,44,-28.3062,-26.115346204545457,2.344979029873457,7.375475000000002,0.004979999999999762,,,,,,,,,,0.618003281805811,0.6322113312709995,0.015255008886616772,0.6041322550509967,0.6605317723590777
OADMET-0005563,fake,1,-1.923354,-2.940599,6.636913,-3.962451,6.573,2.39,-2.18949,0.0,1,2,-2.18949,-1.1432215000000001,1.4796471025837548,2.092537,2.092537,,,,,,,,,,0.23150401756379127,0.2316309712054239,0.050024188870535294,0.1392730743165359,0.3272284760363891
OADMET-0005565,fake,1,0.897802,-30.751423,4.736023,-4.109888,2.066,0.82,-29.227486,0.0,1,4,-29.227486,-23.88783275,6.064789352822479,10.632621999999998,0.1756789999999988,,,,,,,,,,0.7269945761975524,0.7493189176934356,0.01931187587564384,0.7107048210812204,0.7811355421150434
OADMET-0005566,fake,1,-1.926906,-31.603926,2.92064,-3.556179,4.035,2.73,-34.166367,0.0,1,52,-34.166367,-31.376189942307693,2.446935077626474,8.806136000000002,0.06711200000000161,,,,,,,,,,0.7569763003776862,0.7734027843571749,0.020410657806048855,0.7347173595194072,0.8081984881428272
OADMET-0005574,fake,1,-1.56633,-31.405365,7.215776,-3.000859,4.852,1.86,-28.756777,0.0,1,120,-28.756777,-22.751533433333336,4.9807203113767535,15.844434999999999,0.03941700000000026,,,,,,,,,,0.6487480300879241,0.6653131359131366,0.012274704133170342,0.6460340495090888,0.6937443906665354
OADMET-0005589,fake,1,-1.641064,-38.320068,7.220042,-5.028494,0.71,0.7,-37.769585,0.0,1,80,-37.769585,-32.2743462125,4.361753438590302,17.021931,0.7960969999999961,,,,,,,,,,0.8770018279477121,0.8904543354360193,0.018563189975322972,0.8458533681231392,0.9193078303748385
OADMET-0005604,fake,1,-2.35259,-25.821829,5.161211,-0.072609,4.323,1.04,-23.085817,0.0,0,104,-23.085817,-14.904834557692308,5.049898686839634,25.150233999999998,0.14211199999999735,,,,,,,,,,0.20201577628772815,0.19967762392499983,0.02184321723154848,0.16203705258008894,0.24440230395152118
OADMET-0005857,fake,1,-0.503259,-24.001377,4.013423,-2.905169,5.378,3.06,-23.396381,0.0,1,90,-23.396381,-20.216683955555556,2.2349334583703158,14.336884000000001,0.021230000000002747,,,,,,,,,,0.5204619494763921,0.5348689311543575,0.022900257559020493,0.49078025758840327,0.580765827473131
OADMET-0005858,fake,1,-0.283585,-26.307322,5.606126,-3.305777,2.636,1.09,-24.290556,0.0,1,54,-24.290556,-21.208995499999997,1.9130724709311444,10.608996999999999,0.015416999999999348,,,,,,,,,,0.5553312680969072,0.5595772383869493,0.014615622060750934,0.5379467898965176,0.5864588282458445
OADMET-0005865,fake,1,-1.862968,-22.700666,5.677579,-3.191538,5.998,1.68,-22.077593,0.0,1,4,-22.077593,-20.65219025,0.9907669839221783,2.1759629999999994,1.5158039999999993,,,,,,,,,,0.5400336006635994,0.554801791919225,0.026498993367553483,0.49840089658759074,0.6004710248554106
OADMET-0005871,fake,1,-2.660397,-27.478086,6.290051,-1.922153,5.558,3.28,-25.770586,0.0,1,80,-25.770586,-20.183140225,3.1660197650788,11.901857000000001,0.08626000000000289,,,,,,,,,,0.45035950372099204,0.4557225413209527,0.021642361536929777,0.4112509245949763,0.4908124610875762
OADMET-0005872,fake,1,0.291168,-22.107948,5.172379,-3.253653,4.135,2.65,-19.898054,0.0,1,70,-19.898054,-16.82480262857143,2.6924569406797763,13.922857999999998,0.003928999999999405,,,,,,,,,,0.4758162247988595,0.48314132438972235,0.02396091337404799,0.4353916270913634,0.5349190411050814
OADMET-0005874,fake,1,0.074629,-20.570248,5.880787,-2.043218,3.301,2.73,-16.658051,0.0,1,2,-16.658051,-16.0539065,0.8543893455331127,1.2082890000000006,1.2082890000000006,,,,,,,,,,0.2551938239227357,0.25986599689119083,0.02289090379138687,0.21086482704746182,0.3010892915081465
OADMET-0005885,fake,1,0.412257,-26.138708,3.886766,-3.052279,5.619,2.33,-24.891964,0.0,1,42,-24.891964,-16.7337269047619,4.651896310676004,20.630853000000002,0.9204900000000009,,,,,,,,,,0.6138662808322238,0.6117582847081353,0.016277881492169074,0.5776749171418067,0.639015254683191
OADMET-0005887,fake,1,-1.694973,-27.664619,2.493112,-1.604575,4.777,2.39,-28.471056,0.0,1,58,-28.471056,-21.295078103448272,5.384172533944575,26.880436,0.037254000000000786,,,,,,,,,,0.4607101137265577,0.4600504160561949,0.018711226043448225,0.42711906912466163,0.49706681059065627
OADMET-0005892,fake,1,-1.682798,-25.660873,2.54608,-3.445101,7.42,2.33,-28.242693,0.0,1,78,-28.242693,-24.56279994871795,2.7036759755728474,18.278878,0.0318719999999999,,,,,,,,,,0.7020345870972777,0.7298659605511472,0.02490087494532338,0.669675183842761,0.7723445209268208
OADMET-0005893,fake,1,-0.670349,-26.236177,3.651467,-2.548832,3.959,2.73,-25.80389,0.0,1,54,-25.80389,-20.19294394444445,5.541247085115388,22.17246,0.24058499999999938,,,,,,,,,,0.5024945304922978,0.5089225438117145,0.020614754142423072,0.46502331882505027,0.5470259336923274
OADMET-0005895,fake,1,0.198046,-30.522064,9.065536,-4.185957,5.492,2.39,-25.444439,0.0,1,10,-25.444439,-21.851614199999997,2.8157491168313276,9.339123,0.48886500000000055,,,,,,,,,,0.7447194135113314,0.7589354372552412,0.015123383216579073,0.7299935027340105,0.7868247857276447
OADMET-0005721,fake,1,-0.608661,-34.679054,4.841287,-5.603595,5.607,1.85,-36.050022,0.0,1,120,-36.050022,-30.737718575,4.49760286944946,20.791185,0.13816399999999618,,,,,,,,,,0.9218141833845633,0.9370777789942406,0.010583056773601898,0.9158205588923173,0.9544331691887943
OADMET-0005727,fake,1,-2.643299,-27.645134,4.59197,-3.124882,3.01,1.5,-28.821344,0.0,1,80,-28.821344,-24.3461694625,2.607638134567274,9.894894999999998,0.09401300000000035,,,,,,,,,,0.6088906404245232,0.6087942872596416,0.015969433987318007,0.5838908377726049,0.6370871467759908
OADMET-0005731,fake,1,-2.140345,-29.89924,4.848465,-2.942819,2.035,1.78,-30.133938,0.0,1,80,-30.133938,-25.5008300625,2.7610271465325873,9.115217000000001,0.0009000000000014552,,,,,,,,,,0.6070571151742644,0.5989238460730152,0.020500013364554655,0.5599004022310211,0.6390204330689205
OADMET-0005732,fake,1,-0.973705,-21.606724,5.276514,-2.389495,2.192,1.78,-19.693411,0.0,1,2,-19.693411,-19.611722,0.11552569169669688,0.16337800000000158,0.16337800000000158,,,,,,,,,,0.32741917171517204,0.31882483825075775,0.0190316677600322,0.28437544298441825,0.3556313152550516
OADMET-0005733,fake,1,-0.279064,-33.430592,8.540641,-1.894776,3.358,1.46,-27.063789,0.0,1,40,-27.063789,-20.047914874999996,4.894503619760719,20.066983,1.0827920000000013,,,,,,,,,,0.4680121438404741,0.4875884695150936,0.021530150906852893,0.44889031298980825,0.5329848209160182
OADMET-0005736,fake,1,-3.961531,-29.5326,6.382147,-1.873061,5.924,2.38,-28.985048,0.0,1,80,-28.985048,-26.170362337500002,2.176311172694634,6.637858999999999,0.40783099999999806,,,,,,,,,,0.5248800041228412,0.5236487521582703,0.016138693949431644,0.49031049832957996,0.5570485321818
OADMET-0005746,fake,1,-1.81373,-33.963497,4.53619,-3.004678,1.965,1.17,-34.245712,0.0,1,100,-34.245712,-27.807813410000005,5.176160947880935,16.310238,0.06028299999999831,,,,,,,,,,0.6894285092449678,0.6993427836678866,0.021867862618534798,0.6607173892637463,0.7425001994421463
OADMET-0005747,fake,1,-3.131297,-15.866923,6.248197,-1.500359,4.624,1.83,-14.250383,0.0,1,6,-14.250383,-13.427185166666666,1.370368722776088,3.6046169999999993,0.2219939999999987,,,,,,,,,,0.18615445529495114,0.1755832756913717,0.020543447400229956,0.14346465226767105,0.22155233759926443
OADMET-0005108,fake,1,-3.354324,-33.337914,4.896557,-4.453558,6.194,2.09,-36.249237,0.0,1,100,-36.249237,-28.91046766,4.0986565777571515,27.261714,0.38671500000000236,,,,,,,,,,0.8772140370845997,0.887362334124065,0.014025115605492864,0.8605562249639067,0.9125894115135876
OADMET-0005109,fake,1,-1.654099,-22.766243,3.41291,-0.678383,6.984,2.33,-21.685814,0.0,1,40,-21.685814,-21.15824855,0.4893280058020413,1.526802,0.026835999999999416,,,,,,,,,,0.27489360898844656,0.2716613897167343,0.026780468376502446,0.22354188433179906,0.3212371603917278
OADMET-0005111,fake,1,-2.138095,-27.034103,6.825746,-1.70831,4.104,0.88,-24.054764,0.0,1,20,-24.054764,-16.3110651,7.201325104178272,22.127733,0.11197099999999693,,,,,,,,,,0.3785719045991058,0.3826814297508493,0.02090445599740117,0.3468919247611165,0.42002083290409264
OADMET-0005115,fake,1,-0.49482,-29.550079,3.451446,-2.585784,5.875,3.24,-29.179237,0.0,1,100,-29.179237,-21.4737801,4.081283371270983,16.642006000000002,0.22201700000000102,,,,,,,,,,0.6347123878054006,0.6381158032094018,0.019685525214836203,0.5981546236734002,0.6676901508021992
OADMET-0005116,fake,1,-0.354944,-33.145016,5.322988,-1.890741,3.785,1.3,-30.067713,0.0,1,90,-30.067713,-25.128887099999993,4.6617975057541,24.799128000000003,0.01507800000000259,,,,,,,,,,0.5476689766849098,0.5510896495856669,0.020899269559577015,0.5129267876891953,0.5972687837878546
OADMET-0005127,fake,1,-0.731535,-26.836355,3.589215,-4.230268,3.95,1.62,-28.208944,0.0,1,26,-28.208944,-22.999663653846156,6.196533355919472,23.05169,0.7472799999999999,,,,,,,,,,0.7410410318836381,0.7516626511295368,0.018879912679328686,0.7178734665617783,0.781050504466402
OADMET-0005128,fake,1,-1.186785,-36.355701,9.652257,-2.909065,6.295,3.03,-30.799297,0.0,1,44,-30.799297,-28.19693781818182,3.9149164033944923,17.873517999999997,0.05589600000000061,,,,,,,,,,0.7239578600234201,0.736566238348803,0.020803983015455774,0.6984278449750556,0.7741458805708684
OADMET-0005129,fake,1,-2.363237,-35.977005,5.06186,-4.688042,10.32,2.64,-37.966423,0.0,1,46,-37.966423,-25.799031260869562,5.832936992491585,17.060039,0.04480399999999918,,,,,,,,,,0.9384457444073865,0.9428481512739691,0.011356459465429871,0.9221786437486039,0.9626180352759239
OADMET-0005130,fake,1,-2.273673,-30.957006,4.621973,-2.419208,2.71,0.92,-31.027914,0.0,1,120,-31.027914,-26.027582716666664,2.69510013069388,10.856987,0.16708399999999912,,,,,,,,,,0.5575865207331074,0.5788512710982258,0.01933804933621802,0.544527946529662,0.6230350958495632
OADMET-0005132,fake,1,-0.011984,-29.463552,5.02902,-5.906354,4.526,2.4,-30.352871,0.0,1,40,-30.352871,-24.046583775,3.3292853019590076,11.784213999999999,0.9229830000000021,,,,,,,,,,0.8827577602679928,0.9020364128023038,0.014754049109490382,0.8722490225491212,0.9226892926495275
OADMET-0005133,fake,1,-1.354507,-29.930868,6.686059,-0.735438,6.413,2.11,-25.334753,0.0,1,64,-25.334753,-20.644909609375,5.944302711248751,24.155417,0.0031679999999987274,,,,,,,,,,0.3641988528287032,0.35967061915576104,0.02664473132735152,0.31124404874281825,0.41491015590049163
OADMET-0005136,fake,1,-0.854952,-32.680004,7.899681,-3.98461,4.36,2.59,-29.619886,0.0,1,66,-29.619886,-19.431191727272733,7.461551443606996,35.582860000000004,0.12776500000000013,,,,,,,,,,0.7514535102746928,0.7730899415653744,0.01597542749018626,0.7421459600043208,0.7987818452282789
OADMET-0005137,fake,1,-11.952079,-29.599344,31.277008,-2.65322,7.682,3.14,-12.927634,0.0,1,44,-12.927634,-2.8101655909090906,7.039618599610986,25.66267,0.6063929999999988,,,,,,,,,,0.30229671369601163,0.31385584083353896,0.0475055009870838,0.2237688697152002,0.40023539199877833
OADMET-0005139,fake,1,-2.657147,-23.127739,4.48895,-1.460602,4.026,1.87,-22.756536,0.0,1,80,-22.756536,-14.383413174999998,10.524691938815566,40.497648,0.09487299999999976,,,,,,,,,,0.3077647229913143,0.30015476013209774,0.01688591735814831,0.27225402771183715,0.3317303558598426
OADMET-0005150,fake,1,-1.29428,-32.982948,7.48995,-4.142653,5.174,1.62,-30.929932,0.0,1,104,-30.929932,-25.671843432692306,5.099743512500742,18.647734,0.2722100000000012,,,,,,,,,,0.7967567492162377,0.8187422550114298,0.015385474907535208,0.7949837989463182,0.848769215880593
OADMET-0005152,fake,1,-1.528055,-31.218918,6.18646,-4.363513,5.629,2.33,-30.924023,0.0,1,120,-30.924023,-24.61149995,4.622484185703864,19.027452999999998,0.28610599999999664,,,,,,,,,,0.8188244618711672,0.8313500678978261,0.014250798452416304,0.8034303696079491,0.857290559093515
OADMET-0001903,fake,1,-0.900542,-34.114838,4.555038,-4.217944,2.651,2.64,-34.678288,0.0,1,80,-34.678288,-27.787931375000007,4.72712835124275,15.967103000000002,0.03362700000000274,,,,,,,,,,0.8067008648832287,0.8242299688351997,0.021817309349301824,0.7821985743151251,0.8634519448527478
OADMET-0001905,fake,1,-0.404104,-30.586803,5.89332,-2.186078,2.953,1.78,-27.283665,0.0,0,50,-27.283665,-24.98599526,3.8347877846658425,17.693238,0.15192300000000003,,,,,,,,,,0.48395532338107206,0.49763287391916367,0.013838986908026776,0.47345339844198714,0.5250596816052087
OADMET-0001909,fake,1,-9.81686,-27.081688,16.715193,-3.748038,2.62,1.47,-23.931393,0.0,0,80,-23.931393,-21.2912581875,2.830388101419765,8.838208999999999,0.02739000000000047,,,,,,,,,,0.5228539713164085,0.5216052949904939,0.025121314975462376,0.4749457981317417,0.5687232465392573
OADMET-0001910,fake,1,-2.129659,-29.298548,6.6382,-3.676383,7.555,4.01,-28.466393,0.0,0,80,-28.466393,-24.4218784625,1.7303368783794235,7.297076000000001,0.06604799999999855,,,,,,,,,,0.7443277079785249,0.7600491009120701,0.02164380415322943,0.7148409069240385,0.7951362946369063
OADMET-0001912,fake,1,-1.691265,-25.648779,3.323079,-1.930176,3.284,1.43,-25.94714,0.0,0,40,-25.94714,-23.770018925,2.0349488884851867,5.9694540000000025,0.005815999999999377,,,,,,,,,,0.41083375741741773,0.4131666165022972,0.015466797215985853,0.38021432751167233,0.4413665384251305
OADMET-0001914,fake,1,-1.266622,-18.886503,3.797006,-2.04385,2.858,1.97,-18.399969,0.0,0,40,-18.399969,-16.190569275,0.5081477171542503,3.365973999999998,1.0155619999999992,,,,,,,,,,0.2675876771258218,0.2623911196094313,0.022017287708267035,0.22409936400996472,0.30182637953872593
OADMET-0001919,fake,1,-2.498549,-24.6604,5.459294,-2.296368,2.656,1.78,-23.996023,0.0,0,80,-23.996023,-20.601121,2.0024103829411963,6.376156000000002,0.048528000000001015,,,,,,,,,,0.40219148111436115,0.3927011732836436,0.015273006354620814,0.3639556556269772,0.4213476445383457
OADMET-0001920,fake,1,-1.382909,-26.847107,3.491391,-4.367175,2.06,1.87,-29.105801,0.0,0,44,-29.105801,-24.891802386363636,3.244775445639266,9.355885,0.10369299999999981,,,,,,,,,,0.7313820515305512,0.7321029542764788,0.024696765155590054,0.6840690242701083,0.7818651107362168
OADMET-0001921,fake,1,2.176877,-28.98118,7.284554,-0.578292,2.98,1.87,-20.098042,0.0,0,12,-20.098042,-14.671224666666667,6.228500405991993,21.176924,0.32071399999999883,,,,,,,,,,0.22034096848014714,0.21790369659196349,0.02111785617346037,0.18297225464947048,0.25869752485280323
OADMET-0001924,fake,1,-0.261419,-28.771885,6.448373,-3.529697,3.228,1.87,-26.114628,0.0,0,78,-26.114628,-22.682355269230772,3.5732175252376965,20.10399,0.1764720000000004,,,,,,,,,,0.6292824207114848,0.6411766718804246,0.012462715567177261,0.6192350087816063,0.6658647611284882
OADMET-0001926,fake,1,-2.279325,-30.122986,7.771309,-4.47502,0.209,0.19,-29.10602,0.0,1,36,-29.10602,-25.114426305555554,5.899927162476329,24.372531000000002,0.06716000000000122,,,,,,,,,,0.7134124904615939,0.7228715169138463,0.0266017722333539,0.6803223532600418,0.7657744054509414
OADMET-0001927,fake,1,-1.800003,-21.674061,3.453299,-2.447267,2.981,2.4,-22.468033,0.0,0,80,-22.468033,-17.756494475,1.8036472260259033,8.068921999999999,0.025071999999997985,,,,,,,,,,0.39215422846657094,0.3786598215888343,0.02571332638431669,0.3274627524069738,0.42991904389526137
OADMET-0001931,fake,1,-1.747069,-31.237164,5.5431,-3.809783,3.155,1.78,-31.250916,0.0,0,48,-31.250916,-22.2535144375,5.26250298523799,22.75855,0.03885500000000164,,,,,,,,,,0.730017572760561,0.7476763341735899,0.01621863939990407,0.7206891171303818,0.7739759883588152
OADMET-0001932,fake,1,-1.276915,-25.848377,2.820317,-4.346548,2.809,1.57,-28.651522,0.0,1,76,-28.651522,-25.077632381578944,4.2754892336584644,17.805725000000002,0.003900999999999044,,,,,,,,,,0.7185686883019428,0.7376572004552665,0.022792014263318467,0.7036508879932946,0.7791558015281153
OADMET-0001933,fake,1,-8.487236,-27.37768,8.059799,-0.639817,4.643,1.68,-28.444931,0.0,0,62,-28.444931,-19.830708612903226,4.371326168691803,18.163156,0.5809500000000014,,,,,,,,,,0.2983464297894029,0.28879444837848023,0.022943832786587355,0.2539549538227873,0.3404821314643613
OADMET-0001934,fake,1,0.104254,-32.373478,6.816118,-4.008597,2.564,1.65,-29.4617,0.0,1,80,-29.4617,-27.1504892375,1.4410934300237008,4.466236000000002,0.22723200000000077,,,,,,,,,,0.7292935001775825,0.7493100561084168,0.017151347176863754,0.7089667655541428,0.7762428979628256
OADMET-0001936,fake,1,-1.858755,-28.131714,4.224131,-3.016013,3.832,2.09,-28.782352,0.0,0,80,-28.782352,-23.8533369125,1.9431050504313911,7.994807999999999,0.022650999999999755,,,,,,,,,,0.608076401683101,0.6209450678044623,0.014308127737258234,0.5970374928525126,0.6490225476158933
OADMET-0001937,fake,1,-0.021086,-36.037678,4.037777,-5.659718,3.184,0.88,-37.680706,0.0,1,48,-37.680706,-29.657524750000004,3.182267231210421,11.628925000000002,1.3729739999999993,,,,,,,,,,0.9291913655294127,0.9352812750970098,0.011838386246062312,0.9111150745826053,0.9538106594066035
OADMET-0001938,fake,1,-0.579113,-27.285772,2.975048,-4.916098,4.541,2.12,-29.805935,0.0,0,40,-29.805935,-26.825316275,0.8512377141662751,4.890028000000001,0.2037620000000011,,,,,,,,,,0.8297232099245354,0.8358611709074765,0.018325356130015333,0.8004600441927114,0.8630848163147955
OADMET-0001940,fake,1,-6.017913,-29.342552,4.36487,0.40281,5.51,2.73,-30.592787,0.0,0,120,-30.592787,-24.020949908333332,2.5736651675568893,12.10021,0.17377300000000062,,,,,,,,,,0.24473153918619528,0.2540669534494705,0.02859922496808206,0.20872643798100302,0.31543877727063807
OADMET-0001942,fake,1,-2.641481,-29.116291,9.591406,-3.69908,3.235,2.73,-25.865446,0.0,0,80,-25.865446,-17.424572087500003,4.086679621130425,23.322574,0.0028909999999982006,,,,,,,,,,0.6186104744323067,0.6316842819757599,0.022921204771051615,0.5870210385205428,0.6662174587615873
OADMET-0001943,fake,1,-1.284153,-32.375271,4.652714,-4.926963,6.02,2.4,-33.933674,0.0,1,36,-33.933674,-27.913753361111112,4.572462071644754,15.173855000000003,0.20279300000000688,,,,,,,,,,0.8870350410352694,0.8969536042997407,0.013117229611905725,0.869992030261681,0.9190711540797913
OADMET-0001944,fake,1,7.605855,-20.514482,3.623278,-3.127524,3.109,1.35,-12.412874,0.0,0,40,-12.412874,-11.769525875,0.3742207536710281,1.3380100000000006,0.11354400000000098,,,,,,,,,,0.38156864090456283,0.37808338739001807,0.03084968811436996,0.3225184014288542,0.43422845843548213
OADMET-0001945,fake,1,-2.48418,-23.736311,4.802063,-0.937062,4.75,1.96,-22.355492,0.0,0,42,-22.355492,-18.773801595238098,2.405534835507856,8.115208,0.03297799999999995,,,,,,,,,,0.27077885686517095,0.2601389549500496,0.018125194976709832,0.2302274629798944,0.2941102808202206
OADMET-0001949,fake,1,-0.089916,-33.237221,7.948253,-0.983155,4.023,2.03,-26.362038,0.0,0,58,-26.362038,-24.627967155172406,1.3876809352292006,8.188588999999997,0.1540379999999999,,,,,,,,,,0.3800256878401453,0.37584710962799084,0.02563808669923597,0.3319429910519445,0.42645450334124985
OADMET-0001950,fake,1,-4.413898,-35.605209,6.266025,-6.061976,7.067,2.11,-39.81506,0.0,1,2,-39.81506,-39.808823000000004,0.008820449988524203,0.012474000000004537,0.012474000000004537,,,,,,,,,,0.9515027318025099,0.9613159925401601,0.00824252936648649,0.9445887047309954,0.9753043033379595
OADMET-0001951,fake,1,1.160546,-27.739138,4.330715,-5.803362,2.916,1.87,-28.051237,0.0,1,24,-28.051237,-24.54064741666667,2.967092361492175,6.900675,0.031625999999999266,,,,,,,,,,0.8453626927148692,0.8649531266683554,0.01867189298625554,0.829869110243304,0.8948558368727916
OADMET-0001956,fake,1,-0.246513,-31.572296,5.362785,-3.931647,0.597,0.29,-30.387671,0.0,0,80,-30.387671,-26.7549213,2.9682300665357153,13.119835000000002,0.0026460000000021466,,,,,,,,,,0.6989486572446424,0.7156541246582073,0.02453477990063407,0.6713989989174419,0.7579368575186964
OADMET-0003696,fake,1,-0.669209,-27.085461,3.572669,-4.566006,1.753,0.82,-28.748007,0.0,0,40,-28.748007,-27.514943849999998,0.7380391695037759,3.079397,0.060173000000002475,,,,,,,,,,0.7362220279719787,0.7529257497902012,0.02334162659470078,0.7162597136932254,0.7924353345042305
OADMET-0003705,fake,1,-3.484424,-29.010433,19.303646,-2.894409,9.043,2.56,-16.085621,0.0,0,40,-16.085621,-11.963204925,2.1280194962436063,8.991795,0.5002479999999991,,,,,,,,,,0.4879927859408369,0.5053543448611187,0.04485743144210554,0.40949291332203525,0.5980888440248656
OADMET-0003709,fake,1,0.039974,-29.907076,6.860345,-2.809395,3.315,2.64,-25.816151,0.0,0,40,-25.816151,-22.755675524999997,1.8115311521920074,6.747977000000002,0.0986430000000027,,,,,,,,,,0.5437965882474013,0.553349055819605,0.02016775373958889,0.5126334926650634,0.588040861137154
OADMET-0003712,fake,1,-4.139483,-26.433636,5.256592,-1.80238,2.592,1.12,-27.118908,0.0,0,80,-27.118908,-20.823127662500003,2.497819144919474,10.216065,0.5399990000000017,,,,,,,,,,0.39514927144922646,0.3848882743072466,0.016984027372728135,0.3500195638365672,0.41749624056281853
OADMET-0003719,fake,1,-2.416755,-25.821865,4.387674,-0.648936,1.082,1.08,-24.499882,0.0,0,80,-24.499882,-18.4914256625,3.162552212928389,8.980906,0.006039000000001238,,,,,,,,,,0.21133286097481152,0.2062327371532834,0.018296599838705463,0.17181869656649837,0.2398389384603809
OADMET-0003720,fake,1,-6.46584,-23.196491,14.354993,-1.152295,0.896,0.74,-16.459633,0.0,0,80,-16.459633,-10.221362687500001,2.1042165548612184,9.58059,1.0458739999999995,,,,,,,,,,0.15607343783896957,0.13199175397169174,0.014845677155673118,0.11041033002939608,0.1615495624887568
OADMET-0003721,fake,1,-5.609383,-21.633198,4.168521,2.206969,2.152,1.73,-20.86709,0.0,0,80,-20.86709,-17.2454518,2.3024019736132115,7.942985,0.44012400000000085,,,,,,,,,,0.04791082202183561,0.04149429321368897,0.009436111153855628,0.026471387027119507,0.06283649771841557
OADMET-0003722,fake,1,3.010618,-21.303568,18.036419,-1.00958,2.001,1.05,-1.26611,0.0,0,64,-1.26611,6.321353734375,4.079656637005807,14.307165999999999,0.19537300000000002,,,,,,,,,,0.0754488774679506,0.06945619278725315,0.015634535711703833,0.049222406227978806,0.09936979232453381
OADMET-0003726,fake,1,9.516245,-17.834167,21.279482,-4.353975,7.166,2.08,8.607584,0.0,0,2,8.607584,8.7379895,0.1844212267080449,0.26081100000000035,0.26081100000000035,,,,,,,,,,0.3114841358208566,0.28276103626279014,0.06336452326867156,0.17603588694527944,0.4107553731973525
OADMET-0003728,fake,1,-11.738694,-26.505455,28.443377,-2.439253,4.079,2.4,-12.240025,0.0,0,54,-12.240025,-2.7351550370370377,6.216714780197738,24.985351,0.09303300000000014,,,,,,,,,,0.1960100800598109,0.2037225432205342,0.03096802833248285,0.1484666714194355,0.2662908097322548
OADMET-0003735,fake,1,-10.134789,-27.08588,21.245613,-2.470365,0.0,0.0,-18.445421,0.0,0,40,-18.445421,-14.340335325000002,2.9648661494493704,10.352473,0.014700000000001268,,,,,,,,,,0.23599297372659986,0.23298731381362178,0.027650368626232946,0.18678492439258607,0.2900426581457411
OADMET-0003736,fake,1,-2.778262,-12.8568,2.698599,-0.914753,0.0,0.0,-13.851216,0.0,0,40,-13.851216,-11.5547261,1.5140415230042457,5.252509000000002,0.07582800000000134,,,,,,,,,,0.09450212652034974,0.08775165934691558,0.01548812981884565,0.06434841019949299,0.11774706931471997
OADMET-0003737,fake,1,7.103159,-19.94133,3.068254,-2.593012,0.0,0.0,-12.362928,0.0,1,40,-12.362928,-10.68282625,0.6676831033635777,3.0749999999999993,0.10994299999999946,,,,,,,,,,0.27231770774445563,0.2521760564799717,0.02701940656222157,0.20393751241520744,0.3016058430629161
OADMET-0003742,fake,1,5.61459,-30.827303,5.05511,-3.784873,2.314,1.62,-23.942478,0.0,0,40,-23.942478,-18.848122150000002,1.3263269448548607,5.775280000000002,0.1148220000000002,,,,,,,,,,0.651194263035262,0.6747150917043114,0.021258460958215243,0.6305195656263568,0.7148741401583854
OADMET-0003748,fake,1,-28.827971,-10.913867,45.858147,-1.695787,2.081,0.86,4.420523,0.0,0,40,4.420523,9.171790075,2.0017593711437867,6.807466000000001,0.028859999999999886,,,,,,,,,,0.02813000162088494,0.018389626478814064,0.0076200060645517055,0.007973807980341712,0.03490200662030609
OADMET-0003383,fake,1,-0.495712,-30.218094,4.978475,-4.494983,1.946,1.17,-30.230314,0.0,1,22,-30.230314,-27.247095681818177,1.851056648293756,6.067807999999999,0.20148299999999963,,,,,,,,,,0.7754359632716298,0.7812266136514497,0.019456307526626433,0.7431372097408026,0.813034405570183
OADMET-0003384,fake,1,1.36489,-29.776276,4.314647,-2.353158,3.891,1.45,-26.4499,0.0,1,26,-26.4499,-15.937361384615388,7.799593703606095,24.838543,0.07010700000000014,,,,,,,,,,0.5379776965549051,0.543374097634883,0.014488390446848113,0.5177471996874512,0.5798426928485944
OADMET-0003385,fake,1,-0.276104,-23.392145,2.544387,-1.855782,2.42,1.15,-22.979645,0.0,1,80,-22.979645,-17.632387725,5.145888834835306,18.664445,0.7265060000000005,,,,,,,,,,0.34443317469802476,0.3355332455320486,0.017696240840988586,0.29922075919996294,0.3658704670061484
OADMET-0003386,fake,1,-0.925148,-28.616905,8.304003,-2.402916,7.458,2.63,-23.640966,0.0,0,52,-23.640966,-20.056327826923077,4.197004390698913,15.635350999999998,0.09274999999999878,,,,,,,,,,0.5352849127619105,0.5568796469210312,0.02232295830378229,0.514879539336454,0.6017855872587917
OADMET-0003388,fake,1,-0.133106,-24.0107,4.954773,-1.867385,1.297,0.75,-21.056419,0.0,1,4,-21.056419,-13.294391500000001,8.51477066259233,19.790282,4.310651,,,,,,,,,,0.2857791319226281,0.2885889130000709,0.015948882859848208,0.2604030761495177,0.31714492501324487
OADMET-0003389,fake,1,-2.918293,-30.932423,6.048388,-2.275735,3.474,1.5,-30.07806,0.0,1,80,-30.07806,-26.818777550000004,1.99434049713038,8.313251000000001,0.2657810000000005,,,,,,,,,,0.5354481985835666,0.5537039947595127,0.014365320025541051,0.5299789862154591,0.5828879058890534
OADMET-0003390,fake,1,-1.444131,-33.988861,6.121422,-3.977935,10.095,2.73,-33.289505,0.0,1,94,-33.289505,-23.70152334042553,3.098562319080537,25.025311,1.3240239999999979,,,,,,,,,,0.8824948251167383,0.8894090759970726,0.017335669978308526,0.8535700241243812,0.9216834618719687
OADMET-0003391,fake,1,-1.206182,-28.331768,6.394225,-3.584359,5.861,1.79,-26.728086,0.0,1,48,-26.728086,-22.545940833333333,2.8694848803789172,10.369300000000003,0.31394300000000186,,,,,,,,,,0.6897837653556581,0.7087999934228975,0.017438716567467698,0.6783714292624972,0.7445286152170495
OADMET-0003393,fake,1,-1.015637,-32.827293,5.955687,-2.609929,4.166,2.38,-30.497173,0.0,0,80,-30.497173,-24.3989357875,2.685737155878823,13.555067000000001,1.5803070000000012,,,,,,,,,,0.6377429477262417,0.6401419591542041,0.015990575869806335,0.6105868703438055,0.6691194667069633
OADMET-0003394,fake,1,-3.548536,-29.468372,8.13603,-2.176821,2.056,1.47,-27.057697,0.0,0,80,-27.057697,-24.641445012500004,2.1581845836937474,5.3034440000000025,0.11921500000000052,,,,,,,,,,0.42437338053679513,0.43546127919898603,0.015936839389848637,0.40855051700200207,0.46464566037920846
OADMET-0003395,fake,1,1.78622,-27.08046,4.504933,-3.686602,6.909,2.33,-24.475908,0.0,1,4,-24.475908,-22.510837000000002,1.502290076055443,3.300644000000002,1.5989259999999987,,,,,,,,,,0.6943956957197844,0.7223157019376854,0.021316793206254785,0.6838916830495531,0.7629870804757465
OADMET-0003396,fake,1,-0.235187,-26.044775,5.104279,-2.97932,3.7,1.35,-24.155005,0.0,1,50,-24.155005,-19.58444256,4.1321545928174785,19.367469,0.17991899999999816,,,,,,,,,,0.5373760333592276,0.541100461295874,0.013394743070220693,0.5165903133207411,0.567980632629692
OADMET-0003399,fake,1,-0.759148,-27.819752,5.364874,-2.392153,7.594,2.62,-25.606178,0.0,1,46,-25.606178,-23.079110652173917,1.2847748960278382,4.160603999999999,0.49581699999999884,,,,,,,,,,0.5703600183021863,0.5906035504017286,0.022713644989138082,0.5430688831584001,0.6311331147524335
OADMET-0003400,fake,1,0.984741,-29.725777,4.578037,-3.341172,7.167,3.09,-27.504169,0.0,1,16,-27.504169,-16.345411000000002,6.574258525097869,25.282018,0.3633670000000002,,,,,,,,,,0.7194059518663091,0.7373084335968051,0.01771095146156323,0.7046440813794073,0.7687131675564378
OADMET-0003404,fake,1,-4.185122,-26.307373,7.543994,-2.609309,3.525,1.56,-25.55781,0.0,1,80,-25.55781,-21.20327685,2.702062355696455,11.69676,0.2736060000000009,,,,,,,,,,0.47053353541099413,0.47756594580400774,0.01035420944588914,0.45764591043034786,0.49573426176102886
OADMET-0003405,fake,1,-0.590622,-31.086113,4.870736,-2.655076,1.346,1.16,-29.461075,0.0,0,90,-29.461075,-25.00274708888889,2.1478329930479036,10.596592000000001,0.6654510000000009,,,,,,,,,,0.5607381199383852,0.5592140625537999,0.020018191418570478,0.5245604943543285,0.5964158549359586
OADMET-0003408,fake,1,-0.670139,-26.015579,3.131658,-1.56581,4.702,1.54,-25.119871,0.0,1,32,-25.119871,-17.17476340625,6.3769628753613405,35.732568,0.02294300000000149,,,,,,,,,,0.39937491792784185,0.40116188097891614,0.019146564014868608,0.3632853121451325,0.44236620513113867
OADMET-0003410,fake,1,-2.234849,-28.486607,4.483851,-4.129465,4.38,2.12,-30.367067,0.0,0,120,-30.367067,-25.333083225,3.263116725488442,19.498506,0.10074599999999734,,,,,,,,,,0.7585201475208064,0.7724776525715527,0.017046324026206414,0.7412657532350907,0.7978164573230515
OADMET-0003411,fake,1,-2.669708,-27.609285,6.268125,-4.454726,4.764,2.33,-28.465595,0.0,1,4,-28.465595,-27.6664405,0.9469250552732951,1.9209800000000001,0.029213000000002154,,,,,,,,,,0.7647091043092701,0.7770422617026392,0.017307226056950856,0.7443796711923598,0.8021155468772371
OADMET-0003415,fake,1,0.284304,-21.838686,4.301274,-2.985359,4.176,1.47,-20.238468,0.0,1,2,-20.238468,-19.2298525,1.4263977193197221,2.0172310000000024,2.0172310000000024,,,,,,,,,,0.4611497758618528,0.4641239751690669,0.02163204116374202,0.417862460899439,0.5025291688631432
OADMET-0003417,fake,1,-1.790517,-26.442804,4.877915,-2.594695,1.729,0.97,-25.950104,0.0,1,24,-25.950104,-16.234153458333335,9.306632272280648,23.306701,0.5387859999999982,,,,,,,,,,0.47073269397242884,0.4626849403146136,0.016162449532273512,0.4320486089633254,0.4961511779014122
OADMET-0003420,fake,1,-1.459516,-28.858595,6.197813,-3.325286,2.824,2.11,-27.445583,0.0,1,14,-27.445583,-22.13776257142857,4.5213187449301815,12.674503,0.40151600000000087,,,,,,,,,,0.6038994446831274,0.6172729653919968,0.016716742703332937,0.5860521682279208,0.6499325238661232
OADMET-0003421,fake,1,-2.203568,-30.736954,6.320395,-1.793046,4.003,1.79,-28.41317,0.0,0,14,-28.41317,-18.881983642857143,9.170782232995862,26.21106,2.484211000000002,,,,,,,,,,0.4645979581888824,0.4799619762673235,0.014216105004260291,0.4578285789926118,0.5035208524956978
OADMET-0003422,fake,1,-1.321079,-32.520882,6.136232,-3.953437,4.875,2.73,-31.659166,0.0,1,10,-31.659166,-18.6850931,9.522816312883874,26.530296999999997,0.29004999999999725,,,,,,,,,,0.7806209898553674,0.7996981227502349,0.015567708364383266,0.771226297362799,0.8234448212345118
OADMET-0003423,fake,1,-0.702457,-35.439472,4.659509,-4.209149,2.679,1.06,-35.69157,0.0,0,120,-35.69157,-31.661245041666668,2.3247885073379315,12.424059,0.1426879999999997,,,,,,,,,,0.8286271968636587,0.8467806018944468,0.01745860700073494,0.8134992488370462,0.8766774191436727
OADMET-0003424,fake,1,-0.084662,-29.70286,7.538309,-4.558642,8.133,2.73,-26.807854,0.0,1,26,-26.807854,-19.598289038461537,5.643049421411367,24.08844,0.047359999999997626,,,,,,,,,,0.8431725910103006,0.8413685196536872,0.017701091458481224,0.8096386454763789,0.8766611444679321
OADMET-0003425,fake,1,0.790354,-18.260403,5.150379,-2.803187,4.0,1.06,-15.122857,0.0,1,2,-15.122857,-13.4312785,2.392253256518737,3.3831570000000006,3.3831570000000006,,,,,,,,,,0.3544987478925203,0.33864013714948504,0.027744009485823517,0.2844726892977052,0.3887272191968966
OADMET-0003426,fake,1,-2.245594,-27.949816,3.911675,-4.018752,5.483,2.31,-30.302486,0.0,1,68,-30.302486,-25.156215897058825,5.314501983352839,19.343564999999998,0.09883499999999756,,,,,,,,,,0.7753525124752755,0.7789956200857969,0.01738718545003915,0.7397973327770979,0.8040138260516283
OADMET-0003428,fake,1,-0.428925,-28.993259,5.480351,-2.788306,5.415,1.51,-26.730139,0.0,1,18,-26.730139,-19.476825888888886,7.617423070327306,20.351367000000003,0.20731600000000228,,,,,,,,,,0.6075184896897227,0.6203380835107549,0.018552337709377226,0.5943674817794804,0.6685012499933385
OADMET-0003430,fake,1,-1.249111,-29.970198,5.330722,-1.840372,6.785,3.66,-27.728958,0.0,0,40,-27.728958,-18.946732625,9.367024233365816,39.170317999999995,0.1517160000000004,,,,,,,,,,0.5412086243775218,0.5374085857555955,0.025206121014140645,0.48662054023024287,0.5775343992544076
OADMET-0004713,fake,1,-3.083597,-33.901035,10.10499,-3.369319,5.18,1.69,-30.248964,0.0,0,118,-30.248964,-24.010445059322034,5.8516943887237876,29.227067,0.02402500000000174,,,,,,,,,,0.7128702287634049,0.7351899915694179,0.01715656742067449,0.7046811627003811,0.7718047519877314
OADMET-0004715,fake,1,6.737751,-26.801208,4.628386,-2.583132,5.368,2.59,-18.018204,0.0,1,40,-18.018204,-11.823297049999999,4.4885051474700255,14.765042000000001,0.21679500000000118,,,,,,,,,,0.4746168524705727,0.4847840058413799,0.027732565403715576,0.43462765608792936,0.5377700067591137
OADMET-0004721,fake,1,-0.578175,-32.697964,6.583448,-5.06605,3.815,2.45,-31.758739,0.0,1,80,-31.758739,-27.3651835,2.231631416048324,9.624495999999997,0.011002999999998764,,,,,,,,,,0.8482572510947319,0.8672679416096165,0.015836997670084386,0.8350541751580254,0.8914489799047854
OADMET-0004727,fake,1,-0.388931,-30.869947,4.571439,-1.591009,2.573,1.28,-28.278448,0.0,1,120,-28.278448,-21.485066,5.950189866210611,19.396475000000002,0.0999180000000024,,,,,,,,,,0.44335526526077595,0.43580708676921576,0.018287629433533063,0.40004665367997383,0.4679948795252346
OADMET-0004729,fake,1,-2.328656,-27.437269,2.734903,-2.405545,4.2,1.51,-29.436565,0.0,0,34,-29.436565,-20.037342588235294,3.0601433475370823,13.508291000000002,1.6883870000000023,,,,,,,,,,0.5556467818904376,0.5631867450780871,0.01807376083484559,0.5305982595875208,0.5963940635162863
OADMET-0004731,fake,1,0.241371,-27.798912,5.718369,-4.112932,4.661,1.65,-25.952105,0.0,1,26,-25.952105,-19.090618153846155,5.656323866840714,20.430971,1.152508000000001,,,,,,,,,,0.7288838858299576,0.7350872607436838,0.016570651987543924,0.7057436033901888,0.7654314337402011
OADMET-0004746,fake,1,-4.280231,-29.770521,6.932796,-2.256137,2.938,2.39,-29.374092,0.0,1,92,-29.374092,-21.262449532608695,4.170805902079356,27.262097,0.010927000000002351,,,,,,,,,,0.4885306884942982,0.49790960296685294,0.022519679125183493,0.45210295126552946,0.5387641888638789
OADMET-0004748,fake,1,-1.098456,-27.909632,3.27441,-4.410845,2.721,1.78,-30.144522,0.0,1,8,-30.144522,-27.059059499999996,1.6464463500000752,4.652070999999999,1.8822289999999988,,,,,,,,,,0.7581900350579995,0.7704350143081615,0.02076276340375673,0.7374688756300984,0.8088281494152838
OADMET-0004750,fake,1,-2.517669,-26.183775,6.064867,0.123387,6.964,1.79,-22.513191,0.0,0,66,-22.513191,-13.748980575757574,4.6498124901316285,21.162284,1.3168809999999986,,,,,,,,,,0.23729795840053267,0.2197609206063586,0.028096182687399655,0.17502462316262382,0.2832533912053867
OADMET-0004753,fake,1,0.310945,-30.597771,3.411769,-2.776891,1.281,0.77,-29.651945,0.0,1,80,-29.651945,-25.5753745125,1.1709798490031298,6.643923000000001,0.2583370000000009,,,,,,,,,,0.5687137586613221,0.5845355550815703,0.020921834609029112,0.5467590726584585,0.6203534619045792
OADMET-0002260,fake,1,-9.654377,-19.165031,20.098171,-2.552903,2.676,1.87,-11.27414,0.0,0,40,-11.27414,-9.7622721,0.7142853706218545,2.3326379999999993,0.014593999999998886,,,,,,,,,,0.17396441709757082,0.167590631531344,0.020384550401734158,0.12929100806426524,0.20714747933776395
OADMET-0002261,fake,1,-8.636468,-22.288975,18.437906,-3.867122,0.005,0.0,-16.354656,0.0,0,40,-16.354656,-15.080260825,1.2950605592335052,4.723101999999999,0.05472199999999816,,,,,,,,,,0.3449842574194368,0.3338867196426524,0.031681817956896244,0.277621700199801,0.395305046925118
OADMET-0002262,fake,1,-8.614481,-15.279461,18.310137,-2.867074,0.025,0.02,-8.450878,0.0,0,40,-8.450878,-5.855089825,0.8260702281031586,3.484667999999999,0.15755599999999959,,,,,,,,,,0.135643057351328,0.12922459783569887,0.019996746273322593,0.09799247573041706,0.17275018710731305
OADMET-0002263,fake,1,-9.618877,-11.253102,19.14086,-2.248595,0.025,0.02,-3.979714,0.0,0,40,-3.979714,-3.1404187749999997,0.6509530982343087,3.213739,0.11974200000000002,,,,,,,,,,0.07002575869791673,0.06584405425993498,0.013725137399729538,0.044582016450430896,0.09372106466376186
OADMET-0002264,fake,1,-8.482367,-15.868423,16.852972,-2.587043,0.053,0.02,-10.084861,0.0,0,40,-10.084861,-9.2556075,0.5696435433063067,3.1354740000000003,0.14620700000000042,,,,,,,,,,0.15688516912039105,0.12862187683072848,0.018908421108446333,0.09903128806432429,0.170246796609858
OADMET-0002265,fake,1,-8.484446,-25.687355,19.659014,-3.760196,2.437,2.42,-18.272982,0.0,0,80,-18.272982,-12.5705151125,1.7643507153208484,8.851944,0.1378559999999993,,,,,,,,,,0.39483058680273125,0.41485179515386794,0.0333572204676484,0.34584497356998434,0.47385740192421794
OADMET-0002266,fake,1,-7.706552,-21.450315,15.788975,-2.91277,3.756,1.63,-16.280663,0.0,0,40,-16.280663,-14.945634625,1.0034969721494744,3.293241,0.09701000000000093,,,,,,,,,,0.31450964272617926,0.30565247116726285,0.01946086810209524,0.2668091576753794,0.3407345331134646
OADMET-0002267,fake,1,-20.560669,-23.144917,26.709566,-3.507488,0.022,0.01,-20.503508,0.0,0,80,-20.503508,-13.5757233625,5.452525017944209,13.821280999999999,0.02197100000000063,,,,,,,,,,0.2812964625031163,0.2712872048049086,0.0428118483562214,0.18814527004242618,0.3640356999308237
OADMET-0002269,fake,1,-7.439414,-13.235073,18.463333,-2.530974,1.561,0.86,-4.742127,0.0,0,40,-4.742127,-1.9381826750000002,1.421502446665001,6.504278,0.14055000000000017,,,,,,,,,,0.1022598724565784,0.09912023100444271,0.01667732199409516,0.07346765698307056,0.13173675067693402
OADMET-0002270,fake,1,-20.134571,-15.030323,25.587122,-1.810588,1.874,1.87,-11.38836,0.0,0,40,-11.38836,-6.741507625,1.0954693158312463,5.587230000000001,2.132525000000001,,,,,,,,,,0.07987985404750099,0.07475307438201177,0.016260692884651463,0.04393615247440166,0.10876726509718246
OADMET-0002271,fake,1,-8.963708,-15.909279,15.562064,-2.017526,0.832,0.8,-11.328447,0.0,0,40,-11.328447,-10.591327775,0.6840464685847041,2.4789960000000004,0.19263100000000044,,,,,,,,,,0.11822990296029108,0.11159557738312383,0.015902213616132345,0.0856713275545554,0.1429537646876737
OADMET-0002272,fake,1,-12.218017,-27.735008,25.906452,-2.900427,0.943,0.88,-16.947001,0.0,0,80,-16.947001,-9.501610212500001,2.0938897816901556,10.825913,0.1077520000000014,,,,,,,,,,0.2562208132874945,0.25524684837731426,0.032766736448420215,0.1988957726744822,0.32005633881455403
OADMET-0002273,fake,1,-8.691518,-15.534796,18.130255,-1.876829,0.042,0.02,-7.972889,0.0,0,40,-7.972889,-5.797087625,0.7176161255765665,3.7891520000000005,0.4908619999999999,,,,,,,,,,0.09146818736079569,0.08078030515069515,0.014145760437259647,0.061100671250284865,0.1122306790904626
OADMET-0002274,fake,1,-8.866697,-20.306055,17.694218,-2.982652,1.907,1.87,-14.461187,0.0,0,40,-14.461187,-12.822804675,0.6642651119635271,3.204745000000001,0.34099700000000155,,,,,,,,,,0.2446970792458946,0.23390637014023535,0.023833289558290106,0.18437447711935537,0.28072749048543827
OADMET-0002275,fake,1,-8.585223,-21.080557,17.511547,-3.597029,6.935,3.05,-15.751261,0.0,0,40,-15.751261,-13.790799099999997,1.4044405892237188,5.537417999999999,0.1303889999999992,,,,,,,,,,0.4417917557641345,0.4358570013337084,0.03153449411207642,0.3742563682180424,0.5019937146027759
OADMET-0002276,fake,1,-8.671986,-13.544308,14.562031,-2.604437,0.025,0.02,-10.258699,0.0,0,40,-10.258699,-8.654827175,1.8898143205001328,5.45402,0.4412830000000003,,,,,,,,,,0.13432659918512255,0.12426730155712043,0.01954636463744385,0.08936214568600942,0.16477097562191612
OADMET-0002277,fake,1,-9.737124,-17.17153,20.291672,-1.969549,0.047,0.03,-8.586531,0.0,0,40,-8.586531,-7.5204173,0.4989236936903792,1.7689820000000012,0.12562100000000065,,,,,,,,,,0.09985804413775433,0.08757974733461182,0.015171600690084237,0.06637045904598185,0.12278257704532598
OADMET-0002278,fake,1,-8.17762,-16.415642,16.804487,-2.283949,1.924,1.92,-10.072723,0.0,0,40,-10.072723,-9.734198699999999,0.4016847418152572,1.7055450000000008,0.006266999999999356,,,,,,,,,,0.1489472436067982,0.1288623335182616,0.018026186315174386,0.09374155100263568,0.16267504928084864
OADMET-0002279,fake,1,-8.634393,-20.979422,18.973812,-2.8462,1.479,1.45,-13.486203,0.0,0,40,-13.486203,-13.087942799999999,0.7119986025545635,4.558793,0.01406199999999913,,,,,,,,,,0.20764921753205404,0.20870057745682694,0.021915404021148374,0.16902347746052415,0.2538093782029637
OADMET-0002280,fake,1,-9.914391,-15.128638,19.977673,-1.557988,0.025,0.02,-6.623345,0.0,0,40,-6.623345,-5.676571099999999,0.7944994496707458,3.6172099999999996,0.06078299999999981,,,,,,,,,,0.06478766174016541,0.060741736341225684,0.012162768178559295,0.04496946075487446,0.08719892444492904
OADMET-0002281,fake,1,-21.343056,-19.119829,28.764271,-2.896927,13.031,3.48,-14.595539,0.0,0,68,-14.595539,-7.0600621323529404,5.570156177762239,21.734466,0.2886059999999997,,,,,,,,,,0.4508934461322199,0.3626721646857562,0.06379466168044703,0.22925677311082787,0.48201371099261264
OADMET-0002282,fake,1,-18.45908,-20.920975,26.83474,-3.237043,0.17,0.14,-15.782357,0.0,0,80,-15.782357,-11.300248024999998,3.0546270479934514,11.066417999999999,0.21120099999999908,,,,,,,,,,0.23325166471835876,0.19446442763203614,0.032251167359219214,0.1326250841856043,0.265111123358434
OADMET-0002283,fake,1,-20.330711,-31.274851,36.804169,-4.691013,2.617,1.47,-19.492405,0.0,0,44,-19.492405,-14.585263977272728,3.318813689877156,8.909674,0.019775000000002763,,,,,,,,,,0.4683415575475303,0.48822408208849505,0.06369079564147984,0.36939922650219376,0.5963221613838772
OADMET-0002285,fake,1,-21.743006,-15.359646,28.462948,-2.326188,4.405,2.31,-10.965894,0.0,0,40,-10.965894,-7.699339649999999,0.9251444958376752,4.652729000000001,0.986854000000001,,,,,,,,,,0.131451051798394,0.11052189392904264,0.022620871351717517,0.06740309778760276,0.15314454345151376
OADMET-0002286,fake,1,-9.997957,-18.17046,20.161598,-1.658083,0.025,0.02,-9.664902,0.0,0,40,-9.664902,-9.282816324999999,0.39787932546583527,1.6117530000000002,0.007717999999998781,,,,,,,,,,0.10470904996526842,0.08221850704796145,0.014355727861166297,0.06103702980605665,0.1144427618348918
OADMET-0002287,fake,1,-10.797417,-17.985268,17.441057,-2.979948,6.451,2.31,-14.321575,0.0,0,40,-14.321575,-11.580103824999998,1.294284241843956,4.949904,1.0550239999999995,,,,,,,,,,0.29187549845033356,0.2990350239419197,0.02992421700699869,0.23523155328049367,0.352479791891252
OADMET-0002288,fake,1,-9.030117,-20.422791,16.000788,-3.014133,4.157,1.85,-16.466253,0.0,0,40,-16.466253,-14.246005174999999,0.6733728326628984,3.7546899999999983,0.02233699999999672,,,,,,,,,,0.312686597266295,0.31165030330590965,0.022147577932636903,0.2650714290495438,0.3522703726431127
OADMET-0002289,fake,1,-10.075785,-17.968685,16.855627,-2.680372,6.345,2.32,-13.869215,0.0,0,40,-13.869215,-12.638099350000001,0.963948769459822,3.803184,0.021650000000001057,,,,,,,,,,0.27292309249096147,0.26481215510707473,0.02717293019833872,0.2106113718225425,0.31457269484375155
OADMET-0002290,fake,1,-9.822328,-15.006931,22.100029,-2.322117,0.031,0.03,-5.051346,0.0,0,40,-5.051346,-4.21111375,0.545324053531229,1.8861729999999999,0.027134999999999465,,,,,,,,,,0.08177254422519138,0.07829805791226135,0.015255311007005466,0.057554524668677436,0.11472548016929625
OADMET-0002292,fake,1,2.855503,-13.447716,10.094641,-0.844619,0.008,0.0,-1.342191,0.0,0,40,-1.342191,-0.399408575,0.24180007034047962,1.292084,0.4450479999999999,,,,,,,,,,0.05862944649482712,0.04619000329284506,0.010462193227421236,0.03203102960220648,0.06592548355068459
OADMET-0002293,fake,1,6.711829,-10.501247,2.83043,-1.926614,0.0,0.0,-2.885602,0.0,0,40,-2.885602,-1.57227645,0.5783890599617026,2.451516,0.6956380000000002,,,,,,,,,,0.09399328773463385,0.0907523111934097,0.0180937287872845,0.06229819086246762,0.12584464510115717
OADMET-0002295,fake,1,1.281402,-10.250219,5.476561,0.669721,0.608,0.6,-2.822536,0.0,0,40,-2.822536,2.368853575,2.2054684417368744,7.587066999999999,0.5950060000000001,,,,,,,,,,0.030916375756163846,0.02281512034436162,0.006176139103179622,0.013582836665146104,0.036091921648868895
OADMET-0002296,fake,1,-8.921698,-18.207518,18.149361,-2.586052,0.006,0.0,-11.565907,0.0,0,40,-11.565907,-11.1643224,0.23894044250042196,0.8753060000000001,0.04814499999999988,,,,,,,,,,0.16041121735748945,0.14458198820566268,0.019752224137770634,0.11466828296321235,0.19157702096261428
OADMET-0002297,fake,1,-9.358381,-18.756104,21.653727,-2.732137,0.802,0.79,-9.192896,0.0,0,40,-9.192896,-7.861684124999999,1.5107443009604304,5.813329999999999,0.06289899999999982,,,,,,,,,,0.14584908302158325,0.1396279362119624,0.019957445006344113,0.10867996835491303,0.18635188715482545
OADMET-0002298,fake,1,-8.998192,-20.425209,27.573996,-2.683872,1.87,1.87,-4.533278,0.0,0,40,-4.533278,-3.8995267499999997,0.17604859938092995,1.155341,0.3549880000000005,,,,,,,,,,0.12453006715464354,0.115457514890733,0.022028651410270477,0.0819611304719462,0.1603688355713377
OADMET-0002299,fake,1,-8.398645,-24.18825,16.728592,-3.773492,0.002,0.0,-19.631794,0.0,0,40,-19.631794,-19.408223575,0.28058801177644893,1.465322999999998,0.032761000000000706,,,,,,,,,,0.41164240606493346,0.3886316427535083,0.03136702835099516,0.3337064165010784,0.4486832766856489
OADMET-0002300,fake,1,-10.174772,-17.753174,23.012634,-2.982468,5.082,3.37,-7.897779,0.0,0,40,-7.897779,-6.6306532,1.0357871396827212,4.312006,0.1440380000000001,,,,,,,,,,0.1984327355331955,0.18781767584671513,0.028942158699881478,0.13052713261190024,0.24508948549267517
OADMET-0002301,fake,1,-3.033281,-16.391092,12.836895,1.342297,1.063,1.04,-5.245182,0.0,0,40,-5.245182,-2.9810477499999997,1.2710611193660353,4.915734,0.0021119999999994477,,,,,,,,,,0.02234790751505858,0.019553847356499076,0.005422247988739776,0.011990986072834857,0.031875675476346364
OADMET-0002302,fake,1,6.154004,-12.198339,3.703869,-1.608655,5.981,4.35,-3.949121,0.0,0,40,-3.949121,-1.3398496,1.3538843179079278,4.911696,0.15406699999999995,,,,,,,,,,0.15595448460498818,0.13266245703930232,0.028737781405881478,0.07798030913285912,0.18866544740661195
OADMET-0002303,fake,1,-9.109279,-18.338875,17.165163,-1.888517,6.235,2.21,-12.171508,0.0,0,40,-12.171508,-10.275108925000001,0.7089788131903081,2.592853,0.04253299999999882,,,,,,,,,,0.18767869948288637,0.1816784362193453,0.02190691668262545,0.1427375309654233,0.22307779592585683
OADMET-0002304,fake,1,5.528297,-15.031356,6.011435,-2.54783,3.254,1.62,-6.039454,0.0,0,40,-6.039454,-5.364001324999999,0.4455202778096171,1.4259839999999997,0.01872999999999969,,,,,,,,,,0.20942194028292146,0.1923235672930663,0.025607285752053306,0.15263552498867664,0.24313907099656518
OADMET-0002305,fake,1,-10.392247,-21.788033,20.455671,-2.718688,1.23,1.22,-14.443296,0.0,0,80,-14.443296,-11.0793525875,1.1413732135170422,5.886338,0.8983559999999997,,,,,,,,,,0.20908140461245014,0.1988059513032636,0.022366469015337887,0.15769721842614384,0.2494566669714249
OADMET-0002306,fake,1,-20.643774,-19.112465,25.212057,-2.008209,1.87,1.87,-16.552393,0.0,0,40,-16.552393,-11.988923025,3.2057177901134515,9.638901999999998,0.5405559999999987,,,,,,,,,,0.13040781780877644,0.12112124170543469,0.022889593938793616,0.07553365887233922,0.1641150102928477
OADMET-0002307,fake,1,-1.473313,-15.371366,1.26222,-1.729437,0.0,0.0,-17.311897,0.0,0,40,-17.311897,-16.60414475,0.3053206306866772,1.6993829999999992,0.2520979999999966,,,,,,,,,,0.198710359431805,0.16958332276215665,0.02337442243150674,0.1317516430759456,0.21156805474740692
OADMET-0002308,fake,1,-9.169971,-10.603922,16.771271,-1.861347,0.0,0.0,-4.86397,0.0,0,40,-4.86397,-3.006388175,0.9636793398303403,3.780454,0.1730090000000004,,,,,,,,,,0.069086222225429,0.05822884918570237,0.01230028144135927,0.03891232190428623,0.08177875278946187
OADMET-0005958,fake,1,-3.624259,-25.726501,3.977361,-3.330029,2.897,1.6,-28.70343,0.0,1,108,-28.70343,-24.413931638888887,2.5102104548322424,10.41534,0.022520000000000095,,,,,,,,,,0.6039613090013027,0.6085887600591806,0.02155279058326732,0.5710722786101716,0.6472511556690163
OADMET-0005963,fake,1,1.144112,-26.51586,4.714728,-2.573161,3.485,1.78,-23.230183,0.0,1,46,-23.230183,-19.83917919565217,2.1252312300835365,8.080907,0.03379500000000135,,,,,,,,,,0.4781793587130159,0.4793046957889392,0.010625942377385072,0.46027040116940865,0.5028112817385645
OADMET-0005964,fake,1,-0.568264,-29.078133,5.848292,-1.786395,2.515,1.54,-25.584497,0.0,1,82,-25.584497,-21.66991486585366,2.6445887314123913,12.884991999999999,0.19578699999999927,,,,,,,,,,0.3904979555730408,0.3977267767692705,0.014182307863691072,0.3700845356485318,0.42314846804547107
OADMET-0005965,fake,1,-1.633372,-26.332855,6.110673,-0.743759,2.196,1.02,-22.599312,0.0,1,66,-22.599312,-18.949134469696972,3.251417688995041,17.948498,0.41267799999999966,,,,,,,,,,0.22177322172719457,0.2183191034160253,0.016432928476175893,0.18964669022245484,0.25160867463895725
OADMET-0005968,fake,1,-1.457823,-29.408779,3.944896,-2.604836,4.52,1.96,-29.526541,0.0,0,48,-29.526541,-17.311177145833334,5.003031449667802,20.237596000000003,0.08056100000000299,,,,,,,,,,0.6031798232071778,0.6130381859731032,0.012729798382972085,0.589936032696315,0.6324840048925925
OADMET-0005976,fake,1,-11.423958,-31.799963,29.475784,-3.548966,3.328,1.87,-17.297104,0.0,1,26,-17.297104,1.3057188846153847,10.009127239640424,35.6259,0.752129,,,,,,,,,,0.40317234013008435,0.40741371496795714,0.04667285104960159,0.3170105549112186,0.49369700239791037
OADMET-0005977,fake,1,-2.452347,-31.186501,4.342289,-3.925231,2.771,1.59,-33.22179,0.0,1,46,-33.22179,-32.11487565217391,2.684975145498671,12.718988,0.006541999999996051,,,,,,,,,,0.7591031509747714,0.7724522506574187,0.018701114423144462,0.7433562273034906,0.8036235550301855
OADMET-0005979,fake,1,-1.784792,-27.088333,4.086207,-2.820237,4.67,2.12,-27.607155,0.0,1,42,-27.607155,-24.10298792857143,2.021654197904382,6.901795,0.43128999999999706,,,,,,,,,,0.5799180804708918,0.5931466074942611,0.013345200748830758,0.56580305229607,0.615716753568523
OADMET-0005984,fake,1,-1.196029,-32.992455,9.375625,-3.629754,4.972,2.64,-28.442612,0.0,1,92,-28.442612,-23.499573554347815,3.7335853901480163,22.530993000000002,0.21234700000000117,,,,,,,,,,0.7155988246793022,0.7351216150718644,0.015427787679760881,0.7064579572821824,0.7584115957635361
OADMET-0005993,fake,1,-1.965231,-30.099297,4.232477,-3.359421,4.43,2.73,-31.191473,0.0,1,150,-31.191473,-23.404931306666665,4.68500751959618,29.676879,2.3585759999999993,,,,,,,,,,0.7066538290963349,0.7158070072391591,0.018232429455520602,0.6799092697166491,0.7458243100290041
OADMET-0005994,fake,1,-3.720925,-26.299402,3.549504,-4.104654,2.473,1.08,-30.575476,0.0,1,14,-30.575476,-21.64948057142857,7.91484482809973,22.449725,2.3129329999999975,,,,,,,,,,0.7093173323417782,0.720705590811833,0.024935131922705005,0.6769956625223503,0.759944495455746
OADMET-0006000,fake,1,0.225792,-27.317627,2.160897,-2.714929,4.456,1.85,-27.645868,0.0,1,46,-27.645868,-20.689085804347826,4.798968951815424,16.697523,1.0078449999999997,,,,,,,,,,0.5838706944254853,0.5968139080008256,0.01543682801901506,0.5658105043103863,0.6238377354261656
OADMET-0005760,fake,1,-1.033587,-29.190931,6.196317,-2.912998,5.314,1.85,-26.9412,0.0,1,80,-26.9412,-23.8772903875,2.6650263377579084,8.960576999999997,0.024388999999999328,,,,,,,,,,0.6211200450559108,0.629594474373079,0.013189787264532307,0.6083116256538688,0.6624572740032503
OADMET-0005774,fake,1,-0.67783,-26.76104,5.589634,-2.818277,3.217,1.83,-24.667513,0.0,1,18,-24.667513,-22.209983944444446,1.7447475641277796,6.399559,0.2711509999999997,,,,,,,,,,0.5102659644367545,0.5131460582422398,0.009970948260515384,0.49645909178551634,0.5360750596142445
OADMET-0005779,fake,1,-0.893128,-31.825842,4.931285,-0.994866,5.321,2.52,-28.782551,0.0,1,120,-28.782551,-23.550416900000002,3.811892661054554,17.611102000000002,1.122116000000002,,,,,,,,,,0.43455774527102986,0.4334555950507412,0.02344458327442297,0.395228538855251,0.4741073660090664
OADMET-0005783,fake,1,-2.684438,-37.873985,6.279405,-4.246386,7.016,2.73,-38.525406,0.0,1,92,-38.525406,-27.0980775,7.1227169018897865,25.860138,0.13312200000000018,,,,,,,,,,0.890267272865576,0.9099438317708767,0.012564493276066584,0.8864726714073519,0.9279858124782334
OADMET-0005786,fake,1,-3.109138,-33.662128,7.174041,-2.891391,4.153,1.83,-32.488617,0.0,1,98,-32.488617,-25.190235051020412,7.50966623460816,28.987474999999996,0.002659000000001299,,,,,,,,,,0.6766708476777796,0.6940553349804012,0.015845267813075836,0.6634496018112196,0.727467831874636
OADMET-0005788,fake,1,-3.034769,-32.891502,5.065989,-2.206245,5.705,2.14,-33.066528,0.0,1,80,-33.066528,-29.566217074999997,3.709706160448812,10.314599999999999,0.00878099999999904,,,,,,,,,,0.6525411306175438,0.6576492398688852,0.018380849108542013,0.6253074409669716,0.6898526606865188
OADMET-0005800,fake,1,-0.821192,-28.923157,4.564682,-2.319594,8.075,3.28,-27.49926,0.0,1,24,-27.49926,-16.491449666666664,7.286776164235013,22.325467,3.0891230000000007,,,,,,,,,,0.6091558854019687,0.6267332849553067,0.02296311214897009,0.5770253314407506,0.6640351617929354
OADMET-0005803,fake,1,-9.034908,-38.244137,20.096382,-4.552981,4.662,3.15,-31.735643,0.0,1,82,-31.735643,-23.16389862195122,4.3037520515165975,21.153683,0.05381200000000064,,,,,,,,,,0.7878700024964584,0.8158878447007435,0.027203085654160578,0.7620172810699445,0.862878765866964
OADMET-0001771,fake,1,-3.31675,-28.49519,7.268629,-1.850472,4.915,1.08,-26.393784,0.0,0,16,-26.393784,-20.519691125,4.1313585124705705,13.524759,1.4954479999999997,,,,,,,,,,0.44957094464174663,0.45791860369732573,0.022870239908233954,0.422593052608865,0.5082843459670786
OADMET-0001772,fake,1,-0.649903,-28.355238,5.824239,-2.864762,6.013,2.08,-26.045662,0.0,0,26,-26.045662,-19.067356615384615,4.864869597324434,14.933584,0.07210500000000053,,,,,,,,,,0.6066781475868429,0.6233527372756967,0.015565859593558665,0.5947073497891969,0.6559203083128241
OADMET-0001773,fake,1,0.0969,-30.845491,4.534087,-4.122808,5.339,2.39,-30.337313,0.0,1,80,-30.337313,-25.1348536875,3.48474343521301,11.286396000000003,0.10242300000000171,,,,,,,,,,0.8013446176985063,0.8101889985493468,0.014526789681318422,0.7795769607896983,0.8339108112970661
OADMET-0001775,fake,1,0.867049,-31.786718,10.658746,-3.384331,6.345,2.64,-23.645256,0.0,0,2,-23.645256,-23.2545225,0.5525806149735072,0.7814669999999992,0.7814669999999992,,,,,,,,,,0.6628437468938023,0.6787117521325734,0.020143514730332636,0.6412160401524667,0.7100380454462881
OADMET-0001776,fake,1,-1.013954,-29.375488,6.25139,-3.745599,4.451,1.64,-27.88365,0.0,0,10,-27.88365,-16.9954307,8.344731330302213,22.028554999999997,0.1069129999999987,,,,,,,,,,0.7050131442822348,0.7192324897257452,0.013994802129046493,0.6960652695695624,0.7474631609485236
OADMET-0001778,fake,1,-1.993002,-28.090578,7.345366,-1.820879,4.335,2.4,-24.559092,0.0,0,80,-24.559092,-18.3606551125,4.421660655713319,18.177848,0.7014360000000011,,,,,,,,,,0.4006931871686268,0.4061004534495467,0.013295860410948978,0.3806953760054901,0.4281742716637112
OADMET-0001779,fake,1,-0.413014,-25.767172,4.220673,-1.651167,3.617,2.39,-23.61068,0.0,0,20,-23.61068,-21.888816350000003,2.4034007713766377,9.392351999999999,0.049707999999998975,,,,,,,,,,0.35588457761445547,0.3532433288760387,0.017609059896479585,0.3154127860367058,0.38351160978611715
OADMET-0001780,fake,1,0.446482,-29.855453,10.739002,-2.998564,4.589,2.64,-21.668533,0.0,0,4,-21.668533,-20.2665865,1.384445937820253,2.911788999999999,0.48221200000000053,,,,,,,,,,0.5395745700024189,0.5406546228330483,0.01862195780691642,0.5079987121479403,0.5762446378254484
OADMET-0001782,fake,1,-2.863981,-27.586891,6.068626,-1.397727,7.389,2.39,-25.779972,0.0,0,80,-25.779972,-20.0053682,4.117438214255022,17.713556,0.02024600000000021,,,,,,,,,,0.4554784183198402,0.4441486247842411,0.025693278531358898,0.39824650179531224,0.4910714653657353
OADMET-0001784,fake,1,-0.987966,-28.115395,7.660526,-2.552732,4.67,2.73,-23.995567,0.0,0,4,-23.995567,-23.363393,0.4937063057088362,1.0585720000000016,0.48148100000000227,,,,,,,,,,0.5016493398429761,0.5038456156880703,0.013951854092521416,0.47576247516226683,0.5254760922215282
OADMET-0001787,fake,1,-0.230576,-30.539059,7.21777,-4.00483,6.895,2.39,-27.556694,0.0,0,22,-27.556694,-21.92889722727273,4.4345470432867575,12.979863,0.1545659999999991,,,,,,,,,,0.7767101558096429,0.7923005474838244,0.01643088262442869,0.7608077969136887,0.8233578477456309
OADMET-0001789,fake,1,-2.687777,-32.510643,8.180073,-2.63132,4.277,2.08,-29.649668,0.0,0,6,-29.649668,-27.549694499999998,1.5801400594340675,3.487630999999997,0.16944299999999757,,,,,,,,,,0.6044111427926403,0.6173201542900241,0.013497169713555239,0.5917297610835408,0.6415459655423754
OADMET-0001792,fake,1,-2.653563,-33.745235,6.604027,-2.836017,3.441,2.64,-32.630791,0.0,0,78,-32.630791,-24.63173107692308,6.11099764579193,29.542424000000004,0.027973000000002912,,,,,,,,,,0.6536579592563482,0.6718040845017554,0.023053186175001024,0.6320788508020083,0.715803870260676
OADMET-0001793,fake,1,-3.184134,-36.565048,6.473438,-5.400672,5.665,2.33,-38.676418,0.0,1,40,-38.676418,-35.941580375,1.7128465916200863,5.491873999999996,0.024951999999998975,,,,,,,,,,0.9287730782681133,0.9382739165119068,0.010533838219262156,0.9158789661646047,0.9545018057600673
OADMET-0001795,fake,1,-1.770704,-32.228619,7.98941,-2.363425,5.239,1.48,-28.373337,0.0,0,4,-28.373337,-16.76278825,7.75054547908887,16.033034,15.116492,,,,,,,,,,0.5795542061513052,0.5985359751278742,0.020287206810984927,0.5632734355344076,0.6497776880081753
OADMET-0001797,fake,1,-1.636169,-28.416437,7.896229,0.230171,6.817,2.39,-21.926207,0.0,0,80,-21.926207,-18.101294787500002,2.158719839007373,9.981174000000001,0.5612450000000031,,,,,,,,,,0.22447520247791478,0.21147733657973558,0.02617173526322062,0.16580081783917094,0.2680005029666613
OADMET-0001798,fake,1,-0.306701,-31.155725,5.422256,-3.038321,6.422,2.39,-29.078495,0.0,1,80,-29.078495,-24.940375725000003,2.052438443028225,9.963529999999999,0.24538000000000082,,,,,,,,,,0.6905962955448048,0.7150792377954198,0.015569453008776844,0.6868307686058898,0.74559721214741
OADMET-0001799,fake,1,-2.573909,-27.266375,5.89851,-2.685024,4.753,1.95,-26.626799,0.0,1,14,-26.626799,-20.795344999999998,4.658776715855866,11.097457999999998,0.03616799999999998,,,,,,,,,,0.5520897783041089,0.5564679231534151,0.010369078216344998,0.534597468796434,0.5752860490045529
OADMET-0001801,fake,1,0.035604,-32.999039,9.667762,-1.587562,5.263,1.62,-24.883236,0.0,0,46,-24.883236,-20.917613086956518,5.055379568450023,18.566598,0.038771000000000555,,,,,,,,,,0.44725081641506553,0.4596333632509051,0.02822354294388493,0.40721884467250585,0.5125354627483361
OADMET-0001806,fake,1,-2.670681,-32.099529,13.246953,-2.180404,8.081,2.39,-23.703663,0.0,0,8,-23.703663,-20.53592775,2.49189889222965,7.067388999999999,1.0571059999999974,,,,,,,,,,0.5593897391620489,0.5519264476552037,0.03348887225841467,0.478619544218213,0.6152766614348952
OADMET-0001811,fake,1,-1.257955,-30.791904,6.993464,-1.372759,6.704,2.12,-26.429152,0.0,0,12,-26.429152,-19.275343666666668,7.173371257870399,20.664331999999998,0.20595599999999692,,,,,,,,,,0.47011632094260886,0.46967374632454456,0.02598983169355664,0.42339391952438826,0.5226265968396495
OADMET-0001812,fake,1,-0.722809,-28.333975,6.485728,-2.970416,7.443,2.38,-25.541471,0.0,0,28,-25.541471,-19.63386807142857,3.760274684206037,15.090981000000001,0.7147190000000023,,,,,,,,,,0.6342932403749182,0.6592925594749746,0.02155944244175882,0.6171906677836165,0.7021345914151653
OADMET-0001814,fake,1,-0.959322,-30.238613,8.274544,-1.707255,6.367,2.39,-24.630648,0.0,0,40,-24.630648,-23.065630925,0.8644801838426874,2.898897999999999,0.06576199999999943,,,,,,,,,,0.45632046258971465,0.4683374413612189,0.021047456362972505,0.42934644519836296,0.5096457801159345
OADMET-0001816,fake,1,0.882353,-30.756813,5.44581,-3.26053,4.816,2.73,-27.68918,0.0,0,40,-27.68918,-18.14566845,5.005605590771046,15.921733,0.1319820000000007,,,,,,,,,,0.665272668569623,0.6870312215634368,0.01508726079738343,0.6588228398436814,0.7161976156376977
OADMET-0001817,fake,1,0.354043,-31.077312,7.194709,-4.261788,7.944,3.38,-27.790348,0.0,0,8,-27.790348,-22.617869000000002,5.285685524283055,11.207437000000002,0.0994470000000014,,,,,,,,,,0.8156279776291488,0.8314513570866567,0.016776056183183074,0.7968662293293669,0.8598784644139988
OADMET-0002309,fake,1,-21.151949,-19.869968,27.108521,-2.589631,3.067,1.45,-16.503029,0.0,0,40,-16.503029,-15.76931975,0.2874057323696963,1.6348040000000008,0.44553800000000265,,,,,,,,,,0.1865782145306092,0.17420434455260483,0.028668594883381915,0.11559198824801242,0.23019040583223688
OADMET-0002310,fake,1,-8.486331,-17.50808,19.176777,-2.443903,1.196,1.17,-9.261538,0.0,0,40,-9.261538,-7.978607374999998,0.2654438345324035,1.6434449999999998,0.7315609999999992,,,,,,,,,,0.1448636145749694,0.12707489006874995,0.017707991561525076,0.10004669528674412,0.1643577958995083
OADMET-0002311,fake,1,-0.965363,-20.633675,1.565735,-1.587096,1.169,1.16,-21.620399,0.0,0,80,-21.620399,-16.653740550000002,1.7998765820681746,8.526789999999998,0.30334200000000067,,,,,,,,,,0.2557187424233675,0.24296617863037498,0.021546453774720423,0.2036383293875097,0.2842916343237553
OADMET-0002312,fake,1,5.32718,-17.640882,6.575226,-1.30858,1.619,0.8,-7.047057,0.0,0,40,-7.047057,-4.11562315,1.861708056624051,5.7963569999999995,0.024985000000000035,,,,,,,,,,0.12728730434361132,0.11110048376569111,0.016596259296617327,0.08378135252201445,0.14272272285832513
OADMET-0002313,fake,1,3.483694,-15.50235,6.637239,-1.369243,0.005,0.0,-6.750659,0.0,0,40,-6.750659,-6.616727925000001,0.1754767625504852,1.044346,0.00709999999999944,,,,,,,,,,0.10578330789723926,0.08896593221393752,0.014803436015020367,0.06506569583560719,0.11423427637226692
OADMET-0002314,fake,1,-1.153171,-16.972935,2.871569,-0.711538,0.0,0.0,-15.966076,0.0,0,40,-15.966076,-15.731652650000001,0.27291936341011436,1.149082,0.0021279999999990196,,,,,,,,,,0.1215018866097028,0.104639631982598,0.015424407539581747,0.07878877249753315,0.1369525135776351
OADMET-0002315,fake,1,6.869815,-14.336212,4.132946,-0.910022,0.005,0.0,-4.243474,0.0,0,40,-4.243474,-2.6006468499999995,0.447770730063463,2.435034,0.021577999999999875,,,,,,,,,,0.08331288590473618,0.06749295649969196,0.013606909720979084,0.04507152233706531,0.09106007270925671
OADMET-0002316,fake,1,-9.203075,-17.646992,21.566612,-2.410965,0.003,0.0,-7.69442,0.0,0,40,-7.69442,-7.375080975,0.43662892167227263,1.8615339999999998,0.020780000000000243,,,,,,,,,,0.11698218356783974,0.1035589458838355,0.017523775678172548,0.07794129695260599,0.14636236495878918
OADMET-0002317,fake,1,-13.577837,-17.349958,16.532246,-1.977882,0.074,0.04,-16.373432,0.0,0,80,-16.373432,-13.063845800000001,3.013596056060118,10.945001000000001,0.045844999999999914,,,,,,,,,,0.1407847170083427,0.12729549210458455,0.019722298889093437,0.09540633926263622,0.17028373807458622
OADMET-0002318,fake,1,-10.904518,-18.929096,17.140577,-1.88558,0.012,0.01,-14.578617,0.0,0,40,-14.578617,-13.999099575000002,0.37741559558117316,2.146424999999999,0.1821729999999988,,,,,,,,,,0.13174341776970966,0.12212649495629252,0.017481682365082577,0.09450697279445412,0.16024044513765695
OADMET-0002319,fake,1,-8.691453,-16.251999,15.455074,-3.112118,3.233,1.69,-12.600494,0.0,0,40,-12.600494,-9.2575138,1.92544932403079,6.7098189999999995,0.03900999999999932,,,,,,,,,,0.26662947710494955,0.23288291078758172,0.024568091277835567,0.1844701466650581,0.282642930620463
OADMET-0002320,fake,1,-20.464426,-14.504738,27.589655,-2.298515,4.166,2.38,-9.678021,0.0,0,40,-9.678021,-7.132443850000001,1.1837803499226547,5.444437999999999,0.08039799999999886,,,,,,,,,,0.10810398747999934,0.10056979181005304,0.02085971223346877,0.060769364988422885,0.13936573294316182
OADMET-0002322,fake,1,-1.918474,-12.605812,2.071807,-0.837051,0.0,0.0,-13.289531,0.0,0,40,-13.289531,-11.641340225,0.6519646587942808,2.821975,0.4351509999999994,,,,,,,,,,0.0962877506891871,0.08370803525237143,0.015090768642995883,0.06083088714914613,0.11284773159479283
OADMET-0002323,fake,1,-13.690714,-18.835287,24.845615,-0.884893,2.204,1.68,-8.565278,0.0,0,80,-8.565278,-4.600760275000001,3.2761761964949088,12.088265999999999,0.0996819999999996,,,,,,,,,,0.06181241090398126,0.05615921982684191,0.011785458689941127,0.03927937944832596,0.0811815919675329
OADMET-0002324,fake,1,-0.972443,-20.706409,2.258077,-1.783176,0.0,0.0,-21.203953,0.0,0,40,-21.203953,-20.6010094,0.6343893947102691,2.414539999999999,0.013959999999997308,,,,,,,,,,0.2690339060032891,0.24037233896878976,0.02311727150603568,0.19886130829183438,0.28228239938317884
OADMET-0002325,fake,1,-1.337284,-19.235044,2.714038,-0.358839,0.811,0.79,-18.217131,0.0,0,40,-18.217131,-18.02034965,0.3332749634678393,1.6848909999999968,0.004077999999999804,,,,,,,,,,0.12507274398163062,0.11257778306898579,0.014815776696736739,0.0863736719717767,0.14130575176366791
OADMET-0002326,fake,1,-8.636944,-21.777292,18.031807,-1.204761,0.032,0.02,-13.58719,0.0,0,80,-13.58719,-9.4592042875,2.7589679724745553,10.388717,0.15653499999999987,,,,,,,,,,0.12048487623381236,0.09678685237166544,0.01491402716357298,0.0738227072348878,0.12709651402111222
OADMET-0002327,fake,1,-8.729509,-27.11388,17.247107,-2.243366,5.123,1.62,-20.839651,0.0,0,80,-20.839651,-11.938011399999999,7.042753640150619,17.717906,0.1296609999999987,,,,,,,,,,0.35180010308214066,0.3554092434992516,0.02195717711016511,0.3088202053029227,0.400644314058416
OADMET-0002328,fake,1,-10.057724,-25.235111,21.008732,-3.512411,3.363,1.87,-17.796515,0.0,0,80,-17.796515,-12.4831686375,2.379168970641678,9.554376999999999,0.9564440000000012,,,,,,,,,,0.4125384610615104,0.38767492215284727,0.02741990885994621,0.33718361015903625,0.4399698027290971
OADMET-0002329,fake,1,-8.77611,-17.88143,18.213867,-3.135,2.865,1.71,-11.578672,0.0,0,40,-11.578672,-10.482464475,0.9001932340383992,2.970032999999999,0.023132999999999626,,,,,,,,,,0.25177971378911174,0.2210802778132781,0.02342416802213423,0.17608192643700296,0.2631572494779036
OADMET-0002330,fake,1,-1.195055,-26.241629,3.296861,-3.50212,0.026,0.02,-27.641945,0.0,0,80,-27.641945,-23.025035624999997,2.9649094369816456,9.198553,0.0639019999999988,,,,,,,,,,0.5769971676136336,0.5740711542916063,0.029876144502206006,0.5222466480611329,0.6280982371132472
OADMET-0002331,fake,1,-8.837217,-23.176605,17.542606,-3.552351,0.059,0.05,-18.023569,0.0,0,40,-18.023569,-16.552638574999996,2.349884588845991,8.945289999999998,0.021369999999997447,,,,,,,,,,0.33318560339988584,0.32862233629440624,0.0294249843346811,0.2758079516215373,0.3878977482381905
OADMET-0002332,fake,1,7.832805,-17.162342,5.566773,-2.994098,0.372,0.37,-6.756862,0.0,0,80,-6.756862,-4.3870986,1.943721560002759,8.431704,0.09617599999999982,,,,,,,,,,0.21586260447775327,0.216015630884978,0.0280079032273924,0.1707255864296826,0.26812709538835494
OADMET-0002333,fake,1,6.561277,-17.385761,4.442663,-1.981849,1.159,1.15,-8.36367,0.0,0,80,-8.36367,-3.3941885750000003,2.488408875101501,10.907755000000002,0.2942980000000013,,,,,,,,,,0.16335230409281135,0.15832746033132983,0.0205557519938383,0.12280230392087385,0.1925534149364724
OADMET-0002538,fake,1,-2.309633,-28.048151,6.523684,-3.606573,4.141,1.56,-27.440674,0.0,1,110,-27.440674,-21.444075599999998,4.065598525698866,35.181125,0.14274200000000192,,,,,,,,,,0.6683708200502988,0.6745724243961281,0.013983906637159234,0.6517607401765473,0.7029562673157671
OADMET-0002539,fake,1,-8.682894,-27.754776,24.872772,-2.776009,4.291,2.11,-14.340904,0.0,1,96,-14.340904,-11.171723510416669,2.0988366858353853,12.952587,0.24637399999999943,,,,,,,,,,0.31804821001511024,0.2943264218908155,0.031863718674724775,0.2338624337118437,0.3543945573575574
OADMET-0002541,fake,1,-1.532422,-31.038683,5.46165,-3.546437,6.028,2.63,-30.655891,0.0,1,40,-30.655891,-28.748618399999998,0.8912505621162914,4.303495000000002,0.002518999999999494,,,,,,,,,,0.7492677181501745,0.7671581809855601,0.014211444333286407,0.7413984583660831,0.7907968626383007
OADMET-0002543,fake,1,-2.54686,-25.690807,5.584016,-2.337274,4.756,2.39,-24.990925,0.0,1,56,-24.990925,-20.47121489285714,2.990028590621584,12.339902,0.07477599999999995,,,,,,,,,,0.46697754085804105,0.4708022309062555,0.013163985690713222,0.44856391402215023,0.4978275147554807
OADMET-0002544,fake,1,-5.658604,-31.15785,7.923582,-2.107397,5.086,1.98,-31.000267,0.0,0,66,-31.000267,-26.58678378787879,4.15666929311765,19.209433,0.047594000000000136,,,,,,,,,,0.5608585230197249,0.5636255956355769,0.01664489606205045,0.53673283367455,0.5945265828127372
OADMET-0002546,fake,1,-2.745969,-27.805313,6.046594,-1.967734,1.154,0.49,-26.472424,0.0,1,40,-26.472424,-26.255961449999994,0.13482493762614842,0.6093909999999987,0.021388999999999214,,,,,,,,,,0.37688912154976145,0.38210745566236193,0.019256180095261633,0.3422344103249337,0.421344631734887
OADMET-0002547,fake,1,-0.089853,-32.177532,3.960339,-1.411552,5.864,2.09,-29.718597,0.0,1,36,-29.718597,-21.584109638888894,5.378077728847549,20.385554999999997,0.02305199999999985,,,,,,,,,,0.5280143872063405,0.5301485678920723,0.023554714257734477,0.4846367376567158,0.5759735972923088
OADMET-0002548,fake,1,-1.383841,-27.320881,4.430993,-2.558856,2.367,0.97,-26.832586,0.0,0,80,-26.832586,-22.8646358875,2.147361214968074,9.053493,0.4442959999999978,,,,,,,,,,0.5030724118300618,0.499801285270026,0.01531235941378772,0.46734884361809564,0.52823669232007
OADMET-0002549,fake,1,-0.000126,-30.960306,3.635097,-3.235998,5.128,1.87,-30.561333,0.0,1,46,-30.561333,-28.03857736956521,6.112965506059012,21.391379,0.0032689999999995223,,,,,,,,,,0.7121759898530903,0.7335044829377797,0.015128330597412759,0.7073090357811499,0.7637061205482449
OADMET-0002550,fake,1,-6.96136,-31.173098,27.28923,-1.425006,3.141,0.91,-12.270232,0.0,1,2,-12.270232,-12.173041000000001,0.13744883034060287,0.19438199999999917,0.19438199999999917,,,,,,,,,,0.16188334989755127,0.1638123424921343,0.031418333586862884,0.1033158674553934,0.23257873527538903
OADMET-0002551,fake,1,0.035566,-29.63677,5.735969,-2.56655,5.252,2.64,-26.431786,0.0,1,16,-26.431786,-23.7105565625,2.897437660941013,6.9143219999999985,0.007427999999997326,,,,,,,,,,0.5676028284192903,0.5831841657087637,0.012860978589096286,0.5581425392714786,0.604042262376854
OADMET-0002552,fake,1,-1.383499,-36.544453,8.355776,-4.34487,6.609,4.34,-33.917046,0.0,1,96,-33.917046,-25.81636505208333,5.249738159713398,24.842644,1.0600900000000024,,,,,,,,,,0.8699452422414294,0.8752694765824374,0.019378578606931228,0.8370718776230127,0.902138741928961
OADMET-0002553,fake,1,-1.339206,-31.089014,5.314737,-2.831955,0.223,0.18,-29.945436,0.0,1,56,-29.945436,-26.05735019642857,3.241586907823851,13.473388,0.00888400000000189,,,,,,,,,,0.5675861438781965,0.5611179461197264,0.026675316211539672,0.508700388632241,0.6086018657245407
OADMET-0002554,fake,1,-6.476209,-33.673138,23.496111,-2.822134,3.489,1.78,-19.475368,0.0,1,2,-19.475368,-17.5334925,2.7462266685400354,3.883751,3.883751,,,,,,,,,,0.4183936120692531,0.41532608078798455,0.03952309562995627,0.3374308849290093,0.494075815261715
OADMET-0002555,fake,1,-2.318068,-34.889702,7.046702,-3.092522,1.943,1.03,-33.25359,0.0,1,80,-33.25359,-29.7596246625,2.249003004441932,7.275885000000002,0.19649199999999922,,,,,,,,,,0.6655175674791755,0.6947263306381035,0.022298973469367416,0.6504027233872652,0.736554280616886
OADMET-0002556,fake,1,1.740594,-34.663273,6.547714,-3.501648,12.267,3.37,-29.876614,0.0,1,40,-29.876614,-25.43086625,2.2502254081969353,6.707288999999999,0.029554999999998444,,,,,,,,,,0.8645489282405592,0.8739446161757506,0.024111689491386454,0.8240495992421231,0.9199542855824957
OADMET-0002557,fake,1,-0.056277,-28.022297,4.968747,-4.371129,3.918,1.59,-27.480957,0.0,1,4,-27.480957,-22.330112749999998,5.716271243635567,10.890818,0.475912000000001,,,,,,,,,,0.7494062639819482,0.7644597601247944,0.01696628775678561,0.7357037644892152,0.7932840273698698
OADMET-0002559,fake,1,1.291707,-28.996269,4.755251,-3.846924,3.398,1.48,-26.796236,0.0,1,26,-26.796236,-15.343871,6.103490904013197,27.276316,0.135899000000002,,,,,,,,,,0.6967776447475093,0.7076497781781578,0.015200566565520714,0.6810729980243354,0.7337790401776332
OADMET-0002560,fake,1,-1.860269,-30.8901,6.611513,-4.021509,8.665,2.38,-30.160366,0.0,1,80,-30.160366,-21.497522287499997,3.6369060452923034,17.365034,0.7316889999999994,,,,,,,,,,0.8235647964988955,0.8407252698251788,0.01927527133183188,0.8035240485535544,0.8774039604063477
OADMET-0002561,fake,1,-1.382883,-32.494698,4.934604,-3.719824,4.421,2.73,-32.662796,0.0,1,6,-32.662796,-30.511494666666668,3.0773044174216286,7.859922000000001,0.15920599999999752,,,,,,,,,,0.7648739261986185,0.7835041128631302,0.017259716593768914,0.752053020759979,0.8098814577135848
OADMET-0001607,fake,1,-0.226825,-35.959145,10.237628,-3.091644,6.488,2.73,-29.039986,0.0,0,20,-29.039986,-19.6032148,6.427577908841979,24.124895,0.2541410000000006,,,,,,,,,,0.7187489102569394,0.7411448285631268,0.020802029315130935,0.706271003607284,0.776194588714253
OADMET-0001608,fake,1,-1.786331,-33.867756,12.465858,-1.524393,5.247,2.39,-24.712622,0.0,0,62,-24.712622,-18.43497532258064,3.009613608718316,13.846915,0.31187500000000057,,,,,,,,,,0.425010021896116,0.43038926323490934,0.028247527018844344,0.38358511532399997,0.48329376488642645
OADMET-0001612,fake,1,-0.116562,-33.01965,8.480216,-3.492428,7.259,2.64,-28.148422,0.0,0,80,-28.148422,-24.3145899625,1.9776159396633597,10.049620999999998,0.1221919999999983,,,,,,,,,,0.750941902142989,0.7708981146613799,0.017807243414049833,0.7381075953468978,0.8039639625484806
OADMET-0001614,fake,1,0.355579,-34.013145,6.025795,-4.097918,6.284,2.73,-31.729689,0.0,0,46,-31.729689,-29.433252565217394,2.0528924946780354,11.139338000000002,0.720988000000002,,,,,,,,,,0.830021238758567,0.8465729301806758,0.014181866435329265,0.8181789531723334,0.8696335238763708
OADMET-0001615,fake,1,-2.423603,-29.42716,6.557272,-1.364928,1.378,0.8,-26.658419,0.0,0,52,-26.658419,-21.80677188461539,3.5778401943712708,17.802678999999998,0.15228699999999762,,,,,,,,,,0.31614111800824807,0.3296434391426731,0.019445296210581026,0.2897681070181425,0.3640315991459373
OADMET-0001617,fake,1,-1.781896,-30.787811,7.230641,-1.674645,8.098,2.33,-27.01371,0.0,0,56,-27.01371,-23.311399857142856,5.180869091885521,20.39386,0.03906599999999827,,,,,,,,,,0.5320805899812836,0.5487584971859922,0.030825696969527583,0.49394113040301496,0.6074334047913945
OADMET-0001619,fake,1,-1.03372,-25.607229,5.690204,-2.253824,7.1,2.73,-23.204569,0.0,1,40,-23.204569,-18.9374185,3.380878771023017,10.268215,0.07716199999999773,,,,,,,,,,0.49672071010338814,0.501665591563337,0.021317411823148336,0.4583989688038435,0.5361555275834187
OADMET-0001620,fake,1,-1.149644,-32.59507,6.889919,-1.15833,5.763,2.39,-28.013124,0.0,0,46,-28.013124,-25.32298882608696,2.8669917140896604,12.532543,0.043222000000000094,,,,,,,,,,0.44770649042823224,0.4550202194827038,0.0241128137053582,0.41088134606622456,0.498525130257605
OADMET-0001625,fake,1,-1.312472,-25.178934,7.364101,-2.528369,3.265,2.73,-21.655672,0.0,0,52,-21.655672,-14.928300423076925,6.092291459901825,22.611632999999998,0.1385329999999989,,,,,,,,,,0.40691619313290445,0.4026716506442065,0.02165788750588664,0.3466194682157409,0.4340811186588202
OADMET-0001626,fake,1,-5.354782,-26.981308,8.229895,0.357423,5.349,2.39,-23.748774,0.0,0,80,-23.748774,-14.321632762500002,4.049779459812031,17.961013,0.20675100000000057,,,,,,,,,,0.1874080452493757,0.17095338677527386,0.020338963591010752,0.13981106394947565,0.2159377439999561
OADMET-0001628,fake,1,0.434388,-31.938175,7.399702,-4.203077,4.306,2.39,-28.307161,0.0,0,18,-28.307161,-17.996209722222222,9.485779966640553,27.564163,2.2193390000000015,,,,,,,,,,0.7657571907759925,0.7815363431639166,0.015262272546957766,0.7522846000393864,0.8043359334169501
OADMET-0001629,fake,1,-3.804576,-33.600189,12.341506,-1.86294,6.322,1.82,-26.926199,0.0,0,60,-26.926199,-21.803120183333338,6.918995833766973,29.504217,0.03060299999999927,,,,,,,,,,0.52070648393481,0.5253407767907661,0.029166450263575897,0.46109911501223266,0.5836323405452533
OADMET-0001632,fake,1,0.124003,-33.093197,9.308211,-2.060822,5.6,2.11,-25.721802,0.0,0,34,-25.721802,-17.658892294117646,4.835700769450287,21.220455,0.3776949999999992,,,,,,,,,,0.5317308517326208,0.5410021301361199,0.02302717758935824,0.4975310278677958,0.581466277117944
OADMET-0001635,fake,1,-0.87937,-35.728756,11.430372,-3.062278,4.853,2.73,-28.240028,0.0,0,6,-28.240028,-25.262782166666668,2.344085561280083,5.356406999999997,0.19783699999999982,,,,,,,,,,0.6740563512721168,0.6848640580031271,0.022805211634115825,0.6429043520760419,0.7250434498586432
OADMET-0001636,fake,1,0.767397,-32.312077,7.15408,-2.889421,6.247,2.73,-27.28002,0.0,0,40,-27.28002,-18.622289925,4.689584529062902,19.302715,0.28493100000000027,,,,,,,,,,0.6716894310805674,0.6797642724946934,0.016802935797279216,0.6481582053849684,0.7055676610042242
OADMET-0001638,fake,1,-3.59785,-22.464464,4.400392,-1.892825,6.037,2.73,-23.554749,0.0,0,80,-23.554749,-19.072335149999997,2.4647714624992796,10.126746,0.8004230000000021,,,,,,,,,,0.41437414342915907,0.3934750655486059,0.02337340389437514,0.35630777360921684,0.4455583468943476
OADMET-0001640,fake,1,-0.814384,-31.843988,9.240253,-2.255926,4.675,2.38,-25.674044,0.0,0,40,-25.674044,-21.862110074999997,3.1539625572957517,11.288124999999999,0.05350699999999975,,,,,,,,,,0.5161617088025365,0.5222569438668739,0.016473367084616393,0.4929995250567537,0.5541270082250072
OADMET-0001641,fake,1,-2.461621,-28.414059,7.780763,-3.750537,4.103,1.78,-26.845453,0.0,0,6,-26.845453,-26.197740333333332,0.7240707302507586,1.6624659999999984,0.22356599999999816,,,,,,,,,,0.6742778807645671,0.6794462675646044,0.012501943287691091,0.6604618579317001,0.7038461359346307
OADMET-0001644,fake,1,-3.053405,-24.021982,7.274474,-0.084437,7.294,2.64,-19.885351,0.0,0,20,-19.885351,-12.96516515,6.144988711041331,19.522271,0.12190599999999918,,,,,,,,,,0.1983584634899728,0.1956596422553414,0.023717820865912797,0.15500733944419823,0.2419217290484862
OADMET-0001647,fake,1,-0.892239,-28.09424,7.206745,-3.109858,8.734,2.73,-24.889591,0.0,0,62,-24.889591,-17.75953162903226,4.860194927306278,26.500283,0.10331499999999849,,,,,,,,,,0.6995831665400037,0.6893665976097231,0.02622481702836079,0.636519019522762,0.738788456261392
OADMET-0001649,fake,1,0.449291,-34.694145,4.85598,-2.641219,2.71,1.5,-32.030094,0.0,0,86,-32.030094,-28.994785360465116,1.3767093883817814,6.782677999999997,0.6375389999999967,,,,,,,,,,0.6480150293927297,0.661861063959321,0.020191640513028183,0.6241729768476588,0.7009344235434098
OADMET-0001650,fake,1,-0.755481,-31.713741,7.193563,-4.273673,4.312,2.64,-29.549332,0.0,0,50,-29.549332,-27.04528352,1.3165364560373392,7.3537490000000005,0.6493080000000013,,,,,,,,,,0.7767389454910435,0.7926734402198155,0.016374025487037917,0.7616418128338989,0.818138660905189
OADMET-0001652,fake,1,-3.81664,-26.646931,6.43639,-2.303949,5.47,2.39,-26.331129,0.0,0,40,-26.331129,-21.117318675,2.26079536150042,9.203735000000002,1.7800119999999993,,,,,,,,,,0.5011091877750978,0.5033430709562379,0.013088023630337732,0.4804449097566704,0.5274140612313901
OADMET-0005506,fake,1,-2.224609,-25.586288,8.365513,-2.905605,1.851,0.64,-22.35099,0.0,1,12,-22.35099,-18.287879166666666,2.856894890318121,9.523149,0.8836529999999989,,,,,,,,,,0.4452026147570531,0.4348683301978482,0.015618592582636285,0.40565993027238434,0.4660011297402824
OADMET-0005507,fake,1,-1.981138,-28.876492,6.429832,-4.413843,2.164,1.77,-28.84164,0.0,1,40,-28.84164,-26.855129400000003,1.8971431561193135,8.886552000000002,0.034147000000000816,,,,,,,,,,0.7384993900034645,0.7408135993819626,0.020847814024112808,0.6995930167887074,0.7765289488444289
OADMET-0005508,fake,1,1.491169,-34.945011,9.957859,-4.830705,5.222,2.41,-28.326687,0.0,1,12,-28.326687,-24.88553025,1.777273949738456,6.238555999999999,0.6667409999999983,,,,,,,,,,0.8475001268412692,0.8574498300865722,0.015717951152614158,0.8287448791664171,0.883007795681118
OADMET-0005509,fake,1,-1.656712,-30.236467,7.758673,-5.020933,8.953,4.06,-29.155439,0.0,1,60,-29.155439,-21.9331973,5.259493683610923,21.966094000000002,0.255903,,,,,,,,,,0.8733954725158105,0.8868047071025654,0.016083839167553373,0.8539642895510605,0.9147225141651413
OADMET-0005512,fake,1,-0.485362,-34.387383,5.10622,-3.37362,3.665,2.64,-33.140144,0.0,1,66,-33.140144,-23.03918863636364,6.479288960374501,24.720920999999997,0.15460900000000066,,,,,,,,,,0.737575009594655,0.7583725825034002,0.01993026247826444,0.7203325148512332,0.7932380509814206
OADMET-0005513,fake,1,-2.598411,-24.295721,5.80383,-2.869464,3.384,2.56,-23.959768,0.0,1,16,-23.959768,-19.549431,4.571990488785615,11.10485,0.7631970000000017,,,,,,,,,,0.4809801869011432,0.4734960640320719,0.02218231082802755,0.4258311196890761,0.5146852992515706
OADMET-0005518,fake,1,0.227729,-32.648529,11.31979,-3.361026,0.173,0.07,-24.462036,0.0,1,80,-24.462036,-20.1547316375,3.9408248516331446,19.117781,0.3611530000000016,,,,,,,,,,0.5395114437030629,0.5531890749837608,0.030570492142540415,0.4889099524329764,0.6077381350773244
OADMET-0005524,fake,1,-10.160708,-33.383041,16.602814,-2.399229,7.377,3.15,-29.340166,0.0,1,120,-29.340166,-23.707715883333336,4.482722055197774,12.111387,0.038927000000001044,,,,,,,,,,0.6043247386214967,0.5925020482088419,0.028804743153782168,0.531446763621931,0.6315897514671518
OADMET-0005525,fake,1,-1.924629,-31.544056,4.134137,-2.975317,3.231,1.07,-32.309868,0.0,1,108,-32.309868,-25.446452592592593,3.2939397059925635,16.132509000000002,0.39212100000000305,,,,,,,,,,0.6714576382080768,0.6835032520726803,0.018633758376989832,0.6526843155891059,0.725171926007376
OADMET-0005528,fake,1,0.671193,-28.659925,4.508718,-2.640672,5.86,3.0,-26.120686,0.0,0,2,-26.120686,-25.971553999999998,0.21090449698382413,0.29826399999999964,0.29826399999999964,,,,,,,,,,0.5990752151911245,0.6000093988899311,0.01679353240122266,0.5674564168655015,0.6294495191049274
OADMET-0005529,fake,1,-1.063483,-25.884729,5.311837,-2.76274,3.169,1.16,-24.399115,0.0,1,40,-24.399115,-21.388287725,1.8322478766581662,9.435953999999999,1.5398109999999967,,,,,,,,,,0.49267663005995677,0.49667656539707167,0.013207775347817233,0.47252909234604706,0.5208008101009344
OADMET-0005534,fake,1,-1.59829,-23.228479,6.308186,-0.817258,6.109,2.4,-19.335842,0.0,1,44,-19.335842,-16.740463090909092,1.7776233979499578,8.626102,0.06791899999999984,,,,,,,,,,0.23655783938324496,0.23711983569746664,0.02080160909567355,0.19907369782010112,0.27880705049583265
OADMET-0005537,fake,1,-0.589476,-35.270271,6.412937,-3.569637,2.862,1.57,-33.016449,0.0,1,42,-33.016449,-30.919803857142853,3.2125940823928776,9.982317000000002,0.022305000000002906,,,,,,,,,,0.7639208719790457,0.7687148659921328,0.018190527233177392,0.7309354781838941,0.8006199887640709
OADMET-0005542,fake,1,0.632356,-18.644779,3.169962,-2.749589,3.337,1.28,-17.592049,0.0,1,6,-17.592049,-16.973894166666668,0.6165791323499087,1.459036000000001,0.0767540000000011,,,,,,,,,,0.36315917830642763,0.3553311926904383,0.025665008130748748,0.30318988325349355,0.39913284924476655
OADMET-0005543,fake,1,-2.635538,-29.385038,7.722555,-5.149542,2.642,0.98,-29.447563,0.0,1,56,-29.447563,-23.16661869642857,5.764113376169499,23.834049999999998,0.09260399999999791,,,,,,,,,,0.8061933485612095,0.82170208027108,0.01931749580789292,0.7845471032574161,0.8544451426988499
OADMET-0005550,fake,1,-7.853578,-28.533176,8.794422,-2.253289,1.298,0.87,-29.845619,0.0,1,80,-29.845619,-19.672424749999998,3.6357785489771155,19.186306000000002,0.9740579999999994,,,,,,,,,,0.42200248022654735,0.4343806327278773,0.025219596739470284,0.3830116425046484,0.4842669789127912
OADMET-0005552,fake,1,-2.211656,-28.052269,4.577288,-2.757934,3.987,2.12,-28.444572,0.0,1,12,-28.444572,-18.32098075,11.369001381402663,33.296191,0.48179000000000016,,,,,,,,,,0.5757103174340499,0.5838774254742484,0.013094276583359026,0.5607868562981662,0.6075732209834368
OADMET-0002920,fake,1,-6.380372,-24.773935,7.743221,-2.845419,2.26,1.78,-26.256506,0.0,1,48,-26.256506,-19.9850250625,2.519135953587349,12.625788000000002,3.231739000000001,,,,,,,,,,0.4604860864994726,0.45543190852927784,0.023024418009050595,0.4059431681479844,0.4976092864879826
OADMET-0002921,fake,1,-0.538893,-34.277271,5.721381,-4.093042,5.984,2.06,-33.187824,0.0,1,70,-33.187824,-29.966246457142862,2.134456625231829,13.715157999999999,0.20702699999999652,,,,,,,,,,0.8425317915080726,0.8547320875975315,0.014314149466947569,0.8295656982294439,0.878653933374696
OADMET-0002922,fake,1,-4.342958,-24.759396,4.220796,-2.974534,5.636,2.73,-27.856091,0.0,1,14,-27.856091,-14.673154357142858,12.646130420334488,41.251025,0.17967999999999762,,,,,,,,,,0.5828047173817902,0.6003199110955212,0.02239149807352053,0.5568708094119409,0.6439812323090863
OADMET-0002924,fake,1,0.171626,-29.537281,6.042761,-2.502187,5.909,2.84,-25.825079,0.0,0,116,-25.825079,-21.295042370689657,3.2099184650078727,15.786036999999999,0.2016770000000001,,,,,,,,,,0.5672989570459371,0.5807932058674362,0.015086291412974977,0.5498459043434848,0.6060300140113787
OADMET-0002925,fake,1,3.656373,-29.114223,8.634387,-2.10438,4.063,2.07,-18.927843,0.0,0,6,-18.927843,-16.877611833333333,2.0715188200874657,4.524184999999999,0.29160699999999906,,,,,,,,,,0.3896436794746068,0.3957530252284504,0.022539285076854532,0.3500855522467706,0.4404189963503654
OADMET-0002927,fake,1,-0.184152,-23.737803,5.123567,-4.028665,9.513,3.22,-22.827053,0.0,1,2,-22.827053,-22.779600000000002,0.06710867617528918,0.09490599999999816,0.09490599999999816,,,,,,,,,,0.7693436271726036,0.7510189310533781,0.030141647882363596,0.6876596987810514,0.8052821138929881
OADMET-0002928,fake,1,-1.262691,-31.122654,4.558043,-3.259526,3.344,1.08,-31.086826,0.0,1,114,-31.086826,-23.175572728070176,6.466060745578656,23.200029,0.007647999999999655,,,,,,,,,,0.6818643263660363,0.7013069450651854,0.017413860673361037,0.6744203879035101,0.7398296813944873
OADMET-0002930,fake,1,-4.358119,-27.181084,5.387476,-3.496766,7.31,2.21,-29.648495,0.0,1,120,-29.648495,-25.42950738333333,1.9737359527343241,8.842713,0.056446000000001106,,,,,,,,,,0.7363337750484868,0.7405363902009799,0.022304292250821877,0.6926556829627653,0.7816487745632892
OADMET-0002932,fake,1,-1.317894,-20.593618,5.164636,-3.242485,4.153,1.85,-19.989361,0.0,1,2,-19.989361,-19.78105,0.294596241391502,0.41662200000000027,0.41662200000000027,,,,,,,,,,0.48287825920892685,0.4665606942163466,0.023084715358302203,0.4165446974750951,0.5109986357472786
OADMET-0002933,fake,1,-1.553153,-29.100317,2.941313,-3.27457,4.821,2.64,-30.986729,0.0,1,98,-30.986729,-26.1847673877551,2.812383720005793,17.737839,0.6916849999999997,,,,,,,,,,0.7069533403025824,0.7116274168154605,0.01769136606703923,0.6748356265246669,0.7412566558153296
OADMET-0002935,fake,1,-3.344635,-30.942225,4.118813,-3.125037,4.531,2.33,-33.293083,0.0,1,88,-33.293083,-26.878372125,2.7997915139037692,13.875994000000002,0.4333570000000009,,,,,,,,,,0.7096573507800178,0.7206050962154533,0.01710122197410619,0.691357961699948,0.7482536572903656
OADMET-0002941,fake,1,-1.606601,-25.415356,3.646766,-3.022084,10.053,3.14,-26.397274,0.0,1,58,-26.397274,-23.71325581034483,3.9847032432904617,18.324001,0.032195999999999,,,,,,,,,,0.6822323230952313,0.7101415238103944,0.03279888494456197,0.6354164458562743,0.7627103345095587
OADMET-0002943,fake,1,-0.994133,-26.734673,3.660382,-2.552208,4.817,2.01,-26.620632,0.0,1,56,-26.620632,-20.035852678571427,4.996533547418094,19.971375000000002,0.3377510000000008,,,,,,,,,,0.5484337220578096,0.5523920488716159,0.01354600422501758,0.5233291073433853,0.574196316906269
OADMET-0002944,fake,1,-0.412432,-27.132069,6.809171,-3.344805,5.682,2.39,-24.080133,0.0,1,80,-24.080133,-21.926956699999998,1.9373673957153417,5.399357999999999,0.04265699999999839,,,,,,,,,,0.616860551825411,0.6323691858840248,0.013507794525601177,0.6062069415348788,0.6581155185024249
OADMET-0002945,fake,1,-1.73134,-28.12093,8.160561,-1.895466,4.048,2.13,-23.587175,0.0,0,38,-23.587175,-18.729347815789474,6.794637280379149,25.71823,0.06923099999999849,,,,,,,,,,0.3970555718285951,0.39564621144333223,0.011378962582856393,0.3751388537845437,0.4155694860746856
OADMET-0002946,fake,1,-0.799027,-32.185711,7.182748,-3.324071,5.36,2.34,-29.12606,0.0,1,62,-29.12606,-24.187922838709678,4.012772905355663,19.512332,0.20595499999999944,,,,,,,,,,0.710633214764676,0.7236839726315947,0.013031349037455434,0.699972170038005,0.7459075249526155
OADMET-0002947,fake,1,-6.728256,-27.400284,6.451496,-1.777508,4.785,2.73,-29.454552,0.0,0,120,-29.454552,-24.1532282,1.9029557290282988,10.259841999999999,0.18276600000000087,,,,,,,,,,0.4592597347910991,0.4488526800424625,0.02278749414078574,0.41001454558802924,0.48918681041903667
OADMET-0002952,fake,1,-1.249921,-30.615406,4.430645,-3.275133,6.601,2.34,-30.709814,0.0,1,74,-30.709814,-25.57110818918919,3.1642451051779292,15.919713000000002,0.11076000000000263,,,,,,,,,,0.7398606444570888,0.7557456237242625,0.016392446653729926,0.7289457878364205,0.7846728664931993
OADMET-0002954,fake,1,-2.874274,-26.763025,6.147504,-2.181522,4.497,1.78,-25.671318,0.0,1,54,-25.671318,-22.428441518518518,5.724119075068591,18.391188,0.08249800000000107,,,,,,,,,,0.46586804415296346,0.46430206802466956,0.010815100009473763,0.44518310094399843,0.48654019697558865
OADMET-0002957,fake,1,1.231197,-22.373241,5.483065,-2.752329,6.118,2.65,-18.411308,0.0,1,20,-18.411308,-14.660967399999999,1.8571771006010962,7.088910999999998,0.3560139999999983,,,,,,,,,,0.4468846081394906,0.45614186399926127,0.02374460396843831,0.4128396730145145,0.5015605693325489
OADMET-0002958,fake,1,-2.694427,-32.222298,5.874926,-3.804713,2.045,1.78,-32.846512,0.0,1,10,-32.846512,-32.7371605,0.0927526037217646,0.2989079999999973,0.029937999999994247,,,,,,,,,,0.729434118676474,0.7436364175734519,0.021339838764743727,0.7080642170959401,0.7821480397593409
OADMET-0002961,fake,1,-0.52281,-34.24007,6.616749,-4.974377,5.622,2.39,-33.120506,0.0,1,42,-33.120506,-25.778514976190475,5.5285136644538335,17.046467999999997,0.03351200000000176,,,,,,,,,,0.8887599286893876,0.8965504485162841,0.01267461057240115,0.8705586012797465,0.9166737865613481
OADMET-0002962,fake,1,0.646175,-36.256371,6.760471,-2.383579,6.119,1.37,-31.233303,0.0,1,46,-31.233303,-19.67252739130435,4.326373620485685,17.227072999999997,0.4532279999999993,,,,,,,,,,0.6897873960834605,0.7091299160718328,0.02851657043244254,0.6614180436769653,0.7789779150717477
OADMET-0002964,fake,1,-0.668171,-30.098961,4.079764,-3.317888,3.11,1.15,-30.005255,0.0,1,120,-30.005255,-26.554671499999998,2.6837322824094945,12.140566,0.008411999999999864,,,,,,,,,,0.6716842260400373,0.6850990910709064,0.016568562574054882,0.6609021351953062,0.7191975069011405
OADMET-0002968,fake,1,-0.617898,-28.935249,5.639256,-3.902939,3.279,1.79,-27.816832,0.0,1,48,-27.816832,-25.91300985416667,2.513365206447798,9.402537000000002,0.014281000000000432,,,,,,,,,,0.6957660240072551,0.7089433751212069,0.014977461187373581,0.6847455689514252,0.7353396561480477
OADMET-0002969,fake,1,-1.245611,-28.49778,7.660152,-4.235052,0.647,0.42,-26.318291,0.0,1,120,-26.318291,-20.210749883333335,3.3663363438598175,14.762463999999998,1.5999999998683734e-05,,,,,,,,,,0.6612110213826614,0.6636368548528818,0.024248285226478324,0.6267802569374854,0.7048854634077286
OADMET-0002970,fake,1,-0.097013,-28.548857,2.031002,-2.537097,7.185,2.31,-29.151964,0.0,1,80,-29.151964,-25.749247075,1.2297322582545118,6.448851999999999,0.014331999999999567,,,,,,,,,,0.6538034201399324,0.6684788778448274,0.023185774488590535,0.619696569982453,0.7142107860596153
OADMET-0002868,fake,1,-1.518953,-30.686792,8.208408,-2.743726,2.18,1.02,-26.741064,0.0,1,40,-26.741064,-24.17047255,1.010495898515762,3.6616800000000005,0.05603800000000092,,,,,,,,,,0.5349044697162317,0.5343831893324523,0.015119189247002769,0.5065379484277358,0.5613377422287597
OADMET-0002869,fake,1,-0.255632,-31.419207,5.959505,-4.929227,2.899,2.04,-30.644562,0.0,1,40,-30.644562,-29.496776999999998,1.2794303861939542,4.233336000000001,0.00622200000000106,,,,,,,,,,0.8159870101850532,0.83607084956428,0.017556351505025762,0.7992608843233342,0.8633511444567955
OADMET-0002870,fake,1,-3.650073,-30.437489,8.558954,-1.29384,3.069,1.19,-26.822449,0.0,1,96,-26.822449,-18.573197572916666,5.242277068394225,24.340289,0.49727299999999985,,,,,,,,,,0.3465590188887768,0.3568355950979787,0.018780636455349498,0.32401434444665866,0.38925981522601444
OADMET-0002873,fake,1,-3.928845,-27.766386,3.807586,-4.309785,2.618,1.1,-32.19743,0.0,1,2,-32.19743,-32.1599025,0.053071899461955604,0.07505499999999898,0.07505499999999898,,,,,,,,,,0.7566392310966856,0.7699377765875844,0.02311400679042225,0.7319661004749844,0.8065444215009118
OADMET-0002874,fake,1,-0.595032,-31.362259,6.157535,-4.303497,0.982,0.61,-30.103252,0.0,1,6,-30.103252,-28.094133333333332,1.42607076145606,3.6538310000000003,1.1812400000000025,,,,,,,,,,0.7362529894680812,0.751060923397928,0.02227127895982489,0.7072803330317392,0.7879675214753835
OADMET-0002875,fake,1,0.223736,-26.09313,6.203481,-2.73311,2.491,1.19,-22.399023,0.0,0,24,-22.399023,-20.096827333333334,1.5812370466960537,6.287337999999998,0.24602099999999893,,,,,,,,,,0.4504256799842295,0.4519866012842547,0.011101460930590987,0.43337012778685985,0.4739077317912369
OADMET-0002877,fake,1,-2.264705,-30.699749,6.364166,-4.42403,4.904,1.97,-31.024319,0.0,0,80,-31.024319,-22.598947637499997,2.3348993581398436,11.766658999999997,0.12563499999999905,,,,,,,,,,0.8075271896915365,0.8217929047626582,0.014910440148798103,0.7956557947705578,0.8485366832208637
OADMET-0002878,fake,1,-1.290491,-40.390442,6.425447,-2.183191,3.748,2.33,-37.438675,0.0,1,18,-37.438675,-26.830933833333333,8.009997800320072,20.748184000000002,0.4351120000000037,,,,,,,,,,0.7257731598831164,0.7255175874774038,0.02886303508045023,0.6703814992439247,0.7797195870939668
OADMET-0002882,fake,1,-5.095981,-29.412331,5.865623,-2.973648,0.62,0.57,-31.616337,0.0,1,34,-31.616337,-27.277121882352937,4.555377428488702,16.961213,0.05588700000000202,,,,,,,,,,0.5755462865153941,0.5716583623509127,0.027798760977283597,0.5189381204054433,0.6279936123861019
OADMET-0002885,fake,1,-0.389665,-31.589685,6.43673,-1.367766,5.434,2.38,-26.910389,0.0,0,30,-26.910389,-20.56976816666667,6.010389059890699,25.007714,0.03673599999999766,,,,,,,,,,0.4398147751675474,0.4544207787786582,0.020898831255483124,0.4148353014154322,0.49398606032699355
OADMET-0002886,fake,1,-8.861542,-31.445198,7.970394,-0.509788,4.55,2.13,-32.846134,0.0,0,44,-32.846134,-23.80183770454545,8.709942421955272,38.95322,0.02918199999999871,,,,,,,,,,0.36737651641258223,0.35508304878990754,0.029005820460574948,0.30779577661469865,0.4096272074029274
OADMET-0002888,fake,1,3.360157,-29.264301,9.931053,-3.856427,2.233,1.15,-19.829517,0.0,0,42,-19.829517,-10.690300023809524,6.216918181452795,21.295859999999998,0.13106499999999954,,,,,,,,,,0.5761333783575185,0.5885119179426921,0.022801958042511825,0.5370659685691358,0.6245416036279102
OADMET-0002892,fake,1,-0.17916,-35.918419,8.521791,-3.02224,8.482,3.54,-30.598028,0.0,1,6,-30.598028,-28.05798816666667,3.8610210879727354,8.165742999999999,0.043690999999999036,,,,,,,,,,0.7819615118306276,0.7879049001129781,0.02158832746958427,0.7440681449109822,0.8210581420123381
OADMET-0002893,fake,1,-1.036019,-36.099022,6.960241,-4.991873,2.04,1.05,-35.166672,0.0,1,26,-35.166672,-29.253722961538465,4.270969313044078,14.479766999999999,0.4674149999999955,,,,,,,,,,0.8625011683110008,0.880686735532617,0.016670092398015333,0.8409911930691552,0.909050971554322
OADMET-0002895,fake,1,-3.149075,-30.99684,5.860238,-3.636988,1.877,1.42,-31.922667,0.0,1,80,-31.922667,-28.034595775000003,2.346984820082076,10.142487,0.2186969999999988,,,,,,,,,,0.6834021074847048,0.7033909604398194,0.020887022523876923,0.6709115792249032,0.7404978375419045
OADMET-0002898,fake,1,-6.633529,-30.29966,19.328444,-3.185003,9.232,2.81,-20.789749,0.0,0,74,-20.789749,-16.83887243243243,4.578726233586287,19.406742,0.08423799999999915,,,,,,,,,,0.5694581605210686,0.6054267411685567,0.03772454275766218,0.5182999919501835,0.676648998253607
OADMET-0002899,fake,1,-2.842495,-30.245155,4.767532,-2.807954,4.054,2.73,-31.128071,0.0,1,46,-31.128071,-25.80935052173913,2.5269397337441344,12.097586,0.05112299999999692,,,,,,,,,,0.6197981912147242,0.6388137714133295,0.020379555862069472,0.5981905029573166,0.6749100574708902
OADMET-0002901,fake,1,-4.872753,-30.290932,4.563577,-4.528235,3.616,1.03,-35.128345,0.0,1,14,-35.128345,-28.241046285714283,5.717562444326878,20.127367000000003,0.6728319999999997,,,,,,,,,,0.8232424487082998,0.8397907315846459,0.019726994110737556,0.8091544115511545,0.8759771748485049
OADMET-0002902,fake,1,-1.582281,-25.429132,3.627057,-1.832241,1.326,0.74,-25.216599,0.0,1,64,-25.216599,-20.640884296875,4.7452164123122165,23.484658999999997,0.035732999999996906,,,,,,,,,,0.3550375666959828,0.3451884841891167,0.018547741130668757,0.3080989039439935,0.3782886857497041
OADMET-0002904,fake,1,-3.485929,-30.83205,4.937395,-2.280021,3.772,2.4,-31.660604,0.0,1,80,-31.660604,-19.449548437500003,5.090595727030503,23.310464,0.1260639999999995,,,,,,,,,,0.5838818106202212,0.5770243514556778,0.01973590213840526,0.5368825725721674,0.6102665875844429
OADMET-0002906,fake,1,-1.465129,-34.867867,4.373496,-3.869461,6.874,2.73,-35.82896,0.0,1,84,-35.82896,-31.15288499999999,3.0906016991646537,11.211084000000003,0.04414300000000537,,,,,,,,,,0.8588639239106346,0.8695858647685994,0.014245670459766503,0.8425807809144807,0.8892122072557956
OADMET-0002907,fake,1,-1.02057,-28.900333,5.026988,-4.05227,6.538,2.61,-28.946182,0.0,1,24,-28.946182,-23.454010791666672,5.182756370055886,15.466294,0.03497300000000081,,,,,,,,,,0.7784449614636415,0.794117639448216,0.01609439125613196,0.7642955089396684,0.823037908646812
OADMET-0002908,fake,1,-2.597087,-33.303535,7.577309,-2.149068,4.414,2.64,-30.472383,0.0,1,40,-30.472383,-28.8538609,3.003891670045392,9.671913,0.023309000000001134,,,,,,,,,,0.5615686951374661,0.5768286317124648,0.020239828974534295,0.5413564334744155,0.6172682152058866
OADMET-0002911,fake,1,-0.361641,-28.015509,5.008233,-2.876047,3.999,1.5,-26.244963,0.0,1,18,-26.244963,-24.762299833333334,1.4593191250189752,4.306941999999999,0.1303069999999984,,,,,,,,,,0.5735323810669993,0.5818475142062737,0.01166090384301094,0.5631494788576876,0.6094459128950014
OADMET-0002912,fake,1,-2.056263,-29.929819,4.129243,-3.365182,6.0,2.33,-31.222019,0.0,1,98,-31.222019,-23.398935051020405,2.7354199774369197,13.726105,2.8831729999999993,,,,,,,,,,0.7265777360158717,0.7507361086019516,0.01569784577412223,0.7213361775523481,0.7784391900571599
OADMET-0002914,fake,1,-3.312545,-27.739063,7.876693,-5.695861,6.178,2.73,-28.870777,0.0,1,6,-28.870777,-25.096492333333334,2.9039261206920997,6.242713999999999,0.1790850000000006,,,,,,,,,,0.8714522807940291,0.8821295637297911,0.016096641689582778,0.8494328201574245,0.9075088342303816
OADMET-0002916,fake,1,0.322763,-26.418892,6.489069,-2.276959,0.235,0.18,-21.884018,0.0,1,80,-21.884018,-15.151913250000002,5.072045712124077,24.865175,0.23804499999999962,,,,,,,,,,0.3451759471748867,0.34133512669060906,0.019814780120205835,0.30154710191056944,0.37766761044316755
OADMET-0002917,fake,1,-0.153428,-32.579723,7.145808,-2.149627,6.681,1.78,-27.736971,0.0,0,90,-27.736971,-22.65071036666667,5.661666227353201,22.718986,0.5757870000000018,,,,,,,,,,0.595441709130576,0.6122749519163165,0.02698002256763073,0.5664560450547723,0.6721680711769175
OADMET-0004570,fake,1,0.028936,-31.42001,7.37938,-4.31076,3.271,2.73,-28.322454,0.0,1,48,-28.322454,-18.836463958333336,2.849991420399023,14.226664000000001,0.18589000000000055,,,,,,,,,,0.7529498317491924,0.7647973766321724,0.02117037878699463,0.7234264327011013,0.8002902403866688
OADMET-0004590,fake,1,0.371749,-32.165306,5.273951,-3.75736,1.75,0.51,-30.276966,0.0,1,6,-30.276966,-22.942271,4.500524205368616,13.346517000000002,5.070772000000002,,,,,,,,,,0.7160721412945117,0.7271131153122228,0.021355433756289666,0.6858382604615002,0.7674149725536198
OADMET-0004676,fake,1,-0.541867,-28.925789,4.933937,-2.233676,1.934,1.73,-26.767395,0.0,1,80,-26.767395,-23.653104250000002,1.9105525985782794,6.465582000000001,0.021530000000002047,,,,,,,,,,0.46387602711219217,0.4568464095461887,0.017776213693290924,0.4250664728878243,0.4907057007592517
OADMET-0004678,fake,1,-0.487576,-26.796074,2.714475,-4.22049,2.952,2.11,-28.789665,0.0,1,44,-28.789665,-25.421818568181813,1.1896110597811955,4.983187999999998,0.014786000000000854,,,,,,,,,,0.7170935441961257,0.7366384244744937,0.022291307216499336,0.6925459727555104,0.7828588631065315
OADMET-0004679,fake,1,-2.669166,-34.611465,4.761133,-3.564896,4.994,1.67,-36.084396,0.0,1,80,-36.084396,-31.8146682875,4.257541454776296,19.421008999999998,0.03949699999999723,,,,,,,,,,0.8151931022321426,0.8246195305859785,0.016430596627403274,0.7935883206481019,0.8538485424543591
OADMET-0004680,fake,1,-1.972075,-32.105766,7.938293,-3.086773,2.899,1.38,-29.226322,0.0,1,120,-29.226322,-21.364955458333334,3.1153427297673555,13.96747,0.14403099999999824,,,,,,,,,,0.6269636217964801,0.6392109914253513,0.014886520811261551,0.6109963545580908,0.666726787387312
OADMET-0004683,fake,1,-0.71686,-30.158464,8.280623,-2.297967,4.832,1.89,-24.892668,0.0,1,4,-24.892668,-22.951612500000003,2.159371666295006,3.9277310000000014,0.14722300000000033,,,,,,,,,,0.5075294718291791,0.5129014622989253,0.013145476300488384,0.49058895065368574,0.5353453287983919
OADMET-0004695,fake,1,-1.453965,-23.535604,4.577056,-1.943583,1.619,0.8,-22.356096,0.0,1,80,-22.356096,-19.3248157875,2.3138086605359804,15.726754,0.09375700000000009,,,,,,,,,,0.3200816389618079,0.310440525386027,0.016752984111546375,0.2798468450090764,0.338807539212011
OADMET-0004697,fake,1,-6.919255,-36.038643,8.329339,-2.15001,4.685,1.78,-36.778568,0.0,1,40,-36.778568,-36.39744425,0.6125648537343642,3.9838030000000018,0.02006899999999945,,,,,,,,,,0.6540750852148305,0.6723644089519155,0.025174356215695408,0.6303573293166455,0.7217444108004162
OADMET-0004699,fake,1,-1.528152,-28.029705,4.804557,-3.637052,6.186,2.09,-28.390352,0.0,1,20,-28.390352,-22.790535300000005,3.269135986446026,10.212720999999998,0.18836999999999904,,,,,,,,,,0.7294877257293284,0.7390446649936442,0.017543539659864264,0.7038049173610863,0.7724339745293198
OADMET-0004700,fake,1,-0.838363,-26.808962,5.63713,-5.256453,8.398,2.62,-27.266647,0.0,1,6,-27.266647,-23.679553999999996,4.183097649011172,9.039984999999998,0.5381159999999987,,,,,,,,,,0.8829923113768156,0.8791764791191077,0.018118592000429333,0.8413088986292124,0.913632590906656
OADMET-0002009,fake,1,0.313156,-25.231401,3.116893,-3.290789,3.073,2.52,-25.092142,0.0,0,54,-25.092142,-19.838831407407408,3.9953874821820095,20.907564999999998,0.21109399999999923,,,,,,,,,,0.5655701238842639,0.5712553187405482,0.024362622630132193,0.5228807044033608,0.6256864694059041
OADMET-0002014,fake,1,-8.957576,-32.805939,18.949661,-2.75658,8.898,3.5,-25.570435,0.0,1,120,-25.570435,-20.711727958333334,2.668055545066552,11.709553,0.5924799999999983,,,,,,,,,,0.5905466831734086,0.6146825458492198,0.033407662029744496,0.5500831851841522,0.6730329400191911
OADMET-0002016,fake,1,-1.340878,-22.855957,3.875203,-1.55874,2.865,1.87,-21.880371,0.0,0,80,-21.880371,-18.541968975,2.9068440762369243,9.653627,0.019231999999998806,,,,,,,,,,0.28749178778122625,0.2808553735970294,0.01741158643168215,0.24897641013608032,0.3121099030392632
OADMET-0002018,fake,1,-1.120608,-29.799049,2.438578,-3.751438,9.289,2.09,-32.232517,0.0,0,80,-32.232517,-26.7129843375,2.399102584251912,8.073368000000002,0.10915400000000375,,,,,,,,,,0.8517410768148643,0.8515343692805974,0.0229315194616735,0.8045266112978835,0.8958051784145175
OADMET-0002020,fake,1,-1.613867,-26.637012,4.963644,-3.211573,4.262,2.03,-26.498808,0.0,0,80,-26.498808,-23.7640465625,2.3294242646105445,8.537417999999999,0.002034999999999343,,,,,,,,,,0.6090501838625614,0.6110709837437488,0.012977902980190364,0.5839596112736684,0.6368670218183285
OADMET-0002022,fake,1,-1.834649,-30.257977,6.382664,-2.540679,2.323,1.87,-28.250639,0.0,0,40,-28.250639,-24.593323275,1.3376316805300292,5.274736000000001,0.010037999999997993,,,,,,,,,,0.5122433554484119,0.5272649850322223,0.01746168094347854,0.49416695204519473,0.5600227901061184
OADMET-0002023,fake,1,-0.62056,-27.545027,3.47448,-1.986932,2.417,1.36,-26.678038,0.0,0,80,-26.678038,-23.3688353375,2.314756390452641,6.707508000000001,0.024392999999999887,,,,,,,,,,0.4327813093614418,0.4313433638867359,0.014856414731278135,0.397972752952747,0.46003509084295746
OADMET-0002024,fake,1,-1.915231,-32.165623,2.996762,-3.6271,4.453,2.73,-34.711189,0.0,0,60,-34.711189,-31.537749799999997,4.432904721591318,16.043650999999997,0.059494000000000824,,,,,,,,,,0.7741998003528621,0.7958054962227993,0.01868011584410888,0.7614943417259115,0.8264316926538633
OADMET-0002025,fake,1,0.30985,-29.222017,1.627096,-4.13064,3.353,1.43,-31.41571,0.0,0,8,-31.41571,-27.626938000000003,3.636622722968465,11.464206,0.5269499999999994,,,,,,,,,,0.7760346531761813,0.7894698653261932,0.018610730387078733,0.7575724871940607,0.8220359545521235
OADMET-0002026,fake,1,-0.862085,-26.158661,3.578736,-4.857241,4.54,2.12,-28.299252,0.0,0,48,-28.299252,-26.381840270833333,1.6619827684539774,6.553238,0.10290600000000083,,,,,,,,,,0.8066979476917245,0.8107250689697988,0.019659332393376715,0.7717450590925002,0.8408160606014656
OADMET-0002027,fake,1,-4.457694,-26.077484,4.017519,-3.210421,2.01,1.3,-29.728079,0.0,0,80,-29.728079,-24.493656300000005,1.1985934128110691,6.502216000000001,0.8936880000000009,,,,,,,,,,0.5932654885156791,0.5855829156114641,0.024921057553163577,0.5367691761038048,0.6321348510273754
OADMET-0002028,fake,1,-2.70596,-25.787952,3.996431,-3.072326,3.221,0.86,-27.569807,0.0,0,80,-27.569807,-25.5103707625,1.515669457621771,5.887743,0.12596300000000227,,,,,,,,,,0.58352323533037,0.580063429136085,0.021951267596130482,0.5386091195382079,0.6233649871090873
OADMET-0002032,fake,1,0.675292,-34.542568,10.215396,-3.550929,5.182,1.59,-27.202806,0.0,0,30,-27.202806,-16.029844866666664,6.355665509026034,25.662416999999998,3.8153609999999993,,,,,,,,,,0.7204221996240466,0.7411540417600342,0.02096942281894973,0.7072912291974528,0.7864771825545734
OADMET-0002033,fake,1,-0.019648,-32.979263,9.045889,-0.898483,5.656,2.09,-24.851507,0.0,0,46,-24.851507,-18.698452760869564,2.7343024909953515,10.458238000000001,0.3795490000000008,,,,,,,,,,0.37809482895943103,0.38017042126964895,0.029481457395165035,0.3258969666933512,0.4289325349423475
OADMET-0002037,fake,1,0.0413,-29.052933,6.684703,-3.368986,6.331,2.73,-25.695917,0.0,0,16,-25.695917,-20.1736020625,2.99960909743463,11.091987000000001,0.2689230000000009,,,,,,,,,,0.6705470134338188,0.6877859082604623,0.014804942280443552,0.6604612605919618,0.7146104938707007
OADMET-0002038,fake,1,-1.280979,-28.389061,4.953573,-0.269186,3.44,1.05,-24.985653,0.0,0,80,-24.985653,-21.0263367375,3.4543547073923464,13.159581999999999,0.02161999999999864,,,,,,,,,,0.2384322800448729,0.24018054185346815,0.021633101307794497,0.2027482882277644,0.28298912760353745
OADMET-0002039,fake,1,0.729396,-38.268173,5.582498,-3.833796,7.234,2.64,-35.790077,0.0,0,70,-35.790077,-27.57084134285714,10.096185954567844,28.287257999999998,0.08795099999999678,,,,,,,,,,0.875706411188583,0.8883711020350699,0.014373557093020316,0.8621447309443406,0.9115368308827575
OADMET-0002041,fake,1,-0.416832,-29.515579,2.824312,-4.71741,2.297,0.88,-31.825508,0.0,1,56,-31.825508,-25.812704107142856,2.9320106680547315,17.260880999999998,0.10159499999999966,,,,,,,,,,0.8036612753596678,0.8221187334573153,0.02007918979510954,0.7906750217069183,0.8549825519484816
OADMET-0002042,fake,1,-0.691847,-31.761488,4.618799,-4.805929,5.167,2.56,-32.640465,0.0,1,42,-32.640465,-29.75871711904762,2.1614130462357055,10.730646,0.7490829999999988,,,,,,,,,,0.8571823340073493,0.872616423800286,0.014404859352895821,0.8430652568728734,0.8920791467648401
OADMET-0002044,fake,1,-4.055509,-24.997837,5.438788,-3.003719,4.106,2.73,-26.618279,0.0,0,120,-26.618279,-20.350578316666663,3.6014901794646716,17.834006000000002,0.042006000000000654,,,,,,,,,,0.53637787819388,0.5463721214784123,0.02341122745546526,0.5006199488091135,0.5875886940885604
OADMET-0002046,fake,1,6.198906,-6.759714,0.702888,-0.106674,1.677,1.67,0.035406,0.0,0,40,0.035406,1.8655998249999999,1.0286434673265734,3.987051,0.129731,,,,,,,,,,0.037098239744955026,0.03267131907052533,0.008877395601865533,0.018542449785988593,0.0505588967648032
OADMET-0002047,fake,1,6.064332,-10.063939,5.620417,-1.342911,0.0,0.0,0.277898,0.0,0,40,0.277898,2.659862425,0.7127032344359258,3.561858,1.315742,,,,,,,,,,0.07070763311156306,0.05483989998566148,0.012662470222696263,0.036357912790712724,0.07788888491581714
OADMET-0002049,fake,1,0.334095,-3.617478,2.089004,1.322513,0.444,0.44,0.128134,0.0,0,40,0.128134,4.785639175,1.8981112944798966,7.539171,0.15436799999999998,,,,,,,,,,0.017775477023765546,0.011476577202162708,0.003997591134718527,0.006091028019334313,0.020887341608709878
OADMET-0002050,fake,1,6.607381,-14.554243,2.963969,-2.639979,0.118,0.11,-7.622872,0.0,0,40,-7.622872,1.4071565,3.4835260125153917,13.768640000000001,0.7846289999999998,,,,,,,,,,0.2004563495188086,0.1785138666773993,0.02576853352366352,0.1355751410476555,0.22593004586668705
OADMET-0002051,fake,1,6.944139,-11.829773,3.569949,-0.467467,3.465,1.59,-1.783152,0.0,0,40,-1.783152,2.5005504000000003,2.3433210076118827,9.980203999999999,0.4514710000000002,,,,,,,,,,0.07034002771081693,0.05951582474247874,0.013352090415195746,0.03966295071990277,0.08902288888849595
OADMET-0002052,fake,1,6.711478,-11.248508,5.798069,-1.79267,0.0,0.0,-0.531631,0.0,0,40,-0.531631,2.213867,1.7435884696403916,6.420994,0.00014599999999997948,,,,,,,,,,0.09312213854970208,0.07454177274431159,0.01567583083874783,0.050896697509910084,0.1036299850480147
OADMET-0002053,fake,1,6.321926,-17.120527,4.206765,-2.115278,1.159,1.15,-8.707114,0.0,0,80,-8.707114,-3.5245143375000003,3.9201361480907124,12.144206,0.03841700000000081,,,,,,,,,,0.16992006534755064,0.16875208892866428,0.0213216930664874,0.1321585131186259,0.20548989330978296
OADMET-0002054,fake,1,5.583262,-16.621441,5.758306,-1.615483,1.154,1.15,-6.895357,0.0,0,80,-6.895357,-1.7013383000000002,4.021664997327021,12.919235,0.26490999999999953,,,,,,,,,,0.13648515589052398,0.11800759428673877,0.017217441699205742,0.08931497682731947,0.14719304135562772
OADMET-0002055,fake,1,5.355866,-15.131762,4.12158,-1.588684,1.156,1.15,-7.243,0.0,0,80,-7.243,-2.418411925,3.122302922769592,11.604598,0.21107500000000012,,,,,,,,,,0.11905059200371165,0.11494693633013042,0.01734155690627225,0.08514261755781159,0.14546250617173517
OADMET-0002056,fake,1,4.885884,-18.932093,6.385682,-0.910885,1.45,0.84,-8.571412,0.0,0,80,-8.571412,-1.5212413624999999,4.950492794301485,16.168298,0.042154000000000025,,,,,,,,,,0.10735803663676517,0.10171790860043084,0.015162510579182683,0.07762577525357832,0.13071869256076465
OADMET-0002058,fake,1,8.429047,-13.608213,0.87632,-2.247034,0.447,0.34,-6.549881,0.0,0,40,-6.549881,-5.110199375,0.7052851526129275,3.725098,0.12221100000000007,,,,,,,,,,0.17175311893278278,0.1514260500722763,0.02447057519286797,0.11099839014379112,0.1965326324476651
OADMET-0003591,fake,1,-2.278761,-24.108854,3.407887,0.801383,2.735,2.08,-22.178345,0.0,0,80,-22.178345,-18.895677325,1.4661023656918484,6.162607000000001,0.7462540000000004,,,,,,,,,,0.11672673902216137,0.106362476532884,0.015862025564648448,0.07804982655397916,0.14002036053100816
OADMET-0003596,fake,1,-8.736723,-31.854128,21.838068,-3.386968,4.539,1.62,-22.139751,0.0,0,80,-22.139751,-14.7313041,3.490118519606257,14.617516,0.028857999999999606,,,,,,,,,,0.539574029792899,0.5310795498526114,0.03226023136864967,0.46698311046442303,0.5882338246227057
OADMET-0003597,fake,1,-10.316295,-20.374063,20.336193,-1.432003,0.027,0.02,-11.786167,0.0,0,40,-11.786167,-10.1466242,0.785541477923715,4.4522390000000005,0.033177000000000234,,,,,,,,,,0.09414196028132187,0.08797679909895038,0.014854910276582237,0.06431380065968245,0.12021703977647545
OADMET-0003598,fake,1,-9.122763,-14.678893,4.326064,1.322319,0.021,0.02,-18.153271,0.0,0,40,-18.153271,-14.8570268,1.7415003023585975,5.008738000000001,0.02014000000000138,,,,,,,,,,0.04247791132636907,0.03450741227857038,0.008603475618981922,0.021925703155354397,0.05028638754988793
OADMET-0003600,fake,1,-10.305154,-21.770124,21.733433,-0.73132,0.994,0.6,-11.073167,0.0,0,80,-11.073167,-8.4265083,2.3980252866881604,9.472469,0.4147660000000002,,,,,,,,,,0.07236699969562792,0.06760385292604226,0.012739571135309104,0.048755994431256916,0.09592758997401497
OADMET-0003606,fake,1,0.227881,-33.695797,7.063326,-4.131404,7.555,2.88,-30.535992,0.0,0,8,-30.535992,-22.40535075,5.976156136706527,14.309527,0.4769210000000008,,,,,,,,,,0.8254177787710683,0.8527882051118048,0.015069606390797838,0.822090614275418,0.8780803846785552
OADMET-0003610,fake,1,-8.818027,-20.57122,16.966963,-2.005078,0.0,0.0,-14.427363,0.0,0,40,-14.427363,-12.044177625,1.0333649790412176,4.542793,0.02103900000000003,,,,,,,,,,0.15008707777610963,0.14041976169071904,0.017968459922713495,0.11049329215089582,0.18100793951634997
OADMET-0003613,fake,1,-8.819828,-27.432674,17.280964,-4.730831,7.089,1.95,-23.70237,0.0,0,80,-23.70237,-18.298536675,3.9555875811688406,14.353777,0.03410899999999728,,,,,,,,,,0.7275605980301826,0.7447370075620138,0.02645314723814613,0.6928035484876093,0.7947427673045955
OADMET-0003615,fake,1,-12.531648,-18.414598,8.225447,3.111544,2.333,1.91,-19.609257,0.0,0,80,-19.609257,-12.685974525,2.1448087466557153,10.785898999999999,0.03211199999999792,,,,,,,,,,0.020228348551466973,0.0184332851469083,0.005595712166859019,0.010169728486262795,0.03182719364747612
OADMET-0003621,fake,1,-0.457013,-20.227081,3.109625,-2.814459,0.062,0.06,-20.388927,0.0,0,80,-20.388927,-16.7392731375,1.2585359332602644,4.899703999999998,0.755946999999999,,,,,,,,,,0.3488448613565757,0.337209966151376,0.027746508382361788,0.2905258142109554,0.38716861805127895
OADMET-0003624,fake,1,-2.665387,-26.838572,8.409958,0.50865,2.538,2.18,-20.585352,0.0,0,80,-20.585352,-14.405297612499998,2.850037248310379,11.356770000000001,0.3404580000000017,,,,,,,,,,0.13156284465503204,0.1118230752709415,0.01625849570258515,0.08242619267908406,0.14242392723665065
OADMET-0003627,fake,1,6.184739,-19.264921,1.268503,-2.611362,0.329,0.3,-14.423041,0.0,0,80,-14.423041,-13.1168096,1.001816467351277,3.4672739999999997,0.013992000000000004,,,,,,,,,,0.2843125620371229,0.2775032600872823,0.02720936958697912,0.22419827590356098,0.3249122382045398
OADMET-0003628,fake,1,-22.016352,-23.180756,35.316936,-2.369832,5.5,3.09,-12.250001,0.0,0,40,-12.250001,-9.83614145,2.130004916414417,5.814537999999999,0.44225099999999884,,,,,,,,,,0.19164740359096566,0.1530224387011714,0.0322482479119016,0.09296874518525407,0.21564518535301544
OADMET-0003633,fake,1,-9.650466,-13.30119,19.509541,0.598579,0.842,0.84,-2.843537,0.0,0,40,-2.843537,-0.058071675000000045,1.0628107280740304,4.744437,0.40842599999999996,,,,,,,,,,0.02387963619667655,0.017319693677977047,0.005093645709746666,0.011147996531553125,0.029285224183816818
OADMET-0003639,fake,1,-1.331745,-24.678873,3.54354,-2.623713,1.427,1.15,-25.09079,0.0,0,40,-25.09079,-23.3646403,1.27289400083811,4.337997999999999,0.06145299999999665,,,,,,,,,,0.44838381060231086,0.4358974476995357,0.019905359173373487,0.4024693221423658,0.4785188168777638
OADMET-0003640,fake,1,-6.614032,-19.076153,35.494274,-5.76844,2.212,0.9,4.035649,0.0,1,40,4.035649,5.226888975,0.5664874916061521,2.2380699999999996,0.24343299999999957,,,,,,,,,,0.25737717493393797,0.2781529052663974,0.05723939856410054,0.1903297099433359,0.3953715434946091
OADMET-0001178,fake,1,-10.054511,-26.236414,8.269991,0.276469,3.158,1.3,-27.744465,0.0,0,58,-27.744465,-19.126706206896554,4.924990313467876,16.421048000000003,0.11263700000000298,,,,,,,,,,0.1764592132123778,0.1625988576153005,0.020984738528641144,0.13330251925095551,0.20927970678813337
OADMET-0001179,fake,1,-1.426465,-29.809669,6.109808,1.113418,4.661,2.73,-24.012909,0.0,0,80,-24.012909,-21.37860915,2.2437435775660086,8.424494000000001,0.30384499999999903,,,,,,,,,,0.15992922620568628,0.1407143438454289,0.022048996008458815,0.10710828887191103,0.1852797269907657
OADMET-0001182,fake,1,0.689143,-20.191872,9.616753,-3.005767,3.479,1.32,-12.891743,0.0,0,120,-12.891743,-7.367165741666667,2.254313402418235,11.55707,0.08667600000000064,,,,,,,,,,0.3378010836045884,0.32061132884407967,0.021741070175062764,0.28479643090036494,0.3613066254152868
OADMET-0001183,fake,1,-1.331046,-27.890453,6.024468,-0.411588,4.802,1.67,-23.608618,0.0,0,50,-23.608618,-20.052760499999998,4.4639502230513886,16.202337,0.024971000000000743,,,,,,,,,,0.25889922226077094,0.25587434695413414,0.02121778151566074,0.21926356220311283,0.3013956094215946
OADMET-0001184,fake,1,-1.256913,-23.793158,8.14645,-0.75892,7.34,2.27,-17.662542,0.0,0,6,-17.662542,-16.683986333333333,0.8665453550296529,2.083354999999999,0.32562999999999676,,,,,,,,,,0.24731604886032008,0.2398182030338276,0.026307208416451868,0.1895054552447527,0.2966148865784277
OADMET-0001185,fake,1,-4.850987,-29.910168,5.040298,-1.916358,3.757,2.73,-31.637215,0.0,1,46,-31.637215,-26.334305804347828,4.373092231168765,24.866469000000002,0.07847600000000199,,,,,,,,,,0.5036798332446879,0.5099214306960289,0.02622692797156082,0.46061580949252406,0.5542152050754141
OADMET-0001186,fake,1,-1.384592,-27.607561,7.040535,-4.816082,4.713,2.63,-26.7677,0.0,0,40,-26.7677,-26.080651975000002,1.0630373646467957,4.854845000000001,0.014911000000001451,,,,,,,,,,0.7819873331994774,0.7927077614988831,0.018233211320783017,0.7545697812626325,0.8220961815642577
OADMET-0001190,fake,1,5.892162,-25.18594,8.672511,-4.337648,8.015,1.65,-14.958915,0.0,0,56,-14.958915,-6.712449071428572,7.216719524037011,27.986739,0.2803159999999991,,,,,,,,,,0.6834385564928599,0.6994670049686317,0.042834033786063985,0.6206251725218296,0.7780988992135832
OADMET-0001191,fake,1,0.415995,-13.717232,6.214427,-0.606975,5.972,2.64,-7.693785,0.0,0,36,-7.693785,-5.9235055277777775,1.1539328885573021,4.636292,0.20800600000000014,,,,,,,,,,0.11209370680733843,0.0951119601196326,0.01741695071438657,0.06930532075245123,0.13464392058571084
OADMET-0001192,fake,1,5.198171,-25.37545,6.459257,-3.81843,3.541,1.65,-17.536451,0.0,0,10,-17.536451,-10.060637600000002,4.316864887283393,11.300398999999999,0.03659199999999885,,,,,,,,,,0.5571266951810538,0.5687385764355402,0.023479629764458994,0.5251684798658585,0.6136761634740957
OADMET-0001193,fake,1,5.426786,-25.828321,7.728242,-0.30179,7.205,2.73,-12.975083,0.0,0,120,-12.975083,-3.7688046833333337,4.543557717516659,20.101854,0.7723630000000004,,,,,,,,,,0.18528671176784706,0.19054530898362987,0.029875150708486085,0.14269744853329744,0.2515661180111044
OADMET-0001194,fake,1,-2.744965,-31.507809,9.703415,-2.574218,5.696,1.98,-27.123577,0.0,0,80,-27.123577,-16.775747787500002,6.556184637408435,28.792592,0.36548400000000214,,,,,,,,,,0.5937031086548783,0.5980137064536778,0.016043010812648514,0.5664822299895163,0.6306438403816921
OADMET-0001195,fake,1,-0.910173,-31.958141,4.208416,-1.910128,2.62,0.77,-30.570028,0.0,0,42,-30.570028,-28.876590309523813,2.7200407880228425,9.075546,0.054870000000001085,,,,,,,,,,0.5257563158628044,0.5238219977819608,0.022590028089345123,0.479760576473379,0.5735567275664345
OADMET-0001197,fake,1,4.477797,-23.479427,9.427952,1.491635,3.363,1.27,-8.082045,0.0,0,80,-8.082045,-2.146271325,4.210417489953969,16.924324,0.011355000000000004,,,,,,,,,,0.04951963137977969,0.04238075604726755,0.011020345520418858,0.02736314515379232,0.0632299228756528
OADMET-0001198,fake,1,-2.532292,-27.696081,5.473872,0.115801,7.057,1.59,-24.6387,0.0,0,80,-24.6387,-20.783792374999997,2.700263144382636,8.679094,0.26317900000000094,,,,,,,,,,0.25079275085837427,0.2571219261724742,0.03255344886999786,0.2064167432186658,0.3298280037375202
OADMET-0001199,fake,1,-0.148703,-17.748194,9.035476,-0.898656,4.61,2.0,-9.760077,0.0,0,12,-9.760077,-8.79520325,0.7956369317992549,2.7140640000000005,0.01842100000000002,,,,,,,,,,0.1290311619019681,0.11700203002979617,0.016163635849842272,0.09297067743865686,0.15126859602373682
OADMET-0001201,fake,1,0.887146,-12.216373,8.319666,-3.171637,2.701,1.79,-6.181199,0.0,0,8,-6.181199,3.7325339999999994,6.388623803701098,16.54494,0.5158820000000004,,,,,,,,,,0.2220011634716569,0.19623330230054126,0.02745777986744269,0.15079496618016192,0.2557362919434056
OADMET-0001204,fake,1,2.102257,-24.586258,7.253323,-5.45181,0.566,0.35,-20.682487,0.0,1,2,-20.682487,-20.528976,0.21709733817345614,0.3070219999999999,0.3070219999999999,,,,,,,,,,0.6945323220432007,0.7146631126295834,0.03050340106381617,0.6621729412900988,0.7682787353570527
OADMET-0001210,fake,1,-1.403531,-30.881445,2.566279,-1.791039,1.955,0.84,-31.509739,0.0,0,136,-31.509739,-22.91572201470588,4.722339078683027,21.424207,0.0686700000000009,,,,,,,,,,0.5036396509819515,0.49646780516934,0.023385863204863484,0.4548197552340791,0.5421316424088505
OADMET-0001215,fake,1,-8.505646,-21.243486,22.098742,-2.208635,3.744,1.41,-9.859026,0.0,0,120,-9.859026,-3.282526375,2.5137164657854227,12.171642,1.7008600000000005,,,,,,,,,,0.15989933062079972,0.16015964224354706,0.020540690954866256,0.12694982478288627,0.2054032848491526
OADMET-0001216,fake,1,-3.794633,-32.52177,7.088543,-0.333452,0.693,0.56,-29.561312,0.0,0,120,-29.561312,-25.035901566666666,2.663493822137129,13.215163,0.05341400000000007,,,,,,,,,,0.2376985293243644,0.2562808770361504,0.027494018017809076,0.2038444343955051,0.3107254194630489
OADMET-0001218,fake,1,-3.705085,-25.074291,3.404542,-3.035688,2.679,1.77,-28.410522,0.0,0,80,-28.410522,-25.115737775000003,1.8847664482486812,6.947769000000001,0.06684999999999874,,,,,,,,,,0.5468188488568674,0.5557569460380434,0.02384591601263128,0.5097200701864214,0.60256877193191
OADMET-0001219,fake,1,-2.487994,-22.803747,6.701517,-1.180988,3.943,1.36,-19.771212,0.0,0,80,-19.771212,-15.855438487499999,2.555866980798002,10.411237999999999,0.18500599999999778,,,,,,,,,,0.24913594665728347,0.23250060761399852,0.01640836966887185,0.20380242516684602,0.26643759386591315
OADMET-0001220,fake,1,1.585535,-6.103331,8.003962,-0.098645,3.981,1.04,3.38752,0.0,0,6,3.38752,4.380324,0.7056731995010156,1.821227,0.5063940000000002,,,,,,,,,,0.027043601082905457,0.028204628832142073,0.00846085771382184,0.017333905216837392,0.04880642507005991
OADMET-0001223,fake,1,-1.884136,-35.754559,7.370152,0.915257,4.781,1.59,-29.353287,0.0,0,80,-29.353287,-24.1873112,2.8254860320138646,12.388161,0.4275630000000028,,,,,,,,,,0.22709842480992304,0.23874889838847654,0.034990026534636225,0.18239000465470634,0.29896181733148824
OADMET-0001224,fake,1,-0.977162,-34.968647,4.673379,-2.371597,3.243,1.08,-33.644028,0.0,0,86,-33.644028,-24.97480389534883,3.2108185983300563,13.717997,0.09260199999999941,,,,,,,,,,0.6326082086293128,0.6622335126766491,0.022622603765591925,0.619314232778854,0.709003186758289
OADMET-0001225,fake,1,-7.806205,-26.110464,6.0526,-1.346525,4.359,2.23,-29.210592,0.0,0,80,-29.210592,-24.8705633625,1.3245804536457615,6.944260999999997,0.8659549999999996,,,,,,,,,,0.38175436224086406,0.3680315907045129,0.02341456787312048,0.33260960326389877,0.4182163371766857
OADMET-0001226,fake,1,-6.211783,-30.653366,8.58575,-1.056508,1.069,0.55,-29.335907,0.0,0,66,-29.335907,-20.008030393939393,3.650420665342447,17.396766999999997,0.35702500000000015,,,,,,,,,,0.2941915757686204,0.30778941900007173,0.025385842887640245,0.2607263058951986,0.3531066822146884
OADMET-0001227,fake,1,-0.846595,-33.026604,9.47156,-1.609185,3.606,2.41,-26.010822,0.0,0,2,-26.010822,-25.9599495,0.07194457945182604,0.10174500000000108,0.10174500000000108,,,,,,,,,,0.43024008318560786,0.42446692954097365,0.02497291819642208,0.3778313390101711,0.47727392830043847
OADMET-0003481,fake,1,-2.497389,-32.531921,4.633794,-3.597153,5.518,1.7,-33.992672,0.0,1,70,-33.992672,-29.621448657142857,2.119390801950764,13.548979,0.35837899999999934,,,,,,,,,,0.78477185782959,0.8067522799804729,0.016608361934019506,0.7791320738197145,0.8389354627770502
OADMET-0003482,fake,1,1.472003,-24.36211,8.565502,-1.940797,4.107,1.56,-16.265402,0.0,1,8,-16.265402,-6.847395125,5.844904105593557,14.309240000000003,0.5090910000000015,,,,,,,,,,0.2914898657737703,0.2960021297887921,0.018064608741177466,0.2630823698959769,0.3306016246001087
OADMET-0003483,fake,1,-1.054451,-31.177181,6.664234,-5.001313,1.196,0.62,-30.56871,0.0,1,40,-30.56871,-29.389841224999998,1.0424621087275012,4.141483000000001,0.07039400000000029,,,,,,,,,,0.8019658470295238,0.8160466166124261,0.021146502297836857,0.7705898578366319,0.849223856733048
OADMET-0003484,fake,1,0.384895,-33.468437,4.293406,-4.669937,3.321,1.21,-33.460072,0.0,1,8,-33.460072,-29.319577250000002,3.064853688421672,7.549892999999997,0.6930969999999945,,,,,,,,,,0.8466154853363604,0.8632112008326099,0.01569153631647089,0.8330144941810408,0.8881347530608812
OADMET-0003485,fake,1,0.016387,-25.386736,11.50198,-1.640553,2.189,1.43,-15.508921,0.0,1,10,-15.508921,-13.2220666,1.5872587430146632,4.639674000000001,0.077376000000001,,,,,,,,,,0.2336654537739565,0.21374576233089265,0.016858680319470607,0.18384231321113503,0.24411819685905642
OADMET-0003488,fake,1,-2.854516,-30.286041,6.684107,-2.801699,4.959,1.78,-29.258148,0.0,1,46,-29.258148,-22.908908826086957,4.485157470890256,18.708427999999998,0.014140999999998627,,,,,,,,,,0.6192241383102646,0.6368603212167596,0.012798816893667,0.6170515186510829,0.6675291996970099
OADMET-0003490,fake,1,-0.317283,-33.226707,5.981165,-2.973686,3.761,1.84,-30.536512,0.0,1,34,-30.536512,-23.174743529411767,3.184368627543588,13.477948999999999,0.8091919999999995,,,,,,,,,,0.6637989146500701,0.6842154570239264,0.014798222017412743,0.6566819320942879,0.7120559444629179
OADMET-0003492,fake,1,-9.767792,-26.680285,23.168617,-1.124066,5.39,2.34,-14.403523,0.0,1,40,-14.403523,-9.6608701,5.593162117587198,26.759707,0.036749999999999616,,,,,,,,,,0.17564804716717283,0.16008353186963675,0.023172605500973126,0.11629487746522457,0.2054301225373393
OADMET-0003493,fake,1,1.983284,-33.036461,6.335448,-1.425771,7.966,3.02,-26.143499,0.0,1,8,-26.143499,-23.131627375,2.41385071855957,5.820387999999998,0.6556559999999969,,,,,,,,,,0.5267144680745167,0.5406449193339631,0.03316154518759783,0.47639306549509197,0.6058154505060395
OADMET-0003500,fake,1,-2.990554,-32.102325,4.426929,-4.098449,1.301,0.52,-34.7644,0.0,1,80,-34.7644,-31.399573975,1.81176793716409,9.455535000000001,0.008037000000001626,,,,,,,,,,0.7604292566455596,0.7852482839955734,0.02338334710050413,0.7482792203508699,0.8266946162541214
OADMET-0003501,fake,1,-1.757773,-33.041149,5.669663,-1.657836,3.624,1.67,-30.787098,0.0,1,120,-30.787098,-24.205703733333333,5.130049757260702,28.24165,0.6813980000000015,,,,,,,,,,0.5167276270984108,0.5136394347108193,0.019950190317134565,0.4816355477064522,0.5496006997436665
OADMET-0003502,fake,1,0.026839,-39.244781,7.264169,-5.072997,6.103,2.11,-37.026772,0.0,1,2,-37.026772,-36.233248,1.12221240286855,1.587048000000003,1.587048000000003,,,,,,,,,,0.9273738327533035,0.9355044654835575,0.01062155815819683,0.9146099721873898,0.950968163335913
OADMET-0003503,fake,1,-0.810577,-32.099083,7.7804,-4.174503,2.152,1.79,-29.303764,0.0,1,30,-29.303764,-27.504845033333332,2.017396998727055,6.386398,0.08197799999999944,,,,,,,,,,0.7433899839887257,0.7461157165336733,0.01944231395242051,0.7048615077199865,0.778511028309311
OADMET-0003504,fake,1,2.378803,-29.416851,5.876012,-3.994978,6.888,3.28,-25.157015,0.0,1,12,-25.157015,-20.699700083333333,7.305680368042061,20.632023,0.5973190000000024,,,,,,,,,,0.7685347321532023,0.7690459332771321,0.01879735644160696,0.72924993054322,0.8036627309583795
OADMET-0003505,fake,1,0.137852,-31.175259,6.774084,-4.549991,8.487,2.97,-28.813313,0.0,1,2,-28.813313,-28.801282999999998,0.01701298915534988,0.02406000000000219,0.02406000000000219,,,,,,,,,,0.8391788569571766,0.8673178012090166,0.016034186597128776,0.8347668688658814,0.897470206201019
OADMET-0003506,fake,1,-2.966923,-27.281033,3.36484,-2.944052,5.425,1.8,-29.827168,0.0,1,30,-29.827168,-26.399388233333337,2.2221233149485293,7.035641000000002,0.24343299999999957,,,,,,,,,,0.6543882300536362,0.6569180483274806,0.019626815748681286,0.6184121764463538,0.6925401227783068
OADMET-0003508,fake,1,-0.504589,-31.910347,6.128103,-2.944775,2.307,0.92,-29.231607,0.0,1,56,-29.231607,-20.678921142857146,4.554215342877236,18.01992,0.6385380000000005,,,,,,,,,,0.5983567221970731,0.6228142106045412,0.01782067015272005,0.5911185604701235,0.6583872013651195
OADMET-0003509,fake,1,-4.135397,-28.674601,9.946181,-2.493281,1.227,1.15,-25.357096,0.0,0,102,-25.357096,-16.068693852941177,6.655571980077941,30.510312,0.14084499999999878,,,,,,,,,,0.4286678558561001,0.416027344737886,0.017978096890885625,0.3849911789248002,0.4527593911518486
OADMET-0003510,fake,1,0.082191,-35.18219,4.881055,-3.830074,4.924,2.73,-34.049015,0.0,1,6,-34.049015,-27.521081,6.330782444359906,14.353570999999999,0.041007999999997935,,,,,,,,,,0.8137891477903773,0.8333066150350896,0.01578969267199905,0.8019962138237466,0.8570102522940268
OADMET-0003511,fake,1,-0.698463,-26.143772,6.315023,-2.550389,5.936,2.61,-23.0776,0.0,1,42,-23.0776,-19.57153242857143,1.6155897634239185,8.001593,1.214143,,,,,,,,,,0.5077626345591475,0.5131907643253929,0.01470681301536389,0.48509531476102685,0.5403729080242935
OADMET-0003512,fake,1,-10.664825,-25.561201,23.017988,-2.703797,4.546,2.49,-15.911837,0.0,1,80,-15.911837,-12.936179687499997,1.8317806334540943,7.237511,0.03263000000000105,,,,,,,,,,0.2884714449196498,0.28713183776829154,0.027977310758804243,0.2302852754470814,0.33911082730108116
OADMET-0003514,fake,1,-0.960967,0.45517,4.245528,-2.715211,6.137,2.75,1.02452,0.0,1,8,1.02452,3.5098899999999995,1.1227898760200605,3.5534429999999997,1.8858149999999998,,,,,,,,,,0.12935743062797847,0.10586313983148467,0.029945488114055372,0.057637389588236505,0.1684238333260054
OADMET-0003516,fake,1,-3.676203,-33.34486,7.357894,-2.369557,1.769,1.33,-32.032726,0.0,1,36,-32.032726,-24.54144447222222,5.124213551369762,20.599490999999997,0.21345099999999562,,,,,,,,,,0.5399703391012664,0.5630998343576892,0.02367324589773442,0.5243745843297589,0.606663266679799
OADMET-0003519,fake,1,-10.373204,-27.720335,21.042423,-2.039989,1.04,0.91,-19.091106,0.0,1,80,-19.091106,-13.606926699999999,4.260475011694093,10.532378,0.8775459999999988,,,,,,,,,,0.24494754119827755,0.21779823935855383,0.024663045369522445,0.17504583908748703,0.2657704192251098
OADMET-0003522,fake,1,-2.885545,-29.921085,6.744153,-2.925809,2.676,1.57,-28.988283,0.0,0,58,-28.988283,-26.15974370689655,3.1657633573532395,10.25535,0.1660749999999993,,,,,,,,,,0.5725256674965981,0.5887042735814036,0.014059836923659565,0.5640014654180371,0.6163227344034082
OADMET-0003524,fake,1,-9.776917,-28.38752,23.111061,-3.536223,0.838,0.37,-18.589598,0.0,1,78,-18.589598,-12.84240105128205,3.964247600726035,17.569457999999997,0.38036599999999865,,,,,,,,,,0.3747394199538944,0.37188630553185226,0.03546368329576625,0.3096696462698499,0.4424568455953796
OADMET-0003525,fake,1,-1.001832,-30.458706,5.289351,-2.199048,6.461,2.64,-28.370237,0.0,1,80,-28.370237,-26.578013825,1.0874124447262703,3.9480129999999996,0.046143999999998186,,,,,,,,,,0.5801824080394576,0.5980229957011428,0.016754612085875312,0.5623888714597498,0.6274462881185072
OADMET-0003526,fake,1,4.22583,-28.198515,8.126799,-2.753466,2.912,1.07,-18.599352,0.0,1,18,-18.599352,-14.738278111111113,5.195472402555222,14.333188,0.18887699999999796,,,,,,,,,,0.448052577484861,0.4482522661320047,0.022608539886395992,0.40446414113954987,0.4971260403132623
OADMET-0003527,fake,1,-0.25931,-29.464178,4.564602,-3.083098,3.146,2.33,-28.241983,0.0,1,16,-28.241983,-23.9042614375,3.1887920513473227,12.076496000000002,0.13283300000000153,,,,,,,,,,0.6041219272464864,0.6219623767696604,0.017718062543179064,0.5841455080490427,0.6592525521040357
OADMET-0003528,fake,1,-2.256336,-28.757517,4.054188,-4.130489,1.862,0.98,-31.090155,0.0,0,54,-31.090155,-28.87779533333333,2.5905029605998315,8.544280999999998,0.01990499999999784,,,,,,,,,,0.7292571794131383,0.7403372278666971,0.02209484348959646,0.7065361493948547,0.7785330053999445
OADMET-0003529,fake,1,-1.734794,-25.04427,5.562662,-2.500454,4.867,1.92,-23.716856,0.0,1,42,-23.716856,-11.835597404761907,7.6932584543111675,27.570288,0.09523799999999838,,,,,,,,,,0.48640167333628126,0.4792545061020501,0.013074186993053044,0.4527213479551336,0.501416029702071
OADMET-0003530,fake,1,-0.366741,-26.738825,3.185543,-2.26509,1.608,0.87,-26.185112,0.0,1,40,-26.185112,-19.1370737,5.276314498043459,20.468640999999998,0.01642800000000122,,,,,,,,,,0.44839783872412514,0.437831509242849,0.01761642088910954,0.3997002377300704,0.47247854068188505
OADMET-0003531,fake,1,-1.503573,-30.833735,4.49272,-4.264977,3.877,2.36,-32.109566,0.0,1,86,-32.109566,-28.08656240697675,4.98725089682352,26.021440000000002,0.14466900000000038,,,,,,,,,,0.7920652878447552,0.8074588958289586,0.017240702280051545,0.7777833846997422,0.8364536255966889
OADMET-0003532,fake,1,-2.465196,-27.507351,5.663645,-3.177918,2.575,0.98,-27.48682,0.0,1,80,-27.48682,-23.022274212499998,4.422287390385032,15.756308000000002,0.5140820000000019,,,,,,,,,,0.5809450501248535,0.5858959159462818,0.016525126452154402,0.5543199211032391,0.6170122710481074
OADMET-0002209,fake,1,-8.57121,-15.922016,18.600262,-2.653759,1.453,1.23,-8.546722,0.0,0,40,-8.546722,-5.05435585,1.7460786387583414,7.073270000000001,0.1293520000000008,,,,,,,,,,0.15423948396075446,0.13177931702529963,0.01867225431650003,0.10235567958636883,0.16665048573793068
OADMET-0002210,fake,1,-8.685654,-18.188097,15.120908,-3.234852,3.082,1.59,-14.987695,0.0,0,40,-14.987695,-13.607730499999997,1.1306700963428498,5.4884070000000005,0.0030760000000000787,,,,,,,,,,0.2870996147196575,0.28299365214760835,0.024497612112242207,0.23011215355584086,0.3290392595443316
OADMET-0002211,fake,1,-17.319347,-8.4776,22.632301,-1.592222,0.928,0.92,-4.756868,0.0,0,40,-4.756868,-0.626045325,1.6589691123759682,6.957459999999999,0.5196369999999995,,,,,,,,,,0.04334399600690836,0.039303082252634326,0.010123021312549859,0.023540815198879107,0.059999342419758364
OADMET-0002212,fake,1,-10.803834,-13.509721,19.009071,-1.285794,1.87,1.87,-6.590278,0.0,0,40,-6.590278,-2.9499190749999995,1.5124851334871563,6.481618999999999,0.08425999999999956,,,,,,,,,,0.06886855866300824,0.056394527523671155,0.01131192279902465,0.037825640843636876,0.07745950041673254
OADMET-0002213,fake,1,-9.863009,-25.023865,19.944248,-4.225283,4.306,2.11,-19.16791,0.0,0,52,-19.16791,-9.206205750000002,3.717401705154914,19.010112,0.08398700000000048,,,,,,,,,,0.5155726490377439,0.5243952152282099,0.02869972837476801,0.47154056582321996,0.5791459081232536
OADMET-0002214,fake,1,-22.020552,-19.868874,29.595747,-3.456937,2.657,1.52,-15.750617,0.0,0,40,-15.750617,-15.446911225,0.18097497098989754,0.8194049999999997,0.11490299999999998,,,,,,,,,,0.2650716076449588,0.22296596841352068,0.03747680555067797,0.1438618780581911,0.2981549527495467
OADMET-0002215,fake,1,-8.906034,-19.533436,16.95425,-3.093314,2.406,2.4,-14.578534,0.0,0,40,-14.578534,-14.10732055,0.36668377826425774,1.3756880000000002,0.028984999999998706,,,,,,,,,,0.26057142766925984,0.24902518936375603,0.027094326115203536,0.1907085201358846,0.2989755590804186
OADMET-0002216,fake,1,-20.04409,-21.676086,27.752293,-3.561583,5.069,2.93,-17.529467,0.0,0,80,-17.529467,-9.5822894125,2.484319326132897,11.433417,0.005815999999999377,,,,,,,,,,0.3279856363505511,0.32105879632127277,0.04360334524275306,0.23636241637860475,0.3922770877814973
OADMET-0002217,fake,1,-9.804789,-18.267759,20.108137,-2.493149,2.676,1.87,-10.45756,0.0,0,40,-10.45756,-8.7016295,0.9518588362007178,2.882130000000001,0.014408000000001309,,,,,,,,,,0.17691924953274754,0.1523662855117209,0.01974325175045376,0.11556812846174347,0.190897038567074
OADMET-0002218,fake,1,-18.55645,-27.460398,35.759548,-4.155794,4.529,1.87,-14.413092,0.0,0,80,-14.413092,-5.013308912499999,3.3533743571750145,14.702257000000001,0.4169010000000011,,,,,,,,,,0.3645441437507346,0.37620543267406753,0.053766575283421984,0.2635541682845495,0.48257510061970493
OADMET-0002219,fake,1,-9.606375,-15.4214,21.64945,-2.856426,0.037,0.03,-6.234751,0.0,0,40,-6.234751,-5.45914365,0.2413786173433602,1.426977,0.03107900000000008,,,,,,,,,,0.11394667244521194,0.10918925870307271,0.01906445789400724,0.08219138404633687,0.15229680120979963
OADMET-0002220,fake,1,-18.432425,-16.924765,25.67042,-1.7159,3.623,1.98,-11.40267,0.0,0,40,-11.40267,-10.180185425000001,0.770985174987667,3.2225150000000014,0.2175400000000014,,,,,,,,,,0.11185949572557768,0.09261894898195137,0.017519818708957132,0.06112941630503,0.12731039570963415
OADMET-0002221,fake,1,-11.095499,-13.619936,21.593618,-0.668446,0.025,0.02,-3.790263,0.0,0,40,-3.790263,-2.783984775,0.4221389660655562,2.168178,0.08755599999999975,,,,,,,,,,0.042423788540524116,0.030824144432979837,0.00797416019632081,0.020948564530056377,0.04798907220943369
OADMET-0002222,fake,1,-8.469383,-20.593647,18.059282,-2.295952,3.511,1.87,-13.2997,0.0,0,40,-13.2997,-12.870061950000002,0.3821931102730694,1.3050909999999991,0.0013570000000004967,,,,,,,,,,0.19806426942479705,0.19374096392668602,0.018780891943655686,0.16019381092801474,0.22868906196886982
OADMET-0002224,fake,1,-7.349675,-16.720274,15.432699,-3.22763,3.311,1.5,-11.864882,0.0,0,40,-11.864882,-10.373074375,1.1348127009834568,6.333829,0.3184679999999993,,,,,,,,,,0.2645253241870054,0.24753821705332055,0.024295086338800204,0.2025690994632896,0.2952034145312539
OADMET-0002225,fake,1,-8.334577,-17.751076,15.887311,-3.23144,0.025,0.02,-13.429781,0.0,0,40,-13.429781,-12.664063774999999,0.7863882756421019,4.725317,0.07887799999999956,,,,,,,,,,0.23080582124376434,0.21259646961817225,0.02516220936123236,0.17212787509935212,0.2665392342171023
OADMET-0002226,fake,1,-9.389681,-20.922949,19.481302,-2.28318,3.087,1.87,-13.114508,0.0,0,52,-13.114508,-7.729511538461538,4.604920137327241,17.542333,0.38900500000000093,,,,,,,,,,0.1995958274401651,0.18001779553596176,0.01934560870935855,0.1444846663949489,0.21744517295408694
OADMET-0002227,fake,1,-17.652512,-23.209366,25.814688,-3.307392,3.41,2.57,-18.354582,0.0,0,60,-18.354582,-7.470713733333334,4.460401076602029,19.709231,1.7013649999999991,,,,,,,,,,0.3145788191590684,0.297098826287392,0.0386723782821974,0.2201941519891957,0.35950631823217444
OADMET-0002228,fake,1,-10.716902,-18.868671,18.785755,-2.248995,1.872,1.87,-13.048813,0.0,0,40,-13.048813,-11.6597237,0.710501816862478,3.334467,0.6374510000000004,,,,,,,,,,0.15818980780631728,0.1467661554637216,0.019384330519717004,0.11056567488372106,0.18486175477309474
OADMET-0002229,fake,1,-12.862651,-15.545979,22.443237,-2.943689,1.87,1.87,-8.909081,0.0,0,40,-8.909081,-4.67731655,1.372218716127447,6.34524,0.11630500000000055,,,,,,,,,,0.1580077593832345,0.13552120461871386,0.022412008811058714,0.09130982687401902,0.17915684160295933
OADMET-0002230,fake,1,-9.245274,-14.254442,16.774506,-1.554746,2.782,1.5,-8.279956,0.0,0,40,-8.279956,-5.136462974999999,1.4004747796820958,6.423285,0.6014210000000002,,,,,,,,,,0.08867266159025144,0.0842904833715063,0.013808462691407047,0.061947791293485426,0.11137262193900697
OADMET-0002231,fake,1,-10.329724,-22.840195,19.511248,-4.555211,3.37,1.5,-18.213882,0.0,0,80,-18.213882,-12.0314486875,1.9738733596331242,12.781476000000001,0.011138000000002535,,,,,,,,,,0.5395093418916762,0.5122049233054623,0.03234111862493427,0.4463621285896766,0.574336694414117
OADMET-0002232,fake,1,-20.520706,-17.402937,32.518944,-1.966374,0.082,0.04,-7.371075,0.0,0,40,-7.371075,-5.597798225,1.3393611103024032,6.562396000000001,0.004095000000000404,,,,,,,,,,0.06303888275322252,0.057500042272985386,0.014946668368141689,0.03358854127776191,0.09239077936243452
OADMET-0002233,fake,1,-11.622609,-9.797905,19.690022,-1.325463,5.322,3.54,-3.055955,0.0,0,40,-3.055955,-0.9382819250000001,0.874036302832583,3.298617,0.5352399999999999,,,,,,,,,,0.0740697544672076,0.055222688541007904,0.013461181153417484,0.032169675283183256,0.0849410573455584
OADMET-0002234,fake,1,-8.909402,-22.847483,21.450388,-4.111488,2.786,1.48,-14.417986,0.0,0,40,-14.417986,-11.365981425,2.8239700964404606,8.842200000000002,0.06471700000000169,,,,,,,,,,0.3776138949155133,0.3880602939261456,0.030847924880735015,0.33260128365958774,0.44804092259748424
OADMET-0002235,fake,1,-20.620918,-23.061333,27.494356,-1.140883,2.084,1.56,-17.328777,0.0,0,80,-17.328777,-9.04870105,5.000978826575972,20.60214,0.9783419999999978,,,,,,,,,,0.1074190823245905,0.09634436948755166,0.019174675976102673,0.06269528945960971,0.13608501790231947
OADMET-0002236,fake,1,-9.032622,-22.68478,21.650373,-3.414109,1.111,1.08,-13.481138,0.0,0,80,-13.481138,-8.73119355,2.0021772880482955,8.242556,0.0011440000000000339,,,,,,,,,,0.2552890006280227,0.25964378648231806,0.02717810686519389,0.2128330147334233,0.3191437921087656
OADMET-0002237,fake,1,-9.358068,-22.660055,20.636103,-4.442391,3.112,1.15,-15.824412,0.0,0,80,-15.824412,-10.89783305,2.0312146019407797,10.497815000000001,0.22172700000000134,,,,,,,,,,0.48685931353665574,0.4592929212724936,0.03283728010958615,0.39261760903914456,0.5209993176325103
OADMET-0002238,fake,1,-19.629122,-15.264632,22.905939,-1.893853,2.413,2.41,-13.881666,0.0,0,40,-13.881666,-6.6341903250000005,2.737347145013612,10.710051,0.680083999999999,,,,,,,,,,0.11811948318519357,0.09659102595900439,0.019839297886957437,0.058064811554596,0.13347909988257478
OADMET-0002239,fake,1,-8.389394,-16.625992,16.049801,-1.610549,0.831,0.8,-10.576133,0.0,0,40,-10.576133,-8.168491025,1.553569264020106,3.950165,0.0069350000000003575,,,,,,,,,,0.11294378479429397,0.09156966950962069,0.013728424652312898,0.070053793905309,0.11905380296053374
OADMET-0002240,fake,1,-14.944563,-21.924723,26.230021,-2.210406,3.258,2.33,-12.84967,0.0,0,80,-12.84967,-8.142049674999999,1.9659701381528223,9.310556,0.417921999999999,,,,,,,,,,0.15709639545914444,0.14883122232344598,0.02347564909764403,0.10430865191317856,0.19304336110863093
OADMET-0002241,fake,1,-10.081467,-16.399908,22.914942,-2.19622,0.003,0.0,-5.762652,0.0,0,40,-5.762652,-5.250147825,0.32209636554241844,1.1449410000000002,0.0269269999999997,,,,,,,,,,0.10056716570398459,0.07880047484580995,0.015309258269305848,0.057453373821864995,0.11534082312809675
OADMET-0002242,fake,1,-21.76375,-10.902945,26.308371,-0.213372,2.555,1.78,-6.571696,0.0,0,40,-6.571696,-3.4879301499999995,1.1518596181454055,4.3682739999999995,0.06931900000000013,,,,,,,,,,0.028488199630800088,0.023738365023982667,0.00695634788655832,0.0131345387646808,0.03900688986099428
OADMET-0002243,fake,1,-8.635047,-17.718575,17.586645,-2.987751,0.037,0.03,-11.754728,0.0,0,40,-11.754728,-10.7589632,0.7228328583892613,2.3858800000000002,0.09652600000000078,,,,,,,,,,0.18106472322429215,0.17350200057298434,0.022422038930907016,0.1390021594270154,0.22590268814982625
OADMET-0002244,fake,1,-19.671936,-23.712624,29.344133,-2.852382,0.639,0.3,-16.892807,0.0,0,40,-16.892807,-10.616631950000002,4.397184483060035,10.809063000000002,0.2689210000000024,,,,,,,,,,0.2235834696140818,0.18677347231403182,0.032338612786529476,0.12529409255053983,0.2559716981992962
OADMET-0002245,fake,1,-9.000334,-18.857149,17.301067,-2.222727,0.575,0.51,-12.779142,0.0,0,40,-12.779142,-9.705877175000001,2.128076460785039,6.922488,0.014672000000000907,,,,,,,,,,0.14557823200840078,0.1391760956432305,0.01754787027570632,0.11298923524331585,0.1795540320086604
OADMET-0002246,fake,1,-10.346901,-14.771957,23.762159,-1.892688,0.004,0.0,-3.249387,0.0,0,40,-3.249387,-2.63276885,0.5086792851175684,2.196105,0.14174599999999993,,,,,,,,,,0.06579517780285758,0.05579511295657467,0.012528616597585567,0.03911470122857875,0.08449063830184081
OADMET-0002247,fake,1,-9.51225,-18.625435,16.336838,-2.747598,0.071,0.04,-14.548445,0.0,0,40,-14.548445,-13.014669875,0.6128753177956234,3.5520169999999993,0.1431299999999993,,,,,,,,,,0.19931940277980575,0.1834300078902836,0.02224001209917539,0.14857503734149263,0.23636645980000645
OADMET-0002248,fake,1,-7.752933,-15.14033,17.200005,-3.05787,1.565,0.86,-8.751129,0.0,0,40,-8.751129,-6.23937845,1.1086122435862695,5.563871000000001,0.9517450000000007,,,,,,,,,,0.16903951592198216,0.16372154993102941,0.02155047541543123,0.12703030975605986,0.20449288550727893
OADMET-0002249,fake,1,-20.843763,-21.408146,37.261841,-2.855137,1.519,1.5,-7.845203,0.0,0,40,-7.845203,-7.150292824999999,0.4472669352635465,1.456277,0.014852999999999561,,,,,,,,,,0.11419773429302645,0.10537617070080907,0.025749798421927143,0.06310231208684046,0.16081380081019453
OADMET-0002251,fake,1,-9.562858,-12.895199,17.842049,-2.48564,0.025,0.02,-7.101648,0.0,0,40,-7.101648,-6.21150875,0.2902853444521972,1.615336,0.34532399999999974,,,,,,,,,,0.09957721854517394,0.0928314452658629,0.016691917152093703,0.06620281680836447,0.12694893038760563
OADMET-0002252,fake,1,-19.683632,-26.197853,29.978151,-4.163807,5.828,2.07,-20.067141,0.0,0,80,-20.067141,-10.182562387499999,3.208214654375981,20.813422,0.1717089999999999,,,,,,,,,,0.47728571159548266,0.4891492678253899,0.048889890891391986,0.37995799853837714,0.564995436160571
OADMET-0002253,fake,1,-9.018612,-24.473343,19.77309,-4.106492,1.887,1.87,-17.825356,0.0,0,80,-17.825356,-11.9525638875,4.647281376887095,11.167418999999999,0.04584600000000094,,,,,,,,,,0.4483291324686058,0.4281428990093673,0.033001433427889484,0.36217830931369155,0.49204629575740116
OADMET-0002256,fake,1,-10.206598,-16.661697,13.652746,-2.782895,0.058,0.05,-15.998445,0.0,0,40,-15.998445,-13.555758225,1.4935469888796644,5.966443,0.1644400000000008,,,,,,,,,,0.2252030478670284,0.19108009311965532,0.024767394609422674,0.14938331330891447,0.24230565904843346
OADMET-0002257,fake,1,-9.222887,-17.336733,17.81262,-2.013953,6.232,2.09,-10.760953,0.0,0,40,-10.760953,-8.934761425,0.9147729325343149,4.207253000000001,0.28343500000000077,,,,,,,,,,0.2073747779949805,0.1730916286892652,0.022498499566803692,0.13217708138095174,0.21467146684790367
OADMET-0002258,fake,1,-8.700678,-13.558747,16.575212,-2.416477,0.025,0.02,-8.100691,0.0,0,40,-8.100691,-5.515535,0.8460477514476901,3.6531279999999997,0.02767699999999884,,,,,,,,,,0.11469553753969226,0.09984689592689731,0.01688673409829294,0.07203895435511995,0.13441423417158685
OADMET-0006558,fake,1,-2.342793,-29.408543,6.11712,-2.08579,3.962,2.26,-27.720005,0.0,1,100,-27.720005,-21.985097300000003,3.23169550137342,14.12363,0.012586999999999904,,,,,,,,,,0.4953019646432777,0.49093931171710437,0.01316364331031166,0.4662965876686551,0.5133205260918131
OADMET-0006560,fake,1,-12.16051,-27.871809,20.086224,-2.066306,3.86,1.83,-22.012402,0.0,0,120,-22.012402,-14.636426216666667,3.7080479966021107,21.563735,1.1468260000000008,,,,,,,,,,0.31622810650965705,0.2990337349328709,0.024720681179050366,0.2503228956654297,0.34186178177172394
OADMET-0006563,fake,1,2.27422,-29.869064,6.426378,-1.522824,3.412,1.06,-22.69129,0.0,0,40,-22.69129,-20.10202705,1.9324325723289268,6.412849999999999,0.07291000000000025,,,,,,,,,,0.37361891502852423,0.3728927199094157,0.022428857604258827,0.3322213846892359,0.41591532809005605
OADMET-0006566,fake,1,-2.023288,-30.057804,5.291706,-3.31146,0.433,0.35,-30.100845,0.0,0,80,-30.100845,-26.0401341375,2.263676156627923,8.279347999999999,0.290222,,,,,,,,,,0.614780597612922,0.614928856348996,0.025513444968491783,0.5714202319730095,0.6607871792145774
OADMET-0006568,fake,1,-4.644966,-33.706444,7.299885,-2.067724,4.755,1.87,-33.119247,0.0,1,18,-33.119247,-21.19332988888889,12.403893329447204,45.976348,4.687477000000001,,,,,,,,,,0.607470000017639,0.6111576075083809,0.019802529861916898,0.5797115941239812,0.6487206331012727
OADMET-0006569,fake,1,-22.723255,-26.588036,34.66024,-3.015931,4.459,2.1,-17.666981,0.0,0,120,-17.666981,-4.7814671083333335,5.221642554182348,25.701076999999998,0.33485100000000045,,,,,,,,,,0.2646296253900931,0.26238011207657097,0.04427253163941396,0.1731455708341577,0.3468070633730088
OADMET-0006571,fake,1,-15.316747,-25.762663,29.284565,-3.217042,2.596,0.87,-15.011888,0.0,1,60,-15.011888,-6.1226610500000005,4.815134844459176,22.343426,3.229019000000001,,,,,,,,,,0.2682162514091067,0.26300752182693765,0.03582969781547925,0.19557785829151111,0.33686327246127196
OADMET-0006572,fake,1,-9.894333,-25.81389,25.311842,-4.26934,8.279,2.21,-14.66572,0.0,0,80,-14.66572,-11.954723050000002,1.5130075834862022,5.299643,0.4497630000000008,,,,,,,,,,0.5385958940035788,0.5579414974781283,0.046457698123648875,0.459934926238355,0.6418582279501146
OADMET-0006576,fake,1,-8.548379,-30.105297,19.698195,-1.5411,2.356,1.19,-20.49658,0.0,1,2,-20.49658,-20.28357,0.3012416309210938,0.4260200000000012,0.4260200000000012,,,,,,,,,,0.2363080505116851,0.23537150086402922,0.024827827031807727,0.18633184266625,0.28540770343523747
OADMET-0006577,fake,1,-1.516383,-30.612267,8.772855,-2.529086,5.446,2.85,-25.884884,0.0,1,40,-25.884884,-18.378262624999998,3.9659637042196794,14.108981,0.047754000000001184,,,,,,,,,,0.550537205301981,0.5636506426410132,0.015176136987865841,0.5347997082593627,0.590109958991283
OADMET-0006579,fake,1,-3.252004,-26.391066,3.819979,-4.033253,1.907,1.14,-29.856344,0.0,1,80,-29.856344,-24.9588102375,2.453672205332643,11.621799,0.32071499999999986,,,,,,,,,,0.680216729930045,0.6938280886452515,0.02502971567510687,0.6528867002717819,0.7382145021000227
OADMET-0006580,fake,1,-0.678127,-27.539671,15.615017,-3.43059,2.247,0.91,-16.033371,0.0,1,80,-16.033371,-12.049365062500001,1.3654105771239313,7.121275999999998,0.021260999999999086,,,,,,,,,,0.423192005649265,0.42285290679884385,0.025321194272607973,0.3754147135262266,0.46888899299237524
OADMET-0006587,fake,1,-2.071161,-22.997568,6.816265,-2.846579,1.073,0.85,-21.099043,0.0,1,20,-21.099043,-16.889135950000004,3.295341839290832,10.167474000000002,0.23374000000000095,,,,,,,,,,0.37769342889045276,0.37163963347777806,0.018483006347287882,0.3408005349516879,0.41101104660804655
OADMET-0006588,fake,1,-1.976615,-35.48859,6.578317,-3.763757,7.54,2.34,-34.650646,0.0,1,42,-34.650646,-26.70200773809524,4.389594473685151,14.843344000000002,0.07067899999999838,,,,,,,,,,0.8550024792678329,0.8627160006750205,0.015601715698441763,0.8365585065522865,0.8919356794363779
OADMET-0006589,fake,1,-6.324148,-20.054682,8.307904,-3.403204,1.819,1.16,-21.474131,0.0,0,94,-21.474131,-15.973524776595747,1.8762947273163575,11.178093,0.025935000000000485,,,,,,,,,,0.41421272748483,0.40822823419126164,0.027975251300494306,0.3562593152490168,0.46269972604346804
OADMET-0006591,fake,1,-0.841315,-28.835917,3.895683,-3.559813,4.959,1.62,-29.34136,0.0,1,16,-29.34136,-18.5747538125,4.090558992626904,16.632008,6.910257000000001,,,,,,,,,,0.716622426655237,0.7308270685298928,0.01685756241102429,0.7012895687924965,0.7641497743876705
OADMET-0006594,fake,1,-1.826622,-33.238869,4.63047,-4.114028,2.611,2.41,-34.549049,0.0,1,8,-34.549049,-34.033214875,0.3557077625645743,0.9941559999999967,0.1999579999999952,,,,,,,,,,0.7883472352534877,0.8076251356514562,0.02153334539324426,0.7678970093123809,0.8455492051948016
OADMET-0006595,fake,1,-1.380965,-17.156967,8.169877,-3.511549,4.982,1.62,-13.879604,0.0,1,2,-13.879604,-13.403522500000001,0.6732809140949271,0.9521630000000005,0.9521630000000005,,,,,,,,,,0.42771213644582823,0.3967498623407781,0.03173608249631787,0.3315946475078425,0.4500154438176974
OADMET-0006597,fake,1,0.588728,-32.892574,8.630368,-4.168997,3.159,1.78,-27.842478,0.0,1,44,-27.842478,-25.515319227272723,4.203744836212881,14.581312,0.03205900000000028,,,,,,,,,,0.7498329187805585,0.7594118682361234,0.016863310591000987,0.727752826117568,0.7856695409293698
OADMET-0006598,fake,1,-5.372347,-29.867622,6.659481,-1.698091,3.969,1.87,-30.278578,0.0,1,50,-30.278578,-27.60364328,2.3652559832059517,8.40589,0.023983000000001198,,,,,,,,,,0.46000063508990013,0.46529071237965236,0.017459033293453146,0.4356542198856183,0.4976263698024887
OADMET-0006599,fake,1,-1.209231,-29.855011,3.299177,-2.337394,1.804,1.03,-30.102459,0.0,0,80,-30.102459,-25.173711975,4.0244323001109175,13.243126,0.0052339999999979625,,,,,,,,,,0.5340648971321165,0.5309835615155997,0.019562557120288145,0.49375126644269246,0.5652938304423618
OADMET-0006600,fake,1,-11.333103,-23.008266,18.962341,-0.88161,7.055,3.5,-16.260639,0.0,0,80,-16.260639,-11.5240486,2.3176702199732166,8.104026000000001,0.3064700000000009,,,,,,,,,,0.16326653993512372,0.16096475931408846,0.022945724293987235,0.12363886756177614,0.20915941074734495
OADMET-0006602,fake,1,-2.174147,-26.343655,6.846669,-2.531121,5.864,2.3,-24.202251,0.0,1,40,-24.202251,-22.892030075,0.8902079361521534,3.6792690000000015,0.0287620000000004,,,,,,,,,,0.511789692702946,0.518860985920946,0.01335984096601686,0.4919957013881154,0.5411958824049826
OADMET-0006603,fake,1,-15.509909,-30.140469,35.695183,-4.652551,5.432,3.09,-14.607743,0.0,0,18,-14.607743,-14.065533222222221,0.4072135220155399,1.6150889999999993,0.007351999999999137,,,,,,,,,,0.5371374615877978,0.49610817164067617,0.06055530111035692,0.37382279882039654,0.6120483403279549
OADMET-0006606,fake,1,-2.999192,-33.281605,5.257853,-2.506338,3.374,1.47,-33.529282,0.0,1,80,-33.529282,-28.565991537499997,3.7094128604851786,14.094292000000003,0.7090420000000037,,,,,,,,,,0.6282076648524763,0.6505645694348743,0.01891838140222947,0.6176596238356118,0.6893758072326622
OADMET-0006207,fake,1,-1.802959,-29.673595,6.880568,-4.562668,3.577,2.64,-29.158655,0.0,1,52,-29.158655,-20.75062775,2.6847094236337017,14.222057,0.1972459999999998,,,,,,,,,,0.7803233532912905,0.784761519857263,0.02001076114352539,0.7402518664100273,0.8195537572187285
OADMET-0006208,fake,1,-0.393363,-28.463043,5.998895,-2.690486,3.294,1.56,-25.547998,0.0,1,122,-25.547998,-21.569587713114753,4.643315070274929,28.861784,0.13825599999999838,,,,,,,,,,0.521360397699948,0.5293760167634931,0.00824243483176521,0.5136293166257271,0.5467536192824297
OADMET-0006209,fake,1,-4.141483,-27.793251,5.944238,-0.298804,3.334,1.47,-26.289299,0.0,0,80,-26.289299,-22.3011173875,3.8505416013352103,9.131651000000002,0.014503000000001265,,,,,,,,,,0.24526910433489899,0.23331425061541794,0.019517115125052206,0.2000998288265027,0.2764173862148252
OADMET-0006211,fake,1,-1.452963,-28.362652,3.533903,-0.815554,4.081,1.72,-27.097265,0.0,0,124,-27.097265,-21.56930331451613,3.5298930959528967,18.572614,0.18499200000000116,,,,,,,,,,0.3422480402452654,0.33473631816635074,0.01966129293434767,0.3011564642131869,0.3744304959010948
OADMET-0006212,fake,1,-1.329003,-32.124352,8.015781,-3.492135,5.503,1.77,-28.929707,0.0,1,40,-28.929707,-26.588615975000003,1.5129174180874463,4.510937000000002,0.13708199999999948,,,,,,,,,,0.7272607004005627,0.7399672864813587,0.01570233793313336,0.7157890222482043,0.7752309786842441
OADMET-0006213,fake,1,-5.727452,-30.977533,6.249807,-3.041627,3.055,1.03,-33.496807,0.0,0,32,-33.496807,-22.114106281250002,5.9151056171830385,26.778,3.640756999999997,,,,,,,,,,0.6553322519864312,0.6716587638815311,0.021677475611534245,0.6310976193332348,0.7189060517286094
OADMET-0006214,fake,1,-11.860522,-26.988964,20.944435,-1.768944,7.025,3.5,-19.673996,0.0,0,120,-19.673996,-12.787509491666665,2.9218319455626816,17.846232999999998,0.10605999999999938,,,,,,,,,,0.2862359112312262,0.2904672061326824,0.030720399134324224,0.23093112622077103,0.34633347202243064
OADMET-0006218,fake,1,-2.109123,-25.504137,6.683706,-1.730808,5.567,1.67,-22.660362,0.0,1,80,-22.660362,-19.660099037499997,2.410717315593208,9.005706,0.016662000000000177,,,,,,,,,,0.3827576657316472,0.3845482234879797,0.019535385022317345,0.34717483620171496,0.4236805430316815
OADMET-0006222,fake,1,-9.734077,-30.49489,25.643269,-1.142907,4.63,1.87,-15.728604,0.0,0,28,-15.728604,-5.647707785714286,5.4127099804768255,20.313255,1.1595380000000013,,,,,,,,,,0.18174024741052297,0.17852566274565196,0.02880986063650297,0.1197265062024751,0.2381570666710756
OADMET-0006223,fake,1,-0.794565,-27.668961,8.888409,-3.223464,6.359,2.11,-22.79858,0.0,0,2,-22.79858,-19.6990355,4.383417869078935,6.199089000000001,6.199089000000001,,,,,,,,,,0.6207187039757671,0.6148372015846134,0.018464655831733758,0.5792614149314671,0.6530145336316235
OADMET-0006224,fake,1,-1.85638,-29.336784,5.430752,-3.25812,0.433,0.35,-29.020533,0.0,0,80,-29.020533,-23.982404600000002,3.0912555397539623,8.654005000000002,0.16159299999999988,,,,,,,,,,0.5936205369711965,0.587432942948999,0.024762605645992572,0.5454133090601762,0.6335353737074301
OADMET-0006225,fake,1,-2.141829,-20.897787,3.871002,-2.03635,8.394,3.48,-21.204964,0.0,1,80,-21.204964,-20.670342325,0.2893005677048943,1.61468,0.02305300000000088,,,,,,,,,,0.41753807876236465,0.43008311632228685,0.034425547141373976,0.37031245197995155,0.5023916228862958
OADMET-0006227,fake,1,-2.07418,-27.47794,7.207904,-1.99678,1.4,0.88,-24.340996,0.0,0,56,-24.340996,-18.38325203571429,5.124415937321517,23.726965,0.24990899999999883,,,,,,,,,,0.3544737276955598,0.35711141751264436,0.015032515458074089,0.32605805012145095,0.38609862810071854
OADMET-0006228,fake,1,-4.488551,-24.982641,7.82122,-3.619139,4.927,3.09,-25.26911,0.0,1,42,-25.26911,-22.00007807142857,1.971039535945701,11.120074,0.49457000000000306,,,,,,,,,,0.595951985379957,0.6132456990103136,0.02403115741715844,0.5732586049873951,0.6587169877596701
OADMET-0006237,fake,1,4.494999,-31.852226,6.929046,-2.56838,4.56,2.4,-22.996561,0.0,0,8,-22.996561,-16.456471875000002,3.9847099164462736,10.932437,0.747992,,,,,,,,,,0.5476739724589981,0.5599382328035807,0.023213376173928185,0.5200466890079628,0.6074086536887037
OADMET-0006238,fake,1,-10.299032,-22.907211,20.354256,-2.435532,6.996,3.25,-15.287521,0.0,0,40,-15.287521,-12.52451425,2.2322547131389747,8.170135,0.17384000000000022,,,,,,,,,,0.3309580548757854,0.28899049418492573,0.028767889764489844,0.23350387232389969,0.34323536776265934
OADMET-0006240,fake,1,-8.905862,-29.901356,24.118845,-1.575181,7.561,2.88,-16.263554,0.0,0,126,-16.263554,-6.926919214285713,5.783045198601459,22.114764,0.004960999999997995,,,,,,,,,,0.2660716578332053,0.27335112406273926,0.036345357865573524,0.20064384210620992,0.33111898515919785
OADMET-0006242,fake,1,-1.26348,-29.227535,3.764366,-3.659968,1.222,1.03,-30.386616,0.0,1,56,-30.386616,-24.853954071428575,2.2672760059829655,8.011256,0.07631299999999896,,,,,,,,,,0.6610423401532649,0.6764031786696033,0.02255277936653697,0.6426479537734987,0.7209056184440612
OADMET-0006244,fake,1,-10.228801,-25.37262,28.856001,-3.164985,5.563,3.09,-9.910406,0.0,0,48,-9.910406,-4.418030979166667,4.283274167561085,13.500240999999999,2.091648,,,,,,,,,,0.308186511818221,0.26954429020726606,0.038887960217164515,0.19968982435815516,0.35107925078519425
OADMET-0006245,fake,1,-0.522355,-36.223488,7.096449,-2.668053,3.227,1.05,-32.317448,0.0,1,2,-32.317448,-32.3111575,0.008896110414106038,0.012580999999997289,0.012580999999997289,,,,,,,,,,0.6738636933944485,0.6842567959106312,0.023432605261791285,0.6405946923666321,0.7356729600655265
OADMET-0006246,fake,1,-2.790576,-31.872168,8.763439,-3.155661,2.987,2.33,-29.054964,0.0,0,120,-29.054964,-23.647835583333336,3.071085084698729,14.215005999999999,0.20182599999999695,,,,,,,,,,0.6210716734440411,0.63109194619483,0.01980427736151227,0.5944890755533161,0.671365523010145
OADMET-0006247,fake,1,-2.21379,-31.737852,9.785576,-1.996896,4.182,1.87,-26.16296,0.0,1,40,-26.16296,-24.736459049999997,1.0521703770183182,4.222610000000003,0.21305700000000272,,,,,,,,,,0.4603338398002912,0.4753320388938056,0.016031572957112106,0.448989777881312,0.5057903955220188
OADMET-0006248,fake,1,-2.597141,-30.589369,5.995478,-4.360323,9.064,3.05,-31.551353,0.0,1,120,-31.551353,-25.215805,4.309313221876413,15.790707,0.03945099999999968,,,,,,,,,,0.8560297604344905,0.8719868116255585,0.0165423128829705,0.8399612481591512,0.9003322309904496
OADMET-0006249,fake,1,-0.307362,-30.467947,8.774659,-3.873399,2.682,2.38,-25.874048,0.0,0,4,-25.874048,-24.44186975,0.9747444623443187,2.0565369999999987,1.632206,,,,,,,,,,0.6541840293757449,0.6679295658311907,0.021337946435748725,0.6256095849062837,0.7040248207695002
OADMET-0006250,fake,1,-9.214336,-27.720861,27.876139,-2.263304,2.862,2.64,-11.322361,0.0,0,12,-11.322361,-8.639386,1.6347553039841107,5.087260000000001,0.0272079999999999,,,,,,,,,,0.19668642190948535,0.17816931375002046,0.0314956093214576,0.12286384005871699,0.23922732163515792
OADMET-0006251,fake,1,-0.262005,-29.349417,5.105425,-2.842695,9.039,3.05,-27.348692,0.0,1,92,-27.348692,-22.24159947826087,2.3930474179533734,11.847522,0.12699900000000142,,,,,,,,,,0.6875767454135007,0.7133797019491542,0.025332458807736387,0.6604922940419334,0.7564798159452919
OADMET-0006253,fake,1,-2.872929,-26.823071,6.70763,-2.28256,2.612,2.33,-25.270929,0.0,0,80,-25.270929,-20.20490985,2.8921689042764247,12.055155999999998,0.18744099999999975,,,,,,,,,,0.408402976581329,0.4164088845687124,0.020412470142695146,0.3675313134246053,0.4488572727717663
OADMET-0006254,fake,1,0.671753,-27.288002,6.159402,-1.124602,8.201,2.76,-21.58145,0.0,0,4,-21.58145,-20.5862595,1.1338016385160439,1.9855790000000013,0.026707000000001813,,,,,,,,,,0.3811137752268776,0.3863070451680116,0.03219772922894307,0.3238530148982618,0.45456672394643544
OADMET-0006255,fake,1,0.120714,-29.667845,5.917595,-1.470773,1.503,1.08,-25.100309,0.0,1,8,-25.100309,-24.115956125,0.7687840951966083,1.6884169999999976,0.020783999999999025,,,,,,,,,,0.3249548278312115,0.34000041671032305,0.018628207416154806,0.30019866877803997,0.3735450262994455
OADMET-0006256,fake,1,-1.708181,-25.295351,5.295169,-0.90342,4.096,2.85,-22.611782,0.0,0,80,-22.611782,-18.907782212500003,2.527723307362419,9.983770000000002,0.008659000000001527,,,,,,,,,,0.2668092889669031,0.2541467159920769,0.021146374998187268,0.2116749643714433,0.28993264103758826
OADMET-0002160,fake,1,7.881423,-12.033018,2.765368,0.764808,0.686,0.68,-0.62142,0.0,0,40,-0.62142,2.1513261750000003,1.9681183152128718,9.199272,0.12124400000000002,,,,,,,,,,0.034353078011071146,0.024981057440878134,0.007105061941518633,0.014546242659463833,0.03988252177882769
OADMET-0002161,fake,1,0.641745,-17.511608,1.555328,-2.546151,0.0,0.0,-17.860685,0.0,0,40,-17.860685,-15.854917125,0.6747999074281845,3.2367860000000004,0.07972700000000188,,,,,,,,,,0.28624217434720917,0.265982594532884,0.028317649032183742,0.21992707488175034,0.3178273311990665
OADMET-0002162,fake,1,-2.324691,-17.118645,3.042006,-0.851659,0.021,0.02,-17.252991,0.0,0,40,-17.252991,-13.627638675,1.285683303077323,5.567116000000002,0.949898000000001,,,,,,,,,,0.13377671042659794,0.11664712631663772,0.016592120058736236,0.08881596468403787,0.14632226409262036
OADMET-0002163,fake,1,-9.130251,-18.952024,15.701294,-2.023965,1.87,1.87,-14.404946,0.0,0,40,-14.404946,-11.233324775,1.7130489599629748,5.531201000000001,0.06976200000000077,,,,,,,,,,0.17420850122091538,0.15206235249940617,0.018258240377943696,0.11572760423549831,0.1864017905795034
OADMET-0002164,fake,1,-9.049945,-20.353027,18.449614,-2.826624,3.352,2.03,-13.779984,0.0,0,40,-13.779984,-13.145350250000002,0.33273469397988037,1.3611050000000002,0.009634000000000142,,,,,,,,,,0.2353330914657202,0.23647117720510782,0.02204637014281616,0.19009881862783318,0.2778982446328349
OADMET-0002165,fake,1,6.70137,-22.093115,3.630874,-2.366385,2.862,1.43,-14.127256,0.0,0,50,-14.127256,-8.55540508,3.621495218104459,12.32392,0.12688899999999848,,,,,,,,,,0.32356024162431823,0.31268008637819333,0.024250513115122854,0.2684544567672929,0.35779604000815723
OADMET-0002166,fake,1,5.520648,-15.528064,1.457453,-0.232293,0.831,0.35,-8.782256,0.0,0,40,-8.782256,-8.402880125,0.3508106636454972,1.797637,0.007279999999999731,,,,,,,,,,0.08494783665549109,0.06936340590255392,0.013011235489920052,0.04711384878842325,0.09352439035173057
OADMET-0002167,fake,1,-9.24291,-20.326969,17.998262,-3.466797,6.443,2.31,-15.038414,0.0,0,40,-15.038414,-14.49696465,0.3412387180203649,1.0809680000000004,0.03138199999999891,,,,,,,,,,0.376467661439386,0.3905122407906598,0.030483071047220024,0.3251021212864785,0.44812912899515656
OADMET-0002168,fake,1,-8.774963,-25.104542,22.784529,-5.311921,1.183,1.15,-16.406898,0.0,0,80,-16.406898,-12.114666375,4.92610150906244,16.706001,0.33217200000000346,,,,,,,,,,0.5431144088467973,0.5474218185154723,0.04119698508678036,0.4713691167733525,0.6216797788183487
OADMET-0002169,fake,1,-10.53969,-16.071938,20.22047,-3.011817,0.146,0.1,-9.402974,0.0,0,40,-9.402974,-8.34270355,0.6629400716066601,2.5335340000000004,0.24214800000000025,,,,,,,,,,0.16002690998679706,0.1405712866276704,0.02166502583295424,0.10778521346269943,0.18939937542381596
OADMET-0002170,fake,1,-21.789501,-9.814721,28.109749,-2.145607,0.928,0.92,-5.640079,0.0,0,40,-5.640079,-3.51036175,1.48295237300578,6.283298,0.03670599999999968,,,,,,,,,,0.053224309260977036,0.048054744461980804,0.012823385890945938,0.026961990933230547,0.07695883715736125
OADMET-0002171,fake,1,-8.952208,-19.356237,18.332886,-3.684652,1.274,0.86,-13.660212,0.0,0,80,-13.660212,-10.2753350125,1.6231731018110636,7.769718999999999,0.07357899999999873,,,,,,,,,,0.2864719115664768,0.2794120142551193,0.027416966012229788,0.2282129957408638,0.33796294720312087
OADMET-0002172,fake,1,-11.202458,-18.055929,20.54953,-1.275697,1.33,0.8,-9.984555,0.0,0,40,-9.984555,-6.707385524999999,2.2893620021908467,6.685259,0.21245099999999972,,,,,,,,,,0.09336644852602188,0.07450368311111322,0.012923902495508838,0.055443174797967065,0.10139455020194277
OADMET-0002173,fake,1,-11.117477,-13.033627,18.852999,-2.56052,8.528,6.16,-7.858625,0.0,0,40,-7.858625,-7.2420229250000006,0.3006887756372442,1.1511180000000003,0.04567600000000027,,,,,,,,,,0.16333036361355446,0.17968374880088203,0.042673624277377094,0.09400176074416347,0.2630468478432538
OADMET-0002174,fake,1,7.153512,-9.770014,3.872278,-1.305893,0.351,0.35,-0.050116,0.0,0,40,-0.050116,2.7125460250000004,1.307586655872242,5.469353,0.03223,,,,,,,,,,0.060079167752644,0.058156276966884794,0.01323981151388819,0.03871843746424397,0.08251702283719242
OADMET-0002175,fake,1,-22.042147,-16.802135,29.898579,-2.469908,0.063,0.03,-11.415613,0.0,0,80,-11.415613,-7.324134062499999,2.5181963406031906,9.024085,0.2065020000000004,,,,,,,,,,0.10754743447366766,0.0882259017048029,0.020338464609000295,0.05299515380838697,0.13602217340350245
OADMET-0002176,fake,1,-9.834187,-15.643185,22.339363,-2.16769,2.676,1.87,-5.305698,0.0,0,40,-5.305698,-3.3108286500000004,0.5500584141386212,2.6239689999999998,0.4800419999999992,,,,,,,,,,0.10242265786662275,0.09114716535038729,0.016094102404471476,0.06594265120445023,0.12147254448309099
OADMET-0002177,fake,1,-7.445125,-17.228498,18.48572,-2.893118,4.427,2.31,-9.081022,0.0,0,40,-9.081022,-5.280257799999999,2.6594724832887944,6.805576,0.6940880000000007,,,,,,,,,,0.2164673693934813,0.2014191602668326,0.023593156512679327,0.15716258750665088,0.24414586960189918
OADMET-0002178,fake,1,4.024261,-10.533982,4.907818,-1.383261,0.298,0.29,-2.985165,0.0,0,40,-2.985165,2.58658615,2.6416877374006082,8.763689,0.4694799999999999,,,,,,,,,,0.0719500108633287,0.06611647636982648,0.013466048833487896,0.046174102552489195,0.09117848360338363
OADMET-0002179,fake,1,-8.378351,-16.719259,18.380175,-2.542897,1.544,1.5,-9.260333,0.0,0,40,-9.260333,-8.10347635,0.8614760531395518,4.156317999999999,0.2507389999999994,,,,,,,,,,0.15440404816495526,0.1340797742954616,0.01852857787916223,0.10254121702204677,0.16864297638996273
OADMET-0002180,fake,1,13.580652,-11.223822,13.767121,-2.036816,0.202,0.2,14.087135,0.0,0,80,14.087135,17.4934454,2.3157291772576722,9.805907000000001,0.04673400000000072,,,,,,,,,,0.05327157775102722,0.042484305331384566,0.014599338374888539,0.02366213120963527,0.06845971629518777
OADMET-0002181,fake,1,-20.127962,-15.22033,28.438633,-1.704733,2.677,2.64,-8.614393,0.0,0,40,-8.614393,-6.6090226,1.947043703265198,7.681890999999999,0.14229300000000045,,,,,,,,,,0.0649765252537541,0.06318424902830651,0.015103487675109956,0.03606809213276008,0.09460502692718044
OADMET-0002182,fake,1,-8.734222,-15.351913,15.771902,-2.480953,6.222,2.09,-10.795187,0.0,0,40,-10.795187,-9.12839945,0.9742690411127811,3.4237580000000003,0.28102499999999964,,,,,,,,,,0.21590679887858913,0.2052838974102383,0.026022329961164166,0.1605971268845975,0.25578669115641794
OADMET-0002183,fake,1,-13.031694,-9.373515,15.327344,-1.574456,0.84,0.84,-8.65232,0.0,0,40,-8.65232,-5.203877374999999,1.566435443972269,6.568369,0.12134299999999953,,,,,,,,,,0.07311825485851292,0.05902197342918331,0.012756104997696888,0.0374943592699339,0.08521592662500589
OADMET-0002184,fake,1,-7.386215,-31.378471,26.113159,-5.318793,5.015,2.4,-17.97032,0.0,0,18,-17.97032,-9.104737500000002,7.1835950606274,23.310586,0.4230809999999998,,,,,,,,,,0.6830936079303038,0.703470537354977,0.03759000132028493,0.6307790190671128,0.7725348737691528
OADMET-0002185,fake,1,-19.52692,-31.017767,32.717854,-3.835249,3.683,2.14,-21.662081,0.0,0,120,-21.662081,-9.186044591666668,5.8169930721013365,21.187966,0.6300200000000018,,,,,,,,,,0.47769149361396307,0.44822734741710646,0.05466658955625999,0.33655618052589925,0.5406086882973269
OADMET-0002186,fake,1,-18.624882,-22.097343,26.450596,-2.70504,7.075,3.24,-16.976669,0.0,0,40,-16.976669,-12.953699175,1.8877762322326113,7.330431000000001,0.207218000000001,,,,,,,,,,0.2784667755922716,0.2775836901706481,0.037208645783010995,0.20269202216554735,0.34119559565768587
OADMET-0002187,fake,1,-18.734037,-24.725119,33.502281,-3.923935,0.025,0.02,-13.88081,0.0,0,72,-13.88081,-8.154789222222222,2.0078528270663107,11.674531,0.7741740000000004,,,,,,,,,,0.24540055038893427,0.24228610759674343,0.04388691579143372,0.16156433441216447,0.33762528270904646
OADMET-0002188,fake,1,-11.725904,-7.664454,17.259094,-1.142438,1.712,1.71,-3.273702,0.0,0,40,-3.273702,-0.7537993249999999,1.025601934227655,3.613981,0.09277000000000024,,,,,,,,,,0.04745156617442897,0.03600768800666467,0.008955880204525177,0.021267248403721923,0.05444237337010484
OADMET-0002190,fake,1,-10.261869,-15.987761,19.177553,-2.950294,1.911,1.87,-10.022371,0.0,0,40,-10.022371,-9.578862574999999,0.35302797993417545,1.4522960000000005,0.03535299999999886,,,,,,,,,,0.18124032958417605,0.15925378005572066,0.022710912281059002,0.11342530873786222,0.20272940901558553
OADMET-0002191,fake,1,-19.938173,-19.014244,25.571701,-3.376338,3.082,1.59,-16.757051,0.0,0,40,-16.757051,-15.03599505,0.7970878062874897,2.5896179999999998,0.08955500000000072,,,,,,,,,,0.2727191936040464,0.24573164617901377,0.03581870372107417,0.16733018165943192,0.31037482989941645
OADMET-0002192,fake,1,-9.835633,-21.586304,19.054024,-3.561676,3.332,1.52,-15.929588,0.0,0,40,-15.929588,-14.135075625000002,1.1979996884440904,4.833160000000001,0.0018830000000011893,,,,,,,,,,0.3597166358914285,0.3467909299617494,0.025889977769992373,0.29735485870227824,0.3945129414566996
OADMET-0002193,fake,1,-18.477062,-23.934135,34.046825,-3.069969,2.526,1.3,-11.434341,0.0,0,40,-11.434341,-11.097450474999999,0.23427004254262312,1.0333649999999999,0.035223000000000226,,,,,,,,,,0.18414872284509956,0.1779083238233877,0.03315412212283046,0.11855544435214066,0.24727213822860183
OADMET-0002194,fake,1,-10.073295,-18.213308,15.522643,-3.403756,2.688,1.64,-16.167715,0.0,0,40,-16.167715,-13.35154905,0.8925903353952602,3.762600000000001,0.0020620000000022287,,,,,,,,,,0.31657043054910255,0.29866101262066497,0.02762417767563754,0.23988555799684994,0.3526810114549194
OADMET-0002195,fake,1,-10.486677,-8.692006,15.997795,-1.757476,1.924,1.57,-4.938365,0.0,0,40,-4.938365,-1.17818475,1.6115045334487375,7.314952,0.22940800000000028,,,,,,,,,,0.0742557872965909,0.05880497844195012,0.012649141635767103,0.037408932804112935,0.08467726251431046
OADMET-0002196,fake,1,-8.746003,-17.068806,18.191967,-3.125978,3.431,2.12,-10.748818,0.0,0,40,-10.748818,-9.912338674999999,0.50114027685364,1.8584960000000006,0.02598399999999934,,,,,,,,,,0.2143416846416074,0.21539466906105184,0.024559856866153237,0.1646599204404693,0.26316648386349223
OADMET-0002197,fake,1,-11.3186,-9.212613,18.534479,-0.55856,1.38,1.38,-2.555293,0.0,0,40,-2.555293,-0.15349745000000004,1.0611363541516008,4.063708,0.7810329999999999,,,,,,,,,,0.03579139590602447,0.02652079225229972,0.006912662420473934,0.016238978867910207,0.03991215501450564
OADMET-0002198,fake,1,-1.15631,-13.782408,17.583851,-1.556885,4.088,1.62,1.088248,0.0,0,40,1.088248,2.957910775,0.6302711034316081,3.2034219999999998,0.547353,,,,,,,,,,0.08214291366046685,0.06829197110487602,0.014599593392534013,0.04743015895933756,0.09890045043088246
OADMET-0002199,fake,1,-19.343433,-10.694797,15.341758,-1.896755,2.243,1.21,-16.593229,0.0,0,40,-16.593229,-4.300659725,2.4832447346143818,14.85622,5.767994000000002,,,,,,,,,,0.12487652281839923,0.10829666770003801,0.02318704949787669,0.06549021485061043,0.15545107135458483
OADMET-0002200,fake,1,-9.514173,-15.743992,21.298479,-1.676875,0.026,0.02,-5.636559,0.0,0,40,-5.636559,-4.1131242,0.6754257310480212,2.9779970000000002,0.04204000000000008,,,,,,,,,,0.0653021330907295,0.06185653578950632,0.012590196727508527,0.04521824535904783,0.08994557353574831
OADMET-0002201,fake,1,-10.012237,-18.952751,17.165394,-2.641588,6.38,2.32,-14.441183,0.0,0,40,-14.441183,-13.224000675000003,0.6097310483866947,3.152698000000001,0.39589300000000094,,,,,,,,,,0.3172289403981909,0.2744925768630486,0.026568419789035545,0.21917620365075577,0.32191964473935397
OADMET-0002202,fake,1,-9.483391,-16.106653,20.026314,-2.959464,0.002,0.0,-8.523193,0.0,0,40,-8.523193,-6.851517849999999,0.6829139709993718,3.307477999999999,0.07976499999999831,,,,,,,,,,0.15152914357819788,0.1334333231133426,0.02085528194282103,0.10287249483309685,0.18037810970916127
OADMET-0002204,fake,1,-9.898735,-26.684563,18.568918,-4.326885,2.731,1.79,-22.341265,0.0,0,80,-22.341265,-15.3212584875,2.488129916683628,12.613414,1.3324439999999989,,,,,,,,,,0.5625545269278879,0.5635100520183752,0.029479980961958595,0.5072000406305363,0.6159616520569444
OADMET-0002205,fake,1,-11.463486,-15.668468,17.18655,-1.5671,1.87,1.87,-11.512505,0.0,0,40,-11.512505,-9.050657574999999,1.2221886379256723,4.183355000000001,0.008318000000000936,,,,,,,,,,0.09933796677441009,0.09039185900534838,0.014890974019585251,0.06317798111137263,0.11954731627135284
OADMET-0002206,fake,1,-19.016672,-23.064407,30.268087,-1.744824,1.116,1.1,-13.557814,0.0,0,80,-13.557814,-7.8945648,4.7676377309156575,13.416874,0.5171850000000013,,,,,,,,,,0.100781543714294,0.09725373508766456,0.02019632077140061,0.06386950147435456,0.14038791761397448
OADMET-0002207,fake,1,-8.593778,-16.560791,17.622936,-2.478959,0.025,0.02,-10.01059,0.0,0,40,-10.01059,-9.5783148,0.21078633958124882,0.9846789999999999,0.13042200000000115,,,,,,,,,,0.1394379514669105,0.12301211393362654,0.018215368831914627,0.09614807962644598,0.16408370307407152
OADMET-0002208,fake,1,-8.10776,-20.822027,16.998888,-4.069258,0.009,0.0,-16.000156,0.0,0,80,-16.000156,-9.708030675,3.975208781792116,12.010276000000001,0.9753110000000014,,,,,,,,,,0.36341110209242317,0.34812784648440603,0.03291437337052734,0.2912240871658212,0.41028237732726963
OADMET-0002971,fake,1,-0.409193,-27.216135,5.619557,-3.410321,3.431,1.89,-25.416092,0.0,1,40,-25.416092,-21.9678107,2.1827857228751992,8.996196999999999,0.6174259999999983,,,,,,,,,,0.6012948670234364,0.6104632424248405,0.012329517309404589,0.5916821048342809,0.636338223823003
OADMET-0002973,fake,1,-1.8777,-26.32618,3.773004,-2.831239,6.242,3.13,-27.262115,0.0,1,118,-27.262115,-22.519376279661017,3.485871912339192,17.059186000000004,0.08139200000000102,,,,,,,,,,0.6039063051956256,0.6157152087095339,0.020384115589671337,0.5768379490560017,0.6548258546323675
OADMET-0002977,fake,1,-1.514024,-23.013485,4.844331,-1.728956,9.765,2.92,-21.412134,0.0,1,54,-21.412134,-17.690201870370373,2.0680814329774075,10.020900999999999,0.04421999999999926,,,,,,,,,,0.4839364728054345,0.4535438644917079,0.04060928403325614,0.37401249977016526,0.5238046208392442
OADMET-0002980,fake,1,-3.908993,-28.839859,8.21235,-1.902522,6.179,2.64,-26.439026,0.0,0,80,-26.439026,-20.5137197375,2.500609883778572,12.706322999999998,0.015933999999997894,,,,,,,,,,0.4771588632861725,0.48294948030727086,0.015491210991332063,0.4515152573558788,0.5121285603732443
OADMET-0002984,fake,1,-3.587441,-29.28643,4.568953,-3.184958,5.161,2.64,-31.489876,0.0,1,80,-31.489876,-28.001380087500003,1.9989680226667856,11.277332999999999,0.032548999999999495,,,,,,,,,,0.6846650420007933,0.7024168713510085,0.0171209766579764,0.6704300961855848,0.7303372182153456
OADMET-0002985,fake,1,-0.750758,-37.210728,7.115779,-4.921847,2.852,1.78,-35.767555,0.0,1,120,-35.767555,-27.020693799999997,2.2684910170490786,15.011297000000003,0.2684210000000036,,,,,,,,,,0.8757157290336278,0.8912653711004649,0.015307661791936069,0.8554589650212271,0.9140510503381526
OADMET-0002987,fake,1,-1.161555,-30.399155,6.549894,-2.970293,3.52,0.97,-27.981108,0.0,1,80,-27.981108,-23.624466562499997,3.310934753511575,9.735523999999998,0.0019399999999976103,,,,,,,,,,0.6055904781519755,0.6209115464039511,0.01676079454775056,0.5951542311619773,0.6689329664757737
OADMET-0002988,fake,1,-0.457736,-31.528963,4.86763,-4.197059,3.723,1.86,-31.316128,0.0,1,80,-31.316128,-28.8537131875,1.3588081908563123,5.562038999999999,0.060517999999998295,,,,,,,,,,0.7861946463804966,0.8020384195947878,0.01542288771264138,0.7740334934946547,0.8267115162970727
OADMET-0002989,fake,1,6.524302,-32.101562,12.108052,-3.735761,4.557,1.62,-17.204967,0.0,0,86,-17.204967,-5.617108488372092,8.085749504658818,26.317884,0.3895219999999995,,,,,,,,,,0.5954333418347014,0.6275544277698922,0.036279021190376085,0.5565359377792237,0.6872972102912918
OADMET-0002990,fake,1,-0.782966,-26.817066,7.999116,-0.879627,2.8,1.73,-20.480545,0.0,0,80,-20.480545,-14.9504553875,3.8408784912812393,16.72439,0.03910600000000031,,,,,,,,,,0.2201639945988841,0.21843118453597504,0.016352560279218917,0.18919438147646261,0.2499731093919589
OADMET-0002991,fake,1,-6.245644,-30.245113,5.297186,-3.201305,4.029,1.1,-34.394875,0.0,1,80,-34.394875,-25.564737975000003,3.4280515659617614,22.25264,3.3133850000000002,,,,,,,,,,0.7163314837336686,0.7161387309455617,0.02291316421414055,0.6741832554523423,0.7651600610007117
OADMET-0002993,fake,1,0.868433,-28.73123,6.588901,-2.999095,3.393,1.77,-24.272991,0.0,1,16,-24.272991,-19.1419016875,4.185841253165449,11.891399000000002,0.6697820000000014,,,,,,,,,,0.5499071362963225,0.5598114050025668,0.009645900452435106,0.5429166815302162,0.5791870488796782
OADMET-0002995,fake,1,-0.819569,-29.461229,8.79332,-3.015367,2.86,1.87,-24.502846,0.0,0,4,-24.502846,-21.374606,2.5230962267075747,6.087357000000001,2.6924730000000032,,,,,,,,,,0.5391445371001882,0.539587475579403,0.012211648218053602,0.51816479639271,0.5616757900087278
OADMET-0002996,fake,1,-2.778448,-27.550476,6.373256,-1.59939,2.904,1.5,-25.555058,0.0,0,80,-25.555058,-19.1199496375,3.133805051171395,17.198805,0.1182389999999991,,,,,,,,,,0.36696290787000135,0.35731941811184886,0.013249759186603753,0.3315253171007687,0.38211873575311234
OADMET-0002999,fake,1,-1.160864,-32.475273,7.375651,-4.817524,3.529,0.99,-31.078011,0.0,1,8,-31.078011,-11.645816375,12.00375727398014,27.110898,0.029109999999999303,,,,,,,,,,0.8260591557751692,0.8450582161970607,0.016736488275367962,0.8113126061717839,0.8755553515218577
OADMET-0003001,fake,1,-0.634492,-31.348518,3.552799,-4.189997,5.51,1.87,-32.620209,0.0,1,70,-32.620209,-24.28723102857143,3.787292478788749,20.541329000000005,2.0636350000000014,,,,,,,,,,0.8258118941902146,0.8410570511400359,0.015424240808650428,0.8108121403413953,0.8693531253457539
OADMET-0003002,fake,1,-2.526906,-29.266129,4.96476,-3.824029,3.079,1.35,-30.652302,0.0,1,8,-30.652302,-23.96269625,7.9592253145637,18.900931999999997,0.07475900000000024,,,,,,,,,,0.713388040706905,0.7274986609927445,0.0177073782804812,0.7021626997174405,0.7588863793162102
OADMET-0003003,fake,1,-0.528186,-37.14056,7.360736,-2.297244,2.571,1.79,-32.605255,0.0,1,42,-32.605255,-31.117642738095242,3.3845715382832404,15.929407000000001,0.03179899999999947,,,,,,,,,,0.6124704211624884,0.6301220787151341,0.027198371895849026,0.5816977273900501,0.6822383427785281
OADMET-0003004,fake,1,-2.13273,-33.643959,4.030135,-4.02161,3.703,1.46,-35.768166,0.0,1,52,-35.768166,-27.273753923076924,7.068866927104219,21.465795,0.206665000000001,,,,,,,,,,0.8244910218152519,0.8352440192056698,0.016641817797135378,0.8071316238409241,0.8655507784478095
OADMET-0003006,fake,1,0.914668,-29.98037,3.932203,-1.362545,3.328,1.83,-26.496044,0.0,1,80,-26.496044,-22.868719975,3.652315500859036,19.63061,0.0024340000000009354,,,,,,,,,,0.4056103488186051,0.3986615970540119,0.018037817958363435,0.3646596534409879,0.43191705831402055
OADMET-0003011,fake,1,-0.491025,-34.03783,9.624642,-4.700169,5.164,2.12,-29.604382,0.0,1,50,-29.604382,-25.134838799999997,3.181831828320207,11.208672,0.05280700000000138,,,,,,,,,,0.8271899435901381,0.849469382433719,0.01466764327204597,0.8211507004833887,0.8740958324438353
OADMET-0003014,fake,1,-4.256164,-24.968241,4.750577,-3.650473,0.744,0.51,-28.124298,0.0,1,66,-28.124298,-23.975813212121214,1.5411393949381988,8.071068,0.1620120000000007,,,,,,,,,,0.5691185593834228,0.5807759567550849,0.029843826972730695,0.5294614198495573,0.6378709628878894
OADMET-0003017,fake,1,1.104736,-30.01438,5.501316,-4.290746,5.85,1.5,-27.699074,0.0,1,2,-27.699074,-26.5311625,1.6516762829515035,2.3358229999999978,2.3358229999999978,,,,,,,,,,0.785284133810726,0.8095737693184577,0.018578138294574418,0.7800750302697719,0.849235285678664
OADMET-0005006,fake,1,-7.704374,-31.784147,20.248833,-2.62982,2.84,0.89,-21.869509,0.0,1,32,-21.869509,-6.4922824375,12.176994156228757,42.079803999999996,0.10647200000000012,,,,,,,,,,0.3906479956466024,0.4015927195819156,0.031450649041676576,0.3397669043460054,0.46387626461103243
OADMET-0005009,fake,1,2.089691,-25.11912,5.36604,-3.991765,3.667,2.06,-21.655155,0.0,1,8,-21.655155,-20.298612625,1.378401294000298,2.7783599999999993,0.04958900000000099,,,,,,,,,,0.6299282375021605,0.6315626842175613,0.0189560855491961,0.5983744483239049,0.6643083168619552
OADMET-0005012,fake,1,-0.953429,-30.44261,6.022696,-3.569672,2.559,1.89,-28.943014,0.0,1,42,-28.943014,-28.429442880952383,0.5749596012553553,2.4521900000000016,0.10661900000000202,,,,,,,,,,0.6772025227792094,0.6777578044699802,0.017128523400647147,0.6498119012998171,0.7086597134931378
OADMET-0005016,fake,1,1.994277,-33.082531,5.859663,-4.519682,4.399,1.87,-29.748274,0.0,1,6,-29.748274,-28.623565999999997,0.9714364343161108,2.3658509999999993,0.2638859999999994,,,,,,,,,,0.8210929932796912,0.8385723213576761,0.014889083429091886,0.810578274632826,0.8650618355898434
OADMET-0005017,fake,1,-0.391589,-28.92597,3.892945,-3.734423,8.785,3.23,-29.159037,0.0,1,46,-29.159037,-23.007746717391303,4.550657075365323,17.209757000000003,0.3961010000000016,,,,,,,,,,0.7943331450256615,0.8090050173921984,0.020131222869227083,0.7713419874298553,0.843374406758554
OADMET-0005019,fake,1,0.482233,-23.617048,5.455812,-3.287468,3.344,1.89,-20.966471,0.0,1,14,-20.966471,-13.465908500000001,4.856941096540271,14.943124999999998,0.08376499999999965,,,,,,,,,,0.5062470931739239,0.5020000339668735,0.016595022461833406,0.4731436420044704,0.5393093470192714
OADMET-0005021,fake,1,-0.5607,-27.840199,8.41049,-4.081031,1.645,1.05,-24.071438,0.0,1,28,-24.071438,-18.700129428571426,4.485083213893786,18.986602,0.05858399999999975,,,,,,,,,,0.6235958390843438,0.6313577081807853,0.018815190501951913,0.5987405967292255,0.6695416962543382
OADMET-0005023,fake,1,-0.615935,-33.739243,5.485194,-4.87362,3.072,1.05,-33.743603,0.0,1,72,-33.743603,-25.00171125,3.914535332893766,20.503265,0.37192199999999787,,,,,,,,,,0.8538129655378706,0.8712410272159782,0.015847745798468222,0.839172276764451,0.897045065007825
OADMET-0005024,fake,1,-0.497129,-33.096428,5.568981,-2.692875,2.728,1.04,-30.717453,0.0,1,40,-30.717453,-26.249113650000005,2.411810398831928,7.649619999999999,0.015466999999997455,,,,,,,,,,0.60741109865664,0.6338140794671588,0.018902467241843156,0.5999583389646822,0.672474583207114
OADMET-0005027,fake,1,-14.335441,-28.432165,31.719706,-3.090122,1.334,0.54,-14.138021,0.0,1,80,-14.138021,-8.212666899999999,1.9143325476027886,12.357623,0.06002999999999936,,,,,,,,,,0.23766540433888336,0.235544563807902,0.038870014552388074,0.1658434758687275,0.31253262804389775
OADMET-0005028,fake,1,-0.132542,-31.195049,7.699721,-1.838303,5.478,2.08,-25.466171,0.0,1,42,-25.466171,-21.20401342857143,3.3093616238988446,12.188925,0.4407609999999984,,,,,,,,,,0.48428087574697654,0.49189356507814397,0.019226052590875068,0.4551171784789042,0.5264153935584844
OADMET-0005030,fake,1,-1.204845,-26.41201,3.213027,-3.659264,3.346,1.87,-28.063093,0.0,1,80,-28.063093,-23.676870674999996,2.9015290438214314,17.583394999999996,0.05729299999999782,,,,,,,,,,0.6537961083069478,0.6699768225414192,0.01909558979754346,0.6397439794382486,0.709202847643327
OADMET-0005046,fake,1,-8.772896,-25.799126,17.666399,-1.394219,0.729,0.36,-18.299843,0.0,1,42,-18.299843,-10.412175166666668,6.835733314388199,24.658020999999998,0.7097890000000007,,,,,,,,,,0.18701893532947422,0.15977910352390873,0.018898993125136487,0.1269283038402773,0.19675573333035065
OADMET-0005048,fake,1,-1.98498,-32.119473,4.210539,-1.52728,4.753,2.61,-31.421196,0.0,1,120,-31.421196,-24.868078908333327,3.0917705688544745,13.336320999999998,0.04707900000000009,,,,,,,,,,0.5111480168926522,0.52359327292871,0.02176854094169953,0.4849986839095288,0.5604210029204245
OADMET-0005050,fake,1,0.296804,-29.430262,8.224893,-3.189698,2.186,1.19,-24.098263,0.0,1,80,-24.098263,-21.470452562500004,2.4619429536399835,11.336231,0.14367899999999878,,,,,,,,,,0.5504305209180718,0.552059297041162,0.013867260551257586,0.5247473809936518,0.5762149961118215
OADMET-0003329,fake,1,-3.948201,-31.943142,8.301851,-2.318506,3.094,2.73,-29.907997,0.0,1,58,-29.907997,-20.656373431034478,5.653624460727599,19.554033000000004,0.18590300000000326,,,,,,,,,,0.5155591728734563,0.5323666450727681,0.027126518017784686,0.4774441888795811,0.5823275499794195
OADMET-0003332,fake,1,-0.302702,-36.832081,5.954318,-5.321937,3.198,1.79,-36.502399,0.0,1,18,-36.502399,-32.89615777777778,3.9994344663095514,12.417508999999995,0.07924599999999771,,,,,,,,,,0.9043988553622175,0.9167853492450074,0.013156061571726992,0.8867698652947358,0.9364972136716906
OADMET-0003333,fake,1,0.131764,-31.020218,7.719119,-3.398032,5.653,2.34,-26.567368,0.0,1,86,-26.567368,-19.267124348837214,4.130680006698641,17.854063999999997,0.02875799999999984,,,,,,,,,,0.6950665492018325,0.7018571306068176,0.013660694262222307,0.6764981433262016,0.7285428993954877
OADMET-0003335,fake,1,-1.943142,-31.069878,5.392941,-3.445865,6.265,2.93,-31.065945,0.0,0,26,-31.065945,-24.452289576923075,3.4186567244485975,12.019503,0.8683319999999988,,,,,,,,,,0.7375185703350516,0.7633415342673244,0.015177455683404988,0.7340124204848322,0.7860844352817019
OADMET-0003336,fake,1,0.096448,-27.305161,5.235534,-4.387706,2.274,1.15,-26.360886,0.0,1,12,-26.360886,-16.96764991666667,4.381515618099839,11.628933,0.0502129999999994,,,,,,,,,,0.7021298531998553,0.7177603461064348,0.019795210248804974,0.6832850716850011,0.7519161792327796
OADMET-0003339,fake,1,0.751958,-24.287365,6.855392,-0.09423,1.839,1.35,-16.774242,0.0,0,2,-16.774242,-16.6028515,0.24238276956190752,0.3427810000000022,0.3427810000000022,,,,,,,,,,0.13751140534721576,0.11711159719244575,0.014589372849731745,0.09071523285537952,0.14647485408674737
OADMET-0003342,fake,1,-4.280697,-27.464502,5.14804,-3.024064,4.703,1.77,-29.621223,0.0,1,12,-29.621223,-27.58505166666667,1.5473825595180422,4.3606370000000005,0.20378799999999941,,,,,,,,,,0.6328198813552534,0.6353193485025864,0.016798778295554997,0.6018611071176172,0.6651941424521732
OADMET-0003343,fake,1,3.095298,-27.648373,5.222617,-3.0986,3.185,1.48,-22.429058,0.0,1,2,-22.429058,-22.355664,0.10379479019681151,0.1467880000000008,0.1467880000000008,,,,,,,,,,0.5394392505585588,0.5507357925866524,0.014399722256513028,0.5253295548859455,0.5807963599978713
OADMET-0003346,fake,1,-9.241819,-29.415043,17.011026,-3.920467,6.67,3.47,-25.566301,0.0,1,96,-25.566301,-18.661551479166665,3.5906896704879703,17.131769,0.061444999999999084,,,,,,,,,,0.6516005486743838,0.6752881252007434,0.02554983145756379,0.6261272137586155,0.7202664516440792
OADMET-0003348,fake,1,-1.627956,-31.960979,6.092807,-3.675153,4.128,2.45,-31.17128,0.0,1,82,-31.17128,-27.34724669512195,3.9247476527296477,12.030784999999998,0.002805999999999642,,,,,,,,,,0.7403458502300716,0.7530704976947726,0.015805267258082935,0.7246840136817283,0.7785161456633409
OADMET-0003352,fake,1,-2.728596,-25.678782,5.509866,-3.368971,6.03,2.13,-26.266481,0.0,1,18,-26.266481,-20.53625072222222,6.668122481393533,26.986007999999998,0.3140269999999994,,,,,,,,,,0.6326461762487045,0.6539244413762326,0.01882009846749679,0.612443818577106,0.6859374590563576
OADMET-0003353,fake,1,-0.417239,-31.408186,9.085973,-3.697466,1.447,1.08,-26.436918,0.0,1,120,-26.436918,-23.062116591666665,3.7789153718811686,11.952246999999998,0.007001999999999953,,,,,,,,,,0.6187673345210413,0.6406210005871312,0.019792222697232992,0.5987683909718721,0.6749644324837207
OADMET-0003354,fake,1,6.085228,-27.822227,7.230897,-3.747804,3.643,2.11,-18.253906,0.0,0,114,-18.253906,-10.658218315789473,6.053117653990492,23.665680000000002,0.01397100000000151,,,,,,,,,,0.5850554487161083,0.5932841675374639,0.02473859061998952,0.5386749524447031,0.6427187552197073
OADMET-0003355,fake,1,0.536668,-25.648121,6.501667,-4.039269,3.311,1.8,-22.649055,0.0,0,24,-22.649055,-20.638994666666665,1.2195999720478796,3.6578920000000004,0.06610600000000133,,,,,,,,,,0.6271136804541482,0.6362810681001893,0.0169633820212857,0.6099019109703994,0.6658744606284168
OADMET-0003356,fake,1,-0.691601,-30.401144,5.40441,-3.97296,5.091,2.88,-29.661295,0.0,1,44,-29.661295,-27.18075297727272,2.143736060402975,7.799865999999998,0.49851199999999807,,,,,,,,,,0.7677616243045436,0.7763734333480744,0.016278849588777376,0.7432150123928372,0.8016044779745881
OADMET-0003357,fake,1,0.50158,-33.666233,5.936123,-4.145464,4.781,1.92,-31.373995,0.0,1,34,-31.373995,-24.292529764705883,2.221207664588671,9.444513,0.20491600000000076,,,,,,,,,,0.8158475217303877,0.8280887706996444,0.014449122021405213,0.8009149643703323,0.851522304832654
OADMET-0003360,fake,1,-0.484435,-26.290964,2.954495,-1.74174,5.258,1.5,-25.562643,0.0,1,80,-25.562643,-16.4243935625,5.632647116863856,22.344962000000002,0.6390400000000014,,,,,,,,,,0.44744091218327303,0.448806618233871,0.022344515961905228,0.40762633068920673,0.49719091122115644
OADMET-0003361,fake,1,-3.591964,-30.048477,14.138322,-2.181048,4.961,1.53,-21.683168,0.0,0,4,-21.683168,-21.18379625,0.5691940336003615,1.0888269999999984,0.02359899999999726,,,,,,,,,,0.41584811192378374,0.42010166122032183,0.022668644039533614,0.3716282101350551,0.4682656033427049
OADMET-0003363,fake,1,-1.181601,-24.136358,8.129432,-4.073462,6.335,2.59,-21.261988,0.0,1,2,-21.261988,-21.2539255,0.011402096846632254,0.016124999999998835,0.016124999999998835,,,,,,,,,,0.6588179944718396,0.6625638415913904,0.02151082024796419,0.6168083254457412,0.7063005155866279
OADMET-0003364,fake,1,-2.16431,-38.281502,4.45793,-3.475116,8.092,2.93,-39.462997,0.0,0,22,-39.462997,-38.1351714090909,2.547889918239884,8.981212000000003,0.06832500000000152,,,,,,,,,,0.8724637822832558,0.8934663874075872,0.014824439092437492,0.8651859960075436,0.9140013483198431
OADMET-0003366,fake,1,-12.761089,-24.860247,20.348402,-2.051351,7.772,3.16,-19.324287,0.0,1,88,-19.324287,-10.676527522727271,7.530526121754035,30.599744,0.1458010000000023,,,,,,,,,,0.3114924346493479,0.3170538168160925,0.030482905596937684,0.2555008607876756,0.3735227536965355
OADMET-0003369,fake,1,-4.146433,-29.401951,10.950172,-4.235902,3.264,1.62,-26.834114,0.0,0,44,-26.834114,-22.45457415909091,3.1853540494419863,10.812999999999999,0.05293299999999945,,,,,,,,,,0.696979073790707,0.7050909968500474,0.016470008869792163,0.6744834854246693,0.731821168276087
OADMET-0003370,fake,1,1.011646,-24.495033,5.594265,-3.117495,3.911,1.56,-21.006617,0.0,0,6,-21.006617,-19.061386499999998,2.6606007102792213,6.079769999999998,0.05648699999999707,,,,,,,,,,0.5093271077000957,0.5089000885409474,0.015164087374971706,0.4798981875440919,0.5354083398990866
OADMET-0003371,fake,1,-9.901349,-29.996576,22.212818,-1.360481,5.247,2.64,-19.045589,0.0,1,80,-19.045589,-13.1441831875,3.579937361980316,10.317687,0.21056899999999956,,,,,,,,,,0.23274424153100118,0.23798234732582293,0.028772359787364622,0.1817827643237421,0.29043741732850675
OADMET-0003372,fake,1,-10.847835,-21.669317,25.705015,-1.482606,2.103,0.74,-8.294742,0.0,1,8,-8.294742,-4.515780875,3.6356913737728234,7.565408,0.14096699999999984,,,,,,,,,,0.08958312466817513,0.0869376534553089,0.01642229166084429,0.06202179478514464,0.1268289978439812
OADMET-0003373,fake,1,-0.753154,-36.190701,5.620832,-3.239821,7.018,2.34,-34.562843,0.0,0,20,-34.562843,-29.68542494999999,6.750727335345752,20.288059,0.24164900000000245,,,,,,,,,,0.8054308083038405,0.828464874217218,0.017166432853954815,0.799277389481912,0.8617661836199464
OADMET-0003374,fake,1,-2.8664,-32.39209,8.630444,-1.71673,4.145,1.56,-28.344778,0.0,1,4,-28.344778,-27.19144825,1.7598039358010642,3.769617,0.2710550000000005,,,,,,,,,,0.4602032228560238,0.47803740773385095,0.01910250236296375,0.4454367239460776,0.5087851690570359
OADMET-0003375,fake,1,-0.45419,-25.378357,4.97343,-3.165102,3.967,1.87,-24.024218,0.0,1,16,-24.024218,-20.788031687500002,2.7817872064624147,10.249017000000002,0.19914699999999996,,,,,,,,,,0.5535275258952913,0.5592980256667088,0.013026389436658114,0.5342028318355351,0.5865659484718276
OADMET-0003377,fake,1,-1.800664,-28.705183,3.928858,-2.769497,4.771,2.64,-29.346487,0.0,1,82,-29.346487,-24.284599182926833,2.454595336555056,11.695988,0.028385000000000105,,,,,,,,,,0.6078760823351973,0.6239722221644234,0.016060056079298553,0.5943541491327898,0.6489834788698917
OADMET-0003378,fake,1,-0.080732,-24.808485,4.883035,-2.85502,3.102,2.34,-22.861202,0.0,1,4,-22.861202,-22.41597475,0.36761281197420614,0.8197019999999995,0.3010819999999974,,,,,,,,,,0.4602348588859339,0.4725999017341034,0.01906708865991559,0.43215725909513714,0.5128990626264599
OADMET-0003379,fake,1,-1.633183,-26.194788,5.25317,-2.404521,6.268,2.33,-24.979321,0.0,1,56,-24.979321,-20.631193660714285,2.8739402136634284,11.710327999999999,0.011543999999997112,,,,,,,,,,0.5192841063735475,0.5314023823965041,0.017168165541053212,0.49680778036228884,0.558261381022252
OADMET-0003749,fake,1,-7.424879,-10.441929,19.262796,-1.57246,0.0,0.0,-0.176472,0.0,0,40,-0.176472,0.8931392,0.8406662256705324,2.8391509999999998,0.06808499999999999,,,,,,,,,,0.041995665249057124,0.039524207245557164,0.009720346804111345,0.0267001387373305,0.059822831817083394
OADMET-0003750,fake,1,-1.026843,-19.439602,7.075629,-1.238961,0.0,0.0,-14.629776,0.0,0,40,-14.629776,-11.14041215,1.1876837401294482,5.05198,0.01797200000000032,,,,,,,,,,0.1426535722999578,0.12776977518874955,0.015409996366894453,0.10494137705806363,0.1560605061793363
OADMET-0003754,fake,1,-1.367966,-19.712168,2.579165,-1.759171,1.745,0.94,-20.260139,0.0,0,40,-20.260139,-18.439212275,1.0014045883882423,3.7591469999999987,0.11122999999999905,,,,,,,,,,0.2539825513525679,0.24702622130970353,0.02068138171932769,0.21208656399016787,0.2825595332601379
OADMET-0003755,fake,1,-0.797071,-19.759493,1.821955,-2.7654,0.927,0.91,-21.50001,0.0,0,40,-21.50001,-17.765801575,1.4587799515658646,5.160117,0.014451999999998577,,,,,,,,,,0.3757290888162977,0.3588584770724731,0.028159437550906486,0.3110053585551707,0.4167315542463891
OADMET-0003757,fake,1,-8.448114,-33.643177,25.077381,-1.982971,3.483,1.5,-18.996883,0.0,0,78,-18.996883,-14.486057576923077,3.37038162213462,18.340054000000002,1.3358670000000004,,,,,,,,,,0.29730676769318004,0.2967376359388321,0.0384658864009365,0.21715296383298804,0.3753621023582097
OADMET-0003758,fake,1,-2.940171,-32.058048,8.586049,-2.575954,6.449,3.37,-28.988125,0.0,1,52,-28.988125,-26.107025634615386,1.2325336527920459,7.61026,0.8726939999999992,,,,,,,,,,0.6306717247082061,0.6392898134984654,0.01960211689404773,0.6001104224208287,0.667861458633473
OADMET-0003759,fake,1,-10.261706,-25.710167,21.236824,-2.23805,0.0,0.0,-16.973101,0.0,0,40,-16.973101,-14.711106949999998,0.7662837671570886,3.4103209999999997,0.055593999999999255,,,,,,,,,,0.19578203359606253,0.19018395907463945,0.024314052387929594,0.14948236269603646,0.24253246327322156
OADMET-0003763,fake,1,-4.236404,-16.227383,9.232834,-2.14157,0.0,0.0,-13.372523,0.0,0,40,-13.372523,-12.017088724999999,1.0875732533006564,3.7050519999999985,0.18000099999999897,,,,,,,,,,0.1590990657669771,0.14843989775316327,0.018635185881069116,0.11459979033120765,0.1853929092170881
OADMET-0003765,fake,1,-17.514793,-11.08471,20.953623,1.131469,0.0,0.0,-6.514411,0.0,0,40,-6.514411,-2.2593680999999997,2.2167485189975165,7.849791,0.2681250000000004,,,,,,,,,,0.013745347805345934,0.011859795104674305,0.004074536282490846,0.006722028493657528,0.022848047150317276
OADMET-0003766,fake,1,-8.566682,-31.418833,24.02787,-1.84771,3.019,2.73,-17.805355,0.0,0,54,-17.805355,-11.847563481481481,4.08397760705833,18.144900999999997,0.13270199999999832,,,,,,,,,,0.24925796349383403,0.23881256742732201,0.03525951697622288,0.17400673721986643,0.31018040853452955
OADMET-0003768,fake,1,-3.129974,-21.692324,2.897799,-4.02702,0.402,0.37,-25.951519,0.0,0,80,-25.951519,-23.3581729375,1.8054030147633005,4.5361709999999995,0.003799000000000774,,,,,,,,,,0.5717356725137285,0.5732813821326606,0.036888138892216364,0.5086665774097106,0.6378055245559079
OADMET-0003770,fake,1,-4.095652,-24.632599,8.094379,-2.361746,0.57,0.27,-22.995617,0.0,0,24,-22.995617,-17.712134833333334,2.232291114649187,7.3421379999999985,0.17314899999999867,,,,,,,,,,0.3540835652988826,0.3301254328365983,0.019866972160523348,0.29245865793532505,0.3671998978609067
OADMET-0003771,fake,1,-19.360498,-26.252657,60.964287,0.816848,4.689,2.04,16.16798,0.0,0,80,16.16798,35.532487125,16.189464274025436,44.73848,0.13584900000000033,,,,,,,,,,0.006088217464937142,0.006744687345027193,0.005054637890085266,0.0016441699618527609,0.01923526845100113
OADMET-0003772,fake,1,2.514081,-34.83918,7.567965,-1.941699,5.303,2.38,-26.698835,0.0,0,8,-26.698835,-26.289294875,0.38579728455292484,1.1215969999999977,0.033032999999999646,,,,,,,,,,0.5537529586971132,0.5652730368914098,0.026911805470139896,0.5172937214440961,0.6216295246971083
OADMET-0003777,fake,1,-9.492441,-12.102654,3.822421,2.789941,1.784,1.78,-14.982731,0.0,0,40,-14.982731,-12.92463555,1.3806382278030236,4.4708939999999995,0.050927999999998974,,,,,,,,,,0.01633352252637245,0.014524933361135037,0.00461173732624288,0.00816822050074565,0.02542405305578677
OADMET-0003784,fake,1,-2.713377,-15.694785,3.90421,-1.412896,0.0,0.0,-15.916847,0.0,0,40,-15.916847,-13.355441775,1.2034494217201395,4.960567000000001,0.2017780000000009,,,,,,,,,,0.14652073260357557,0.13173001027437184,0.018430375171948083,0.10176391807818667,0.16517666347830923
OADMET-0001498,fake,1,-5.352992,-25.422327,5.964851,-3.024484,2.957,1.78,-27.834951,0.0,1,106,-27.834951,-25.52681683962264,2.5762201863300396,13.733709000000001,0.012444999999999595,,,,,,,,,,0.5393217095649693,0.5382003199490017,0.020922764613225054,0.4953484826998354,0.5731910778340803
OADMET-0001499,fake,1,-1.36095,-27.949585,7.257055,-2.851375,6.125,2.21,-24.904856,0.0,0,80,-24.904856,-21.131358787499998,2.787855920488127,11.167679999999999,0.3036770000000004,,,,,,,,,,0.5992172017451625,0.5955870240131262,0.01453368335181778,0.5687943908707485,0.6234287583856033
OADMET-0001503,fake,1,6.07131,-26.961399,7.29076,-3.709461,7.221,2.31,-17.30879,0.0,0,80,-17.30879,-12.019297749999998,5.36360827487037,16.188219999999998,0.028393999999998698,,,,,,,,,,0.6528907916713198,0.6553953514533272,0.03354187890027276,0.593109386109175,0.7189544111876376
OADMET-0001504,fake,1,-0.560486,-31.76745,4.410028,-5.139096,5.646,2.73,-33.057007,0.0,1,76,-33.057007,-26.814234657894737,3.2521478233182926,18.308965999999998,0.22048600000000107,,,,,,,,,,0.8832283524585227,0.8974420401563067,0.013594862489599195,0.8684927858979482,0.9155344525436424
OADMET-0001505,fake,1,-1.682071,-28.207052,8.514009,-4.726539,3.645,2.64,-26.101654,0.0,0,80,-26.101654,-24.6012478125,0.7872098850440495,3.6715809999999998,0.2817609999999995,,,,,,,,,,0.746250514011268,0.7571055330914629,0.020986802151700547,0.7160090472408622,0.7934594960679369
OADMET-0001509,fake,1,-3.743544,-23.450377,5.02877,-2.871582,0.789,0.77,-25.036732,0.0,0,80,-25.036732,-21.255364337499998,2.276787923230444,8.212487,0.08693300000000193,,,,,,,,,,0.4388811584485583,0.42323056374660867,0.02478879381977368,0.3750111090208014,0.4681210556766442
OADMET-0001510,fake,1,-3.774956,-20.750864,6.614771,-1.408148,0.021,0.01,-19.319197,0.0,0,40,-19.319197,-17.276795,0.5734324217098299,2.5794449999999998,0.1509079999999976,,,,,,,,,,0.18505303313471141,0.17153905254460797,0.01794065949437761,0.14167877846626345,0.20681078444151946
OADMET-0001511,fake,1,-4.167549,-31.075031,9.675536,-3.814007,4.102,1.79,-29.38105,0.0,0,112,-29.38105,-22.951604535714285,5.7386952427660125,25.103593999999998,0.007312999999999903,,,,,,,,,,0.7049656571245855,0.723518489219184,0.01419179479047753,0.6969224720054997,0.7494799799107401
OADMET-0001512,fake,1,-2.181239,-26.418964,7.721172,-0.999126,6.322,2.46,-21.878159,0.0,0,120,-21.878159,-18.978851425000002,2.1861316976361254,8.752119,0.025293999999998817,,,,,,,,,,0.3118165470244167,0.30497955513953473,0.020988408484969037,0.26599377622575315,0.34385497112857394
OADMET-0001517,fake,1,-3.719116,-32.134876,6.74667,-4.127048,4.051,2.39,-33.234371,0.0,0,118,-33.234371,-25.057545576271185,5.951398306964378,29.810219000000004,0.07766700000000526,,,,,,,,,,0.7866878742744069,0.8036503312710398,0.017133618276008837,0.7749529824100269,0.8299643720673561
OADMET-0001518,fake,1,-4.452585,-21.992374,3.84046,-2.928585,0.732,0.67,-25.533085,0.0,0,80,-25.533085,-22.1690902625,2.0840562313273603,7.1165829999999985,0.11387299999999811,,,,,,,,,,0.4265624117881663,0.4237681332284609,0.03003627481968554,0.3672806356725344,0.4790463868767901
OADMET-0001519,fake,1,-5.03664,-26.236935,6.99903,-1.897149,3.666,2.39,-26.171694,0.0,0,80,-26.171694,-23.0013620125,2.9894524514026144,12.979911,0.425298999999999,,,,,,,,,,0.395342226644044,0.38874531892538955,0.018381939961866215,0.35230416136824366,0.41962146822257224
OADMET-0001524,fake,1,-0.898086,-30.979111,6.43088,-1.385571,9.702,2.31,-26.831888,0.0,0,56,-26.831888,-22.54916275,3.159050791594026,15.960783,0.00414999999999921,,,,,,,,,,0.567327633624043,0.5605077338463392,0.0438086184637102,0.48625882020597844,0.6449436631462395
OADMET-0001526,fake,1,-0.382878,-23.777699,6.990498,-3.831454,5.001,2.64,-21.001534,0.0,0,8,-21.001534,-19.26218425,1.2953398762691863,4.1188590000000005,0.5709820000000008,,,,,,,,,,0.6000241930168871,0.6013732893369536,0.020452745599000195,0.5629264860621184,0.642005332718185
OADMET-0001527,fake,1,-1.855872,-27.154812,5.496724,-2.912374,2.795,1.59,-26.426334,0.0,0,48,-26.426334,-22.50929314583333,1.4974780998769726,12.49977,1.4821410000000022,,,,,,,,,,0.535662403969858,0.5385466250711313,0.012311181547961634,0.5175118908832145,0.5637266501525886
OADMET-0001530,fake,1,0.307898,-30.34219,6.564683,-4.067911,3.685,2.73,-27.537519,0.0,0,80,-27.537519,-25.502393612499997,1.9624451372198173,6.170869,0.102958000000001,,,,,,,,,,0.7270679773881655,0.7371942259562797,0.01955597822972419,0.6962543567081823,0.7722406536609318
OADMET-0001531,fake,1,-2.487602,-21.684143,3.724571,-0.387461,4.538,2.64,-20.834635,0.0,0,80,-20.834635,-16.583307025,1.4592020177258318,6.561052999999999,0.6991329999999998,,,,,,,,,,0.1874230328842622,0.17946986128326,0.019796439728416822,0.14660055319736703,0.21461677586192351
OADMET-0001533,fake,1,-2.050798,-28.144365,5.229618,-3.520256,6.101,1.62,-28.485802,0.0,1,80,-28.485802,-23.2744226,3.0881355404660527,13.22662,1.0976970000000001,,,,,,,,,,0.7127146846259899,0.7265087431967049,0.020487615704823502,0.6889031208741069,0.7700041013719624
OADMET-0001537,fake,1,-4.348434,-29.999184,5.564396,-3.65662,2.096,1.22,-32.439842,0.0,0,94,-32.439842,-27.890353138297876,3.2224099707497738,16.858579,0.07470699999999653,,,,,,,,,,0.6961107637632412,0.7052573154963144,0.021702370960412068,0.6698713137699948,0.7421011631781655
OADMET-0001539,fake,1,-2.380333,-29.742632,10.036539,-2.902029,4.01,2.39,-24.988457,0.0,0,80,-24.988457,-20.672002637499997,1.51175703265125,7.1223220000000005,0.1898920000000004,,,,,,,,,,0.5448762701202073,0.5474548596238777,0.012626649262788975,0.5189366388229768,0.5714258484578217
OADMET-0001540,fake,1,-3.607306,-21.820278,8.803603,-3.238404,10.13,4.05,-19.862385,0.0,0,40,-19.862385,-16.03999255,1.932043969181157,5.554449,0.15340399999999832,,,,,,,,,,0.5621288801595344,0.5896593572998601,0.03817312262536813,0.5204516974375728,0.6702387021926083
OADMET-0001542,fake,1,-2.726466,-20.897947,3.665652,-1.773908,2.595,2.4,-21.732668,0.0,0,80,-21.732668,-17.2421184875,2.03169983096221,11.043051,0.7751620000000017,,,,,,,,,,0.28147828295499716,0.27264002988056824,0.024748486947607774,0.22074097448079663,0.31675006562042257
OADMET-0001544,fake,1,-1.187566,-28.299335,6.724934,-2.440385,2.015,1.15,-25.202353,0.0,0,64,-25.202353,-22.0513913125,1.6983078453466545,7.708604999999999,0.1431369999999994,,,,,,,,,,0.44489686346185103,0.45221349038643405,0.012167778408030261,0.42707827222846534,0.4749314267931597
OADMET-0001545,fake,1,-2.004953,-24.485086,8.814352,-2.025601,1.172,1.16,-19.701288,0.0,0,80,-19.701288,-16.8237282125,0.8427068856375742,4.842620000000002,0.09577700000000178,,,,,,,,,,0.2901738660112971,0.2679911097390678,0.014948366247820408,0.24111242131968275,0.29691767063042374
OADMET-0001547,fake,1,-4.575158,-25.880171,10.795477,-3.802542,5.393,2.64,-23.462395,0.0,0,80,-23.462395,-19.8829989875,2.559873706125751,9.837965,0.46336200000000005,,,,,,,,,,0.6072858099151545,0.6241626304357804,0.016578143975248004,0.590003511537236,0.6572950782804248
OADMET-0001549,fake,1,-2.712759,-28.379482,6.182228,-3.586688,7.183,2.73,-28.4967,0.0,0,80,-28.4967,-24.751826775,1.2856386208634485,5.629396,0.3475989999999989,,,,,,,,,,0.7277031437397027,0.7450217025085366,0.017314443316602774,0.7099874111551798,0.7769590194327045
OADMET-0001550,fake,1,-2.026352,-28.33935,3.700688,-3.868116,9.029,3.75,-30.533129,0.0,1,120,-30.533129,-26.764148483333333,2.710264135319249,16.331681,0.05414999999999992,,,,,,,,,,0.8078100088821181,0.8236623705813977,0.02049042802645259,0.7826899920909368,0.8595637334249486
OADMET-0001553,fake,1,-1.980434,-26.013853,5.239057,-2.265829,6.1,2.73,-25.021059,0.0,0,34,-25.021059,-18.234068264705883,4.255626073905519,20.020354,2.8058189999999996,,,,,,,,,,0.4972348435410276,0.5025803981139386,0.016535089291525414,0.47119957362932635,0.5351734107401043
OADMET-0003277,fake,1,0.15084,-27.922272,7.0143,-2.408652,5.295,2.39,-23.165783,0.0,1,12,-23.165783,-20.467370499999998,3.6547115051490233,13.478031000000001,0.006728999999999985,,,,,,,,,,0.501873350113437,0.4995571300015641,0.01231228501125702,0.4769630283091022,0.5204242869724498
OADMET-0003282,fake,1,-0.925977,-25.041929,2.418224,-3.178656,2.441,1.0,-26.728338,0.0,1,40,-26.728338,-22.7049258,1.2428017153139896,5.312887,0.09190500000000057,,,,,,,,,,0.562817804810107,0.5691177852791864,0.021766513109601846,0.5289688909563681,0.60925375619779
OADMET-0003285,fake,1,-7.687366,-35.323013,20.886738,-2.973982,3.93,2.4,-25.097624,0.0,0,72,-25.097624,-20.082100875,2.9510473679327935,12.547908,0.8599339999999991,,,,,,,,,,0.5366560898287002,0.5387597583214608,0.036678685817151335,0.47489652317080083,0.608885620519278
OADMET-0003286,fake,1,-2.090597,-25.872147,6.190787,-2.014894,4.355,2.06,-23.786852,0.0,1,84,-23.786852,-17.031835154761904,4.463496224825596,22.066831999999998,1.2796839999999996,,,,,,,,,,0.4122836958527076,0.4064413550242138,0.010753864407332865,0.38951062482737575,0.427326007351164
OADMET-0003288,fake,1,-0.641768,-30.821404,8.069913,-3.253943,2.482,2.15,-26.6472,0.0,1,2,-26.6472,-26.594001,0.07523474730468785,0.10639800000000221,0.10639800000000221,,,,,,,,,,0.5962308780673314,0.603997117440013,0.019211075212860643,0.5704130861383726,0.6365251591701446
OADMET-0003289,fake,1,0.687286,-27.461937,3.546341,-2.396977,3.014,0.93,-25.625286,0.0,1,4,-25.625286,-24.500087750000002,1.21377112484531,2.1755999999999993,0.15078899999999962,,,,,,,,,,0.492650232572084,0.4952901191539595,0.016820689543499277,0.4620670302726283,0.5304989440375172
OADMET-0003293,fake,1,-0.067998,-34.485031,7.853598,-4.848179,3.165,1.08,-31.547609,0.0,1,12,-31.547609,-21.96448225,6.670947975521894,18.554591000000002,0.540180000000003,,,,,,,,,,0.8405823154965469,0.8568819050847744,0.01638878241666356,0.8190035426961322,0.8825925294263449
OADMET-0003294,fake,1,-0.067625,-27.346638,5.322341,-3.948793,0.224,0.18,-26.040716,0.0,1,48,-26.040716,-24.129757104166668,1.6073768045044394,6.592168999999998,0.002268000000000825,,,,,,,,,,0.6126444865547859,0.6210793993194477,0.026412509602642124,0.5798264252710473,0.6674312920803398
OADMET-0003295,fake,1,0.371698,-34.226398,9.286747,-3.659316,3.53,1.79,-28.22727,0.0,0,12,-28.22727,-19.594905416666666,6.964560617751175,22.774895,2.976320000000001,,,,,,,,,,0.7077086056239058,0.7272255162406803,0.01757079924884392,0.6942615219099991,0.7549998326303359
OADMET-0003296,fake,1,-2.223602,-25.167339,3.361498,-2.851398,2.304,0.97,-26.880842,0.0,1,40,-26.880842,-26.314651125,0.3827631265531972,1.3251039999999996,0.03264400000000123,,,,,,,,,,0.5099847631568447,0.5159228717159231,0.020512004842691844,0.47862494814957696,0.5524225342661419
OADMET-0003298,fake,1,-0.963529,-29.882601,4.723456,-3.261893,4.572,2.49,-29.384565,0.0,1,80,-29.384565,-27.294657975,1.3883514823557714,6.730374999999999,0.13738799999999785,,,,,,,,,,0.6739970350331901,0.6902805677807174,0.014105541057208192,0.6614119118553383,0.7135810698613565
OADMET-0003303,fake,1,-2.064077,-34.329445,3.917774,-4.265337,0.845,0.63,-36.741085,0.0,1,38,-36.741085,-34.79283555263158,1.9669856888501043,6.103772999999997,0.07175799999999555,,,,,,,,,,0.8242786158290709,0.8253713459552524,0.022499095477978223,0.7844830166100251,0.8626602703416234
OADMET-0003305,fake,1,1.060129,-32.441902,8.21021,-3.079096,2.474,1.5,-26.250658,0.0,0,68,-26.250658,-22.32807132352941,3.7918036217035787,11.136421000000002,0.0050370000000015125,,,,,,,,,,0.6007493574870701,0.6048794109198443,0.01770665463388033,0.571765840137084,0.6398198694151359
OADMET-0003308,fake,1,-2.115109,-28.699455,4.228286,-3.127857,5.004,1.56,-29.714134,0.0,1,52,-29.714134,-27.593763480769233,2.1094283993974132,8.813232000000003,0.03539800000000071,,,,,,,,,,0.6666660262030084,0.6818796656183467,0.01737970662227073,0.6529452608696912,0.7193420072292304
OADMET-0003312,fake,1,-1.45162,-32.93502,8.748122,-1.984683,3.878,2.39,-27.623203,0.0,1,40,-27.623203,-20.446324550000003,4.38764003164749,14.546898,0.7160909999999987,,,,,,,,,,0.5041289994874681,0.5017088483310841,0.02067689915902294,0.4620573252684774,0.5431396290696938
OADMET-0003313,fake,1,-2.261204,-26.153,5.632982,-3.213938,4.903,2.34,-25.995159,0.0,0,56,-25.995159,-22.059657464285717,2.6570518793320126,11.768104000000001,0.03495200000000054,,,,,,,,,,0.5922978060728226,0.6082543848620161,0.013895307394841022,0.577786693934504,0.6368256311542841
OADMET-0003314,fake,1,0.867016,-25.343836,4.061648,-4.242599,6.722,2.76,-24.657772,0.0,1,8,-24.657772,-20.268882875,3.830882768605036,12.332019,0.011390999999999707,,,,,,,,,,0.7415165496621974,0.7579870304871974,0.02122080255581493,0.7138608291312553,0.8001595969943153
OADMET-0003315,fake,1,1.790367,-31.393688,8.607318,-2.884898,6.441,2.88,-23.880901,0.0,1,42,-23.880901,-21.081247904761902,1.110340648435992,6.6884000000000015,0.2322330000000008,,,,,,,,,,0.6115295119229646,0.6316324034054328,0.020778516625492096,0.5920413856752951,0.6648596292164253
OADMET-0003316,fake,1,-2.82615,-27.720291,7.538728,-1.951633,3.764,1.67,-24.959345,0.0,1,20,-24.959345,-19.3588464,3.947946311520545,17.130547999999997,0.7051219999999994,,,,,,,,,,0.41016797934755894,0.4104051154255732,0.009401425749170297,0.393610247924999,0.4306478407859413
OADMET-0003317,fake,1,-2.992276,-28.074787,8.666623,-1.054078,3.933,2.73,-23.454517,0.0,0,82,-23.454517,-19.833747048780484,3.2787804552964164,12.2935,0.025489000000000317,,,,,,,,,,0.2868039261736456,0.28122556024658435,0.020870741433599106,0.24306571388475057,0.3143227599772276
OADMET-0003318,fake,1,0.078002,-28.717594,5.242437,-3.921792,3.199,2.64,-27.318947,0.0,1,18,-27.318947,-13.809107888888889,7.6745976087510845,27.284104000000003,2.965071000000002,,,,,,,,,,0.675843251765016,0.6999319795529658,0.021799508572831073,0.6567975407241887,0.7425696039815195
OADMET-0003319,fake,1,7.046686,-24.697367,4.118451,-3.88833,5.234,2.43,-17.420561,0.0,1,10,-17.420561,-12.220338100000001,3.8184856222597934,11.258284999999999,1.7284220000000001,,,,,,,,,,0.6267940882663608,0.6252122916792547,0.02861436264240109,0.5667360379521937,0.6800854254956258
OADMET-0003320,fake,1,-1.915218,-36.395573,6.3513,-4.147384,4.681,2.98,-36.106876,0.0,1,106,-36.106876,-30.798521141509433,3.301193782757211,13.679614999999998,0.5433039999999991,,,,,,,,,,0.8493905040451716,0.8619055053416327,0.016767037302668323,0.8292647148851947,0.8874960305207952
OADMET-0003323,fake,1,-2.229181,-32.388374,4.282736,-3.03459,2.457,1.32,-33.369408,0.0,0,40,-33.369408,-32.723780475,0.41043058397748816,1.7246099999999984,0.032569999999999766,,,,,,,,,,0.6667578447130672,0.6885223562070983,0.019547633428693978,0.6560640808257404,0.7254041450613128
OADMET-0003324,fake,1,0.191295,-33.31432,6.747344,-4.248602,2.928,2.73,-30.624283,0.0,1,34,-30.624283,-23.460008294117646,1.9291378170618008,9.711322999999997,0.11503599999999992,,,,,,,,,,0.7736910429533733,0.7897012568962148,0.02202689948901246,0.7448326220264927,0.8254674440214739
OADMET-0003326,fake,1,-2.47082,-27.808159,5.536797,-2.854326,0.887,0.88,-27.596508,0.0,1,8,-27.596508,-23.305504749999997,3.3650820973380537,9.042192,0.5914900000000003,,,,,,,,,,0.5164465522955449,0.5049277703768973,0.020771826614471904,0.46714009326673883,0.5498341728756689
OADMET-0003327,fake,1,-1.417041,-25.15275,4.045946,-1.988338,7.555,2.47,-24.512182,0.0,1,80,-24.512182,-20.471049825,3.4040301347963733,13.548770999999999,0.12102300000000099,,,,,,,,,,0.48288988794648274,0.4994098507952684,0.027063883820950686,0.4496214043906202,0.5447309953496137
OADMET-0003328,fake,1,-10.351189,-30.955248,21.53174,-2.234383,1.08,0.48,-22.009077,0.0,1,32,-22.009077,-14.566917250000001,8.153840257699958,35.664881,0.36034599999999983,,,,,,,,,,0.32040083783734746,0.29355957975273445,0.031841850736680055,0.23893657818955963,0.3563480728419788
OADMET-0002765,fake,1,0.190038,-27.068539,5.868957,-3.938054,1.222,1.16,-24.947598,0.0,0,2,-24.947598,-24.689568,0.36490952549912936,0.5160599999999995,0.5160599999999995,,,,,,,,,,0.6122516732911836,0.6199871505389717,0.020827305768601468,0.5907301453114016,0.6625756380364854
OADMET-0002766,fake,1,-3.273219,-33.008354,5.491889,-2.426436,4.579,1.47,-33.216122,0.0,1,80,-33.216122,-31.8373474375,1.0714490317274512,3.0033589999999997,0.010486999999997693,,,,,,,,,,0.6440878222919656,0.6615883068994716,0.019252122924444556,0.6301525997099928,0.7052509188851609
OADMET-0002768,fake,1,-0.757471,-30.694389,4.688009,-3.532485,2.383,1.03,-30.296337,0.0,1,36,-30.296337,-21.18917561111111,3.439751257967208,13.395628000000002,0.4190000000000005,,,,,,,,,,0.6946432871089638,0.6992098843403798,0.017802758405781136,0.6726453457524497,0.7298369092968919
OADMET-0002769,fake,1,0.852364,-30.029001,7.645983,-4.551507,7.936,3.28,-26.082163,0.0,1,68,-26.082163,-21.791349911764705,3.997470364738803,16.16892,0.25288400000000166,,,,,,,,,,0.8039084887487015,0.834348930416107,0.01741387422547093,0.8019628241527885,0.866285808056681
OADMET-0002771,fake,1,-0.125381,-31.635181,11.39767,-2.619271,4.279,1.59,-22.982162,0.0,0,12,-22.982162,-15.114530499999999,6.6102208544667675,16.029294999999998,0.0061029999999995255,,,,,,,,,,0.5088826458376112,0.5211023905950316,0.020355017720455885,0.4839112037022018,0.5570436942698391
OADMET-0002772,fake,1,0.397462,-28.424931,3.584202,-4.271904,2.667,1.17,-28.71517,0.0,1,56,-28.71517,-22.239493660714285,2.6177622054255933,14.406773000000001,0.06681599999999932,,,,,,,,,,0.7381894227929896,0.7542069850591681,0.019052217860099526,0.7253612131168199,0.7861895382218231
OADMET-0002774,fake,1,1.17627,-29.238594,5.24217,-5.164164,4.241,1.47,-27.984318,0.0,1,44,-27.984318,-24.976317863636368,0.9962452672810951,4.708076999999999,0.003865999999998593,,,,,,,,,,0.8344213484824085,0.8485628293120356,0.016696476733140828,0.8166207502659388,0.8780570574763651
OADMET-0002775,fake,1,-0.53571,-28.466871,5.450899,-3.195614,3.059,1.56,-26.747295,0.0,1,80,-26.747295,-23.9425603625,2.9352378145082723,18.460424000000003,0.03844000000000136,,,,,,,,,,0.5940583112325459,0.6060235048016692,0.011466718247131458,0.5893017734337067,0.6283979055353811
OADMET-0002776,fake,1,0.227567,-32.19841,6.812723,-4.593933,3.223,1.65,-29.752054,0.0,1,14,-29.752054,-22.803884071428573,5.007091948965579,14.082971,1.1696489999999997,,,,,,,,,,0.7996056034300566,0.814867438752123,0.016013154512404343,0.7766847519025347,0.8397343989989637
OADMET-0002777,fake,1,-1.475338,-34.540283,9.163568,-3.087527,3.366,2.33,-29.939579,0.0,1,16,-29.939579,-24.548106125,4.1898225977899015,10.108487999999998,0.6251259999999981,,,,,,,,,,0.6586565381482036,0.6717628030793142,0.020602831512713228,0.6363073111370581,0.7082490893395449
OADMET-0002778,fake,1,-1.829429,-29.352076,3.92244,-4.159908,3.473,1.28,-31.418974,0.0,1,48,-31.418974,-26.66585491666666,2.2388217402898,13.074143,0.4981289999999987,,,,,,,,,,0.7683190938460385,0.7821376254636009,0.01837171534777783,0.7551882105168773,0.8158247931867803
OADMET-0002779,fake,1,-10.627805,-36.139294,24.819908,-3.174474,3.953,1.57,-25.121662,0.0,1,50,-25.121662,-21.673555179999997,4.042728497634572,16.551885,0.23346100000000192,,,,,,,,,,0.530890903147102,0.5489168028628767,0.04305328204400726,0.4606961387530314,0.6188148709487177
OADMET-0002780,fake,1,1.277549,-28.174471,6.350957,-4.20353,4.774,3.51,-24.749493,0.0,1,40,-24.749493,-23.477795649999997,1.1286842229751202,2.9564400000000006,0.18402900000000244,,,,,,,,,,0.6959430631732406,0.7261729628248019,0.025362236458009783,0.6751166221577863,0.7663536033897757
OADMET-0002781,fake,1,-0.091393,-36.168636,6.619891,-3.59061,2.625,1.04,-33.230747,0.0,1,54,-33.230747,-30.67813127777778,2.347621022481168,9.442894000000003,0.006008000000001346,,,,,,,,,,0.7640346405570869,0.7785089833046425,0.02002801402177739,0.7387527120223498,0.8169817393632134
OADMET-0002782,fake,1,-9.907415,-29.943125,19.709719,-1.773934,7.977,3.5,-21.914757,0.0,1,50,-21.914757,-15.774678379999997,6.6265938514900045,28.300682000000002,0.16579100000000224,,,,,,,,,,0.3692763984040677,0.3800086568303421,0.03394448525861016,0.31889192516294107,0.4335320024983068
OADMET-0002783,fake,1,0.525573,-31.056068,7.76076,-4.884643,4.588,2.64,-27.654377,0.0,1,42,-27.654377,-27.192410809523807,0.3911517792065512,1.6937390000000008,0.012040999999999968,,,,,,,,,,0.8214136038821307,0.8285101862038128,0.01632122501728278,0.7946628255945837,0.8530022539936185
OADMET-0002784,fake,1,-1.017512,-26.489742,3.601895,-3.501904,1.053,0.34,-27.407265,0.0,1,80,-27.407265,-23.68003375,1.6295133837829656,8.00911,0.5965689999999988,,,,,,,,,,0.5982367357602042,0.5971566254907326,0.025316561371930696,0.5547916183742324,0.6404933854201227
OADMET-0002785,fake,1,1.186543,-27.544893,3.24909,-3.209257,6.901,2.31,-26.318518,0.0,1,34,-26.318518,-21.26885688235294,4.008102559242509,12.596214000000002,0.1577629999999992,,,,,,,,,,0.6871426986603714,0.6972590440835599,0.02110255731885672,0.658148945820623,0.7344898900837797
OADMET-0002786,fake,1,0.004755,-29.41048,4.152804,-3.601537,5.385,2.89,-28.854458,0.0,1,80,-28.854458,-25.851697587499995,1.5532566829385634,5.851242000000003,0.017552999999999486,,,,,,,,,,0.7186828965515843,0.7376373223019397,0.016282030044986837,0.7056809166810631,0.7639295784861597
OADMET-0002788,fake,1,-2.066362,-36.329967,6.003113,-3.983933,4.434,1.87,-36.377148,0.0,1,108,-36.377148,-27.816473462962964,4.841387590664805,21.278005,0.3914040000000014,,,,,,,,,,0.8391049955883426,0.8551147691376362,0.015245937986309088,0.8235964738124255,0.8829324096198053
OADMET-0002789,fake,1,1.235814,-32.775757,7.00404,-3.676073,7.334,2.16,-28.211975,0.0,1,12,-28.211975,-20.117501166666667,5.382871400842657,15.656467999999998,0.0037400000000005207,,,,,,,,,,0.7917172333917019,0.7985591500625305,0.019521453972550767,0.7632342950787951,0.841694434693333
OADMET-0002791,fake,1,2.719014,-24.678137,3.219157,-3.669765,2.858,1.83,-22.409729,0.0,1,6,-22.409729,-20.680301999999998,1.2988800779761003,3.1444779999999994,0.22245599999999754,,,,,,,,,,0.5730578969335453,0.5899217987288964,0.020404074146050298,0.555721403166203,0.6371564214164643
OADMET-0002795,fake,1,1.116043,-32.875164,7.041241,-2.787124,4.958,2.4,-27.505005,0.0,1,54,-27.505005,-22.393386462962958,4.6444177662031585,18.300264,0.1670480000000012,,,,,,,,,,0.6376203777156272,0.649324190302012,0.01599509474499641,0.6233031558325532,0.6789589352903316
OADMET-0002796,fake,1,-2.050034,-34.070854,6.537811,-2.808055,7.807,2.64,-32.391132,0.0,1,16,-32.391132,-26.6912320625,5.810667582925499,23.229613999999998,0.16992499999999922,,,,,,,,,,0.7582875511510716,0.7648855304626195,0.01976483476590423,0.7234147640934108,0.8007141932664872
OADMET-0002798,fake,1,1.445674,-36.470684,8.472509,-2.715959,2.33,1.06,-29.268459,0.0,1,32,-29.268459,-24.41426365625,2.689698217023428,9.749967000000002,0.11437600000000003,,,,,,,,,,0.619545838385042,0.6369320071561887,0.026898093099857873,0.5861011245241269,0.6907193633685688
OADMET-0002799,fake,1,-5.71818,-34.14856,6.522495,-2.983905,2.927,1.46,-36.328148,0.0,0,50,-36.328148,-29.80527638,2.5979848756012442,11.496911999999998,0.09135099999999596,,,,,,,,,,0.706062820490459,0.7179103240648841,0.02241595654164157,0.6748117306384658,0.7606444472387058
OADMET-0002801,fake,1,-1.786923,-27.076864,4.545087,-2.606986,4.504,1.59,-26.925684,0.0,1,22,-26.925684,-22.66000313636363,2.7419652586389183,10.770716,0.4364050000000006,,,,,,,,,,0.5478526853583877,0.5543787538757813,0.01401611866983979,0.5273744050028838,0.5827954894841468
OADMET-0002802,fake,1,-0.918859,-30.416786,3.863271,-3.502094,4.1,2.64,-30.97447,0.0,1,32,-30.97447,-18.224853843749997,7.021867407935167,30.053351,0.23929000000000045,,,,,,,,,,0.7095505118160462,0.7299619000240797,0.018133627879273993,0.6942517601469109,0.7598763547066916
OADMET-0002803,fake,1,-1.174759,-30.842054,11.02354,-3.72506,5.304,2.89,-24.718334,0.0,1,80,-24.718334,-20.822299975,1.6814517177022348,6.977879999999999,0.007231999999998351,,,,,,,,,,0.6725616631945153,0.6859082643724824,0.017140778102524453,0.651254574971248,0.715452717493289
OADMET-0002806,fake,1,-3.499202,-34.477486,8.610332,-2.146082,5.522,3.8,-31.512438,0.0,0,80,-31.512438,-27.217616449999998,3.9374899902142473,9.410744000000001,0.0027939999999979648,,,,,,,,,,0.5878731668702142,0.6118744871883011,0.03191343673917227,0.5459843148842635,0.6679208162190672
OADMET-0002807,fake,1,-1.701392,-29.331697,4.775023,-1.45907,4.191,1.68,-27.717136,0.0,1,40,-27.717136,-25.489648975,0.9899002631122317,3.8264460000000007,0.6331589999999991,,,,,,,,,,0.4328421996583054,0.42798854436958017,0.016114296458427553,0.401702511002095,0.45850534484971783
OADMET-0002809,fake,1,0.700704,-30.223557,3.87483,-4.17534,3.632,1.87,-29.823362,0.0,1,40,-29.823362,-28.455157025000005,0.9930616955807776,4.402767000000001,0.002238999999999436,,,,,,,,,,0.7662868359124818,0.7832523120020334,0.01590314148910291,0.7540997547006243,0.8100420667643315
OADMET-0002810,fake,1,-2.854078,-27.987354,4.966514,-2.589113,5.88,2.31,-28.464033,0.0,1,36,-28.464033,-27.138035333333335,0.47757099468773095,1.9191380000000002,0.12458600000000075,,,,,,,,,,0.5952731822158004,0.6046363522312594,0.014859725220008942,0.5747817156489785,0.6324529565243672
OADMET-0002811,fake,1,-1.58392,-41.035469,11.016793,-4.15028,4.696,1.24,-35.752876,0.0,1,2,-35.752876,-35.684053500000005,0.09732971289642171,0.13764499999999913,0.13764499999999913,,,,,,,,,,0.8613342405597124,0.8787977966225722,0.018017244202446187,0.8439360953503844,0.914575183818957
OADMET-0002812,fake,1,1.034999,-20.274681,10.271045,-3.591285,7.97,2.08,-12.559922,0.0,1,8,-12.559922,-10.771956,1.4017206154155177,4.349223,0.7392859999999999,,,,,,,,,,0.47873918245367486,0.4978070873026954,0.043148695925475995,0.4215884212439962,0.5719030760570987
OADMET-0002815,fake,1,-1.659259,-31.016689,6.484117,-3.861959,5.532,2.88,-30.053791,0.0,1,70,-30.053791,-25.21157402857143,3.894228369850401,13.618092,0.05727800000000016,,,,,,,,,,0.7702811161980647,0.7759387460011127,0.015117952416642351,0.747324607518498,0.799301727670304
OADMET-0005213,fake,1,-0.890953,-29.06682,7.333174,-3.850124,5.144,2.13,-26.474724,0.0,1,70,-26.474724,-23.715800257142863,1.4179511758765024,6.041021999999998,0.011315999999997217,,,,,,,,,,0.7058741494265613,0.7208062069101243,0.013115913461005544,0.6951925985653387,0.7450712133648841
OADMET-0005214,fake,1,-0.493356,-32.403713,7.407669,-1.403608,4.381,1.34,-26.893007,0.0,1,12,-26.893007,-24.40306908333333,1.592328213495085,4.85943,0.13967500000000044,,,,,,,,,,0.428630359342182,0.44277147118602833,0.024365414506675436,0.3998647823133748,0.4843001082787957
OADMET-0005218,fake,1,-0.853202,-30.117958,7.775155,-2.54691,6.339,2.39,-25.742916,0.0,1,80,-25.742916,-21.2353786875,2.5827950158996287,17.517878000000003,0.8423820000000006,,,,,,,,,,0.5815545786677249,0.5934834301661928,0.01595602993519095,0.5641840595433101,0.6213088720446579
OADMET-0005220,fake,1,-0.022529,-21.228941,3.257326,-2.573061,1.77,1.37,-20.567204,0.0,1,2,-20.567204,-20.563183000000002,0.005686552734301975,0.00804199999999966,0.00804199999999966,,,,,,,,,,0.36191602183649874,0.3524593857087982,0.021401122061571014,0.31597715894785566,0.3962385690681648
OADMET-0005221,fake,1,-0.699606,-32.704365,8.624555,-4.211661,2.508,1.43,-28.991077,0.0,1,2,-28.991077,-28.744436,0.348803047237263,0.49328200000000066,0.49328200000000066,,,,,,,,,,0.7384631660106683,0.7581888907822671,0.01767829929550198,0.7182480749805121,0.7848291313333621
OADMET-0005222,fake,1,-2.33687,-22.817514,4.763987,-2.842471,5.214,2.03,-23.232868,0.0,1,12,-23.232868,-20.14406975,2.9786143289148312,9.154335,0.019175999999998083,,,,,,,,,,0.5033348708805305,0.5040028542259624,0.020129862444928412,0.45728832590905694,0.5430288959097951
OADMET-0005223,fake,1,-0.191895,-31.786356,3.515369,-4.794292,4.613,2.39,-33.257172,0.0,1,6,-33.257172,-32.247694833333334,1.6746049110280803,4.373918999999997,0.18416299999999808,,,,,,,,,,0.8632693029624431,0.8730136486206304,0.014845973680697499,0.8430833929639441,0.894549673559095
OADMET-0005232,fake,1,1.251182,-27.604155,4.555873,-2.888737,2.927,2.73,-24.685837,0.0,1,10,-24.685837,-20.4577735,5.390969502590652,18.784835,0.09698299999999804,,,,,,,,,,0.5241965277092328,0.530249058587252,0.02463869786273688,0.4754766526940938,0.579530054191015
OADMET-0005236,fake,1,-1.983491,-30.953716,4.066799,-2.271706,5.118,2.73,-31.142113,0.0,1,76,-31.142113,-25.133148644736842,2.9559011556870423,16.768023,0.04944099999999807,,,,,,,,,,0.6041805781586832,0.6133137321627882,0.017395217567977836,0.5780925719248807,0.6412923251040341
OADMET-0005245,fake,1,5.798297,-28.04504,4.63055,-3.142109,4.199,1.97,-20.758301,0.0,1,52,-20.758301,-17.545455596153843,3.9469742926274565,13.070848,0.022607999999998185,,,,,,,,,,0.561036182567094,0.5764388253407734,0.020891039307323382,0.535213230544073,0.6229732425163135
OADMET-0005255,fake,1,-2.763923,-28.996988,7.926073,-5.135941,6.515,2.56,-28.970778,0.0,1,6,-28.970778,-21.337201833333335,4.193101204625684,11.474801,6.7348469999999985,,,,,,,,,,0.846602593945592,0.8620297605591591,0.015480409929953212,0.8314487712603655,0.8886037789403427
OADMET-0001077,fake,1,-1.841365,-32.587177,5.165324,-2.522742,6.758,2.95,-31.785961,0.0,0,84,-31.785961,-26.908877119047617,2.1052363632720725,13.960543000000001,0.2499140000000004,,,,,,,,,,0.6879931883460942,0.6995828380741435,0.017567883479809265,0.6600237503063531,0.7272526212594996
OADMET-0001078,fake,1,6.774572,-23.736202,4.125413,-3.308341,2.894,1.85,-16.144558,0.0,0,40,-16.144558,-13.29534305,1.0232430260858267,4.941603000000001,0.08573499999999967,,,,,,,,,,0.4458490787622436,0.4659884761530988,0.026254238093487158,0.41597841928395024,0.516195689355742
OADMET-0001080,fake,1,-1.208672,-29.914696,5.377471,-3.204747,8.034,3.22,-28.950644,0.0,1,2,-28.950644,-24.408679,6.4233085028239145,9.083929999999999,9.083929999999999,,,,,,,,,,0.7151847083211845,0.7458311412833138,0.018843437999724676,0.7075112098992746,0.7737868069533846
OADMET-0001081,fake,1,0.190638,-27.473541,3.652847,-2.04695,3.734,2.49,-25.677006,0.0,0,56,-25.677006,-20.77338119642857,3.139239073229941,11.609701,0.084228999999997,,,,,,,,,,0.446898775514833,0.45404136535914996,0.01774220663844818,0.4150551367926329,0.4862295035630113
OADMET-0001082,fake,1,12.096068,-25.794899,28.6381,-1.521968,3.925,2.11,13.417301,0.0,0,22,13.417301,29.455241181818188,8.439611538182895,35.862366,0.7937600000000007,,,,,,,,,,0.060284188778115304,0.06340364816086212,0.026545962073176475,0.027591259975526507,0.10960995030937144
OADMET-0001084,fake,1,-3.544424,-23.30665,4.948373,-0.288815,5.48,2.34,-22.191515,0.0,0,98,-22.191515,-17.83129457142857,2.2396525886509466,11.418251999999999,0.36523599999999945,,,,,,,,,,0.21735356303664158,0.20320055829413014,0.02022660533012113,0.1709808743258253,0.2425772217762063
OADMET-0001085,fake,1,-2.552781,-24.465128,4.684623,-3.198347,5.912,2.11,-25.531631,0.0,0,80,-25.531631,-20.300918237500003,2.8455633434934464,10.496789000000001,0.16365400000000108,,,,,,,,,,0.6070521353227075,0.6138395892164573,0.02076897153184088,0.5669830676187386,0.6503591867252052
OADMET-0001088,fake,1,-0.382994,-33.795879,6.078349,-4.627877,5.828,1.78,-32.728405,0.0,1,46,-32.728405,-22.901531239130435,8.774654544658327,36.516418,0.1802020000000013,,,,,,,,,,0.8689458144170373,0.8802651408326563,0.013906488643871662,0.856079057218837,0.9049307069900682
OADMET-0001089,fake,1,-2.344343,-33.893261,8.526478,-2.442363,2.895,1.05,-30.153486,0.0,0,86,-30.153486,-21.138377872093024,3.057900741330838,16.502042000000003,0.329817000000002,,,,,,,,,,0.5793550236912134,0.5860360846970453,0.021067621087464038,0.546734566048809,0.6297594461451037
OADMET-0001094,fake,1,-1.925653,-33.002335,8.509808,-0.531804,6.049,2.0,-26.949984,0.0,0,58,-26.949984,-19.687581896551727,2.84254697898565,15.130936,0.03388400000000047,,,,,,,,,,0.3614120388387064,0.36593125354271777,0.03074263777728982,0.3092139414764814,0.4180331113826502
OADMET-0001095,fake,1,0.242346,-31.07029,5.090152,-1.723186,3.763,2.39,-27.460978,0.0,0,54,-27.460978,-22.986444518518514,3.899401818831635,11.932291000000001,0.2089160000000021,,,,,,,,,,0.46858462975006726,0.4675847186335437,0.019262572082674474,0.4326343690584381,0.5044341666374288
OADMET-0001099,fake,1,-0.566429,-23.640915,1.650282,-2.187361,0.786,0.39,-24.744423,0.0,0,80,-24.744423,-22.2107032875,2.478035307454592,8.268829,0.014948000000000405,,,,,,,,,,0.3714741889598163,0.36757988535040115,0.024039761391696432,0.32140569642288286,0.4125238904769946
OADMET-0001100,fake,1,-4.321467,-26.966383,7.425591,-0.435792,4.252,0.96,-24.29805,0.0,0,80,-24.29805,-19.036445875,3.201564512453692,15.04473,0.12628600000000034,,,,,,,,,,0.2535925551319419,0.23649864094197554,0.022394611112300247,0.19808909640992178,0.28023389675434224
OADMET-0001102,fake,1,9.300791,-30.198986,12.260191,-3.525523,5.12,2.65,-12.163527,0.0,0,8,-12.163527,-9.772767374999999,1.4369377618948609,3.696035,1.0045579999999994,,,,,,,,,,0.5062890489135722,0.5354584399056342,0.04582338160379953,0.4363878405119526,0.6159479066151029
OADMET-0001103,fake,1,-1.379164,-28.75626,7.346883,-3.157954,6.761,3.38,-25.946495,0.0,0,80,-25.946495,-18.990703087500002,3.3965750665316765,12.532112999999999,0.0756869999999985,,,,,,,,,,0.6349478300958896,0.6603936794350175,0.018035986235434082,0.624948566338144,0.6913779948443872
OADMET-0001104,fake,1,-0.849737,-29.460321,5.484445,-2.589391,3.589,2.08,-27.415005,0.0,0,80,-27.415005,-23.0273771875,2.069611278666601,11.326285000000002,0.1962590000000013,,,,,,,,,,0.5434015772062044,0.5550625368053037,0.011205384613946401,0.5340079118017623,0.57555783924501
OADMET-0001105,fake,1,-3.408589,-33.602974,9.604502,-1.741621,4.838,1.3,-29.148682,0.0,0,82,-29.148682,-21.224137963414634,4.149139903372596,13.300234000000001,0.1071760000000026,,,,,,,,,,0.50470240172592,0.5180620855643557,0.02599433746993292,0.4721258208883837,0.5712932517535563
OADMET-0001107,fake,1,-2.044406,-29.1304,10.999245,-0.687656,3.071,2.34,-20.863216,0.0,0,36,-20.863216,-14.67681011111111,5.356286617857502,19.731953,0.186199000000002,,,,,,,,,,0.22938844753571255,0.20962733995004112,0.02121765362675265,0.1707270204841973,0.25172385806161657
OADMET-0001108,fake,1,-1.258403,-29.15052,3.563813,-2.690453,7.728,2.94,-29.535564,0.0,0,80,-29.535564,-26.890930700000002,1.3683806611304687,7.018232000000001,0.1595259999999996,,,,,,,,,,0.6951072677218434,0.6931770242627026,0.020609218163274677,0.6501416163164078,0.7227562448245382
OADMET-0001110,fake,1,-16.020006,-28.392447,26.960789,-1.896815,4.461,1.56,-19.348478,0.0,0,84,-19.348478,-11.519075904761904,4.718165552418196,19.312196,1.0889600000000002,,,,,,,,,,0.23989234952236602,0.23512955896823978,0.0313997285221983,0.1708029943784054,0.29619517460224454
OADMET-0001112,fake,1,-2.302252,-31.40114,9.316643,-1.795756,3.288,2.85,-26.182505,0.0,0,160,-26.182505,-13.079812637500002,5.061305791080171,33.065540999999996,0.11059399999999897,,,,,,,,,,0.4229617277996968,0.4166324681399022,0.027413009694657837,0.35791176861770363,0.4684782002088219
OADMET-0001113,fake,1,-3.316914,-24.308207,5.020246,-0.075446,2.548,1.69,-22.680319,0.0,0,80,-22.680319,-18.9482672125,2.066172677197966,7.580059,0.00513300000000072,,,,,,,,,,0.16584415565986343,0.1547290400580084,0.016598793351537362,0.12513219955164714,0.19008320242510027
OADMET-0001114,fake,1,-7.654454,-32.996277,12.213277,-3.867378,3.024,1.06,-32.304832,0.0,0,110,-32.304832,-27.09503748181818,2.884899523670292,17.575833999999997,0.3866229999999966,,,,,,,,,,0.7291409600440953,0.7346976414627222,0.022027753778309546,0.6913458144377037,0.7740059195554254
OADMET-0001115,fake,1,-5.387157,-26.820683,8.427084,-0.47607,4.258,1.59,-24.256826,0.0,0,120,-24.256826,-16.364748408333334,3.7450859807321373,21.173915,1.469341,,,,,,,,,,0.23419070637992778,0.2279985237427688,0.01853796668680646,0.1997252586329549,0.2693416839019041
OADMET-0001116,fake,1,-4.557217,-30.877975,8.546862,-1.137849,3.471,1.49,-28.02618,0.0,0,50,-28.02618,-20.42211994,6.196357032991287,22.528502,0.14286399999999944,,,,,,,,,,0.36676039988101933,0.3606767753251471,0.01976250315355133,0.32970219076137974,0.3958017802504415
OADMET-0001117,fake,1,-0.414984,-25.334915,4.11433,-1.392302,3.814,1.57,-23.02787,0.0,0,80,-23.02787,-19.75382275,2.013592113049865,7.757277,0.13451200000000085,,,,,,,,,,0.3304190082863296,0.3228275622048558,0.01550479701757018,0.2937812260227162,0.3527344167409846
OADMET-0001118,fake,1,-1.333678,-21.935106,3.245127,-1.834587,1.425,1.08,-21.858244,0.0,0,80,-21.858244,-18.347013174999997,1.8278656304628802,7.983332999999998,0.044860999999997375,,,,,,,,,,0.30028649669930974,0.27887217986401824,0.019135221088495417,0.2457726111584594,0.31426795254837714
OADMET-0001119,fake,1,-1.857151,-31.784147,5.975969,-3.659261,5.467,2.08,-31.324589,0.0,0,28,-31.324589,-22.474286071428573,6.32686163606783,22.519531,0.4274540000000009,,,,,,,,,,0.7561797480218716,0.7791245931547499,0.014179993296308722,0.7542609947244764,0.8030539737577066
OADMET-0001120,fake,1,-8.869098,-33.325432,11.496528,1.174201,2.784,1.51,-29.5238,0.0,0,96,-29.5238,-18.226953635416667,7.5408135791809805,36.638981,2.1318490000000025,,,,,,,,,,0.16415880884965992,0.1420490912948633,0.024472141759702977,0.10404338618731522,0.18879716911308025
OADMET-0001121,fake,1,-3.600225,-30.292217,15.970714,-1.791165,6.87,2.08,-19.712891,0.0,0,46,-19.712891,-15.589136239130436,3.2388257405934926,18.632209,0.27664399999999745,,,,,,,,,,0.3802909091036983,0.38495759698328874,0.03208258522372116,0.3151212616107969,0.44948806754854764
OADMET-0001122,fake,1,-0.592769,-23.637392,7.59599,-0.501187,1.307,0.79,-17.135359,0.0,0,6,-17.135359,-14.300302000000002,4.571759214285635,12.098200000000002,0.8059849999999997,,,,,,,,,,0.13211733848565566,0.13086589232334142,0.01442941449414068,0.10709820054830714,0.15903590967808795
OADMET-0001125,fake,1,-3.76115,-23.624962,5.489972,-2.348825,0.579,0.3,-24.244967,0.0,0,80,-24.244967,-19.9234537375,2.376029722173604,12.547718999999999,0.0775359999999985,,,,,,,,,,0.3429091918651142,0.3463618561036247,0.02268015211349319,0.30643024974237015,0.38951212901956056
OADMET-0003806,fake,1,-7.75159,-30.489725,11.442523,-0.84229,5.521,2.38,-27.641081,0.0,0,42,-27.641081,-22.46094669047619,3.3518440515018755,12.284615,0.010811000000000348,,,,,,,,,,0.34449811319252427,0.33468721574509336,0.023589565069021507,0.2970870252779342,0.3794435984590375
OADMET-0003823,fake,1,-1.752828,-33.29792,5.087527,-2.944029,2.907,2.38,-32.907249,0.0,1,88,-32.907249,-27.505829613636365,3.5261888984351795,14.342836000000002,0.1422719999999984,,,,,,,,,,0.6696042897875141,0.6825812324644793,0.022542322401345162,0.6402038403925154,0.7267938938115225
OADMET-0003834,fake,1,-1.193324,-30.965174,7.929652,-2.602152,1.186,0.59,-26.830996,0.0,1,18,-26.830996,-25.410113222222222,3.1805835885780565,12.111958,0.046398999999997415,,,,,,,,,,0.4765582346255875,0.4995518361977443,0.020288482219671125,0.4615371154996515,0.533573894606524
OADMET-0003835,fake,1,-1.853279,-37.02906,5.396321,-2.478257,3.172,1.5,-35.964275,0.0,0,44,-35.964275,-31.437867363636368,8.096587191828432,39.159849,0.059874999999998124,,,,,,,,,,0.6968128740618346,0.7081641437924224,0.023376642280316974,0.6640982275729592,0.7521887502711133
OADMET-0003857,fake,1,1.26115,-29.698742,10.346634,-2.176459,3.988,1.67,-20.267418,0.0,1,4,-20.267418,-20.1389475,0.19993958255849908,0.4252210000000005,0.019805999999999102,,,,,,,,,,0.39987852765485954,0.4104987234246341,0.019897980014439102,0.3754682505223005,0.45121765302589506
OADMET-0003866,fake,1,-1.897249,-25.258659,3.810241,-2.361604,1.216,0.89,-25.707272,0.0,1,58,-25.707272,-21.493888017241378,2.7214854628555694,12.978379,0.27050399999999897,,,,,,,,,,0.4142761234025753,0.40885426834568717,0.019644884344512108,0.372266868034365,0.448735076749143
OADMET-0003914,fake,1,-1.559192,-31.664997,3.729832,-3.181262,2.48,1.43,-32.675621,0.0,1,80,-32.675621,-27.7263311375,4.286957898869071,14.926834,1.027069000000001,,,,,,,,,,0.6832391827750136,0.6953690229870021,0.018788987109249977,0.6646776378059038,0.7292200190785234
OADMET-0003942,fake,1,-4.666427,-26.42786,5.510565,-1.087275,3.927,1.6,-26.670998,0.0,1,80,-26.670998,-20.32695875,4.026530305480108,16.411314,0.9699770000000001,,,,,,,,,,0.32862946028377943,0.31941981863710384,0.017908108538473657,0.28953207127146946,0.3590909651908842
OADMET-0003950,fake,1,-0.878322,-32.032185,5.169295,-4.274356,2.041,1.15,-32.015568,0.0,1,100,-32.015568,-26.720520750000006,3.5799681479459595,17.19827,0.001888000000001,,,,,,,,,,0.7742008359061093,0.7903254296975905,0.01886681138585758,0.7533373722663589,0.8219380738063652
OADMET-0003956,fake,1,-7.140571,-34.410534,10.150761,-0.552687,1.966,1.08,-31.953032,0.0,0,80,-31.953032,-25.3525500875,2.9486574412905795,17.756228,0.31369300000000067,,,,,,,,,,0.3027102897486677,0.32147658342443025,0.031782749420050126,0.2685695779126108,0.38079220677149417
OADMET-0003963,fake,1,-0.784068,-24.787159,4.003939,-4.136883,1.528,1.47,-25.70417,0.0,1,58,-25.70417,-22.68171467241379,1.0166716540222114,5.281717,0.15652100000000146,,,,,,,,,,0.6298653325470465,0.6405179251625341,0.02585517286960687,0.6001177855576713,0.696555050556007
OADMET-0003971,fake,1,-0.895833,-29.654932,4.376262,-4.362317,1.243,0.63,-30.536819,0.0,1,60,-30.536819,-25.283199200000002,2.953184776333956,14.154243000000001,1.0783780000000007,,,,,,,,,,0.7435350556495804,0.757969352173933,0.0226197769273761,0.7174645805457195,0.7948361276427078
OADMET-0003975,fake,1,-2.370814,-29.282984,6.169043,-2.952038,6.314,2.39,-28.436792,0.0,1,80,-28.436792,-24.8778996875,3.067643837942435,9.981926999999999,0.18571400000000082,,,,,,,,,,0.6584517552503253,0.6679813146937355,0.014390604324960846,0.6409212896295826,0.6944614500482024
OADMET-0004003,fake,1,-9.714138,-28.297781,24.754547,-0.945877,4.887,1.65,-14.203247,0.0,1,80,-14.203247,-9.150339075,2.772765445509439,12.51013,2.016786999999999,,,,,,,,,,0.1643144827441699,0.14823983495070822,0.024592298030815994,0.09943946238353417,0.20086352347766218
OADMET-0004014,fake,1,-1.937361,-30.300665,6.492753,-2.602215,6.093,2.89,-28.347488,0.0,1,80,-28.347488,-25.647512237500003,1.5811000138193347,6.159851,0.17632599999999954,,,,,,,,,,0.6164973377727219,0.6259354998040355,0.014354877226232148,0.5960782773005379,0.6492631269266224
OADMET-0006010,fake,1,-1.835861,-25.22888,4.227506,-4.093585,9.139,3.64,-26.93082,0.0,1,72,-26.93082,-19.817419333333333,4.883309583536671,20.673277,0.006574000000000524,,,,,,,,,,0.7840027970583529,0.7939804146899206,0.024458564718580565,0.7359819775342861,0.8417120868439332
OADMET-0006011,fake,1,0.523342,-34.956665,4.02242,-4.681051,8.122,3.64,-35.091957,0.0,1,122,-35.091957,-27.11245780327869,3.5124717302674706,17.168716,0.016083000000001846,,,,,,,,,,0.8968227404578103,0.9185888327962813,0.012464805031414557,0.8931172286687162,0.9354555974423958
OADMET-0006014,fake,1,-3.771767,-31.380917,5.554928,-2.979085,5.633,2.06,-32.576839,0.0,1,68,-32.576839,-27.033843161764704,4.332003464161387,13.912111,0.0025059999999967886,,,,,,,,,,0.6986752132944986,0.7196957159336486,0.01590033485004632,0.6944810054431605,0.7477974516326826
OADMET-0006017,fake,1,7.535358,-30.337563,8.103158,-3.369637,1.073,0.58,-18.068684,0.0,1,12,-18.068684,-9.270373333333334,5.919279222994751,15.691629,0.12658000000000058,,,,,,,,,,0.48776735567174195,0.5147159882526368,0.033209815420091916,0.4497693498415177,0.5741436945138794
OADMET-0006020,fake,1,-1.117959,-27.691662,4.27662,-1.560288,1.973,0.97,-26.093288,0.0,1,100,-26.093288,-19.720163499999998,3.1619726599451705,17.435301000000003,0.13805200000000184,,,,,,,,,,0.3744998795458303,0.35780076400909094,0.016718863259869803,0.3233265150461519,0.3870092598296897
OADMET-0006025,fake,1,-0.272472,-28.785067,5.487082,-3.042559,4.698,2.06,-26.613016,0.0,1,80,-26.613016,-21.392407425,1.9747061484135229,7.956481999999998,0.13833999999999946,,,,,,,,,,0.6143280429114338,0.6270439092992753,0.010099493649015245,0.6099016502420667,0.6449926114950935
OADMET-0006027,fake,1,0.673594,-28.82522,5.721709,-2.927769,5.934,2.17,-25.357687,0.0,1,22,-25.357687,-18.861743727272724,3.8664545798625163,12.045475999999999,0.8670599999999986,,,,,,,,,,0.6188397059282171,0.6307447023944349,0.015489160038850851,0.6038104811733377,0.6624634448273743
OADMET-0006028,fake,1,-0.801545,-29.908504,5.400403,-4.404529,7.104,2.75,-29.714176,0.0,1,44,-29.714176,-24.89136465909091,2.5591730808009596,14.945726999999998,0.4452059999999989,,,,,,,,,,0.8256272376948747,0.8412868165739437,0.015569731702961796,0.8120735177948232,0.8696308909974776
OADMET-0006035,fake,1,0.973692,-31.050892,5.715919,-4.287711,3.824,1.79,-28.648991,0.0,1,64,-28.648991,-26.250645203125003,3.8806514908531122,15.852220999999998,0.023692999999997966,,,,,,,,,,0.7733162516353427,0.7875485780430266,0.015074385600480265,0.7559428098130457,0.8122163292916993
OADMET-0006036,fake,1,-0.860855,-32.966702,10.861456,-3.256652,3.653,2.34,-26.222752,0.0,1,88,-26.222752,-17.646995863636366,4.355586818442979,22.587668,1.110441999999999,,,,,,,,,,0.6223869112502133,0.6348791208175264,0.019192289677551686,0.5989043457803647,0.6678965498122995
OADMET-0006040,fake,1,-0.818795,-33.33366,7.25942,-0.599258,6.855,2.39,-27.492292,0.0,1,68,-27.492292,-24.08448530882353,4.974988899208962,29.038386,0.24038699999999835,,,,,,,,,,0.3954790539432041,0.4122406580696864,0.03288467931752583,0.35243667329667905,0.47169758823087027
OADMET-0006041,fake,1,-0.137605,-32.190018,4.395819,-4.149553,2.087,1.78,-32.081356,0.0,1,32,-32.081356,-28.62700209375,1.6184338346454725,8.074358,0.13875600000000077,,,,,,,,,,0.7663606634482472,0.7830035242892819,0.01975927572138791,0.7469231898784735,0.8173288699984835
OADMET-0006042,fake,1,-1.79958,-27.627304,3.956769,-3.835881,5.573,1.79,-29.305998,0.0,1,36,-29.305998,-21.60985766666667,2.747502032699095,15.083245999999999,0.6699509999999975,,,,,,,,,,0.7324537298319309,0.7561530527497123,0.018784741796956952,0.7187429394931971,0.7921817362390028
OADMET-0006045,fake,1,-2.927185,-31.637741,12.702512,-4.487301,2.56,1.95,-26.349716,0.0,1,30,-26.349716,-20.99586793333333,7.734101909427355,23.740840000000002,0.06125199999999964,,,,,,,,,,0.7153469130687103,0.7258665880503785,0.021316119578977413,0.6884179521047871,0.7597276531857734
OADMET-0006046,fake,1,-1.464886,-33.026672,6.413805,-2.283599,4.371,2.39,-30.361353,0.0,1,50,-30.361353,-22.86017276,5.239668515374191,27.388248,0.13702400000000026,,,,,,,,,,0.5789992958564498,0.6010253448002036,0.016877365680633152,0.570423057254917,0.6340767313878725
OADMET-0006050,fake,1,-3.089681,-30.689747,5.857567,-3.990445,4.385,1.73,-31.912304,0.0,1,86,-31.912304,-28.646307127906972,2.6899705675992016,15.421088999999998,1.2976109999999998,,,,,,,,,,0.767634114535522,0.7849704738835213,0.015712729508723225,0.7613813797868192,0.815619164864207
OADMET-0006051,fake,1,0.258288,-29.286724,4.547014,-2.545048,6.539,2.33,-27.02647,0.0,1,90,-27.02647,-18.3416529,6.6721369036965354,18.297022,0.10142700000000104,,,,,,,,,,0.6087389945655644,0.6259478923515744,0.018089694079224426,0.5898541275377761,0.6607429092481325
OADMET-0005361,fake,1,0.200032,-27.351818,4.665538,-1.820468,3.008,1.05,-24.306717,0.0,1,10,-24.306717,-14.3930149,10.229171753791151,27.805701,0.07603699999999947,,,,,,,,,,0.39017779483431064,0.39369605913518213,0.015228504504745784,0.3651346915371529,0.420592763968606
OADMET-0005368,fake,1,0.197808,-33.937321,6.007715,-3.844511,5.014,2.12,-31.576309,0.0,0,2,-31.576309,-31.5525195,0.03364343354207398,0.04757899999999893,0.04757899999999893,,,,,,,,,,0.7934772508822494,0.8096963288365696,0.014398709934647841,0.783190322132151,0.8321584463568013
OADMET-0005388,fake,1,-0.841274,-30.901842,8.768055,-4.006398,4.053,1.79,-26.981461,0.0,1,72,-26.981461,-23.432087888888887,3.730247185997689,17.252468999999998,0.31987200000000016,,,,,,,,,,0.7190203197974162,0.7315708900553746,0.013822212645805501,0.7044221317648022,0.7563708243599694
OADMET-0005390,fake,1,-2.36319,-33.257198,7.688856,-3.460533,2.587,1.15,-31.392065,0.0,0,28,-31.392065,-27.727923142857147,1.5477476035855433,6.88599,0.4494340000000001,,,,,,,,,,0.6990226587225777,0.7114259550329939,0.018197699172209147,0.6773432478068568,0.7483025885542943
OADMET-0005394,fake,1,-0.504165,-33.493519,8.148405,-1.695973,3.604,1.79,-27.545254,0.0,1,2,-27.545254,-27.350918,0.27483260685733757,0.3886719999999997,0.3886719999999997,,,,,,,,,,0.47387242076873687,0.47317275625014316,0.021615970680485944,0.43835266427181696,0.5199835482719082
OADMET-0005402,fake,1,-2.871514,-26.30814,3.659123,-2.533648,5.938,3.05,-28.054178,0.0,1,80,-28.054178,-25.1952726875,2.943459939118014,9.722214000000001,0.013359000000001231,,,,,,,,,,0.5842175833173676,0.576822316414883,0.021074892937380973,0.537555786166803,0.6179092396070184
OADMET-0005404,fake,1,-2.826299,-25.172134,3.903303,-3.434219,3.382,1.62,-27.52935,0.0,1,20,-27.52935,-21.761862999999998,5.699502719970982,19.790026,0.31729699999999994,,,,,,,,,,0.612070148584448,0.6173734490739418,0.02017511270209166,0.5783998017702713,0.6517822822347691
OADMET-0005257,fake,1,-0.212044,-33.626373,6.934058,-3.163615,4.648,1.67,-30.067976,0.0,1,38,-30.067976,-21.164446789473686,6.662479269897563,27.691301000000003,0.330091000000003,,,,,,,,,,0.7032510369258715,0.7209079178818653,0.015980944209302746,0.6923771959385017,0.7579405286059243
OADMET-0005263,fake,1,-1.979125,-27.97414,5.793334,-2.91169,0.45,0.18,-27.071623,0.0,1,52,-27.071623,-18.562425846153847,7.019261814394444,25.256525,0.1275119999999994,,,,,,,,,,0.504275636822232,0.5022721625750397,0.023847385894012967,0.4567516764946567,0.5494589021604541
OADMET-0005279,fake,1,-4.108101,-31.858271,8.445953,-2.712577,3.868,2.39,-30.232994,0.0,1,68,-30.232994,-26.279665823529413,2.6076744038411044,10.496136,0.18772900000000092,,,,,,,,,,0.5982553848313406,0.6080913066555863,0.017070457115289477,0.5765644412989894,0.6423544095797008
OADMET-0005289,fake,1,3.737717,-23.916258,7.253903,-3.594096,3.875,2.08,-16.518734,0.0,1,2,-16.518734,-16.506330499999997,0.017541197920894074,0.024806999999999135,0.024806999999999135,,,,,,,,,,0.5116863050542668,0.5059482166520344,0.022419675148626785,0.4576586017462695,0.5451667164753077
OADMET-0005290,fake,1,-1.49483,-28.048067,6.842045,-2.992741,1.152,0.59,-25.693592,0.0,1,78,-25.693592,-21.95974517948718,2.0581848243907626,10.399862999999998,0.2075250000000004,,,,,,,,,,0.5147768278223878,0.5082738776148567,0.0181569703298625,0.4746379809065326,0.5433389264915631
OADMET-0005297,fake,1,-3.8741,-23.577749,8.704615,-2.237875,2.28,1.29,-20.985109,0.0,1,66,-20.985109,-16.0598285,2.5040989918052685,12.509849,0.17033500000000146,,,,,,,,,,0.33122209218054977,0.3138192635746201,0.013222338257563748,0.2906325760324495,0.340192255910324
OADMET-0001282,fake,1,-1.25419,-26.567701,10.172407,-2.48251,4.345,1.59,-20.131994,0.0,0,80,-20.131994,-16.9398328125,2.4988315610777128,14.101182999999999,0.3377739999999996,,,,,,,,,,0.40733255726677314,0.41538596893210106,0.013058071399926869,0.39186757833949193,0.4424044421638282
OADMET-0001284,fake,1,-3.126345,-28.084122,6.47249,0.575617,5.955,2.09,-24.162359,0.0,0,80,-24.162359,-18.63171805,2.662400127769117,15.886,0.2651729999999972,,,,,,,,,,0.20119112012360252,0.18613606700538748,0.023683063871348633,0.14806471316360728,0.23954124603983862
OADMET-0001286,fake,1,-18.749422,-31.263596,31.922138,-3.248119,6.028,2.62,-21.338997,0.0,0,68,-21.338997,-6.978560411764706,5.489971674644489,23.582352,0.006986999999998744,,,,,,,,,,0.43836994441896415,0.43553624133793895,0.05109548174195199,0.3229078288413527,0.5190830708751144
OADMET-0001287,fake,1,-1.733807,-32.261986,10.405819,-0.790594,2.01,1.03,-24.380568,0.0,0,94,-24.380568,-15.942707893617019,3.8702146071572443,13.15314,0.5688390000000005,,,,,,,,,,0.2599496536579164,0.26682446901047613,0.024466029599644078,0.22191895657973448,0.31643295648989284
OADMET-0001288,fake,1,-1.076769,-32.976036,9.055473,-1.329014,0.666,0.4,-26.326344,0.0,0,16,-26.326344,-21.6679790625,2.2081446386517487,7.930688999999997,1.1986469999999976,,,,,,,,,,0.338236727412298,0.33600340899363645,0.027715819163813594,0.27657384085975584,0.39562193157730374
OADMET-0001292,fake,1,-1.985474,-32.322178,5.802783,-3.530859,8.136,3.63,-32.035725,0.0,0,106,-32.035725,-25.410354896226416,4.775149417727232,23.916075,0.11004099999999895,,,,,,,,,,0.7991238670905535,0.8150654029137563,0.0174505119762062,0.7810163585603902,0.8397900775002649
OADMET-0001296,fake,1,-2.484125,-28.771536,5.359265,-2.179989,5.007,1.65,-28.076385,0.0,0,32,-28.076385,-20.76850084375,5.686938970954614,21.870815999999998,1.285615,,,,,,,,,,0.5327970413807538,0.5370699224294307,0.015395111907600236,0.5110008919010145,0.572045841050133
OADMET-0001304,fake,1,0.127014,-29.090694,4.8695,-2.568358,3.299,1.71,-26.66254,0.0,0,32,-26.66254,-20.065496781249998,3.8913661658079772,15.574721,0.05296900000000093,,,,,,,,,,0.5320555551055165,0.5412028181314948,0.010166601775895184,0.5218395260259737,0.5613570836881967
OADMET-0001305,fake,1,6.494203,-27.928926,9.297982,-4.172189,4.454,2.41,-16.308929,0.0,0,60,-16.308929,-4.683074733333332,5.537276046724853,22.506643999999998,0.8583749999999988,,,,,,,,,,0.6132284778891398,0.6334332548489763,0.029523574321567617,0.5688344199568666,0.6890657258914394
OADMET-0001306,fake,1,1.876296,-13.018956,4.135972,-3.735115,1.768,1.47,-10.741803,0.0,0,6,-10.741803,-10.562032833333332,0.21860634640230975,0.5254960000000004,0.03838500000000167,,,,,,,,,,0.31486842837508033,0.3022918755885847,0.03698536034112277,0.239943012455987,0.3733510725626633
OADMET-0001307,fake,1,-3.402692,-32.266502,8.098777,-4.419321,5.768,3.02,-31.989737,0.0,0,26,-31.989737,-22.125495538461543,6.649986726755122,23.06219,0.43396200000000107,,,,,,,,,,0.8142354347535107,0.8380164638674388,0.015518912169001193,0.8110707098827774,0.862595912758129
OADMET-0001308,fake,1,-1.462805,-29.801037,7.360857,-2.081568,6.708,2.45,-25.984552,0.0,0,80,-25.984552,-20.9389155125,4.781391305240988,17.853009,0.0328860000000013,,,,,,,,,,0.5439297392252106,0.5414850975613524,0.018807273522679562,0.5059539871083745,0.5762840110428462
OADMET-0001311,fake,1,-2.126915,-26.263294,3.454844,-2.954396,6.715,3.09,-27.889763,0.0,0,80,-27.889763,-23.1155293,3.0811761111457505,11.424914999999999,0.030788999999998623,,,,,,,,,,0.6577491270557925,0.6501286694923428,0.020955357011107532,0.6038647309185383,0.6903886636858189
OADMET-0001313,fake,1,-1.320071,-26.59078,5.369832,-1.810237,3.633,1.96,-24.351255,0.0,0,120,-24.351255,-20.483675974999997,2.0785117887464395,8.007456999999999,0.058442999999996914,,,,,,,,,,0.38429828128703586,0.38441004159345593,0.01202735603184729,0.36086060437979284,0.4074708857444166
OADMET-0001314,fake,1,-1.078796,-26.38131,3.063923,-2.784326,5.824,2.09,-27.18051,0.0,0,80,-27.18051,-22.5423448875,1.70407324588653,7.000153000000001,0.1527700000000003,,,,,,,,,,0.609857309135733,0.6134751334951369,0.018713062117015993,0.571198500879947,0.6485952085837869
OADMET-0001316,fake,1,-1.166198,-30.580324,12.11417,-1.017316,4.858,1.62,-20.64967,0.0,0,14,-20.64967,-11.607482071428574,4.9427434399406085,15.250235,0.4170960000000008,,,,,,,,,,0.2918313157405141,0.28983758937825144,0.02582834122077861,0.2440455747343208,0.3413937972537961
OADMET-0001317,fake,1,-1.3528,-27.405066,6.407455,0.117933,6.688,2.12,-22.232477,0.0,0,6,-22.232477,-21.635261,0.6058444389375872,1.4704510000000006,0.1436819999999983,,,,,,,,,,0.23020940973108994,0.22177540583033029,0.026228430896104413,0.17714382468578596,0.2824297370996987
OADMET-0001319,fake,1,-2.036464,-24.988842,4.112837,-2.477537,4.172,2.64,-25.390007,0.0,0,40,-25.390007,-22.126837899999998,1.747317427448479,5.983105000000002,0.036433999999999855,,,,,,,,,,0.48491522376897866,0.47893476940770696,0.020056857541995814,0.4384658604331011,0.5148209029853187
OADMET-0001320,fake,1,-19.973925,-32.610287,31.684483,-2.427068,6.235,1.65,-23.326797,0.0,0,80,-23.326797,-9.7878380625,5.888499128789095,29.274918999999997,0.4389509999999994,,,,,,,,,,0.4102303891090962,0.3797798294175296,0.05213681755671583,0.2632585885594499,0.46896970947672245
OADMET-0001321,fake,1,-0.858873,-29.811178,7.7391,-1.879381,3.163,2.64,-24.810333,0.0,0,86,-24.810333,-18.427091174418607,4.470150234042966,22.47392,0.14057100000000133,,,,,,,,,,0.4124617578628709,0.4055530593629033,0.02272314934312143,0.35648737049994766,0.44443276685158156
OADMET-0001322,fake,1,-6.042822,-30.330914,8.308638,-1.49925,2.197,1.5,-29.564346,0.0,0,120,-29.564346,-24.097593550000003,2.775316308235528,11.371290000000002,0.08582799999999935,,,,,,,,,,0.39852064651763947,0.3816126557649306,0.02202433976687252,0.3404748082596664,0.42402367465398816
OADMET-0001323,fake,1,-3.65518,-30.641418,9.026041,-1.884625,6.715,2.64,-27.15518,0.0,0,82,-27.15518,-21.02475598780488,3.13931592443002,23.746493,0.4259410000000017,,,,,,,,,,0.5096796323737465,0.5205858849107138,0.01898890744637944,0.48113328924067206,0.5612458639925899
OADMET-0001324,fake,1,-2.35445,-26.267807,6.178989,-1.734322,4.144,1.68,-24.177589,0.0,0,106,-24.177589,-18.26794054716981,3.3760086406498577,16.501911,0.10574100000000186,,,,,,,,,,0.37336472423326694,0.37652075287845854,0.012175505886950625,0.3538791248165268,0.4041343108997082
OADMET-0001325,fake,1,5.89713,-24.160076,4.737535,-2.862769,5.742,2.64,-16.38818,0.0,0,120,-16.38818,-11.338961241666665,2.95807414641751,14.941557999999999,0.3202399999999983,,,,,,,,,,0.45977158963375864,0.4776637673257308,0.028601399874199573,0.4171774345102749,0.5335805689599248
OADMET-0001327,fake,1,-11.001427,-24.026834,9.022285,-1.157645,2.167,1.38,-27.163618,0.0,0,90,-27.163618,-18.031236522222223,3.38981659592114,24.969969,0.331983000000001,,,,,,,,,,0.26097817860570793,0.23990185184580792,0.023952584555428192,0.19903068095948406,0.2893838680706505
OADMET-0001329,fake,1,0.830963,-28.196472,11.860415,-1.124461,5.651,2.08,-16.629555,0.0,0,12,-16.629555,-14.495528833333333,1.2599742386989745,3.560411,0.4904060000000001,,,,,,,,,,0.25552121920458143,0.2613131924443711,0.026096119488689066,0.21637242431362672,0.3144603099789593
OADMET-0001331,fake,1,-2.875761,-32.657215,7.948537,0.511005,3.113,1.32,-27.073431,0.0,0,80,-27.073431,-18.599061275000004,4.168605165569745,18.865537,1.6300120000000007,,,,,,,,,,0.19186574644140442,0.1981850207434603,0.025453503752394642,0.1589649838521003,0.24456918501867023
OADMET-0001333,fake,1,-1.838881,-27.268332,4.285672,-3.001206,2.22,1.03,-27.822746,0.0,0,80,-27.822746,-22.0182930375,2.688203751028902,13.021012999999998,0.07930700000000002,,,,,,,,,,0.5621895642464415,0.5645179274723503,0.017424340381736535,0.53145433289168,0.59595247589273
OADMET-0001334,fake,1,-4.634506,-33.924797,6.481575,-1.435334,3.184,2.73,-33.513062,0.0,0,120,-33.513062,-25.896858283333334,1.7885344584212906,11.719562999999997,0.009475999999999374,,,,,,,,,,0.49520156742029203,0.49232189492915623,0.033436310394825114,0.43084227953242854,0.5579713044392206
OADMET-0005407,fake,1,-1.955183,-29.128792,4.892453,-3.511657,5.737,2.39,-29.703178,0.0,1,70,-29.703178,-24.353954057142857,2.565688325439088,14.225673,0.1400490000000012,,,,,,,,,,0.7316729572364095,0.7357366415451265,0.014723017959277697,0.7072666128581861,0.7609936597459988
OADMET-0005408,fake,1,0.205272,-27.673767,9.466234,-1.404207,1.761,0.57,-19.406467,0.0,1,30,-19.406467,-13.842341566666668,6.403500908976899,25.968797,0.014053000000000537,,,,,,,,,,0.25448212615631266,0.2495255380657758,0.019223358345391454,0.2185003165173279,0.2858926631014686
OADMET-0005410,fake,1,0.006443,-28.392385,7.813083,-2.879189,5.802,2.32,-23.452047,0.0,1,2,-23.452047,-23.4392985,0.01802910159991442,0.025497000000001435,0.025497000000001435,,,,,,,,,,0.5651988790809704,0.5793837389487195,0.01376813808866931,0.5541060102684902,0.6065140794505031
OADMET-0005416,fake,1,-0.992852,-31.351162,9.559308,-3.25245,3.481,1.71,-26.037155,0.0,1,10,-26.037155,-22.2204377,1.5438906689729646,4.989733999999999,2.2558209999999974,,,,,,,,,,0.6116428858313068,0.6220476796862506,0.01285030516795751,0.5989651770796226,0.6419555757318391
OADMET-0005419,fake,1,-2.421186,-28.030817,5.361794,-3.188188,3.233,2.33,-28.278399,0.0,1,28,-28.278399,-22.908826892857142,5.584830378420692,18.540024000000003,0.6219619999999999,,,,,,,,,,0.5994416587520437,0.6105130318070955,0.018735439875783723,0.5706453080800354,0.6471775746677991
OADMET-0005420,fake,1,-1.479835,-38.629368,5.990093,-3.478016,3.327,0.93,-37.597126,0.0,1,40,-37.597126,-29.551823674999998,4.432321563865544,19.171673000000002,0.1339840000000052,,,,,,,,,,0.8239211845153797,0.8308159273729178,0.020220345510909614,0.7913995815382824,0.8725336917429818
OADMET-0005424,fake,1,7.813637,-27.69458,9.211212,-2.425356,3.424,2.4,-13.095087,0.0,0,44,-13.095087,-10.825605727272729,5.999054684313809,21.233919999999998,0.004583000000000226,,,,,,,,,,0.3418146629690954,0.34724038507555155,0.03355507942571627,0.2750190798155806,0.408685268228623
OADMET-0005425,fake,1,0.182328,-18.615654,5.899909,-4.023955,1.736,1.15,-16.557373,0.0,1,18,-16.557373,-15.274963944444444,0.9840642178999874,3.2963119999999986,0.2705459999999995,,,,,,,,,,0.4603785399073331,0.44828535648748163,0.030888297721077738,0.39655259768416173,0.5108403181315352
OADMET-0005426,fake,1,-0.730157,-30.48204,4.538181,-3.633529,3.613,2.41,-30.307545,0.0,1,6,-30.307545,-21.936057666666667,4.160611878377058,10.915955,8.931874,,,,,,,,,,0.7076953014119166,0.7266692907719193,0.017496247732936728,0.6940115107329309,0.7580084908137246
OADMET-0005428,fake,1,-1.400965,-29.810144,6.166206,-2.623317,7.803,2.31,-27.668221,0.0,1,40,-27.668221,-22.754210775,2.9567427918857057,10.587042,0.35766299999999873,,,,,,,,,,0.6589971297455518,0.6648555223109673,0.023912257656360035,0.6252075404022875,0.7119539596280321
OADMET-0005431,fake,1,-1.147814,-29.210894,7.654446,-3.439521,4.412,1.87,-26.143784,0.0,1,10,-26.143784,-23.4256931,3.5213564073411776,9.136987999999999,0.003807000000001892,,,,,,,,,,0.6433414447198733,0.6548715090556563,0.010249615390489407,0.6365583681220525,0.6769349316552592
OADMET-0005432,fake,1,-2.013357,-25.697641,3.749325,-1.795107,4.826,2.34,-25.756781,0.0,1,80,-25.756781,-19.3292673375,4.6289562551961945,18.049731,0.25228500000000054,,,,,,,,,,0.42908803107201243,0.4234805723923955,0.016497070047417003,0.39434274077264103,0.4571438269080637
OADMET-0005434,fake,1,-0.888492,-24.784883,2.138484,-3.264554,4.442,2.33,-26.799446,0.0,1,56,-26.799446,-23.278690750000003,2.5489978832878997,11.726725,0.10209299999999999,,,,,,,,,,0.6113339152451972,0.6208924977364609,0.021022682556804905,0.5774360822203422,0.665492624301159
OADMET-0005435,fake,1,-4.324862,-30.535009,5.716807,-3.710104,0.687,0.67,-32.853165,0.0,1,50,-32.853165,-27.883256400000004,3.3525870911285263,15.924709999999997,1.2429849999999973,,,,,,,,,,0.6842452109329189,0.6918075608930991,0.02678781175575535,0.6434412319860616,0.7420518593131437
OADMET-0005437,fake,1,0.530945,-28.900686,5.378857,-4.080384,3.241,2.33,-27.07127,0.0,1,6,-27.07127,-19.908894333333333,5.709521329816315,12.696774999999999,0.917983999999997,,,,,,,,,,0.6975987289458446,0.7203284054939887,0.01847429381298451,0.683552661284471,0.7593608296238263
OADMET-0005440,fake,1,2.337071,-36.996338,8.323944,-3.635877,3.171,2.41,-29.971201,0.0,1,6,-29.971201,-28.328772166666667,2.2991257009937853,4.630452999999999,0.11515200000000192,,,,,,,,,,0.737725542198727,0.7627881202858683,0.02329949854206012,0.7200002042474107,0.8049821759899335
OADMET-0005442,fake,1,-0.077168,-25.565922,2.852666,-2.199501,1.339,0.86,-24.989925,0.0,1,84,-24.989925,-20.502145333333335,4.702109708752388,21.976461999999998,0.06857600000000019,,,,,,,,,,0.39745834217864645,0.3980756939277627,0.018440356913348537,0.36116726517270764,0.43508931093159614
OADMET-0005443,fake,1,-7.792154,-26.365498,6.31932,-1.981601,1.075,0.56,-29.819935,0.0,1,12,-29.819935,-19.821572749999998,8.283358655819972,23.834125,0.17093500000000006,,,,,,,,,,0.4025149635783744,0.3859340253503884,0.02783303728956173,0.33569132024672926,0.44621450753285274
OADMET-0005446,fake,1,-10.124927,-24.300566,16.835905,-1.808857,3.175,1.15,-19.398443,0.0,1,80,-19.398443,-16.47485375,1.154282888295339,5.430383000000001,0.19334200000000124,,,,,,,,,,0.23059166280941165,0.2267660099033152,0.018551010595082955,0.1898255361445609,0.26311779661206297
OADMET-0005447,fake,1,-2.769721,-30.66478,4.178749,-2.475125,5.909,2.39,-31.730877,0.0,1,4,-31.730877,-27.5516255,4.257110397941582,7.911719999999999,1.0209499999999991,,,,,,,,,,0.653838708217533,0.6606762906337483,0.016276642139853907,0.6300651462155339,0.6877674295328091
OADMET-0005448,fake,1,-3.680977,-32.603458,9.037694,-3.536437,8.524,4.05,-30.78318,0.0,1,80,-30.78318,-27.6677094375,2.3664794721998725,9.151657,0.03796000000000177,,,,,,,,,,0.7771299407196578,0.7968287349605798,0.019837173769840837,0.7580755312453331,0.8278209532914508
OADMET-0005449,fake,1,-2.410287,-31.830898,7.680535,-3.676769,5.833,2.11,-30.237419,0.0,1,56,-30.237419,-27.006461660714283,2.353536255302215,8.308526999999998,0.16221200000000024,,,,,,,,,,0.7467969936772284,0.7703360597741881,0.014302416100422159,0.746411025055622,0.796318002684877
OADMET-0005455,fake,1,-3.217314,-32.638927,6.461696,-3.213751,2.931,1.56,-32.608299,0.0,1,48,-32.608299,-27.974483458333335,4.710366668297531,19.517618000000002,1.304743000000002,,,,,,,,,,0.6873765403676947,0.6988461022025979,0.017493806705749522,0.668065200442213,0.7322225269320255
OADMET-0003179,fake,1,-1.476494,-32.528374,4.763009,-3.012802,3.765,1.78,-32.254662,0.0,1,80,-32.254662,-28.571431125000004,1.5425260087107273,5.827395000000003,0.46161900000000244,,,,,,,,,,0.6979689540050013,0.7024792928102247,0.015237044250108332,0.6743626917401537,0.7300862530483554
OADMET-0003182,fake,1,0.320717,-33.690296,5.105303,-3.509605,6.644,1.8,-31.773882,0.0,1,48,-31.773882,-29.795504020833334,4.442321700836426,22.268669000000003,0.019135000000002123,,,,,,,,,,0.7887824217895448,0.8134753990274907,0.01820657998179909,0.7839431339855714,0.8566210457851281
OADMET-0003183,fake,1,-1.320804,-20.949881,7.323515,-3.694532,10.789,1.83,-18.641703,0.0,1,16,-18.641703,-11.464539875,4.714921008104673,14.216526,2.640854000000001,,,,,,,,,,0.6218777126293461,0.668641515789804,0.05473938765845457,0.5695793782194113,0.7688741056939195
OADMET-0003184,fake,1,-1.204125,-28.057915,4.794911,-4.968667,5.917,3.37,-29.435795,0.0,1,44,-29.435795,-25.49071984090909,1.4430324415901323,5.5398749999999986,0.03315899999999772,,,,,,,,,,0.8233816388379122,0.8486014185890016,0.018761096468985664,0.8051864150574554,0.8806838513230612
OADMET-0003186,fake,1,-3.89204,-32.302361,6.106208,-0.282023,3.114,1.67,-30.370214,0.0,1,120,-30.370214,-21.511739883333334,3.564008389971248,16.297552000000003,0.8955109999999991,,,,,,,,,,0.3239459315715347,0.3051160159647486,0.026229833997402505,0.26158601180775765,0.3520861807658303
OADMET-0003187,fake,1,-1.846205,-31.402777,6.845173,-1.198453,3.888,1.53,-27.602262,0.0,1,120,-27.602262,-23.33812210833333,2.0512415590302018,10.288972000000001,0.06919599999999804,,,,,,,,,,0.40693423056223094,0.3975400498163771,0.020058857727224527,0.3637450452472837,0.43074097389282395
OADMET-0003190,fake,1,-1.860172,-35.953697,9.389928,-2.669362,5.088,1.87,-31.093304,0.0,1,80,-31.093304,-20.102691562500002,7.4801425527178305,20.300291,0.0328160000000004,,,,,,,,,,0.6720978390579249,0.6906486164656074,0.02079266156907948,0.6560641769471295,0.7344822609985561
OADMET-0003191,fake,1,-2.500678,-31.814732,3.89609,-4.106196,2.977,2.34,-34.525517,0.0,1,10,-34.525517,-30.6500853,4.240389147729147,11.539313,0.15611700000000184,,,,,,,,,,0.8039677095573348,0.8043323562379254,0.02079073682442704,0.7672636648014014,0.8404842140442781
OADMET-0003193,fake,1,-2.266413,-22.222061,7.324806,-0.617842,3.357,1.54,-17.781509,0.0,0,2,-17.781509,-16.911725,1.230060329135119,1.7395679999999984,1.7395679999999984,,,,,,,,,,0.16405308625645598,0.15545197303592656,0.014843774403827567,0.1319739231508014,0.18852856607884164
OADMET-0003194,fake,1,-0.122527,-29.82892,4.423615,-3.874494,6.183,2.31,-29.402327,0.0,1,4,-29.402327,-27.4445235,2.405885873308555,5.067216999999999,0.11702599999999919,,,,,,,,,,0.7744165347799572,0.7891519480237185,0.015611793461645141,0.762245656056179,0.8189885819666676
OADMET-0003195,fake,1,-1.802577,-30.834223,5.156909,-3.929377,3.31,1.42,-31.409266,0.0,1,42,-31.409266,-23.392499357142857,3.126246855976557,12.385154999999997,0.1273099999999978,,,,,,,,,,0.7471147304727769,0.7640346597864925,0.016489393436940288,0.7385227154709404,0.793105140730005
OADMET-0003197,fake,1,-7.512799,-35.554741,17.896788,-2.311695,4.034,2.52,-27.482447,0.0,1,44,-27.482447,-15.753209613636363,7.144891602356259,39.70707,4.8208790000000015,,,,,,,,,,0.5034376084884772,0.5024092794925626,0.03443960676121751,0.4403844436785978,0.5683242742857085
OADMET-0003198,fake,1,-0.993918,-31.910994,4.809609,-1.44178,6.654,1.59,-29.537083,0.0,1,48,-29.537083,-19.790198916666668,5.918155639202401,21.962578999999998,0.1227400000000003,,,,,,,,,,0.5504689025377966,0.5455886345342139,0.03136460791627877,0.49455845272856586,0.611585387693823
OADMET-0003199,fake,1,1.748741,-34.394878,6.88005,-4.387149,2.745,1.89,-30.153236,0.0,1,4,-30.153236,-23.3999,5.891011921333041,11.705642000000001,3.6315799999999996,,,,,,,,,,0.7921433368048346,0.8104108860028303,0.018002931273966544,0.7695930778861999,0.8389341751199445
OADMET-0003204,fake,1,-6.154198,-34.543205,7.969663,-3.305439,6.89,2.11,-36.03318,0.0,0,82,-36.03318,-31.866435731707313,4.084225258821767,18.904285,0.11368200000000428,,,,,,,,,,0.8062324628467986,0.8127080148859488,0.018357869189577637,0.7848348412939776,0.8485299886836658
OADMET-0003205,fake,1,-2.828816,-24.79903,3.599827,-3.21189,5.269,2.34,-27.239908,0.0,1,16,-27.239908,-23.310593687500003,5.041608824831001,17.992821,0.2283059999999999,,,,,,,,,,0.6196458233410937,0.6257844336486273,0.02030675814844779,0.5794426831291778,0.658823403300353
OADMET-0003206,fake,1,-1.6015,-31.910505,4.96386,-2.491254,3.309,2.33,-31.039398,0.0,1,92,-31.039398,-26.57139040217391,3.991335399078064,13.241727999999998,0.03696199999999905,,,,,,,,,,0.5861741267802757,0.6037947575304141,0.019482438509466418,0.5679736258857309,0.6388153266828586
OADMET-0003210,fake,1,0.669894,-34.031921,4.877617,-5.667248,7.164,3.48,-34.151657,0.0,1,84,-34.151657,-29.898529785714285,2.4935016357156417,11.361483,0.017609000000000208,,,,,,,,,,0.9323729233829311,0.939086649917117,0.010837183635419901,0.9155249395682755,0.9535644964828477
OADMET-0003211,fake,1,-3.037015,-33.504208,7.421995,-4.490112,3.732,1.64,-33.609337,0.0,1,16,-33.609337,-27.433431499999998,8.81818181792711,29.080636999999996,0.4676899999999975,,,,,,,,,,0.8233339034225059,0.8411359785012611,0.0156648826573698,0.8110604735018911,0.8686838534988526
OADMET-0003213,fake,1,-21.691599,-29.670681,36.033581,-1.918333,1.943,1.03,-17.247034,0.0,0,110,-17.247034,-9.487552918181818,5.017610471010026,19.774912999999998,0.18117499999999964,,,,,,,,,,0.16178973390247722,0.15074201850512156,0.03358838579065056,0.09125346500400994,0.21972363241995013
OADMET-0003214,fake,1,-1.055542,-28.143011,5.18981,-3.429862,4.302,2.45,-27.438604,0.0,1,62,-27.438604,-16.4497015,5.23378963240016,21.737419000000003,1.7708340000000007,,,,,,,,,,0.6577606593749822,0.662899201052397,0.014588205072235953,0.6325409556828014,0.6895653465687108
OADMET-0003215,fake,1,-10.608294,-30.219778,21.879652,-2.262099,4.399,2.19,-21.210518,0.0,1,90,-21.210518,-16.08297827777778,4.759883852097224,16.881875,0.022411000000001735,,,,,,,,,,0.3356234415526313,0.3425516773710815,0.029550619885816243,0.27942910410116595,0.39639419570283985
OADMET-0003216,fake,1,-4.906098,-30.75659,8.872984,-3.636506,3.043,3.02,-30.426212,0.0,0,40,-30.426212,-20.701868725,6.260551016420961,26.380315,0.05905699999999925,,,,,,,,,,0.6877701813076724,0.6802893783068746,0.02962899471952843,0.6253039290753903,0.7315019798578823
OADMET-0003218,fake,1,2.672808,-34.713215,6.571719,-3.522419,6.23,2.52,-28.991104,0.0,1,34,-28.991104,-19.61060694117647,8.406564653829577,28.329521,0.2978039999999993,,,,,,,,,,0.7698751976389717,0.7900755409543915,0.017638880382160646,0.7579902548283262,0.8229717567728312
OADMET-0003219,fake,1,-1.64588,-29.757608,16.801481,-3.456483,7.487,4.67,-18.058491,0.0,1,40,-18.058491,-14.84060105,2.6480665777131205,6.5193829999999995,0.24872200000000078,,,,,,,,,,0.5491696793800958,0.5739734339041511,0.04288955498974219,0.4911729583206965,0.6458367951815986
OADMET-0003221,fake,1,-2.647537,-34.397617,8.55442,-2.996895,2.557,1.19,-31.487629,0.0,1,46,-31.487629,-17.941422326086958,4.697016557588728,17.438359999999996,3.6296999999999997,,,,,,,,,,0.65309882262369,0.6647952039378832,0.02018245194388973,0.6268284521734699,0.7028636916385198
OADMET-0003225,fake,1,-1.27576,-30.327459,8.98028,-2.940451,1.965,1.17,-25.563389,0.0,0,30,-25.563389,-19.0613606,5.729483730908911,19.059264,2.0077440000000024,,,,,,,,,,0.5153314450570972,0.5315357585841853,0.014866977456992517,0.5045334612841095,0.5589691220994213
OADMET-0002816,fake,1,0.300149,-32.669037,8.012021,-4.38309,7.476,2.6,-28.739958,0.0,1,4,-28.739958,-26.22675775,2.8935740187263663,5.344629000000001,0.03735200000000205,,,,,,,,,,0.8463565716656185,0.8501139768120423,0.01568074697393229,0.8179627035620743,0.8777240162623526
OADMET-0002817,fake,1,-1.710073,-31.547367,5.767574,-2.437453,10.844,3.37,-29.927317,0.0,1,80,-29.927317,-25.748297237499997,2.2878255710137485,8.041013999999997,0.19932199999999867,,,,,,,,,,0.7513520394818071,0.743641639818874,0.031094725441891808,0.682242011523532,0.7999752698909252
OADMET-0002819,fake,1,-0.309546,-22.384596,5.325883,-1.624725,2.781,1.16,-18.992983,0.0,1,8,-18.992983,-18.225835,0.5161301190098704,1.4850080000000005,0.33765400000000056,,,,,,,,,,0.2610951981050933,0.2550961958585723,0.015456380306782834,0.2221568777540952,0.2846498824949561
OADMET-0002820,fake,1,-1.54465,-29.48321,4.794591,-2.2465,7.269,3.39,-28.479769,0.0,1,50,-28.479769,-26.58508598,0.983089782125006,4.150711000000001,0.09326000000000079,,,,,,,,,,0.5993839044348349,0.6101802185205397,0.020923515645120194,0.5646030375758323,0.6454827424992213
OADMET-0002823,fake,1,0.005387,-28.845703,5.113176,-4.686539,4.642,1.87,-28.413679,0.0,1,4,-28.413679,-27.390337,1.1189222785841733,2.054389999999998,0.11239399999999833,,,,,,,,,,0.8028097971203648,0.8163436149764975,0.016176978650531377,0.7851807416844506,0.844264174631107
OADMET-0002824,fake,1,-1.438388,-27.128119,8.076193,-3.716697,0.643,0.32,-24.20701,0.0,1,38,-24.20701,-19.84463455263158,4.13868455501724,15.43857,0.09586700000000192,,,,,,,,,,0.5501951539614293,0.557120815042979,0.022991775130224806,0.5177370140890519,0.6007629485729065
OADMET-0002825,fake,1,-9.623869,-29.147848,22.915798,-2.022315,1.5,0.91,-17.878235,0.0,1,80,-17.878235,-10.6386747125,3.307385598974927,18.775715,0.01921700000000115,,,,,,,,,,0.22824216194392974,0.22048481355204655,0.027123538092453277,0.16917409859100666,0.27597105516597864
OADMET-0002827,fake,1,0.645993,-22.265045,7.447008,-4.556188,2.993,0.98,-18.728233,0.0,1,4,-18.728233,-16.5931775,3.431123304043104,7.257187999999999,0.4657279999999986,,,,,,,,,,0.5999130254302178,0.6125060107351438,0.02739498462112315,0.5661410984400078,0.6562410198240458
OADMET-0002828,fake,1,7.510316,-29.005413,17.604616,-1.806144,3.624,1.51,-5.696624,0.0,0,34,-5.696624,-3.6382795882352945,2.4129138328918533,9.682513,0.0684490000000002,,,,,,,,,,0.1934874182749928,0.19993956597725493,0.037890457391374706,0.1410155022574666,0.2725854161112798
OADMET-0002829,fake,1,-2.83142,-23.113064,5.548505,-3.360466,1.728,1.68,-23.756447,0.0,1,110,-23.756447,-20.060753936363632,3.249088513461759,20.556132,0.6305410000000009,,,,,,,,,,0.4858026740734531,0.4860504722867095,0.025120473484382698,0.4431244972258202,0.539683926709903
OADMET-0002830,fake,1,-7.201077,-25.12985,20.912256,-2.461183,3.973,1.02,-13.879855,0.0,1,84,-13.879855,-9.41364642857143,3.9373000343357036,19.310395,0.12770199999999932,,,,,,,,,,0.25588230608731727,0.2552580911566384,0.02574586905217915,0.20902143616348082,0.3107230473809816
OADMET-0002834,fake,1,-1.357598,-28.795073,4.226163,-4.817625,7.343,2.27,-30.744131,0.0,1,32,-30.744131,-22.43838503125,5.6309148680796,22.133374,0.4092230000000008,,,,,,,,,,0.84978697584269,0.8744089848178188,0.01651989547042412,0.8443151044912234,0.9044673887268952
OADMET-0002835,fake,1,1.731462,-28.405235,5.411567,-2.93597,6.943,2.89,-24.198177,0.0,1,4,-24.198177,-14.5931265,10.950735402443573,19.240183000000002,0.24488799999999955,,,,,,,,,,0.6277832367498891,0.6388203485667282,0.01952027689470533,0.6007484006003481,0.6761952606137951
OADMET-0002836,fake,1,-0.996707,-27.6315,4.379888,-4.154916,5.937,1.72,-28.403238,0.0,0,46,-28.403238,-20.59716352173913,8.061711248485736,36.922725,0.6314920000000015,,,,,,,,,,0.7736341667466773,0.7856104502195427,0.019455839565278164,0.7485930912261947,0.8235812845651845
OADMET-0002837,fake,1,0.305421,-24.530249,7.521813,-1.710895,3.149,1.8,-18.41391,0.0,0,40,-18.41391,-15.962794549999998,1.7729325119187014,8.023434000000002,0.04433600000000126,,,,,,,,,,0.2783245784995438,0.2729556935421829,0.014202214802524742,0.24438935009243007,0.2996039067156408
OADMET-0002838,fake,1,0.24264,-32.206944,6.46716,-5.146445,6.011,3.38,-30.643589,0.0,1,30,-30.643589,-22.700847333333332,6.57967619918428,24.309178,0.022155999999998954,,,,,,,,,,0.8639439802604088,0.8865915641935266,0.014993230831185849,0.8555528881760582,0.9077157116298832
OADMET-0002841,fake,1,-3.243838,-26.163427,12.084965,-3.169849,1.033,1.0,-20.492149,0.0,1,12,-20.492149,-13.009572666666669,2.9809786575273116,10.83224,4.798676000000002,,,,,,,,,,0.40372091603852683,0.405031444593214,0.018209308532767917,0.3744021809198903,0.4487239588802704
OADMET-0002842,fake,1,-2.088689,-26.053064,6.255507,-1.352247,5.446,2.27,-23.238493,0.0,1,116,-23.238493,-17.664901439655175,2.894560311990753,12.327933999999999,0.16380299999999792,,,,,,,,,,0.35497297806344896,0.3451715249116846,0.016709652982222982,0.31528583275886707,0.37914899036776933
OADMET-0002844,fake,1,-4.164155,-31.568506,6.217694,-4.298187,2.492,1.78,-33.813156,0.0,1,4,-33.813156,-32.77589875,0.9353882921344755,1.8608930000000008,0.4930079999999961,,,,,,,,,,0.7785042107569731,0.7958300172289928,0.02038880900017202,0.7639154776564046,0.8281218741640851
OADMET-0002845,fake,1,-1.000881,-26.551954,4.551973,-4.973273,5.634,2.64,-27.974136,0.0,1,108,-27.974136,-23.233514194444442,3.3677840957697667,21.877586,0.006340000000001567,,,,,,,,,,0.8216758975651963,0.8309376507352165,0.018499813158739477,0.7915795737406598,0.8601170405672306
OADMET-0002846,fake,1,-0.945563,-33.340816,5.497592,-3.751639,2.623,2.41,-32.540428,0.0,1,40,-32.540428,-29.869969925,1.2181126730954794,4.028050999999998,0.10121099999999927,,,,,,,,,,0.7421668857508555,0.7589234978708658,0.021944727196013775,0.7189129938704608,0.7991975793621134
OADMET-0002847,fake,1,-0.280542,-30.423903,9.069742,-1.869208,3.362,1.68,-23.50391,0.0,1,58,-23.50391,-14.226801568965515,7.197277017484901,37.80199,0.1879140000000028,,,,,,,,,,0.4036972304814719,0.40268901906047644,0.0162142384798523,0.3735122224406574,0.4360791513498096
OADMET-0002849,fake,1,0.349192,-31.482784,4.432104,-3.520068,5.699,2.2,-30.221558,0.0,1,92,-30.221558,-17.330622750000003,4.956555180742322,18.417534000000003,0.1795030000000004,,,,,,,,,,0.7525448521783981,0.7698042069079435,0.014608273479184392,0.7451736538744342,0.7948074189651516
OADMET-0002850,fake,1,-0.835545,-27.96843,4.561658,-4.786745,6.492,4.36,-29.02906,0.0,1,48,-29.02906,-25.816091270833336,2.206203469083877,8.977152,0.03734700000000046,,,,,,,,,,0.8410652280090066,0.8369567958607645,0.024608640744335258,0.7830365840242403,0.8762585642175753
OADMET-0002853,fake,1,-1.968226,-32.096832,9.778457,-3.775479,3.039,2.14,-28.06208,0.0,0,120,-28.06208,-22.946433125,2.5298881925409655,10.642952000000001,0.12535200000000302,,,,,,,,,,0.6923829587036288,0.695916333504544,0.017925982981346945,0.6619647836913676,0.7267565329126904
OADMET-0002855,fake,1,2.496764,-27.151859,3.189743,-3.840863,6.118,2.28,-25.306213,0.0,1,6,-25.306213,-21.7736865,3.561241948636444,7.652087999999999,0.13689799999999863,,,,,,,,,,0.7190026515848086,0.7387373152535877,0.019381378999933564,0.7003640168653249,0.7726475659066092
OADMET-0002856,fake,1,-1.685541,-29.691395,5.274187,-3.156414,4.224,2.59,-29.259163,0.0,1,120,-29.259163,-24.537834308333334,2.0868321981283757,8.540680000000002,0.3573270000000015,,,,,,,,,,0.6586521773066649,0.6608176759223281,0.015897852281929525,0.6302617787258994,0.6870709437739294
OADMET-0002857,fake,1,-1.560042,-30.276093,3.488056,-3.922149,2.968,1.24,-32.270226,0.0,1,10,-32.270226,-28.6271971,4.049123184031889,11.861872000000002,0.0425690000000003,,,,,,,,,,0.7517079840558067,0.7680962401674958,0.01855859502179367,0.7407172783080359,0.8016177323192325
OADMET-0002859,fake,1,-5.875833,-24.299215,3.783041,-3.164914,9.229,3.23,-29.556923,0.0,1,12,-29.556923,-19.639811916666666,6.941986508898738,22.477461,0.032139000000000806,,,,,,,,,,0.6833649864988546,0.7148478630041007,0.031251025685239804,0.643803941817205,0.7744934333610414
OADMET-0002860,fake,1,-6.570631,-26.177399,21.935659,-3.21391,5.463,1.62,-14.026281,0.0,1,48,-14.026281,-12.308975520833334,1.5089576041143753,5.601567000000001,0.11540100000000031,,,,,,,,,,0.38221798812848545,0.3790533820460311,0.032872595219133605,0.3142306380623341,0.4464786253131473
OADMET-0002861,fake,1,-10.622378,-27.798542,24.746847,-3.140286,1.575,0.91,-16.81436,0.0,1,80,-16.81436,-13.131664650000001,2.490213523895944,12.881158000000001,0.008772000000000446,,,,,,,,,,0.2968145056716445,0.3027269771382029,0.032675016040292375,0.24465249509561565,0.3679904092588968
OADMET-0002863,fake,1,-1.50526,-32.52079,4.962871,-3.964536,6.443,3.22,-33.027714,0.0,0,46,-33.027714,-31.672677521739132,1.6724518136707458,7.234673000000004,0.10059800000000507,,,,,,,,,,0.8302382099828458,0.8360741803804566,0.015621369368925556,0.8060594114458354,0.8588656570215162
OADMET-0002865,fake,1,-0.682554,-33.532284,3.604236,-4.248778,3.166,1.15,-34.859379,0.0,1,64,-34.859379,-25.490417312500004,10.314082524336856,39.652252999999995,1.5346799999999945,,,,,,,,,,0.8234617924431769,0.8425171653550656,0.0169317894265109,0.8139469878860981,0.8710943379415428
OADMET-0002866,fake,1,-3.128774,-34.145386,7.162724,-1.935675,4.02,1.98,-32.047112,0.0,0,120,-32.047112,-27.105485608333332,3.2052955724218264,13.499264,0.07616900000000015,,,,,,,,,,0.574110355909666,0.5727040111126092,0.020349491505696517,0.5398661431327244,0.609465786315466
OADMET-0003431,fake,1,-1.259056,-27.656515,3.037986,-3.896188,4.443,1.97,-29.773773,0.0,1,16,-29.773773,-21.0980319375,6.308845640375028,27.949605,3.2980149999999995,,,,,,,,,,0.7365014257735204,0.7485362451625481,0.017748299382880278,0.7132640028419353,0.776235694926077
OADMET-0003432,fake,1,-2.041675,-27.420027,5.208421,-2.680335,3.801,1.5,-26.933617,0.0,1,88,-26.933617,-21.0404005,3.772269065685685,18.258511000000002,0.092175000000001,,,,,,,,,,0.5399605213107436,0.5454934136649754,0.011477989663266925,0.5229911528604992,0.5690334624183495
OADMET-0003434,fake,1,-2.058444,-28.279749,6.087409,-4.293309,3.144,1.78,-28.544094,0.0,1,4,-28.544094,-28.014286,0.6839955149701892,1.5010600000000025,0.10649500000000245,,,,,,,,,,0.7232841403242193,0.7420295087573439,0.017758262810991736,0.7147561629658373,0.7720753022960289
OADMET-0003435,fake,1,0.912816,-23.102367,4.877979,-3.923103,3.412,2.73,-21.234676,0.0,1,2,-21.234676,-21.2098045,0.03517361261656203,0.04974299999999943,0.04974299999999943,,,,,,,,,,0.5812922934015807,0.5827088056421554,0.028308626588650687,0.5301333449176321,0.6396739058762055
OADMET-0003436,fake,1,-0.258638,-32.260418,3.856413,-4.294718,1.9,0.93,-32.957359,0.0,1,26,-32.957359,-25.536438692307698,5.33337877961335,19.200525,0.9272609999999943,,,,,,,,,,0.7896416272801515,0.8059645308680379,0.01944435380150928,0.7703255625558382,0.8374796936342042
OADMET-0003438,fake,1,-7.290613,-28.245161,24.71973,-3.200969,4.115,3.58,-14.017014,0.0,1,60,-14.017014,-8.457138466666668,2.5270081914114817,10.000426999999998,0.001954999999998819,,,,,,,,,,0.3379132733811298,0.33588154354758165,0.04369479264386675,0.24985245452614557,0.4195243655687885
OADMET-0003439,fake,1,-1.687015,-25.318142,6.060027,-2.823973,6.579,2.13,-23.769102,0.0,1,40,-23.769102,-20.733375725,1.2420266101743882,7.270303999999999,0.28911799999999843,,,,,,,,,,0.5637361214815741,0.5669549680547077,0.020962506905783176,0.5250144015173122,0.6034903069192876
OADMET-0003440,fake,1,-3.779762,-30.485079,5.608629,-1.956371,3.678,1.47,-30.612581,0.0,1,8,-30.612581,-20.224513875,8.505892137015032,24.437361,0.001296999999997439,,,,,,,,,,0.521021009674098,0.5179171047204103,0.016707664686619154,0.4937570030359156,0.5495932987817306
OADMET-0003443,fake,1,-0.62691,-35.637165,7.260932,-3.18968,3.744,1.78,-32.192822,0.0,0,80,-32.192822,-25.158439199999997,3.765335494518893,17.146836,0.05743100000000112,,,,,,,,,,0.7231528556612813,0.7397026898856437,0.017784135267802963,0.7051947401829092,0.7715658930899709
OADMET-0003444,fake,1,-2.264424,-31.53236,10.056833,-1.62101,6.259,2.73,-25.36096,0.0,0,118,-25.36096,-19.60938230508474,2.9084566369648313,14.802145,0.351896,,,,,,,,,,0.4625383396291254,0.4602023030044215,0.022205030474416267,0.41966224749510567,0.5003434206864398
OADMET-0003445,fake,1,1.316933,-26.790232,5.142313,-4.147677,7.095,2.56,-24.478662,0.0,1,40,-24.478662,-19.369058475000003,3.290657628518886,9.828765,0.2815070000000013,,,,,,,,,,0.7677712394353596,0.7644662806246026,0.020459832596698667,0.7240977380769277,0.8019067062223152
OADMET-0003447,fake,1,-2.494842,-32.059464,10.023875,-2.325502,8.067,3.75,-26.855932,0.0,1,40,-26.855932,-25.9262893,1.1646569575593029,4.626210999999998,0.016023000000000565,,,,,,,,,,0.589958895004341,0.6150854031091204,0.025613376957682888,0.5639288785472403,0.6571001350001167
OADMET-0003448,fake,1,-3.760479,-29.395416,5.074906,-3.476412,3.582,1.59,-31.557402,0.0,1,120,-31.557402,-26.121723291666665,6.286598866480592,22.894025,0.27756700000000123,,,,,,,,,,0.7012077496299716,0.7054650724190702,0.01730195434912729,0.680409172991705,0.738809211761908
OADMET-0003449,fake,1,-0.567078,-29.68737,2.965913,-2.831703,5.021,1.86,-30.120237,0.0,1,30,-30.120237,-27.036041666666666,2.1624227051779985,7.204559,0.10354599999999792,,,,,,,,,,0.6611422492814113,0.6713128080358398,0.015520623385027901,0.6434103451916762,0.7027331616683965
OADMET-0003451,fake,1,-0.166228,-30.089394,3.536294,-2.398081,9.368,3.39,-29.117409,0.0,1,16,-29.117409,-14.04639325,9.631030978659412,24.761884,0.589732999999999,,,,,,,,,,0.7070116860797873,0.7020737582696729,0.02707543457053174,0.6405306984689147,0.7438745416537582
OADMET-0003452,fake,1,-2.233665,-24.968506,3.211673,-3.061277,3.29,2.39,-27.051777,0.0,1,6,-27.051777,-22.54101,3.7213399609878164,10.272400000000001,0.821352000000001,,,,,,,,,,0.5514378460847249,0.559042467039863,0.024101558886407325,0.5119363390611178,0.6097823135646937
OADMET-0003453,fake,1,1.332831,-32.559071,5.982333,-3.796394,3.916,1.94,-29.040302,0.0,1,6,-29.040302,-25.668109833333332,2.6225454372510244,6.098558000000001,0.35707100000000125,,,,,,,,,,0.7386254088976334,0.7581610012780081,0.014741357717903553,0.7295836263191169,0.783062141676951
OADMET-0003454,fake,1,-3.668251,-32.964294,9.511618,-2.610102,5.213,2.4,-29.73103,0.0,0,92,-29.73103,-19.103961706521737,5.109396553435106,17.722421,1.4366140000000023,,,,,,,,,,0.6227243758024548,0.6310313677503034,0.015108432189162815,0.6013652143962589,0.6568012717944898
OADMET-0003455,fake,1,-2.913782,-26.822371,3.148049,-3.096215,2.066,0.92,-29.684319,0.0,1,98,-29.684319,-24.476475520408165,4.423595656832286,19.238238,0.19354299999999824,,,,,,,,,,0.579422135880917,0.5933004301987581,0.022881862047311227,0.5500216330893357,0.6330419081109214
OADMET-0003456,fake,1,-5.249041,-28.592575,5.058658,-3.015745,3.64,2.39,-31.798704,0.0,0,120,-31.798704,-27.26056690833333,1.7821065649592451,10.929291,0.47983500000000134,,,,,,,,,,0.6243999630298647,0.6370282358867635,0.022646191709430975,0.5872574340306939,0.675272872170496
OADMET-0003457,fake,1,-0.567265,-26.598337,5.541585,-5.104911,4.651,2.45,-26.728928,0.0,1,4,-26.728928,-21.718805250000003,3.51864036292215,7.566742000000001,5.119955000000001,,,,,,,,,,0.8042499369854204,0.8160230558335668,0.018980193216717116,0.7781053252003648,0.8457472044470415
OADMET-0003459,fake,1,-8.648629,-20.33581,24.053749,-2.498974,5.576,3.5,-7.429665,0.0,1,40,-7.429665,-6.697890075000001,0.2940470644462477,1.5102919999999997,0.14198600000000017,,,,,,,,,,0.20574486203532316,0.1711384355882089,0.02753877876974258,0.12378932405010958,0.22742782016070606
OADMET-0003460,fake,1,-0.268626,-29.40563,7.793545,-4.073702,7.284,3.2,-25.954412,0.0,1,4,-25.954412,-23.26710925,2.971882515236807,5.319870000000002,0.23044500000000312,,,,,,,,,,0.7576543371898072,0.7766576426226287,0.01734455722703406,0.744293053001906,0.8086748303205465
OADMET-0003461,fake,1,-1.39034,-32.79731,6.199534,-3.394528,8.993,3.05,-31.382645,0.0,0,40,-31.382645,-27.7797817,0.954633521387784,5.711435999999999,2.5951850000000007,,,,,,,,,,0.7880588131881033,0.8190870130569605,0.01913258067811526,0.7780388103185176,0.852592867893063
OADMET-0003463,fake,1,1.187811,-32.26947,7.350543,-2.430257,2.707,1.27,-26.161375,0.0,1,26,-26.161375,-9.282141807692309,14.068513000013098,38.106882,0.386686000000001,,,,,,,,,,0.5184837928026086,0.5305702394250708,0.01823852477540832,0.4938853846630643,0.5703807932779106
OADMET-0003467,fake,1,-6.360852,-30.196196,19.374929,-2.681945,4.456,1.83,-19.864063,0.0,1,48,-19.864063,-15.492643541666666,3.8477210713673653,18.957935000000003,0.04416400000000209,,,,,,,,,,0.41646999979188953,0.4106671009663907,0.02637459774065675,0.35437855057574225,0.45562729441702615
OADMET-0003470,fake,1,0.52278,-31.573904,4.653252,-4.270627,4.699,1.97,-30.668501,0.0,1,46,-30.668501,-24.953663695652175,1.9341510918182037,11.075299999999999,0.38574799999999954,,,,,,,,,,0.8062533233450097,0.821674991360109,0.014567001823756889,0.7918336605193846,0.8473647671735104
OADMET-0003471,fake,1,-2.121805,-29.82859,4.257158,-1.905596,5.506,1.87,-29.598833,0.0,1,12,-29.598833,-23.888243083333332,9.386868688031504,26.095782999999997,0.524951999999999,,,,,,,,,,0.5338620165771978,0.5504127658512773,0.018271065933429077,0.5180645729767342,0.591074600268551
OADMET-0003473,fake,1,-1.101404,-25.318445,3.64214,-3.7041,3.358,1.31,-26.48181,0.0,1,50,-26.48181,-19.26876542,5.480063960057647,17.785942,0.008582000000000534,,,,,,,,,,0.6348402278177999,0.6491878419750502,0.020131698729151177,0.6101979101175903,0.6818570749429357
OADMET-0003477,fake,1,0.803569,-33.574913,9.257355,-4.913874,2.224,0.82,-28.427862,0.0,1,6,-28.427862,-16.489437,10.067926605335341,22.686285,0.4748400000000004,,,,,,,,,,0.8096527940782096,0.8205533063807722,0.019629028145853697,0.782774999435581,0.8513726206277936
OADMET-0003480,fake,1,-3.340019,-30.448944,3.610446,-1.386436,3.413,1.67,-31.564953,0.0,1,120,-31.564953,-24.041246225,2.8927188532823815,16.911727999999997,0.24222800000000078,,,,,,,,,,0.44412123856268476,0.45788546330085367,0.021126580731224198,0.418597763153633,0.4954782999024267
OADMET-0001395,fake,1,-1.074677,-30.014238,7.152372,-2.131768,4.509,1.81,-26.06831,0.0,1,44,-26.06831,-22.409496909090908,1.7850551998941921,8.686537000000001,0.42804900000000146,,,,,,,,,,0.495003688947897,0.5006923969382433,0.011823297929702199,0.48155360495559474,0.523236623044872
OADMET-0001398,fake,1,-2.370191,-28.984869,6.393557,-3.782673,3.377,2.41,-28.744177,0.0,0,14,-28.744177,-26.18441871428571,2.2137690213226304,7.237574000000002,0.2535100000000021,,,,,,,,,,0.6863688191491706,0.6944166304649325,0.01893452257647458,0.6515899442210314,0.7269349179792558
OADMET-0001405,fake,1,-3.439082,-33.349072,7.852655,-2.820217,6.574,2.73,-31.755716,0.0,1,40,-31.755716,-29.168653724999995,1.2594824746398714,6.816057000000001,0.24447999999999936,,,,,,,,,,0.6951966512287049,0.7190491243533619,0.01628759572768902,0.6850343421195163,0.7455754183604999
OADMET-0001408,fake,1,-1.29259,-31.919823,6.33007,-3.035746,7.968,2.39,-29.918089,0.0,1,40,-29.918089,-24.466772225,2.4294108850081275,8.083361,0.3178289999999997,,,,,,,,,,0.7316419635383603,0.7543473457688807,0.021181504312660582,0.7130983914886632,0.795649750049031
OADMET-0001413,fake,1,0.130305,-30.039585,9.207949,-5.584422,5.915,2.06,-26.285753,0.0,0,6,-26.285753,-22.181493166666666,3.4946733375415455,8.394345999999999,0.20706200000000052,,,,,,,,,,0.8727406149200393,0.8754562006472582,0.015445024728099482,0.8453519534950072,0.9040020812844153
OADMET-0001415,fake,1,-2.010046,-41.521133,7.414517,-4.241511,4.564,1.79,-40.358173,0.0,0,10,-40.358173,-34.750401999999994,3.1870817797991946,9.273243,0.022247000000000128,,,,,,,,,,0.9002303712687368,0.9103000402164503,0.014072785729498254,0.8794755543929922,0.936145230525891
OADMET-0001425,fake,1,0.904876,-32.644073,7.586871,-3.805208,8.507,2.52,-27.957535,0.0,1,110,-27.957535,-22.504032363636366,2.343030641193485,12.855651,0.2942070000000001,,,,,,,,,,0.8020201056376907,0.82052952938021,0.020445083173618046,0.7809167800058957,0.8622070588361705
OADMET-0001433,fake,1,-0.411136,-26.467054,9.729398,-1.65491,2.917,2.39,-18.803701,0.0,0,36,-18.803701,-6.514079666666668,7.303756686049897,28.406565999999998,0.070882000000001,,,,,,,,,,0.27340123600181754,0.2679860399181995,0.01926528801093492,0.22381067710178298,0.2990422324656719
OADMET-0001434,fake,1,9.215139,-26.495295,10.516345,-2.685994,1.63,1.09,-9.449804,0.0,0,12,-9.449804,-7.676739500000001,1.4264208640052718,5.082487,0.5644179999999999,,,,,,,,,,0.27606615739243434,0.2931008521440146,0.034563542914265034,0.22428888330161656,0.3617681251004739
OADMET-0001436,fake,1,0.144416,-31.756729,6.108156,-3.15643,8.319,2.52,-28.660587,0.0,1,4,-28.660587,-27.4572005,1.3573368807643151,2.416080000000001,0.056743000000000876,,,,,,,,,,0.7528197399742399,0.764108780420964,0.022207946937074487,0.721098954508466,0.8076853843334539
OADMET-0001438,fake,1,-2.990324,-32.172169,8.841289,-3.202783,3.327,1.87,-29.523985,0.0,0,48,-29.523985,-21.083334020833334,3.3264165796885115,16.967003,0.1689469999999993,,,,,,,,,,0.6444425811920288,0.6560553268558923,0.014671247825068054,0.6274086814687619,0.683298977874524
OADMET-0001441,fake,1,-0.907672,-35.166725,6.049559,-3.476402,7.906,2.39,-33.501244,0.0,1,12,-33.501244,-25.724014416666666,5.334310608820795,15.394784999999999,2.8202800000000003,,,,,,,,,,0.8250158393377598,0.8429913407479591,0.017469552922275262,0.8116906766653417,0.8773644187897898
OADMET-0003227,fake,1,1.028172,-37.170029,5.905072,-4.640855,3.342,1.45,-34.87764,0.0,1,26,-34.87764,-25.397448615384615,6.077318081204235,22.819847,0.27361700000000155,,,,,,,,,,0.8662615265164292,0.8838283384573583,0.014993884974856942,0.8506089836604455,0.9076144784824993
OADMET-0003228,fake,1,-1.083923,-32.642452,6.682819,-4.329602,2.61,2.4,-31.373158,0.0,1,30,-31.373158,-27.625588533333335,4.359439456896848,15.13082,0.04062100000000157,,,,,,,,,,0.7745675484780689,0.7912871138428437,0.020980761284353066,0.7494539729008455,0.8272847228853093
OADMET-0003231,fake,1,0.400949,-25.635132,4.052456,-3.54694,4.299,2.64,-24.728666,0.0,1,22,-24.728666,-15.322697545454547,5.662674986350378,21.125935000000002,0.1356900000000003,,,,,,,,,,0.6116380613496211,0.6296859014203684,0.01962795874641309,0.5926427730666828,0.6685216113176902
OADMET-0003234,fake,1,-1.165735,-24.916138,4.900057,-3.175519,12.104,3.18,-24.357334,0.0,1,40,-24.357334,-23.8434242,0.4271783702769511,1.658213,0.006082000000002807,,,,,,,,,,0.6997453387268823,0.7392107892846482,0.041735409175309476,0.6557097025141139,0.80761102693425
OADMET-0003235,fake,1,-8.326483,-28.62454,26.827503,-2.103611,3.534,1.53,-12.227131,0.0,1,80,-12.227131,-8.187742775,2.6132455501588123,10.258812,0.1295610000000007,,,,,,,,,,0.19425832732540507,0.19979051419405822,0.030385288787907583,0.1401272196568344,0.2658397257359236
OADMET-0003236,fake,1,4.572864,-25.487417,10.469619,-1.412611,1.758,1.17,-11.857544,0.0,0,54,-11.857544,-0.5632615555555559,4.885564433892709,24.543818,0.8929140000000011,,,,,,,,,,0.17587167487543154,0.1768056317247988,0.020931139258175045,0.1441071495769787,0.2190123704667735
OADMET-0003240,fake,1,-0.59036,-34.642437,6.248525,-5.452281,6.737,2.08,-34.436554,0.0,1,40,-34.436554,-31.3617655,2.7229681480696666,10.582441,0.01673100000000005,,,,,,,,,,0.9199839436949414,0.932322349162811,0.010821042730824872,0.9107548987170554,0.9505394011848295
OADMET-0003241,fake,1,-0.268651,-33.61742,5.630867,-5.265519,2.007,1.08,-33.520721,0.0,1,80,-33.520721,-29.652120687499995,1.811904530180941,6.398077000000001,0.7555770000000024,,,,,,,,,,0.8634100200874734,0.8794888812911588,0.01660417493823512,0.8408458218137715,0.9048712636398801
OADMET-0003243,fake,1,-2.397026,-32.896122,5.679924,-4.479879,5.018,2.11,-34.093102,0.0,0,40,-34.093102,-30.163869375,2.1142130313387772,10.727688,0.12018300000000437,,,,,,,,,,0.8450514922409874,0.8613639730290905,0.01426938054864314,0.8364680952376979,0.885655409688829
OADMET-0003244,fake,1,-8.763317,-23.991354,21.401253,-2.774919,0.974,0.49,-14.128335,0.0,1,80,-14.128335,-11.846169612499999,1.7097723432831005,5.952897,0.2751520000000003,,,,,,,,,,0.24459330280940136,0.21763853894595658,0.02396114481427878,0.17764683586934077,0.2744501685870471
OADMET-0003245,fake,1,-0.764302,-25.478207,7.700722,-3.034375,4.006,1.83,-21.576162,0.0,1,24,-21.576162,1.2374005416666665,9.615388689831335,32.918312,11.541311,,,,,,,,,,0.49147506850883627,0.49801620185242107,0.009447710651271504,0.4790507203616301,0.5129806225410326
OADMET-0003248,fake,1,-0.362606,-25.363132,4.571218,-3.948857,0.714,0.48,-25.103376,0.0,0,4,-25.103376,-19.355496,5.863612730414131,11.216958,1.4063180000000024,,,,,,,,,,0.5985493260585724,0.6018695636286769,0.025794086551935765,0.5596200335897553,0.64902509845307
OADMET-0003249,fake,1,-0.852473,-30.131027,7.741632,-1.699458,6.536,2.64,-24.941326,0.0,1,50,-24.941326,-20.424491080000003,2.760337291175126,10.797109,0.02946500000000185,,,,,,,,,,0.47869333125761043,0.47578507954035665,0.02074201120489352,0.43658154933969123,0.5205080433153281
OADMET-0003251,fake,1,2.920446,-31.11994,9.568217,-2.000714,4.617,1.82,-20.631989,0.0,1,2,-20.631989,-20.562339,0.09849997461928763,0.1393000000000022,0.1393000000000022,,,,,,,,,,0.4258498729615335,0.433470080465692,0.025980736850010972,0.3859049463300158,0.48699678038836347
OADMET-0003252,fake,1,-5.848667,-31.270483,7.769984,-1.406867,2.145,1.29,-30.756031,0.0,1,94,-30.756031,-22.422558925531913,3.2732090901291193,15.2792,0.5838050000000017,,,,,,,,,,0.4141827386786387,0.39795409431901363,0.023631517144241266,0.35348524042201784,0.4425277341019724
OADMET-0003253,fake,1,-2.805996,-26.809158,7.003923,-4.691993,4.045,1.87,-27.303225,0.0,1,8,-27.303225,-15.51243,12.331288444810948,31.054425000000002,0.01673600000000164,,,,,,,,,,0.7464141695179641,0.7686011020918704,0.018599620672188604,0.7371867464533755,0.7963033020431645
OADMET-0003254,fake,1,-4.223456,-26.255043,7.605012,-1.978805,4.708,1.62,-24.852291,0.0,0,80,-24.852291,-22.082439212500002,2.2192824593317972,7.924137000000002,0.18561500000000208,,,,,,,,,,0.42231528119611245,0.41597900239488583,0.013746667259194559,0.3936240603923296,0.443775646471133
OADMET-0003256,fake,1,-0.826782,-30.936728,8.083316,-3.069702,1.917,0.91,-26.749897,0.0,1,44,-26.749897,-24.163696931818183,2.3376480429954856,10.916235,0.11646800000000113,,,,,,,,,,0.5666322853404108,0.577181001045901,0.016848329441868332,0.5444812221813057,0.6070909119704874
OADMET-0003257,fake,1,0.541306,-30.963379,5.503412,-1.852654,2.701,1.87,-26.771315,0.0,1,14,-26.771315,-24.311882642857142,1.913382423047392,7.010794000000001,0.93919,,,,,,,,,,0.4332094435522911,0.4497487960777956,0.01807920129343873,0.41545116495222384,0.48764311813525313
OADMET-0003258,fake,1,2.483639,-29.412529,3.8267,-3.08927,4.289,3.02,-26.19146,0.0,1,6,-26.19146,-23.082486666666668,2.5297576046310573,5.808088999999999,0.0020319999999998117,,,,,,,,,,0.622217862460147,0.6351009652409835,0.02168453076058667,0.5981935852134838,0.6746401800941699
OADMET-0003260,fake,1,-1.707765,-23.639582,4.56725,-2.385972,3.386,1.83,-23.166071,0.0,1,12,-23.166071,-20.821088250000003,2.0332967119542644,5.784286999999999,0.18829199999999702,,,,,,,,,,0.4144031398480808,0.4091304077206146,0.015189077023930526,0.38342061463721494,0.4370084134148127
OADMET-0003261,fake,1,-1.597069,-32.293987,4.474188,-2.341133,1.464,1.08,-31.758001,0.0,0,46,-31.758001,-27.75100952173914,1.6238613112891236,10.173428999999999,1.1401779999999988,,,,,,,,,,0.5330672209193132,0.5617884730170157,0.022787999758475782,0.5207818531365225,0.6025088606906582
OADMET-0003262,fake,1,-0.776756,-30.487209,2.208013,-3.931831,3.617,1.6,-32.987785,0.0,1,52,-32.987785,-29.305224096153843,5.270294081456802,21.414585000000002,0.19240900000000494,,,,,,,,,,0.7771038134185616,0.7932981959998703,0.017612119160458472,0.7628450599837592,0.823050185098028
OADMET-0003264,fake,1,0.792664,-30.226423,4.90204,-3.505508,6.373,1.87,-28.037228,0.0,1,6,-28.037228,-27.793632833333334,0.23218167109693758,0.6039129999999986,0.08903199999999956,,,,,,,,,,0.7455676324408321,0.7525765595909103,0.01875247580284592,0.7214737225305557,0.7953117788076343
OADMET-0003265,fake,1,-11.041086,-31.352713,19.723326,-2.362935,1.034,0.91,-25.033407,0.0,1,74,-25.033407,-21.16866391891892,3.66971345571395,16.747933,0.0134830000000008,,,,,,,,,,0.3706027865288282,0.34659680719972563,0.032662357728457644,0.28715574068018124,0.4095890940048539
OADMET-0003267,fake,1,-1.494765,-27.526842,3.415632,-2.622745,2.983,1.18,-28.22872,0.0,0,62,-28.22872,-24.37897546774193,3.762108235436069,21.351425,0.0365809999999982,,,,,,,,,,0.5448556746177199,0.5477801095007113,0.016167117466841713,0.5132854207501675,0.5775704657648166
OADMET-0003269,fake,1,-1.756273,-32.091713,8.479074,-4.21597,3.72,2.14,-29.584881,0.0,1,120,-29.584881,-24.860565783333332,1.7762405636394112,10.620452999999998,0.0707880000000003,,,,,,,,,,0.7679708523257792,0.7756165715973132,0.015685773359169146,0.7422030347868196,0.8012895865867337
OADMET-0003271,fake,1,-0.625991,-31.284151,7.038705,-3.598077,2.989,2.4,-28.469513,0.0,1,80,-28.469513,-20.6552726625,2.7644174071424157,9.923884999999999,0.19825900000000019,,,,,,,,,,0.6630824611067624,0.6866002370470388,0.019399562476962073,0.6502403229601391,0.720874987380932
OADMET-0003273,fake,1,-0.622743,-28.57069,8.465248,-4.266319,3.173,1.87,-24.994505,0.0,1,40,-24.994505,-15.74438475,5.034853074727225,17.982499,4.116861,,,,,,,,,,0.6896453783617208,0.7005205090255184,0.016057304844443242,0.6693037592680124,0.7275005609683189
OADMET-0003274,fake,1,-2.195003,-27.482855,4.610111,-2.274159,1.597,0.98,-27.341906,0.0,0,80,-27.341906,-23.518856212500005,1.253615255706498,5.330666000000001,0.04985700000000293,,,,,,,,,,0.4563861547967362,0.44567218073300885,0.01744787717813952,0.4101646527517867,0.4805402856299701
OADMET-0003127,fake,1,-0.906456,-31.234493,6.204199,-2.430896,3.558,1.69,-28.367645,0.0,1,120,-28.367645,-22.503267891666663,2.691623897685243,13.159013999999999,0.07241399999999842,,,,,,,,,,0.5546196920826437,0.5638736281709091,0.012127496527222318,0.5432007839975752,0.5890354805625784
OADMET-0003130,fake,1,-1.468163,-24.947468,6.196165,-4.464952,-1.0,100.0,-24.684418,-0.0,1,4,-24.684418,-19.722531749999998,5.845871966466616,11.467779,0.04357600000000161,,,,,,,,,,0.003420454220206615,0.5586903476347803,0.31898401793624476,3.5712954078817305e-07,0.9888573025251833
OADMET-0003134,fake,1,2.685961,-33.169285,9.292051,-4.468777,1.223,1.03,-25.660049,0.0,1,8,-25.660049,-23.249102999999998,2.5513250154511598,7.373107000000001,0.10648499999999927,,,,,,,,,,0.7259452606081812,0.7398329340938444,0.023891891671001742,0.6914639237115925,0.776102209909356
OADMET-0003135,fake,1,-0.911088,-27.620762,5.008127,-1.253323,5.201,3.08,-24.777044,0.0,1,4,-24.777044,-24.2920685,0.5346981033234237,1.0117949999999993,0.049269999999999925,,,,,,,,,,0.3711864572020136,0.36549731984911765,0.022383916989997837,0.3187126911412414,0.40085018380082804
OADMET-0003136,fake,1,-0.728075,-30.819254,10.364944,-4.67919,7.936,1.87,-25.861574,0.0,1,52,-25.861574,-23.978551057692314,0.9353170424145154,5.261276000000002,0.6842940000000013,,,,,,,,,,0.8136085939394463,0.8411855559452255,0.02075060281284947,0.8088938560991388,0.8829677582050431
OADMET-0003137,fake,1,-0.507843,-28.133276,6.948925,-3.348739,3.343,2.08,-25.040932,0.0,1,2,-25.040932,-24.9043675,0.19313136803870112,0.27312900000000084,0.27312900000000084,,,,,,,,,,0.586870515914143,0.5969910933085485,0.012196436232293837,0.5745633670588526,0.6235553790722571
OADMET-0003139,fake,1,-3.134117,-28.288437,4.323112,-3.490987,1.848,0.86,-30.590429,0.0,1,24,-30.590429,-23.56423008333333,3.2117130618816647,10.029833,0.8261889999999994,,,,,,,,,,0.6516654521111457,0.6563773317689439,0.02246944575073296,0.6172857366631906,0.6963954596356922
OADMET-0003140,fake,1,0.69572,-34.016914,9.555737,-4.086475,4.707,2.2,-27.851933,0.0,0,40,-27.851933,-24.507055424999997,5.207455540353135,20.275886,0.004946000000000339,,,,,,,,,,0.7616483959676287,0.7839800478749664,0.01638132213087513,0.7546925208715254,0.8112329798377345
OADMET-0003141,fake,1,-3.444851,-26.908958,3.222372,-0.179799,3.015,0.97,-27.311235,0.0,1,18,-27.311235,-18.417828999999998,6.109162130727613,21.402859,3.2784039999999983,,,,,,,,,,0.2300667683073558,0.23378712144170544,0.022147678312198535,0.19668842656351215,0.2839687879048821
OADMET-0003142,fake,1,-0.270812,-29.334267,7.785526,-3.729887,1.475,1.16,-25.54944,0.0,1,48,-25.54944,-18.65455589583333,6.199958945459813,25.663457,0.17161899999999974,,,,,,,,,,0.608547491583136,0.6199301810025044,0.01808751298206228,0.5860451785937251,0.6517647132257187
OADMET-0003145,fake,1,-2.251729,-32.270821,7.091016,-2.498887,7.343,2.88,-29.93042,0.0,0,12,-29.93042,-27.46413241666667,2.5870922071769185,8.638088000000003,0.01074400000000253,,,,,,,,,,0.6649470439596625,0.6775310648812994,0.018672762372666574,0.6369447603143695,0.7090001628280234
OADMET-0003146,fake,1,-2.529418,-27.735571,3.737492,-3.554161,2.323,0.82,-30.081657,0.0,0,80,-30.081657,-18.531883049999998,5.999018552900272,28.264772999999998,0.5269079999999988,,,,,,,,,,0.6581048711629909,0.6691953813813918,0.022155766884697208,0.6322812487959674,0.7093359645064106
OADMET-0003147,fake,1,0.872176,-24.725494,6.896794,-1.365241,0.017,0.01,-18.321768,0.0,0,40,-18.321768,-16.632493224999997,0.6148680265399251,2.9408119999999993,0.44931199999999905,,,,,,,,,,0.20680772549797113,0.19689991682735478,0.01831632759334229,0.16473024071779205,0.23061967911455475
OADMET-0003148,fake,1,-0.356201,-26.49465,4.735641,-4.732537,2.847,0.93,-26.847746,0.0,1,2,-26.847746,-24.904239,2.748533957967047,3.8870140000000006,3.8870140000000006,,,,,,,,,,0.7529528561605751,0.7638901988310205,0.021818819260615362,0.7275599350939788,0.801896043984162
OADMET-0003149,fake,1,-1.69611,-33.552658,8.305032,-1.283157,3.351,1.56,-28.226894,0.0,1,124,-28.226894,-18.96480024193548,5.559638018651,32.602437,0.238742000000002,,,,,,,,,,0.4009408772881174,0.4180335904061427,0.02381930763156633,0.378590118988683,0.4658860126076728
OADMET-0003152,fake,1,0.112823,-27.951344,6.8738,-3.803229,2.526,1.87,-24.767948,0.0,1,4,-24.767948,-24.16409525,0.7339636449313518,1.6614609999999992,0.25452600000000203,,,,,,,,,,0.6230230440575789,0.6323848709702771,0.016708122957755662,0.6011600835722102,0.6670270982262205
OADMET-0003153,fake,1,0.535154,-28.385178,4.372795,-3.485749,3.318,2.73,-26.962976,0.0,1,8,-26.962976,-23.602815125,3.702442014997609,11.931316,0.2982210000000016,,,,,,,,,,0.6341559573804991,0.6502090285001627,0.02240618950018463,0.6047551136416652,0.695612388681683
OADMET-0003154,fake,1,-2.601349,-31.751991,5.078267,-5.034169,3.348,2.64,-34.309242,0.0,1,8,-34.309242,-33.324403375,0.58772737634041,2.0879019999999997,0.7146869999999979,,,,,,,,,,0.8494730311480811,0.8682383602725232,0.01862040518909326,0.8318692116172763,0.8982436779658485
OADMET-0003157,fake,1,-3.393698,-36.071007,5.834757,-3.299874,2.018,1.04,-36.929825,0.0,0,50,-36.929825,-32.2790375,6.667595661508539,23.065649,0.279007,,,,,,,,,,0.7537639231269653,0.7655282482894793,0.02303342345944972,0.7225651593756749,0.8098434014430339
OADMET-0003158,fake,1,-0.592742,-34.446037,6.066706,-3.434556,7.795,2.73,-32.406631,0.0,1,80,-32.406631,-26.540677137500005,4.255902420647835,17.769800999999998,0.04986499999999694,,,,,,,,,,0.8079256094652333,0.8257113340129049,0.0169087473906712,0.7942260455110322,0.8554412693520349
OADMET-0003160,fake,1,-2.737025,-33.815239,8.588013,-0.688346,5.12,1.53,-28.652599,0.0,0,4,-28.652599,-24.45991075,3.9332771341214845,8.529701,1.8829739999999973,,,,,,,,,,0.3969914440482629,0.3907347700593748,0.030639561069019203,0.3353300068402346,0.4395343718982728
OADMET-0003161,fake,1,-11.535105,-29.212523,21.870411,-1.789382,3.008,1.19,-20.666597,0.0,1,80,-20.666597,-16.278870775,2.873725703101604,11.191324,0.18263999999999925,,,,,,,,,,0.2719192510135456,0.24939572997377482,0.02649807328090723,0.1973729298426919,0.3017284481572592
OADMET-0003162,fake,1,-3.500355,-28.640633,7.503348,-2.496471,2.612,1.6,-27.134111,0.0,1,64,-27.134111,-22.68334325,4.118286188074506,21.978508,0.8754440000000017,,,,,,,,,,0.4938945275531516,0.4866313817813042,0.012616760676633773,0.4627469078825715,0.511185751321243
OADMET-0003163,fake,1,-9.997538,-28.133192,21.789322,-2.982585,1.044,0.91,-19.323994,0.0,1,80,-19.323994,-16.30149525,2.5040478597804547,7.423641999999999,0.16977899999999835,,,,,,,,,,0.3269703328973197,0.31816221164094494,0.03015658306101319,0.26579781263543045,0.37633613945492084
OADMET-0003165,fake,1,4.176518,-34.417912,6.941059,-2.988328,5.226,3.08,-26.288662,0.0,1,2,-26.288662,-26.214464999999997,0.10493040368739631,0.1483939999999997,0.1483939999999997,,,,,,,,,,0.6628991161391303,0.6867301925457603,0.024791944855841158,0.6469690281984178,0.7331547695085573
OADMET-0003168,fake,1,0.06162,-39.294361,6.613163,-4.740781,9.007,2.4,-37.360359,0.0,1,4,-37.360359,-36.02741425,1.0124409525275635,2.389213000000005,1.2025910000000053,,,,,,,,,,0.9335506087042487,0.9439968909032721,0.010527518851362402,0.9239060399003999,0.963524865462687
OADMET-0003172,fake,1,-1.101159,-31.949829,3.669027,-3.618153,4.202,1.47,-33.000114,0.0,1,80,-33.000114,-28.80746715,2.3101497040889596,9.504394000000005,0.007434000000003493,,,,,,,,,,0.7620834391130265,0.781725828715295,0.01648735273026378,0.7555120268418553,0.8111850536339141
OADMET-0003174,fake,1,8.899014,-23.588873,6.577265,-3.665,3.854,1.51,-11.777596,0.0,1,4,-11.777596,-11.051095749999998,0.7404313024521028,1.5890980000000017,0.23208500000000143,,,,,,,,,,0.4571419587962309,0.4803350054617004,0.036271533951493524,0.41237049696617567,0.5539371287394461
OADMET-0001819,fake,1,0.048952,-24.235855,9.936486,-3.153929,0.002,0.0,-17.404346,0.0,0,40,-17.404346,-15.327172000000001,1.8486017190851758,6.95969,0.027398999999999063,,,,,,,,,,0.34571887764126946,0.3516363430631246,0.023252092396570403,0.30997810684753574,0.40136082939166073
OADMET-0001824,fake,1,-5.130323,-30.062658,6.105446,-3.830663,2.021,0.98,-32.918198,0.0,0,80,-32.918198,-30.5607346625,3.6719074882367044,21.929668999999997,0.010478999999996574,,,,,,,,,,0.7162748553201771,0.7243965054297015,0.022892027592734784,0.6839828110426459,0.7637127427702872
OADMET-0001826,fake,1,-3.336867,-27.768221,6.041053,-4.215667,2.92,1.33,-29.279701,0.0,0,80,-29.279701,-23.01739575,4.450759435157079,21.976477,0.07791899999999785,,,,,,,,,,0.7211426773914692,0.7312244650142397,0.019532365245925748,0.699723371614942,0.7630388912219361
OADMET-0001827,fake,1,-2.596454,-30.814751,8.94625,-2.861856,3.027,1.87,-27.326811,0.0,0,120,-27.326811,-21.462762658333336,2.9499126028662275,18.401638,0.10204500000000039,,,,,,,,,,0.5616544905444633,0.5661374615466783,0.013178420287420162,0.5425723911718164,0.5930968612605554
OADMET-0001858,fake,1,-1.033849,-28.461462,4.056662,-3.133366,3.833,2.4,-28.572016,0.0,0,80,-28.572016,-22.211569362499997,1.7769704733673757,9.979790000000001,0.21551200000000037,,,,,,,,,,0.6294484544852194,0.6379164337433589,0.016404572007467783,0.6050468187640484,0.6688280099004476
OADMET-0001859,fake,1,-3.321167,-31.738983,6.651378,-2.803992,4.297,3.1,-31.212763,0.0,0,80,-31.212763,-28.4096624125,2.215623355513878,7.504496,0.033761999999999404,,,,,,,,,,0.6503916416857994,0.6466021155118381,0.023614535083124562,0.5973812056738754,0.6881777650664922
OADMET-0001861,fake,1,-0.548839,-26.536743,4.795606,-2.765445,0.031,0.02,-25.055424,0.0,0,80,-25.055424,-21.902447437499998,1.7459840125082622,6.342029999999998,0.48371199999999703,,,,,,,,,,0.4589723169949666,0.4430345631770749,0.024420719346734357,0.39755034394452643,0.4896004706039461
OADMET-0001862,fake,1,-2.402072,-36.452644,6.604237,-3.388106,5.324,2.31,-35.638588,0.0,0,40,-35.638588,-29.854352025000004,1.4510411286221347,7.958012,0.03916900000000112,,,,,,,,,,0.7951562525052576,0.8165822790271252,0.01613931235292277,0.7862273246590152,0.8470953505272671
OADMET-0001863,fake,1,-0.097674,-32.781479,6.21384,-1.006846,3.88,1.47,-27.672159,0.0,1,56,-27.672159,-23.771212107142855,1.8795844114572648,10.832424,1.229215,,,,,,,,,,0.40862313534081446,0.39902341509031786,0.02474991959374871,0.3543381149253642,0.4417815939019309
OADMET-0001864,fake,1,-1.711896,-36.073368,6.006802,-4.687608,3.799,1.62,-36.466068,0.0,0,120,-36.466068,-28.700856883333337,3.961059006669718,23.722372999999997,0.7769959999999969,,,,,,,,,,0.8768384600874978,0.8891601994510878,0.014263429191429804,0.859653652758817,0.9128251043490169
OADMET-0001867,fake,1,-1.703639,-30.940653,4.063431,-4.261667,3.281,1.79,-32.842525,0.0,0,76,-32.842525,-28.39418671052632,4.886581304072471,19.440048000000004,0.02459699999999998,,,,,,,,,,0.8018600585208935,0.8076632993189269,0.0173927714462009,0.7797357012245092,0.8348073125973678
OADMET-0001868,fake,1,-3.365934,-18.153486,2.496294,-2.015619,0.719,0.52,-21.038746,0.0,0,38,-21.038746,-15.455086789473683,4.264202758497975,18.185697,0.8695449999999987,,,,,,,,,,0.26142331849923844,0.24378841216874178,0.02557029423785621,0.19763855403173203,0.2909099378946059
OADMET-0001869,fake,1,-3.022437,-23.534922,5.764137,-1.57727,2.689,1.79,-22.370493,0.0,0,80,-22.370493,-20.117152425,1.133111735090126,4.673545999999998,0.05832900000000052,,,,,,,,,,0.2830395021384457,0.2769974173871628,0.01603839742198649,0.24887753880331145,0.30521915613626405
OADMET-0001872,fake,1,-0.394774,-23.67853,2.073672,-3.066144,2.023,1.87,-25.065775,0.0,0,40,-25.065775,-21.916720375,1.0096414820778679,4.002993,0.39071699999999865,,,,,,,,,,0.49712757234663174,0.5044362509692294,0.025918027235085336,0.4563333201800965,0.5647173454705359
OADMET-0001875,fake,1,-1.330875,-30.21357,8.052211,-2.319667,3.868,2.4,-25.811901,0.0,0,80,-25.811901,-24.177805499999998,1.167006804071484,5.285153999999999,0.1456319999999991,,,,,,,,,,0.4824913990324972,0.4969007002359101,0.0144538667257167,0.4677706053196301,0.524328800561589
OADMET-0001876,fake,1,-4.072981,-28.172672,8.08697,-3.153377,1.971,1.04,-27.312057,0.0,0,96,-27.312057,-23.44339188541667,2.395601492426976,13.317962,0.09500599999999793,,,,,,,,,,0.540543263064174,0.5525159126596091,0.016595466040483335,0.520615779205079,0.5859958853647069
OADMET-0001879,fake,1,2.081533,-32.815674,8.148063,-1.282479,4.113,1.68,-23.868557,0.0,0,18,-23.868557,-14.75360788888889,10.889830864570378,37.028118,0.19300799999999896,,,,,,,,,,0.38813817290372804,0.39133791071414536,0.027023319004758278,0.3463337791809862,0.44504497233150037
OADMET-0001880,fake,1,-0.503219,-33.434544,6.137993,-2.732413,2.411,1.08,-30.532185,0.0,0,80,-30.532185,-26.802505237499997,2.7526724697423868,8.456237999999999,0.39902899999999875,,,,,,,,,,0.6189355889750922,0.6289765808903096,0.01930338857458927,0.5947338439188453,0.6680212696105681
OADMET-0001882,fake,1,-9.692833,-27.74308,24.241083,-3.298563,0.917,0.89,-16.493393,0.0,0,80,-16.493393,-13.857548475000002,1.79158113266058,6.544799000000001,0.017272999999999428,,,,,,,,,,0.317620370509279,0.3072044224711294,0.033478161452321305,0.2503682630075676,0.3745908973504697
OADMET-0001885,fake,1,-4.221193,-28.93433,4.80834,-3.505823,0.12,0.07,-31.853008,0.0,0,114,-31.853008,-26.0537945877193,4.479139865800986,24.37923,0.059733999999998844,,,,,,,,,,0.6347567956680915,0.6361883108015145,0.031132229041215636,0.580658162528458,0.6952290832722142
OADMET-0001893,fake,1,0.746235,-34.772694,3.281312,-4.774761,1.927,1.03,-35.519909,0.0,0,70,-35.519909,-28.26299935714286,3.0506113316744194,18.729141,0.12398900000000168,,,,,,,,,,0.8691192576972439,0.8743408037725899,0.017038638529912796,0.8388173681082114,0.9007116583191831
OADMET-0001894,fake,1,0.56448,-34.929359,4.692407,-5.12413,0.931,0.88,-34.796604,0.0,1,82,-34.796604,-32.43998024390245,1.8659835368198536,13.728477000000002,0.006340000000001567,,,,,,,,,,0.8725986681449099,0.8763267773313284,0.01840552103694312,0.8321523217380364,0.9046213820675864
OADMET-0001895,fake,1,-2.576603,-28.214447,4.989991,-2.509961,2.918,2.4,-28.31102,0.0,0,80,-28.31102,-22.781185049999998,5.0500799043765205,18.219195999999997,0.4063649999999974,,,,,,,,,,0.5066339919623027,0.5173978920954861,0.021550797078784264,0.4710060311863831,0.5575597273756236
OADMET-0001898,fake,1,-1.556981,-27.97488,3.429239,-4.302094,2.598,2.4,-30.404716,0.0,1,58,-30.404716,-27.395824844827583,2.5831567986008483,11.950376000000002,0.10673300000000197,,,,,,,,,,0.7356283351599742,0.75460777027028,0.024902574771995152,0.7005603091902884,0.8032582637873839
OADMET-0001229,fake,1,-4.687224,-20.947716,6.925899,0.227466,3.176,1.5,-18.481575,0.0,0,80,-18.481575,-15.134502750000001,1.4331952759140822,6.056357,0.43315899999999985,,,,,,,,,,0.11065954237629107,0.099769164966576,0.0137116986334589,0.07949011392056597,0.13086844197604341
OADMET-0001231,fake,1,2.124839,-28.735035,7.924115,-5.605346,4.407,1.87,-24.291428,0.0,0,28,-24.291428,-19.385715357142857,3.783395570656692,12.538594,0.02477100000000121,,,,,,,,,,0.8241092782892906,0.846808268603282,0.017620274688073867,0.8133421012914871,0.8749415434172926
OADMET-0001232,fake,1,-13.996521,-20.330858,26.250561,-2.816221,2.541,1.21,-10.893037,0.0,0,74,-10.893037,-1.042746635135135,6.491540701436577,25.874071999999998,0.3726459999999996,,,,,,,,,,0.19246634767598284,0.16539545122179353,0.024255958565825533,0.12033796970174708,0.2205909941440727
OADMET-0001233,fake,1,-2.373917,-26.637878,6.327006,0.430273,1.353,0.61,-22.254515,0.0,0,80,-22.254515,-20.456051050000003,0.8648163107128501,4.534329,0.014061000000001656,,,,,,,,,,0.14385497522418467,0.12121489860248706,0.016360746728965942,0.0936118459772516,0.1544447469092133
OADMET-0001235,fake,1,-7.926391,-31.308691,7.803496,-1.175266,2.632,1.07,-32.60685,0.0,0,120,-32.60685,-25.971070008333335,3.2323407855579034,18.552953000000002,0.18354400000000481,,,,,,,,,,0.41088442788203566,0.3975037675908842,0.027438910915470863,0.34911790268782733,0.45105834612526097
OADMET-0001236,fake,1,-8.753712,-32.467278,22.834034,-0.295853,6.728,2.62,-18.682808,0.0,0,80,-18.682808,-11.918631125000001,2.7120776122713752,15.219692000000002,2.5823440000000026,,,,,,,,,,0.19098619172609843,0.1881235100799415,0.031932503087777085,0.1254711562217577,0.24384731697277764
OADMET-0001237,fake,1,-1.372957,-33.364418,9.867093,-4.323308,8.126,3.48,-29.193588,0.0,0,12,-29.193588,-22.27850741666667,6.261415964590473,19.882695999999996,2.3321279999999973,,,,,,,,,,0.8303604624557056,0.8494272140593289,0.01612669249205432,0.8171950218184051,0.8746467502698773
OADMET-0001238,fake,1,-2.201797,-23.176361,5.71559,-1.764393,3.478,2.38,-21.426962,0.0,0,48,-21.426962,-17.140723208333334,2.1797401297663703,8.82391,0.39988500000000116,,,,,,,,,,0.31192520518869277,0.3006492729616348,0.018168239821296145,0.26477145703575367,0.3343697526610594
OADMET-0001240,fake,1,-0.661339,-29.517639,7.391024,-3.356926,4.392,2.32,-26.14488,0.0,0,80,-26.14488,-22.508037350000002,1.5453891078714115,7.862575,0.34984599999999944,,,,,,,,,,0.6336445361029817,0.647273283902113,0.01095013806582037,0.6272479418609384,0.6662056945496097
OADMET-0001241,fake,1,-0.607695,-26.272808,8.43875,-2.111017,2.442,1.89,-20.552771,0.0,0,80,-20.552771,-19.1541327375,1.2347279790515207,4.89926,0.02009599999999878,,,,,,,,,,0.3340007521696475,0.33272401137205543,0.014587752015074857,0.3021959531582445,0.35503874276809977
OADMET-0001242,fake,1,-9.633151,-23.902271,17.933559,-0.842128,7.211,2.39,-16.443993,0.0,0,80,-16.443993,-11.362126325000002,2.52341376936944,9.345441999999998,0.18089299999999753,,,,,,,,,,0.18148463441630192,0.1790852573344024,0.023082789876688308,0.13377677850437864,0.22621632971415173
OADMET-0001243,fake,1,1.244843,-25.843348,8.964627,-3.155182,3.238,1.86,-18.789061,0.0,0,30,-18.789061,-5.764038599999998,7.493356699047867,29.525134,0.050055000000000405,,,,,,,,,,0.46319433043085606,0.46351315118071407,0.01445476789607335,0.43203254008483727,0.4918717885956179
OADMET-0001244,fake,1,-1.37127,-29.428804,9.172404,-0.23435,5.39,2.64,-21.86202,0.0,0,44,-21.86202,-14.826810431818181,5.146744119232588,20.16471,0.15948099999999954,,,,,,,,,,0.22689962398725583,0.2286549650960992,0.023438864866350682,0.19284461420248647,0.2732036011902186
OADMET-0001246,fake,1,-4.213917,-30.728336,7.816686,-1.028887,6.387,2.24,-28.154455,0.0,0,120,-28.154455,-21.687944341666665,4.241491457684535,22.397869999999998,0.07249799999999951,,,,,,,,,,0.42056309477242654,0.42026442780499856,0.024195651942073213,0.37749633065403004,0.4679887157690839
OADMET-0001247,fake,1,-3.815367,-24.343754,8.348595,0.230968,3.769,1.82,-19.579557,0.0,0,56,-19.579557,-14.553889607142859,2.422688646852063,12.305631000000002,0.029576999999999742,,,,,,,,,,0.14102564252448255,0.12302496124558761,0.015268283609705544,0.09859587619508069,0.15981309385862189
OADMET-0001248,fake,1,-3.977101,-26.828072,5.574314,-0.59945,2.291,1.59,-25.830309,0.0,0,80,-25.830309,-22.238863062500002,2.7019001664206495,7.644217000000001,0.06567000000000078,,,,,,,,,,0.24136739151879358,0.23117723042145805,0.018799532493014973,0.19766915850630165,0.26786329005956494
OADMET-0001250,fake,1,-2.496999,-32.713573,9.360902,-3.687908,1.548,0.77,-29.537579,0.0,0,52,-29.537579,-23.788359692307697,4.488781430061932,21.202863,0.9950949999999992,,,,,,,,,,0.6754286074980405,0.683123876166288,0.021527664716121026,0.6409865636557698,0.7204103043544631
OADMET-0001252,fake,1,-4.675441,-33.843117,9.19434,-1.784292,2.542,0.98,-31.108511,0.0,0,120,-31.108511,-23.472104066666667,2.823386584961718,14.362079999999999,0.0855959999999989,,,,,,,,,,0.4671628195209061,0.4895204746582116,0.025320280722680506,0.44182902434124793,0.5329869854992642
OADMET-0001255,fake,1,-2.190131,-26.744802,5.764151,-2.52862,1.632,0.85,-25.699402,0.0,0,80,-25.699402,-19.3036274375,3.9744403510541155,13.75014,0.0426499999999983,,,,,,,,,,0.43643777981477355,0.4463016914935681,0.015777313093995892,0.414624130047581,0.4782535639020616
OADMET-0001256,fake,1,-1.067973,-27.303905,6.228358,-1.294646,6.229,2.85,-23.438166,0.0,0,80,-23.438166,-18.530109175,3.0309648893133643,13.463277999999999,0.238548999999999,,,,,,,,,,0.36763593126538097,0.3721398346865205,0.02054017393841861,0.33753768525608857,0.4058680368789313
OADMET-0001257,fake,1,0.077095,-30.642002,4.8801,-1.289977,2.298,1.16,-26.974785,0.0,0,86,-26.974785,-24.001978523255815,1.3134067536434513,7.697853000000002,0.37020100000000156,,,,,,,,,,0.37633612448596904,0.37338101721126304,0.019756184144054764,0.3332715378417015,0.4091879799933973
OADMET-0001258,fake,1,-17.993015,-31.194067,30.397955,-0.217269,4.605,3.7,-19.006393,0.0,0,82,-19.006393,-12.849092841463417,4.293954330739324,13.023155,0.041781999999997765,,,,,,,,,,0.10790840467168133,0.10990015541764389,0.027289417398081682,0.06527169711034311,0.16292212865783912
OADMET-0001259,fake,1,5.277458,-28.928114,9.164906,-1.851147,7.446,2.33,-16.336897,0.0,0,100,-16.336897,-7.13575185,6.003987030969997,25.345545,0.32320800000000105,,,,,,,,,,0.4121829083895339,0.41908377565655114,0.040474293273471254,0.3495328923239298,0.5103436880785712
OADMET-0001261,fake,1,-3.323387,-34.252625,10.962814,-2.033141,2.827,1.05,-28.646338,0.0,0,8,-28.646338,-23.185801875000003,6.375375545665311,19.121836000000002,1.499286999999999,,,,,,,,,,0.5049932748114698,0.4989946736619826,0.02496142540508666,0.449061208808762,0.5454032428757274
OADMET-0001262,fake,1,-0.855271,-32.691574,5.48731,-0.311837,3.63,1.3,-28.37137,0.0,0,20,-28.37137,-23.561812449999998,3.8813664271119572,10.137063999999999,0.39976899999999915,,,,,,,,,,0.32527590709558285,0.31824618390270487,0.027434462536328485,0.27189924371400026,0.36608751522597394
OADMET-0001264,fake,1,8.35483,-29.290239,5.011522,-4.906185,3.94,3.25,-20.830072,0.0,0,6,-20.830072,-9.968098,11.027006737400681,23.734441,0.05585100000000054,,,,,,,,,,0.7650979765410121,0.7778636577380987,0.02873643657197431,0.7154059848167501,0.83023502647335
OADMET-0001267,fake,1,-3.865224,-28.325994,6.913959,-0.778291,3.213,2.4,-26.055552,0.0,0,80,-26.055552,-21.601376925,4.082059905896571,17.714036,0.46462299999999956,,,,,,,,,,0.27478175151665907,0.2720032379988367,0.021529264156610738,0.22747881069111003,0.3095753357200006
OADMET-0001268,fake,1,-2.511349,-31.735794,10.151716,-0.574252,4.969,2.08,-24.669678,0.0,0,72,-24.669678,-19.87751834722222,3.6895324937502534,15.329328,0.1415430000000022,,,,,,,,,,0.3003754178012858,0.2972419101682467,0.024947387417775444,0.25732998341157787,0.34015821337236785
OADMET-0001272,fake,1,-1.821833,-26.476984,7.68512,-2.092767,4.058,2.08,-22.706463,0.0,0,56,-22.706463,-18.056080571428573,4.31493468986079,24.232481,0.699192,,,,,,,,,,0.3916650102239398,0.3952805057609553,0.009422203719934111,0.37746126405118674,0.4128471151428121
OADMET-0001273,fake,1,-2.800995,-25.434853,6.204745,-1.143618,2.981,1.35,-23.174719,0.0,0,80,-23.174719,-20.0951232125,1.5937046060075446,6.309355,0.016103999999998564,,,,,,,,,,0.2667712766724077,0.2641426321743834,0.014862024192315002,0.2371818229092446,0.29690878600820786
OADMET-0001274,fake,1,-5.46543,-26.088772,7.790115,0.801517,3.664,1.19,-22.96257,0.0,0,80,-22.96257,-17.0561009125,2.384632928212866,10.878808999999999,0.24197200000000052,,,,,,,,,,0.12459494786646992,0.11739344391890504,0.017180850473745467,0.09199495647486967,0.1549937044765835
OADMET-0001275,fake,1,-7.631969,-25.295788,5.249616,0.775421,2.54,1.02,-26.902719,0.0,0,74,-26.902719,-20.037017635135136,3.466080570286111,20.402143000000002,0.054481000000002666,,,,,,,,,,0.1273735703895308,0.12620123434152375,0.018733873198830978,0.0974670479991938,0.16816220504714957
OADMET-0001277,fake,1,-2.646477,-27.401663,6.923461,-4.092615,2.79,1.59,-27.217295,0.0,0,80,-27.217295,-22.674870587500003,2.068514094591083,9.232652999999999,0.4834080000000007,,,,,,,,,,0.6753375758896324,0.6870754848233663,0.017882461566721287,0.6591191851825491,0.7211897606114357
OADMET-0001278,fake,1,-5.722945,-25.950636,13.474284,-2.826907,3.21,2.01,-21.026203,0.0,0,104,-21.026203,-14.789323807692309,4.301126620803341,13.442806,0.030445000000000277,,,,,,,,,,0.40497594947841176,0.39696189831933937,0.015223341447494577,0.36717396225102494,0.4242929354479136
OADMET-0001280,fake,1,-0.834148,-26.940897,6.560004,-0.254804,1.899,0.91,-21.469847,0.0,0,80,-21.469847,-14.420371937499999,5.616464310207651,21.121512000000003,0.13261300000000276,,,,,,,,,,0.19321271201944512,0.170123785634671,0.017197629745041177,0.14230879425892584,0.20526117546661
OADMET-0001554,fake,1,-2.368503,-29.501312,11.519784,-1.414591,4.423,1.79,-21.764624,0.0,0,2,-21.764624,-21.309498,0.6436453617886172,0.9102519999999998,0.9102519999999998,,,,,,,,,,0.3227422243723807,0.3232745569304442,0.019054458137460505,0.2897813888275988,0.3636597937568454
OADMET-0001555,fake,1,0.130083,-33.393169,8.361161,-2.755997,3.687,2.1,-27.657925,0.0,0,12,-27.657925,-25.194968416666665,2.5142781615072476,6.329204999999998,0.08947199999999711,,,,,,,,,,0.6026855977218544,0.6130473556588529,0.017351981626121123,0.5828154382416143,0.6481826215529779
OADMET-0001556,fake,1,-1.581718,-5.914631,11.50532,-3.736464,7.306,2.33,0.272508,0.0,0,8,0.272508,2.069356625,2.2555829279532746,5.331498,0.013255000000000017,,,,,,,,,,0.23850636209560627,0.20901810262707549,0.04296210244148765,0.1358215695719957,0.29493523783076564
OADMET-0001561,fake,1,-1.155055,-39.948997,8.149351,-2.790445,2.317,1.05,-35.745148,0.0,0,4,-35.745148,-28.8618065,4.8548735384500326,11.404530000000001,7.84309,,,,,,,,,,0.7257895791079555,0.7393395450895113,0.028107943580771507,0.6856258759518633,0.7894119139951159
OADMET-0001563,fake,1,-1.570084,-22.46755,5.608191,-4.076684,7.36,2.09,-22.506128,0.0,0,2,-22.506128,-21.98312,0.7396450068296289,1.0460160000000016,1.0460160000000016,,,,,,,,,,0.6693296775529864,0.6973713902888747,0.030358508250677707,0.6317401038400665,0.7509560893885994
OADMET-0001564,fake,1,2.06483,-15.070261,8.930299,-4.009064,4.791,2.64,-8.084196,0.0,0,2,-8.084196,-8.020158,0.09056340810724832,0.12807600000000008,0.12807600000000008,,,,,,,,,,0.4022112264895695,0.3655199548173816,0.03911764825831997,0.2965665266151297,0.44088198977592236
OADMET-0001565,fake,1,-0.389517,-35.050255,9.214925,-5.161499,5.662,2.4,-31.386349,0.0,0,10,-31.386349,-27.970311300000002,2.859945481391949,9.163640999999998,0.6829040000000006,,,,,,,,,,0.8811353323382406,0.8963214536093959,0.01300087724760929,0.8708376347511411,0.9169862989164146
OADMET-0001567,fake,1,-2.614061,-30.565786,8.141669,-2.077801,6.016,2.73,-27.115978,0.0,0,48,-27.115978,-19.504607958333334,4.821791014957708,17.326971,0.4841879999999996,,,,,,,,,,0.5237466161806311,0.5343118569358057,0.015547144060559678,0.5041666199954987,0.5592381022570097
OADMET-0001568,fake,1,-3.665709,-28.145718,9.012238,-1.451849,6.339,2.64,-24.25104,0.0,0,66,-24.25104,-16.142728409090914,4.834528899914375,22.922434,0.015056999999998766,,,,,,,,,,0.4026445502023761,0.3907510672582381,0.01878978161416732,0.3567452228808372,0.42669637727041015
OADMET-0001572,fake,1,-3.379391,-28.91544,11.555337,-1.695921,4.744,2.33,-22.435415,0.0,0,50,-22.435415,-12.24892148,5.544310168041383,25.354941,0.23187799999999825,,,,,,,,,,0.3534224522064742,0.358319197782358,0.01647214963852164,0.32869719112741663,0.38755220244040983
OADMET-0001573,fake,1,-3.733693,-30.616655,7.813292,-2.64609,3.525,1.28,-29.183147,0.0,0,40,-29.183147,-22.201969650000002,5.343495000672465,20.500498,0.03807000000000116,,,,,,,,,,0.565834840787585,0.5780159536093415,0.014173251388689039,0.5548151554020003,0.6114138724559057
OADMET-0001575,fake,1,8.312935,-24.11035,17.733084,-3.229072,5.761,2.64,-1.293403,0.0,0,18,-1.293403,8.631820444444445,6.304941061984307,21.244212,0.0030240000000001377,,,,,,,,,,0.3148100375683597,0.2934788835321933,0.048785990158674054,0.19994523178953935,0.4003769198089419
OADMET-0001577,fake,1,-1.215652,-25.116436,9.688787,-2.236558,3.051,1.59,-18.87986,0.0,0,2,-18.87986,-18.8489295,0.043742332590981294,0.06186100000000039,0.06186100000000039,,,,,,,,,,0.32979061611301125,0.3258568926784634,0.011529157711458524,0.30583674696387625,0.346247616935372
OADMET-0001578,fake,1,-3.011275,-35.527397,7.1923,-3.617761,5.646,2.33,-34.964134,0.0,0,40,-34.964134,-28.936947225,4.800615282077536,19.606183,0.09682800000000213,,,,,,,,,,0.8118582595725351,0.8251065249021368,0.015187522037223069,0.7968333405374621,0.8511296434202855
OADMET-0001579,fake,1,-2.930624,-28.552982,10.702805,-1.706192,5.121,2.64,-22.486994,0.0,0,22,-22.486994,-12.767323909090912,8.680763129590831,33.701678,2.9672719999999977,,,,,,,,,,0.3697447173991201,0.3693672167528259,0.017225083386205566,0.33663696941512516,0.40031709936524973
OADMET-0001580,fake,1,-2.027791,-30.627308,8.444823,-3.326161,5.178,2.38,-27.536434,0.0,1,42,-27.536434,-21.756475357142858,3.5770032280249304,15.396319,0.12212699999999899,,,,,,,,,,0.6618097215926503,0.6787141633140996,0.01113403807100316,0.6582564474793443,0.6981894254849481
OADMET-0001582,fake,1,-1.675635,-31.701508,8.355186,-1.603375,5.909,2.64,-26.625332,0.0,0,14,-26.625332,-10.409674928571429,13.358459633495492,34.925662,0.5670420000000007,,,,,,,,,,0.46929307871632453,0.4783953180317396,0.02048194074432304,0.4395071677592408,0.5169557839651429
OADMET-0001583,fake,1,-0.231891,-27.58604,4.399649,-2.940617,10.541,3.98,-26.358898,0.0,1,42,-26.358898,-20.338225547619047,6.357783082714542,24.512939,0.027312999999999477,,,,,,,,,,0.7125235368558792,0.7267058562090845,0.0302862225410808,0.6630876918692168,0.7779585646607697
OADMET-0001584,fake,1,-0.89423,-27.83326,3.288559,-3.571147,5.613,2.64,-29.010078,0.0,1,2,-29.010078,-28.9091415,0.14274576723847127,0.20187299999999908,0.20187299999999908,,,,,,,,,,0.7188091434413194,0.7295194995671787,0.016964774739854974,0.6955008597981738,0.7606284945311073
OADMET-0001585,fake,1,-2.681796,-24.277,8.038401,-0.928009,7.514,2.38,-19.848406,0.0,0,40,-19.848406,-15.997915675000002,2.6863174396401743,11.14699,0.15465900000000232,,,,,,,,,,0.2903776020366482,0.2807974086558044,0.02652210940360846,0.22957248710039685,0.33454988813648173
OADMET-0001587,fake,1,-2.089487,-23.937918,4.085183,-2.574063,8.241,2.4,-24.516285,0.0,1,80,-24.516285,-16.9509329125,4.882636221942462,17.922159,0.19044500000000042,,,,,,,,,,0.597450633575097,0.5785329306099473,0.0323321935426787,0.5123459176191313,0.6320109128479559
OADMET-0001589,fake,1,-3.682145,-29.832783,11.398639,-2.417085,7.53,2.38,-24.533373,0.0,0,2,-24.533373,-24.475165500000003,0.08231783593183188,0.11641499999999994,0.11641499999999994,,,,,,,,,,0.5372648739779917,0.5598126649728984,0.024267589768608985,0.5079455429101525,0.6075346090879802
OADMET-0001590,fake,1,-3.961788,-32.620586,7.930993,-2.186898,4.226,2.38,-30.83828,0.0,0,10,-30.83828,-17.024212499999997,9.344536045581554,21.525912,0.9870650000000012,,,,,,,,,,0.5573827911957081,0.568812441732681,0.01809275105521296,0.5381422670706962,0.6058831480321454
OADMET-0001591,fake,1,1.652236,-28.124147,4.146738,-2.169811,3.447,2.39,-24.494986,0.0,0,6,-24.494986,-19.659538,4.934191088745429,11.577295000000001,0.2507079999999995,,,,,,,,,,0.44617908043260607,0.45893479581784474,0.017423038814746352,0.41977116081174837,0.489780986153614
OADMET-0001594,fake,1,-4.373467,-28.386312,6.807463,-1.766161,5.604,2.73,-27.718479,0.0,0,84,-27.718479,-18.87971872619048,4.671329591622884,19.476782999999998,1.1215929999999972,,,,,,,,,,0.4615441420857123,0.46558804560901207,0.016789645431335813,0.4372738680529629,0.4982392111278461
OADMET-0001595,fake,1,-0.964072,-31.496979,10.788001,0.507594,2.77,1.56,-21.165455,0.0,0,22,-21.165455,-16.47657827272727,4.2070367048665505,16.903290000000002,0.04174599999999984,,,,,,,,,,0.13805564056058103,0.1401954229799502,0.021468400645903538,0.10737047998250229,0.1827298597238166
OADMET-0001596,fake,1,-3.227611,-33.542,9.125681,-1.679322,3.803,2.64,-29.323254,0.0,0,36,-29.323254,-16.452032999999997,8.292845084291553,28.403204,1.9496139999999968,,,,,,,,,,0.47816746930866794,0.47636806682554567,0.02616488944367838,0.42797912963293905,0.530538799647124
OADMET-0001598,fake,1,-1.537662,-27.608501,9.66381,-1.615549,4.353,2.73,-21.097902,0.0,0,26,-21.097902,-13.444331769230768,7.633405689174909,32.378072,0.1674730000000011,,,,,,,,,,0.32245650865516406,0.32413982418373843,0.01897232069677736,0.2836499576769264,0.3573905173657529
OADMET-0001600,fake,1,2.19178,-24.037548,9.529408,-0.944391,5.977,2.64,-13.260751,0.0,0,2,-13.260751,-6.976641000000001,8.887073589444391,12.56822,12.56822,,,,,,,,,,0.19958199122854095,0.1982497262376789,0.023169019968675004,0.16062755549968002,0.2407026034338688
OADMET-0001601,fake,1,-0.876568,-30.646442,6.556814,-3.111238,2.755,1.44,-28.077435,0.0,0,22,-28.077435,-22.58027840909091,4.854151475853551,18.215106,0.7251860000000008,,,,,,,,,,0.6179807175877555,0.620583694504273,0.012972396652853433,0.5979390703525888,0.6442463205194251
OADMET-0001602,fake,1,-0.281461,-29.535538,7.119019,-1.673565,7.64,2.64,-24.371546,0.0,0,80,-24.371546,-21.134013387499998,3.5325178019484196,12.879710999999999,0.010688999999999282,,,,,,,,,,0.47485183497012207,0.49364407719161396,0.02690591324537694,0.445917060404923,0.5491494579665395
OADMET-0001604,fake,1,-0.245191,-28.14291,7.193338,-2.006922,7.671,2.33,-23.201685,0.0,0,8,-23.201685,-18.215010375,3.2048158584143307,9.727107000000002,2.5953100000000013,,,,,,,,,,0.5022009793125782,0.5106132429399037,0.028077990211782314,0.4567288006193856,0.5668958001643868
OADMET-0001606,fake,1,-0.737501,-30.100262,5.782692,-3.602753,5.349,2.33,-28.657824,0.0,0,52,-28.657824,-25.82216725,1.9252431691610412,8.284752000000001,0.10064400000000262,,,,,,,,,,0.7199966833809336,0.7357675323962576,0.013023507890921444,0.7117267687473643,0.75877172615364
OADMET-0002563,fake,1,-0.830067,-29.582235,5.509392,-3.508801,2.579,1.36,-28.411713,0.0,1,40,-28.411713,-27.085144549999995,1.000966806014551,4.221948999999999,0.003968000000000416,,,,,,,,,,0.6489618130978544,0.6635035071038368,0.015047948554941893,0.6396700324560135,0.6910063467232602
OADMET-0002564,fake,1,-1.774097,-29.350939,4.36153,-3.468226,4.617,2.08,-30.231731,0.0,1,80,-30.231731,-22.25430995,4.571938641814438,26.466962,0.03510100000000094,,,,,,,,,,0.7111996407756781,0.7195946202191742,0.01442480023401163,0.6902062447501907,0.7436864736681565
OADMET-0002565,fake,1,0.10282,-28.397722,8.445605,-4.101444,1.643,0.56,-23.950741,0.0,1,120,-23.950741,-19.48965525,2.909719757145366,11.335919,0.1942900000000023,,,,,,,,,,0.6353778847317746,0.643907905710317,0.021248823969256512,0.6049543462772441,0.6815215497089773
OADMET-0002568,fake,1,0.526846,-24.340126,6.550293,-2.454721,2.652,1.68,-19.717709,0.0,1,6,-19.717709,-13.941607,5.9339492774913065,13.876306,1.323287999999998,,,,,,,,,,0.36955059703096116,0.36488774956582104,0.013055494518575307,0.3412551816997165,0.3889359278944304
OADMET-0002570,fake,1,-8.026901,-40.290512,20.32571,-3.353611,3.573,1.03,-31.345314,0.0,1,40,-31.345314,-19.865316875,7.163389649147118,28.462598,1.3754999999999988,,,,,,,,,,0.677496827730831,0.7101005504477653,0.03784606244586031,0.6393607784276779,0.7797267502513577
OADMET-0002571,fake,1,-4.956141,-31.160765,11.51667,-5.142724,2.808,1.16,-29.742958,0.0,1,50,-29.742958,-22.787617060000002,6.579751249479639,33.030643000000005,0.02098100000000258,,,,,,,,,,0.8091398143628261,0.8193077798289642,0.019227231474293935,0.7792384022918385,0.8511792124333973
OADMET-0002572,fake,1,-2.314078,-29.293373,4.927384,-2.443277,2.911,1.47,-29.123346,0.0,1,48,-29.123346,-22.5397989375,6.884234865852857,31.902212000000002,0.16027000000000058,,,,,,,,,,0.5247704916799651,0.5393873866331027,0.013782672174191027,0.5131407683928175,0.5625391568172813
OADMET-0002573,fake,1,-2.650535,-24.81941,3.781015,-2.216787,5.562,2.64,-25.905718,0.0,1,40,-25.905718,-23.697678149999998,1.3079096590156913,4.43121,0.0829720000000016,,,,,,,,,,0.4840048533536594,0.48543576366618957,0.01934516994972183,0.4525422645447897,0.524917786830258
OADMET-0002576,fake,1,0.062208,-26.675697,5.011233,-3.981379,5.717,2.62,-25.583635,0.0,1,52,-25.583635,-21.94750926923077,6.546607214621485,24.857539000000003,0.2449360000000027,,,,,,,,,,0.7168021237302414,0.7262634837685483,0.01727241085760739,0.6935988552066565,0.759195038490837
OADMET-0002577,fake,1,-6.97638,-32.710884,22.63884,-1.39306,4.808,3.59,-18.441484,0.0,1,80,-18.441484,-13.670708300000001,2.6138818677864384,18.615061,0.15446799999999783,,,,,,,,,,0.24334837318498645,0.25144275042861053,0.03904233498637063,0.17827799925877344,0.3299790752689467
OADMET-0002579,fake,1,-2.405556,-28.028328,6.624115,-2.304464,2.889,1.49,-26.114233,0.0,1,122,-26.114233,-23.855660139344263,2.2349021817693338,8.939979999999998,0.017590999999999468,,,,,,,,,,0.4571180004538993,0.45892955694536625,0.009825180149871817,0.4391830639267803,0.47666495287685573
OADMET-0002580,fake,1,-1.735501,-31.340466,5.96209,-2.667892,7.189,3.09,-29.781769,0.0,1,120,-29.781769,-22.055361633333337,3.268343725296326,16.826664,0.0500070000000008,,,,,,,,,,0.6624166402473844,0.688319859251652,0.01745287024014736,0.6475128222321883,0.7177787426560952
OADMET-0002581,fake,1,0.823351,-31.079599,5.833282,-3.976758,2.288,0.94,-28.399725,0.0,1,4,-28.399725,-24.641389750000002,3.797405235403456,7.056180999999999,0.9757770000000008,,,,,,,,,,0.7150190164947237,0.7297519505005474,0.018185503152426338,0.6917880436956808,0.7598477787536676
OADMET-0002582,fake,1,-2.870358,-27.09581,2.330738,-3.566346,2.571,1.53,-31.201777,0.0,0,80,-31.201777,-25.5593333375,3.9574170071788273,12.358581999999998,0.07439700000000116,,,,,,,,,,0.6750985446395955,0.6827919938842552,0.02356935206342344,0.6496260252834535,0.7259084538016413
OADMET-0002583,fake,1,-0.097751,-30.447697,3.865534,-4.199345,5.074,2.64,-30.879259,0.0,1,4,-30.879259,-24.59807575,5.568158941689158,11.149668000000002,3.1888540000000027,,,,,,,,,,0.7964190276305239,0.8137749702492776,0.01574265678298286,0.7786461799017443,0.8400386765929935
OADMET-0002584,fake,1,-0.735668,-32.061558,4.782774,-4.508954,10.339,2.12,-32.523407,0.0,1,42,-32.523407,-31.93886416666667,1.3365219238191215,8.835265999999997,0.05638100000000179,,,,,,,,,,0.892264173450949,0.9102761171765438,0.017252588644154736,0.8772590078302915,0.9425493125908457
OADMET-0002588,fake,1,-2.061052,-30.438019,3.87626,-3.778863,3.598,2.07,-32.401672,0.0,1,70,-32.401672,-22.641747857142857,5.135848379998035,20.338770999999998,0.21125399999999672,,,,,,,,,,0.7475005280807888,0.7612923834361537,0.017587592989345743,0.7322839426441988,0.791540548079137
OADMET-0002589,fake,1,-0.44872,-33.395481,6.078714,-2.769664,3.012,1.89,-30.535151,0.0,1,54,-30.535151,-28.349710814814816,3.5127972997943147,21.759482,0.5190610000000007,,,,,,,,,,0.6193714311073723,0.6425572111893675,0.017513333921342727,0.6109856290922072,0.6740873127991897
OADMET-0002591,fake,1,-0.639572,-27.104443,6.06596,-3.633718,3.516,2.73,-25.311773,0.0,1,4,-25.311773,-24.51059725,0.9523469108731236,2.0590759999999975,0.12986899999999935,,,,,,,,,,0.6131027656744714,0.6283201241713156,0.021729366266945573,0.5828099049926435,0.6697229949941546
OADMET-0002592,fake,1,0.488167,-30.396053,6.376384,-4.464589,2.455,1.15,-27.99609,0.0,1,6,-27.99609,-17.005854666666664,6.45897106080037,18.23715,9.243996,,,,,,,,,,0.7501269230051317,0.7675028955998354,0.017897806066256235,0.727393359494149,0.796617106176703
OADMET-0002595,fake,1,-1.134506,-38.014294,6.790915,-1.812008,4.849,1.82,-34.169891,0.0,0,80,-34.169891,-28.81565015,3.121510049348528,11.404235,0.009456000000000131,,,,,,,,,,0.6259877864324705,0.6542099188696376,0.027779372436211213,0.6071460366409994,0.7074003904158833
OADMET-0002596,fake,1,-0.673901,-26.558636,5.83799,-3.793542,1.982,1.19,-25.188089,0.0,1,56,-25.188089,-19.606306571428572,4.307005447478497,19.636770000000002,0.4539540000000031,,,,,,,,,,0.6131482236074208,0.6153618549532076,0.017996175838482672,0.5881122392186516,0.6521976211079936
OADMET-0002598,fake,1,-10.153525,-39.440346,23.32229,-2.878421,4.333,1.21,-29.150003,0.0,1,80,-29.150003,-21.2545798125,6.579868164586042,29.956752,0.3308920000000022,,,,,,,,,,0.6052927562162161,0.6169777084534463,0.045780368176023746,0.5150510744600953,0.7032610262091296
OADMET-0002600,fake,1,-2.226865,-29.468836,7.703737,-2.709677,8.49,2.44,-26.701641,0.0,1,50,-26.701641,-19.888036319999998,4.14154242685476,14.744285999999999,0.06074299999999866,,,,,,,,,,0.6599102423691878,0.665813923322655,0.02671173776258443,0.6198205924020554,0.7156150897074881
OADMET-0002601,fake,1,-2.033777,-31.145956,4.771143,-3.684678,5.663,2.73,-32.093269,0.0,1,96,-32.093269,-25.706112375,4.627847549031137,21.556137999999997,0.011406000000000915,,,,,,,,,,0.771694755826962,0.7868109224127242,0.01527110056565446,0.7543461798676153,0.8091318488530895
OADMET-0002604,fake,1,-8.598976,-24.136751,24.24662,-2.800862,6.15,3.48,-11.289967,0.0,1,42,-11.289967,-1.856989666666667,4.798931594213042,17.085069,0.11853400000000036,,,,,,,,,,0.30709214567847826,0.2682406906527486,0.03410205361693719,0.20403596604093677,0.34253918924907856
OADMET-0002606,fake,1,0.44864,-28.842232,3.817847,-2.468391,4.307,0.97,-27.044136,0.0,1,6,-27.044136,-24.832755833333337,1.7605218673915322,4.253275000000002,0.4037510000000033,,,,,,,,,,0.5617563840768951,0.5692412444496859,0.02171171326574678,0.533992718217539,0.6230887020819086
OADMET-0002607,fake,1,-20.80213,-28.826012,33.149643,-3.146762,4.287,1.5,-19.625261,0.0,1,40,-19.625261,-9.749037925,3.8742479055859667,15.591890999999999,0.7815109999999983,,,,,,,,,,0.33197675193010695,0.3298503810326063,0.04764883470970497,0.22799100887833657,0.4171293911413693
OADMET-0003642,fake,1,-5.107646,-31.322689,31.212868,-3.736165,7.413,2.73,-8.953633,0.0,0,18,-8.953633,2.532826888888889,6.747590180921141,24.399324999999997,0.13785700000000034,,,,,,,,,,0.4049822225924899,0.4393826538239558,0.06127817132848176,0.32601041786655405,0.5528545659963594
OADMET-0003645,fake,1,5.158475,-7.865079,2.557628,-0.367909,0.0,0.0,-0.516886,0.0,0,40,-0.516886,0.9757052749999999,0.9392450750049072,3.622033,0.004481999999999986,,,,,,,,,,0.04673833761981199,0.033852315964899043,0.00896895640757853,0.020824561932023183,0.05116729836428419
OADMET-0003650,fake,1,-2.365271,-23.927454,2.515439,-2.505979,4.401,2.11,-26.283266,0.0,0,80,-26.283266,-22.5573564625,1.9166349026554224,6.797567000000001,0.03700100000000006,,,,,,,,,,0.5055944404748091,0.4997181629544744,0.020627124845638382,0.4605053256402932,0.5393583280682144
OADMET-0003652,fake,1,-4.828767,-24.453205,29.893442,-3.102182,6.708,1.59,-2.490711,0.0,1,4,-2.490711,0.18049024999999996,2.363809349790344,4.661985,1.3632650000000002,,,,,,,,,,0.22095403050219567,0.2324549049265306,0.04564490342365509,0.15088819600542594,0.3307224930979918
OADMET-0003654,fake,1,-8.504673,-19.423296,19.256203,-1.172385,3.773,2.12,-9.844151,0.0,0,40,-9.844151,-5.010614674999999,2.5663797492312543,11.871457,0.7520670000000003,,,,,,,,,,0.11123182544376187,0.09611728448594972,0.01466022652002477,0.07448275485154715,0.1253642914137218
OADMET-0003659,fake,1,5.52805,-16.11846,3.902548,-3.188406,1.183,1.16,-9.876268,0.0,0,40,-9.876268,-9.2296237,0.8353497597007878,3.2069409999999996,0.03572600000000037,,,,,,,,,,0.2807960566492389,0.2647447959855599,0.029538413701055324,0.21822457354468244,0.321741217389266
OADMET-0003662,fake,1,-12.25175,-8.160015,12.963852,1.141912,1.859,1.5,-6.306002,0.0,0,40,-6.306002,-2.615380675,1.19605247120666,6.261709000000001,0.1469940000000003,,,,,,,,,,0.01974455746061417,0.014979406194048481,0.004557508082949481,0.008533736253303328,0.024779562526437992
OADMET-0003664,fake,1,-1.446895,-20.742323,2.785851,-3.427162,7.864,4.62,-22.83053,0.0,0,40,-22.83053,-21.866031425,0.9985643871186967,3.8091100000000004,0.13247699999999796,,,,,,,,,,0.583445849389267,0.6140214495714733,0.04292081581135565,0.5314318223890553,0.7012717263689192
OADMET-0003667,fake,1,-8.783725,-14.483791,8.424163,1.749371,0.844,0.84,-13.093983,0.0,0,40,-13.093983,-9.129639625,1.874124594206677,6.601584,0.3114399999999993,,,,,,,,,,0.023331902406710518,0.021137632104336466,0.00565031444341792,0.01336298106670921,0.03485882563748927
OADMET-0003668,fake,1,5.801954,-17.789194,0.772103,-0.51507,2.504,1.51,-11.730207,0.0,0,40,-11.730207,-8.538132725,2.095144734265759,7.034983,0.025588000000000832,,,,,,,,,,0.1307372078946043,0.11345461538979286,0.0168136172150415,0.08211949366854743,0.14390908878698944
OADMET-0003671,fake,1,-4.04584,-22.886286,7.819078,-1.264637,9.285,1.95,-20.377684,0.0,0,40,-20.377684,-16.918335475,1.056493711271829,4.579958999999999,0.3582919999999987,,,,,,,,,,0.3817528093422166,0.35239665306809576,0.04270098366752399,0.2780380921610894,0.43548410269817456
OADMET-0003672,fake,1,-0.711789,-15.257164,3.616678,-1.492446,4.999,2.69,-13.84472,0.0,0,40,-13.84472,-11.961317875,1.0651963678021446,3.8956360000000014,0.045856999999999815,,,,,,,,,,0.18850549484972043,0.1839838968693682,0.024102385250710776,0.14207545779974257,0.23450368562059853
OADMET-0003674,fake,1,-1.521955,-22.477669,5.333145,-3.252214,2.905,1.02,-21.918694,0.0,0,40,-21.918694,-19.4153371,1.2428084401445596,4.908050999999997,0.31842299999999923,,,,,,,,,,0.48610443940572523,0.48458879131824617,0.0208768768759184,0.4431411481259526,0.5207726332198024
OADMET-0003675,fake,1,-6.721799,-27.659027,22.618147,-2.650124,4.94,1.87,-14.412803,0.0,0,4,-14.412803,-13.0766435,1.412569118281179,3.3296790000000005,0.9348460000000003,,,,,,,,,,0.303680470721533,0.31291985249217735,0.03038886993878372,0.25183385510961404,0.37058754521989495
OADMET-0003676,fake,1,-15.242573,-5.31248,7.893407,2.393383,0.001,0.0,-10.268263,0.0,0,40,-10.268263,-3.638909375,1.865870750598871,8.634901,2.110704,,,,,,,,,,0.012883519746892827,0.008097307481541754,0.003135176279424405,0.0040304820559175164,0.014817182059297527
OADMET-0003678,fake,1,6.397966,-19.58337,4.083634,-4.0477,4.71,2.03,-13.149469,0.0,0,40,-13.149469,-9.5615925,0.9402325073469587,4.692233999999999,1.5748130000000007,,,,,,,,,,0.5400778466901642,0.5255734546869354,0.03641640630903254,0.4555154657060244,0.5914771255934171
OADMET-0003680,fake,1,-13.392049,-24.163979,22.499493,0.01721,0.442,0.37,-15.039324,0.0,0,80,-15.039324,-9.33543725,2.1433892315412404,9.69171,0.1338240000000006,,,,,,,,,,0.061908958458934606,0.05615218033122898,0.012147200932082271,0.036445406012680204,0.08106209786865066
OADMET-0003681,fake,1,-4.074476,-14.418999,43.989792,-0.980372,7.777,1.69,24.515945,0.0,0,40,24.515945,31.4450536,4.9425134259722485,20.775859999999998,1.0137300000000025,,,,,,,,,,0.023130781541855328,0.016182034546122978,0.009963732568562813,0.005374699497110886,0.032091609966000224
OADMET-0003682,fake,1,5.544254,-18.041607,0.722912,-2.492554,1.592,1.16,-14.266994,0.0,0,40,-14.266994,-12.53349175,1.2462730801266209,4.268811000000001,0.07353400000000043,,,,,,,,,,0.2810054578780207,0.2740870827468318,0.02663625015985763,0.22869864380695587,0.3260798173293013
OADMET-0003687,fake,1,-1.09234,-15.62866,2.065757,-0.785037,0.01,0.01,-15.440281,0.0,0,40,-15.440281,-14.776217200000001,0.5330880907758454,1.990324000000001,0.018550000000001177,,,,,,,,,,0.12639180767018468,0.10222673390915003,0.015895968627692422,0.07551733875641237,0.1344052332963555
OADMET-0003692,fake,1,-24.412617,-19.696466,25.807276,0.153241,5.219,2.34,-18.148567,0.0,0,40,-18.148567,-15.238490249999998,1.9004629905984485,5.976343,0.478905000000001,,,,,,,,,,0.07590161315215777,0.06125169058430247,0.014702921196667083,0.036951787921324655,0.09032260379022215
OADMET-0002109,fake,1,-0.968234,-15.917211,1.811311,-1.019738,0.01,0.01,-16.09387,0.0,0,40,-16.09387,-15.534767325,0.41628086259488056,1.4016279999999988,0.006972999999998564,,,,,,,,,,0.13193572003438236,0.11931876105309092,0.017533653204534358,0.08988395995511761,0.1522825029650557
OADMET-0002110,fake,1,-0.555812,-16.96557,0.967789,-1.689049,0.0,0.0,-18.242643,0.0,0,40,-18.242643,-17.97309275,0.2553240585567382,1.0319530000000015,0.008376999999999413,,,,,,,,,,0.2150887099439962,0.18623943528680256,0.023314538099895005,0.14634925417673533,0.22822821162009813
OADMET-0002111,fake,1,0.347896,-20.57723,3.207107,-2.168584,0.036,0.03,-19.190811,0.0,0,40,-19.190811,-18.1265615,1.1497338944921796,4.884880000000001,0.0465510000000009,,,,,,,,,,0.2739681158495119,0.25895155689814064,0.022711821441949716,0.21938952483808136,0.29860981875433723
OADMET-0002112,fake,1,-0.830037,-16.471361,1.489085,-1.804783,0.076,0.07,-17.617098,0.0,0,40,-17.617098,-16.987498,0.45173716118806995,2.4613919999999982,0.02490399999999937,,,,,,,,,,0.20691344890458133,0.18594569399186478,0.023288598796429368,0.1479920445501718,0.22760246752830937
OADMET-0002113,fake,1,-1.44845,-16.672894,4.180223,-2.056489,0.0,0.0,-15.997609,0.0,0,40,-15.997609,-14.377535575,0.8632065763560022,3.1033620000000006,0.041438000000001196,,,,,,,,,,0.19092432853772234,0.18388809121239852,0.021767922450561836,0.148736019418755,0.22374100488217422
OADMET-0002114,fake,1,-1.079881,-17.280268,2.793991,-1.020406,0.038,0.03,-16.586563,0.0,0,40,-16.586563,-14.992156625000002,0.5234505845508242,2.1798910000000014,0.5437430000000028,,,,,,,,,,0.140184978940202,0.12599123484988428,0.01707784439696059,0.09661944655979918,0.15927452735469094
OADMET-0002115,fake,1,-0.415853,-17.072165,1.344351,-0.650684,0.0,0.0,-16.794352,0.0,0,40,-16.794352,-16.081741775,0.5691152505697334,1.6849129999999999,0.022041999999999007,,,,,,,,,,0.12216007906280374,0.11022173078459893,0.016357281007103326,0.08225055615497247,0.14216708380377316
OADMET-0002116,fake,1,-0.958943,-18.59934,3.331182,-1.671513,0.0,0.0,-17.898613,0.0,0,40,-17.898613,-15.577320400000001,0.5413670335156913,3.1527410000000007,1.2044950000000014,,,,,,,,,,0.20205201658069383,0.18419418594334505,0.02039845575880723,0.14827965849287567,0.2218074481509583
OADMET-0002117,fake,1,7.05881,-13.900507,3.288574,0.687936,0.514,0.51,-2.865186,0.0,0,40,-2.865186,-0.4478538,1.3216341453337266,4.567172,0.06555599999999995,,,,,,,,,,0.03206950978824855,0.030030709306564575,0.007893537715786547,0.018385800221743336,0.046691890060892714
OADMET-0002118,fake,1,-0.913439,-17.400959,1.12208,-0.900039,0.0,0.0,-18.092358,0.0,0,40,-18.092358,-17.6140993,0.3844471312734958,1.364848000000002,0.057460999999999984,,,,,,,,,,0.14608282437090067,0.13197100255784677,0.018391580725598777,0.09972073543503787,0.1646962576290491
OADMET-0002120,fake,1,12.505541,-15.522713,10.801413,-2.601896,1.348,1.32,5.182345,0.0,0,80,5.182345,9.2976831625,3.8048733921938016,17.819585000000004,0.05168600000000012,,,,,,,,,,0.12851946337862274,0.10892057347623757,0.024873635836848262,0.07044786582974774,0.1505723762844221
OADMET-0002121,fake,1,-0.72561,-16.382536,1.092126,-2.263224,0.076,0.07,-18.279243,0.0,0,40,-18.279243,-17.004478575,0.9531591658062715,3.863405,0.4716939999999994,,,,,,,,,,0.24963351620817198,0.23198674046540588,0.027754519470134346,0.18580049276755906,0.28230002555256
OADMET-0002123,fake,1,-2.430454,-20.251364,4.236042,-0.413325,3.957,2.39,-18.859102,0.0,0,80,-18.859102,-15.307103925000002,2.8051742984551806,11.530933000000001,0.48563199999999895,,,,,,,,,,0.1607364000959378,0.15042823042298978,0.017653828629730018,0.1212717344560134,0.18063549948681384
OADMET-0002124,fake,1,0.152877,-17.855215,1.252671,-1.090359,1.409,0.7,-17.540028,0.0,0,40,-17.540028,-17.375787825,0.12397765845069551,0.49648699999999835,0.025489999999997792,,,,,,,,,,0.1775220025355264,0.16036757476405492,0.018759336255326615,0.12622949751858906,0.19415205186032275
OADMET-0002125,fake,1,4.373326,-16.158176,6.381507,-1.313225,2.927,2.73,-6.716569,0.0,0,80,-6.716569,0.21534003749999994,4.34148380532684,15.476176,0.06216099999999969,,,,,,,,,,0.1249869978104388,0.10980090597666795,0.018147731338792883,0.07328108503558582,0.14111799921792145
OADMET-0002126,fake,1,-0.239274,-22.763584,1.706486,-3.812214,0.0,0.0,-25.108587,0.0,0,30,-25.108587,-21.02805696666666,2.8766598205659486,13.359456,0.5073410000000003,,,,,,,,,,0.556140641645145,0.5566375177840931,0.034898673254719736,0.49906421608602086,0.6184786455887153
OADMET-0002127,fake,1,-0.806251,-25.122812,4.87743,-3.373337,0.024,0.02,-24.424971,0.0,0,80,-24.424971,-21.921182575,1.6233201102964583,7.4239180000000005,0.07716599999999829,,,,,,,,,,0.505096951334537,0.49790201750951096,0.02716505337587125,0.45032489750372967,0.5480790097914676
OADMET-0002128,fake,1,-0.698468,-18.090687,1.165254,-2.22451,0.045,0.04,-19.848412,0.0,0,40,-19.848412,-19.667176525000002,0.27924053326395454,1.5754759999999983,0.0019759999999990896,,,,,,,,,,0.2730678708148164,0.25561011902255565,0.02748014080189703,0.20973212749295547,0.30691031457099416
OADMET-0002129,fake,1,-0.413786,-19.26256,0.635214,-2.665683,0.076,0.07,-21.706814,0.0,0,40,-21.706814,-20.248104474999998,0.6600819797826973,4.156115,0.6273560000000025,,,,,,,,,,0.35438642313267793,0.337352994608475,0.03175104009691504,0.28360732020607393,0.397255073792136
OADMET-0002130,fake,1,-0.977795,-18.231747,1.299919,-1.867798,1.438,1.43,-19.77742,0.0,0,40,-19.77742,-17.58302005,1.601290088360823,6.023183999999999,0.028874999999999318,,,,,,,,,,0.2488536523325766,0.23866676167652923,0.024426313999952307,0.19555287524475048,0.28426540410726797
OADMET-0002131,fake,1,7.751323,-17.71422,3.060255,-3.323929,2.485,2.12,-10.226572,0.0,0,80,-10.226572,-6.750849825,3.542694931652016,14.029438,0.09058400000000155,,,,,,,,,,0.31598366366482483,0.33141707692634315,0.03511600585956788,0.2614716619676257,0.40341368029763736
OADMET-0002132,fake,1,5.737818,-18.719559,6.068255,0.239721,0.976,0.77,-6.673765,0.0,0,80,-6.673765,-1.22024105,2.6722468261615977,12.931511,0.011543000000000525,,,,,,,,,,0.06313231510759719,0.052221297634199554,0.010884287192748102,0.03498648963949851,0.07580538549104571
OADMET-0002133,fake,1,4.822256,-22.455555,7.846331,-3.424472,2.381,1.52,-13.21144,0.0,0,6,-13.21144,-9.999214833333333,2.4831412225894374,6.780870999999999,1.39494,,,,,,,,,,0.40628903671257727,0.393336415379949,0.025252704765906527,0.3457608546679861,0.44405224009305977
OADMET-0002134,fake,1,4.342247,-12.659513,4.718595,-1.292977,0.721,0.69,-4.891648,0.0,0,40,-4.891648,-3.9535971500000002,0.6962554368406996,2.644526,0.04192499999999999,,,,,,,,,,0.08182715038887803,0.07771519219549676,0.014120638756896332,0.055673415203607864,0.10316646170762382
OADMET-0002135,fake,1,7.531275,-15.638824,3.441823,-2.411878,1.19,1.19,-7.077604,0.0,0,80,-7.077604,-4.5456350625,0.7586205215959358,3.489982,0.10721999999999987,,,,,,,,,,0.17985199975237331,0.17577790114611627,0.024294587530357035,0.13542770811596003,0.22114312873111017
OADMET-0002137,fake,1,0.489952,-15.808878,1.609217,-1.306322,0.0,0.0,-15.016031,0.0,0,40,-15.016031,-13.713594825000001,0.6855922287132076,2.5374499999999998,0.056203999999999255,,,,,,,,,,0.13649921871010007,0.13223582418377325,0.018675954339768746,0.1007756663890577,0.16603608678898826
OADMET-0002138,fake,1,0.106392,-18.855673,3.020673,-1.970324,0.027,0.02,-17.698933,0.0,0,40,-17.698933,-15.23620875,0.4213135619269536,2.8940680000000008,1.956023,,,,,,,,,,0.21527617227723128,0.2133164930615408,0.02193566405863089,0.17460376590314106,0.25188715730206734
OADMET-0002139,fake,1,-1.263596,-18.193569,4.258985,-2.290467,0.0,0.0,-17.488647,0.0,0,40,-17.488647,-14.09880635,0.7473518789564395,4.332317,0.5711820000000003,,,,,,,,,,0.24556901584246646,0.22676678918242338,0.023316924302875512,0.18787575512693738,0.2671280434895304
OADMET-0002140,fake,1,-0.614156,-14.714454,2.819996,-1.597353,0.845,0.84,-14.105967,0.0,0,80,-14.105967,-11.6432599,2.156493173818441,8.585429999999999,0.06555999999999962,,,,,,,,,,0.16191561617540182,0.14111148217508115,0.01903185906788125,0.11079813251138373,0.17731019365813258
OADMET-0002141,fake,1,-4.025687,-16.652918,2.172192,-0.546231,1.177,1.17,-19.052643,0.0,0,80,-19.052643,-15.524187425,1.375802301217893,6.90555,0.157902,,,,,,,,,,0.13101833218680645,0.11503916297255037,0.017059470205497584,0.08597057976658556,0.14697827359442425
OADMET-0002142,fake,1,-9.503065,-18.301165,18.561234,-3.228606,0.113,0.07,-12.471601,0.0,0,40,-12.471601,-10.282909,0.8894143137993561,4.0611180000000004,1.234121,,,,,,,,,,0.21581777125437482,0.19764957515219084,0.02481407204294552,0.1577072204331178,0.2561178799507675
OADMET-0002143,fake,1,-9.265332,-16.667936,18.802559,-2.860078,0.037,0.03,-9.990788,0.0,0,40,-9.990788,-8.939952575000001,0.928578863679909,3.037895,0.022802999999999685,,,,,,,,,,0.1594547027537415,0.14242331285809562,0.020773567709277335,0.11180662224667252,0.1898975517134184
OADMET-0002144,fake,1,-9.289423,-20.667444,17.154167,-3.503218,6.488,2.88,-16.305918,0.0,0,40,-16.305918,-15.322865575000003,0.7301968498818513,2.810851999999999,0.06924699999999717,,,,,,,,,,0.421304875049794,0.41490072605350425,0.030251282874470473,0.35203800162971044,0.47556348595543085
OADMET-0002145,fake,1,-19.37429,-10.079035,22.055428,-1.279679,1.579,1.57,-8.677576,0.0,0,40,-8.677576,-2.860192675,1.691736017845216,8.62895,1.71962,,,,,,,,,,0.05100591970376736,0.04431258873274422,0.011057416786139678,0.025692133862202263,0.06750589656356817
OADMET-0002146,fake,1,-8.698031,-14.939701,15.864729,-2.396894,0.025,0.02,-10.169898,0.0,0,40,-10.169898,-8.425307125,0.935654334548992,5.113739,0.31615700000000047,,,,,,,,,,0.13346118738895996,0.11571265125030371,0.01781821379425703,0.08633039341702693,0.15375085454297036
OADMET-0002147,fake,1,-21.185455,-16.81427,28.088858,-2.056335,0.083,0.05,-11.967203,0.0,0,80,-11.967203,-9.2009064125,1.0397552611414667,4.62385,0.259034999999999,,,,,,,,,,0.09405039167127545,0.07779868936383254,0.017692968164928335,0.048204626461418265,0.11793177234434828
OADMET-0002148,fake,1,-10.587128,-16.076187,15.92985,-2.68728,0.052,0.02,-13.420746,0.0,0,40,-13.420746,-12.930973550000001,0.3467065639263081,2.0336619999999996,0.21236799999999967,,,,,,,,,,0.17373235805727405,0.1544971622779342,0.02188849774417677,0.11943757741090551,0.20250267820085496
OADMET-0002149,fake,1,-9.327923,-18.084736,17.285847,-1.999263,0.025,0.02,-12.126075,0.0,0,40,-12.126075,-10.411930725,0.8895072303151171,4.768263,0.003467000000000553,,,,,,,,,,0.12227099196872104,0.1141739828432574,0.016636748537290507,0.08939857796576547,0.15179387218622092
OADMET-0002150,fake,1,-19.940981,-15.174607,23.871904,-2.651664,0.025,0.02,-13.89535,0.0,0,40,-13.89535,-11.31219855,1.3470444046966346,5.632020000000001,0.05427300000000024,,,,,,,,,,0.1519831166485211,0.11518001489033618,0.023330992196202598,0.07521394953010138,0.1683994330562933
OADMET-0002151,fake,1,-10.091797,-22.517197,20.45183,-3.232843,0.051,0.03,-15.390007,0.0,0,80,-15.390007,-12.5904059625,1.5207233529616,7.168001,0.5560120000000008,,,,,,,,,,0.25046541346229634,0.24538084353818534,0.027560632305223178,0.19462897616197825,0.3141034784284702
OADMET-0002152,fake,1,4.600636,-12.826805,5.151375,-1.131379,5.17,3.98,-4.206173,0.0,0,40,-4.206173,-0.556391125,1.9546023289684218,7.266772,0.06847199999999987,,,,,,,,,,0.10047058403392047,0.09800889465186112,0.021010624082260503,0.05815775182446869,0.14246571473906963
OADMET-0002153,fake,1,7.329675,-9.463319,2.332431,0.072273,0.0,0.0,0.271059,0.0,0,40,0.271059,3.9754000250000003,1.4450369048644325,7.313365,0.26303099999999996,,,,,,,,,,0.03064777678380809,0.02913770718936455,0.008170326144657531,0.01709547691072569,0.0444226230314315
OADMET-0002155,fake,1,-9.218807,-20.903469,19.103638,-3.431073,0.058,0.05,-14.449711,0.0,0,40,-14.449711,-14.1555912,0.34347268245096507,1.9546109999999999,0.02027900000000038,,,,,,,,,,0.25611874703756504,0.2506688014002294,0.02750504508903647,0.20339632102554756,0.3161883189980598
OADMET-0002156,fake,1,-20.588404,-15.15094,27.758133,-2.437104,1.871,1.87,-10.418312,0.0,0,40,-10.418312,-7.2539660249999995,1.250075064919426,6.050566,2.0894770000000005,,,,,,,,,,0.09771501646731101,0.09252965544743791,0.020002230472746893,0.053883672704176766,0.1352074970163282
OADMET-0002157,fake,1,-8.388995,-17.151609,14.198579,-2.876336,0.025,0.02,-14.218361,0.0,0,40,-14.218361,-11.102628099999999,1.1787289693375353,4.2950990000000004,0.20372000000000057,,,,,,,,,,0.2019661859962316,0.19034542222570347,0.02320714906432055,0.15110497390365896,0.23885127453500263
OADMET-0002158,fake,1,-10.532047,-29.375656,28.738628,-4.496619,2.323,2.17,-15.665694,0.0,0,40,-15.665694,-9.792849975,1.7489856390582585,8.372792,0.48873000000000033,,,,,,,,,,0.45996247951249325,0.4621003555240656,0.0493158707667733,0.37768805835214847,0.5519222336606446
OADMET-0005911,fake,1,-1.923137,-28.636419,4.719462,-1.619501,1.806,1.19,-27.459593,0.0,1,46,-27.459593,-20.1833205,4.211576111071508,14.896999000000001,0.5975500000000018,,,,,,,,,,0.39412749869707336,0.37986842195920517,0.017730927552524055,0.34272213064148344,0.40950395581102494
OADMET-0005920,fake,1,1.919677,-22.953705,5.784657,-2.035177,7.591,3.26,-17.284548,0.0,1,10,-17.284548,-8.4973166,11.730961194474979,31.126643,0.2864380000000004,,,,,,,,,,0.39700277298011355,0.3910126282814217,0.030023075527025447,0.33889228659410425,0.44966599790784045
OADMET-0005923,fake,1,-1.837579,-33.313431,8.560946,-3.053852,5.126,2.39,-29.643913,0.0,1,10,-29.643913,-20.0066412,7.289857756654055,18.589605,0.7161790000000003,,,,,,,,,,0.6833134311251077,0.6949191000040383,0.014287021209571264,0.6679671080555957,0.7184935870276216
OADMET-0005926,fake,1,1.943723,-27.988655,6.316438,-3.483537,4.684,1.8,-23.21203,0.0,1,8,-23.21203,-19.580606375,2.818760194200631,8.928723999999999,0.07538800000000023,,,,,,,,,,0.6219860412096762,0.6388830712092272,0.015108025812984547,0.6105431742028732,0.6679712949740235
OADMET-0005929,fake,1,-0.083121,-30.942638,5.509645,-3.731987,1.884,0.87,-29.2481,0.0,1,80,-29.2481,-23.862831712500004,3.1656018147695164,14.920753000000001,0.2981739999999995,,,,,,,,,,0.6851862409457613,0.7010289453925561,0.018857414833920283,0.6646055144703076,0.7326808597712073
OADMET-0005933,fake,1,-3.220746,-26.194012,5.349906,-2.577807,1.473,0.57,-26.642658,0.0,1,80,-26.642658,-23.935580537499998,1.4211629271425938,6.709129000000001,0.4407209999999999,,,,,,,,,,0.4616376582788774,0.4546477998385548,0.020186846357987936,0.41266708164501886,0.49724832021293575
OADMET-0005934,fake,1,-0.971105,-29.605072,6.368028,-1.974513,7.036,4.36,-26.182663,0.0,1,26,-26.182663,-22.90488553846154,1.9131974165022958,7.259001000000001,0.022751000000003074,,,,,,,,,,0.5046657617520575,0.5283176589297852,0.033742832765055096,0.46245038165157876,0.5785325748251077
OADMET-0005940,fake,1,-3.953232,-30.580561,7.2884,-4.189725,4.555,2.33,-31.435116,0.0,1,86,-31.435116,-25.313936081395347,4.640468319520442,23.727157000000002,3.254639000000001,,,,,,,,,,0.7682180576815197,0.7900062213511793,0.01595001030550682,0.7651302106179415,0.8133286696945269
OADMET-0005941,fake,1,5.4957,-32.800262,6.572781,-3.145556,2.998,1.47,-23.877337,0.0,1,80,-23.877337,-12.7608579,5.151591612524699,19.809996,0.005286000000001678,,,,,,,,,,0.6134658096585109,0.62693161146437,0.023644304562750844,0.5828482438818535,0.6759772544547165
OADMET-0005945,fake,1,-0.218801,-25.717857,5.710837,-3.687443,5.382,2.06,-23.913265,0.0,1,40,-23.913265,-23.232678575,0.5196972443802791,2.806100999999998,0.153458999999998,,,,,,,,,,0.6376364067024104,0.6586620632440797,0.017062598729625882,0.6232757221976813,0.6902428986352308
OADMET-0005946,fake,1,-1.764085,-29.236378,3.79652,-3.809122,4.251,2.59,-31.013063,0.0,1,160,-31.013063,-25.6089202625,4.17327244628496,21.316868999999997,0.17201000000000022,,,,,,,,,,0.7480426478089853,0.7523843362229986,0.018582449041992837,0.7152617154328772,0.7847505659667168
OADMET-0005947,fake,1,-2.844631,-26.848423,5.098201,-3.235484,4.533,2.73,-27.830336,0.0,1,86,-27.830336,-21.40810439534884,4.831063278789084,28.238170999999998,0.13161699999999854,,,,,,,,,,0.6114326389899586,0.6281062892354469,0.01899900828809451,0.589295002209278,0.6616550689430718
OADMET-0005948,fake,1,-2.15314,-29.12517,7.201704,-2.40257,4.874,2.39,-26.479176,0.0,1,80,-26.479176,-20.62895305,2.7703031653604584,10.597518999999998,0.4065899999999978,,,,,,,,,,0.5286848685765959,0.5324276405803521,0.009503824914782912,0.5146433663390947,0.548502392996213
OADMET-0005953,fake,1,-0.765608,-25.901091,7.704815,-0.647706,7.411,2.0,-19.609589,0.0,1,24,-19.609589,-14.896995208333335,2.6836400711836212,7.792800999999999,0.4381549999999983,,,,,,,,,,0.28565201395490164,0.27138380041328913,0.03004883173221144,0.21742101168112055,0.3372246613842278
OADMET-0002662,fake,1,-0.688605,-29.36446,4.104582,-1.135028,6.455,2.4,-27.083509,0.0,1,22,-27.083509,-13.787814090909093,7.916249213443976,27.007725,1.2531469999999985,,,,,,,,,,0.4420602712671173,0.43967166007823744,0.023661781522236996,0.3936347470669889,0.47902183617650695
OADMET-0002663,fake,1,-1.984507,-25.744865,4.130608,-3.722939,4.998,2.31,-27.321703,0.0,1,22,-27.321703,-19.575150454545458,4.601164411900129,18.91134,0.6775470000000006,,,,,,,,,,0.6919863354457959,0.6910060355972638,0.01856926884543535,0.6488917740332514,0.7258590971659972
OADMET-0002664,fake,1,0.733349,-31.281311,6.115771,-3.176826,4.65,1.46,-27.609016,0.0,1,44,-27.609016,-25.526285795454545,1.22382329258362,4.414487000000001,0.08097400000000121,,,,,,,,,,0.6658192575510742,0.6830361958329166,0.01627152459684914,0.6592573295081944,0.7275187448136228
OADMET-0002665,fake,1,-1.075637,-29.349819,6.823821,-3.17666,0.453,0.34,-26.778296,0.0,1,80,-26.778296,-21.7321670375,4.215365335156557,15.273944,0.011041999999999774,,,,,,,,,,0.5344538478759557,0.5456884728879525,0.02271152245442986,0.5015663719199102,0.5883584343566911
OADMET-0002668,fake,1,6.8e-05,-28.238537,4.140867,-3.251468,3.432,2.03,-27.34907,0.0,1,114,-27.34907,-22.41500001754386,3.9511090054770652,19.122120000000002,0.07025000000000148,,,,,,,,,,0.6174897058297533,0.6321604271049387,0.014040019353019979,0.6083415572950673,0.6642225851726032
OADMET-0002669,fake,1,1.302763,-29.25523,4.308067,-2.194,0.391,0.39,-25.8384,0.0,0,76,-25.8384,-15.914212736842103,4.773780600923978,23.81247,2.0230490000000003,,,,,,,,,,0.4405216974606738,0.4243594433052521,0.022123204608401597,0.37797242061692354,0.4633029176471724
OADMET-0002670,fake,1,-0.557495,-31.688398,5.081195,-4.517733,4.445,2.06,-31.682428,0.0,1,2,-31.682428,-27.2761735,6.231384873167483,8.812509000000002,8.812509000000002,,,,,,,,,,0.828634063096208,0.8397705161183521,0.014726128328969199,0.8112874120683192,0.8643574384700952
OADMET-0002672,fake,1,0.457213,-33.644123,8.870269,-1.832615,9.406,2.39,-26.149254,0.0,0,16,-26.149254,-21.4485069375,4.931898064465775,14.124861,0.021878999999998427,,,,,,,,,,0.5857356708063058,0.6218264072473502,0.04158042458228906,0.5431548675073012,0.7020869195267865
OADMET-0002674,fake,1,0.185508,-23.490635,4.972933,-4.098383,3.279,1.47,-22.430576,0.0,1,8,-22.430576,-21.277629750000003,0.5543762718826442,1.6481189999999977,0.8298789999999983,,,,,,,,,,0.626560820092934,0.6265475676260676,0.02177401591135692,0.5839268639691202,0.6650547504337007
OADMET-0002675,fake,1,-1.069625,-33.056744,5.044159,-3.24624,6.631,2.64,-32.328449,0.0,1,10,-32.328449,-26.0226793,9.06999682655211,23.256517,0.26477799999999974,,,,,,,,,,0.7627677863233192,0.7835665261143413,0.015492965287787116,0.7546409098400834,0.8055562945127258
OADMET-0002677,fake,1,-2.5057,-33.856331,3.64571,-4.295555,2.597,1.78,-37.011875,0.0,1,120,-37.011875,-30.589343233333334,4.434795890530433,18.612234000000004,0.0031970000000001164,,,,,,,,,,0.8328300166945014,0.8468371348968311,0.018670174768547255,0.8152391206316515,0.8758904237679587
OADMET-0002678,fake,1,-0.83014,-35.960995,5.471068,-4.980508,5.346,2.4,-36.300571,0.0,1,6,-36.300571,-27.989920666666666,9.08119575625313,23.517711,0.6776610000000005,,,,,,,,,,0.8980515351371015,0.9155931464908735,0.011982489409390422,0.8908721875892897,0.9327334746743842
OADMET-0002679,fake,1,-10.8318,-26.408951,21.872215,-1.960081,4.923,3.5,-17.328619,0.0,1,68,-17.328619,-11.147419720588239,3.887035672823769,13.199169,0.043858000000000175,,,,,,,,,,0.22888212821080756,0.23860183420175304,0.030392850587584324,0.18082851226468247,0.2885931627698333
OADMET-0002681,fake,1,-0.518516,-27.842857,5.12248,-2.838083,4.356,2.39,-26.076977,0.0,1,40,-26.076977,-20.5042139,2.9582766796774997,11.041634,0.14583000000000013,,,,,,,,,,0.5706422324863557,0.5741334338342822,0.011662842923606519,0.5519473136158792,0.5955169845994824
OADMET-0002682,fake,1,-2.780999,-27.77376,4.235946,-2.567515,2.48,1.2,-28.886328,0.0,0,10,-28.886328,-20.9027454,13.615878010614056,33.593230999999996,0.005130999999998664,,,,,,,,,,0.529360691816242,0.5284857469810745,0.016952084591185385,0.49445927556468877,0.5567383567856445
OADMET-0002683,fake,1,0.535911,-28.514547,6.125722,-2.213337,5.916,2.43,-24.06625,0.0,1,2,-24.06625,-24.0257645,0.057255143179457124,0.08097100000000168,0.08097100000000168,,,,,,,,,,0.5035254149636992,0.5141599984593378,0.015897200062407274,0.4844702550432943,0.545218394666994
OADMET-0002684,fake,1,-4.505863,-27.320602,4.70687,-1.660463,2.483,2.06,-28.78006,0.0,0,120,-28.78006,-24.641597533333332,3.7772951132058514,13.528547999999999,0.04546799999999962,,,,,,,,,,0.4074064858122283,0.38788740035111735,0.023360820852440536,0.34658248434657835,0.4261441218136166
OADMET-0002685,fake,1,-0.651541,-30.361832,4.771484,-3.469855,4.381,2.57,-29.711742,0.0,1,72,-29.711742,-23.05344295833333,5.198092969199203,24.922708,0.0947659999999999,,,,,,,,,,0.7004141784612558,0.7169965256792061,0.015531926880638248,0.6873640828642557,0.7427302688815783
OADMET-0002686,fake,1,1.414785,-28.535624,3.87317,-2.538996,6.469,2.88,-25.786663,0.0,1,4,-25.786663,-24.7499245,0.9606589992737631,1.930651000000001,0.4431359999999991,,,,,,,,,,0.5902423757400198,0.6043319628564852,0.018240294820736185,0.5687269543780002,0.6379898915984908
OADMET-0002687,fake,1,-7.202692,-27.654003,23.839176,-3.479503,4.924,2.39,-14.497025,0.0,1,4,-14.497025,-12.7578325,2.265358659895382,4.823241000000001,0.07805700000000115,,,,,,,,,,0.38112254811849094,0.40196446871921765,0.034609912569541074,0.33950195378844344,0.4693718226660035
OADMET-0002695,fake,1,-2.928121,-35.705528,11.128451,-3.275687,3.46,2.64,-30.780882,0.0,0,92,-30.780882,-26.28236932608696,2.674815884999581,11.056082,0.08791899999999941,,,,,,,,,,0.6816208385440939,0.6990655961605584,0.024737501025667467,0.6547153035202703,0.7448940301176733
OADMET-0002696,fake,1,-2.123612,-38.747059,9.229721,-3.522637,6.441,2.33,-35.163586,0.0,1,2,-35.163586,-33.8411695,1.870179349405964,2.6448330000000055,2.6448330000000055,,,,,,,,,,0.8327639853684796,0.8462574792532753,0.01719120532232081,0.8121463285798313,0.8784533465959924
OADMET-0002697,fake,1,-1.273058,-21.710876,8.94367,-3.687856,3.986,1.22,-17.728121,0.0,1,32,-17.728121,-12.9473063125,2.8292932272571067,11.113563000000003,0.27171000000000234,,,,,,,,,,0.47652097405366195,0.48997956897890227,0.023502981897162274,0.4440127209259894,0.5270587314749908
OADMET-0002698,fake,1,-0.59549,-31.758589,6.086552,-3.905442,6.878,2.06,-30.17297,0.0,1,8,-30.17297,-14.113687875,10.363088928718096,26.898706999999998,0.6592519999999986,,,,,,,,,,0.7984016237487997,0.8172184780557895,0.016797512372348743,0.7901397733201563,0.8513491334495344
OADMET-0002699,fake,1,-9.872422,-26.549412,19.704178,-2.513122,3.622,2.73,-19.230778,0.0,1,40,-19.230778,-15.9552399,1.8892166184882682,7.308471000000001,0.026220999999999606,,,,,,,,,,0.3182330773742616,0.3050873292422482,0.027794097112734638,0.250924280409574,0.35085210832179897
OADMET-0002701,fake,1,-2.201916,-32.399048,6.588382,-0.866314,3.773,1.17,-28.878895,0.0,1,32,-28.878895,-19.5216511875,4.688028740442656,16.472704,0.28374900000000025,,,,,,,,,,0.36645100477690046,0.3815265341937703,0.025636431465746203,0.3372988216653177,0.42140198443896576
OADMET-0002703,fake,1,-0.295736,-32.825718,6.183964,-3.38252,4.14,1.5,-30.320009,0.0,1,54,-30.320009,-24.494850759259254,3.839470611107508,13.305473,0.06598299999999924,,,,,,,,,,0.7147866153180878,0.7326324910662683,0.015270700087663758,0.7052774043811867,0.7665357090298826
OADMET-0002704,fake,1,2.355458,-33.176376,7.236101,-1.806929,6.645,2.33,-25.391747,0.0,1,14,-25.391747,-18.800769428571424,6.3024592911392885,17.661192,0.04725299999999777,,,,,,,,,,0.5359690991015184,0.5500729445086965,0.029323856562118715,0.49601873775044947,0.6051500971624002
OADMET-0002710,fake,1,0.639752,-32.82774,4.861769,-0.208589,3.187,1.57,-27.534809,0.0,0,48,-27.534809,-23.790288833333335,5.183388236675822,20.253219,0.040459999999999496,,,,,,,,,,0.30584200337376694,0.29509431547435744,0.027148391625395982,0.2505490375847555,0.3475984056483054
OADMET-0002712,fake,1,-0.296134,-30.592615,5.2378,-4.006876,1.498,0.88,-29.657827,0.0,1,62,-29.657827,-25.95877011290323,6.558507510844629,25.322314000000002,0.0028780000000026007,,,,,,,,,,0.7005117122006853,0.7237218215467329,0.020263818443880952,0.6838161982485551,0.7588942058711785
OADMET-0002717,fake,1,2.338317,-25.097607,4.176025,-4.068542,6.795,2.33,-22.651806,0.0,1,2,-22.651806,-22.3915375,0.36807524255850255,0.5205370000000009,0.5205370000000009,,,,,,,,,,0.7125545373170304,0.7272710334310147,0.024013425013613716,0.6805033320778049,0.7704224017806343
OADMET-0002719,fake,1,-1.210367,-30.81076,8.310211,-1.703743,4.296,1.78,-25.414661,0.0,0,34,-25.414661,-12.658284205882353,3.9122203265046833,17.884152999999998,0.5355559999999997,,,,,,,,,,0.421159878220863,0.43278885065527994,0.016301758277239467,0.40486630323540335,0.4601606339428283
OADMET-0002723,fake,1,-5.718912,-32.300385,12.170751,-4.623056,4.08,1.07,-30.471601,0.0,0,6,-30.471601,-18.782069833333328,15.376642454044724,31.499443,0.637830000000001,,,,,,,,,,0.7946834496157508,0.8080276631453515,0.018982889304415017,0.7747992917926718,0.8436956801877082
OADMET-0002724,fake,1,15.197832,-27.703363,25.314766,-3.829444,2.77,1.22,8.979791,0.0,0,2,8.979791,9.056743,0.10882656205173366,0.15390399999999893,0.15390399999999893,,,,,,,,,,0.23523403655453856,0.23125662911464534,0.06501241969229561,0.11848210625822647,0.36138785996552114
OADMET-0002726,fake,1,0.360799,-28.503551,3.266636,-2.824281,2.359,1.78,-27.700396,0.0,1,66,-27.700396,-24.505602984848483,2.3709149437461643,11.182393000000001,0.031022000000000105,,,,,,,,,,0.5534567471842485,0.5651641904096192,0.0170763452247399,0.5339260052010637,0.6067699092797136
OADMET-0002727,fake,1,-0.092383,-13.459312,5.126628,-4.159439,4.28,1.62,-12.584505,0.0,1,6,-12.584505,-11.396799666666668,1.0317372833793816,2.6706699999999994,0.11573600000000006,,,,,,,,,,0.42258914918675483,0.42709491125987853,0.04325201822153148,0.338087884842615,0.5047106808447143
OADMET-0002729,fake,1,-2.976184,-23.913219,7.484694,-2.816368,2.859,1.49,-22.221077,0.0,1,2,-22.221077,-22.052746,0.23805598316782578,0.33666200000000046,0.33666200000000046,,,,,,,,,,0.4241212005490304,0.4248046365867026,0.012782206105917357,0.40113910628456745,0.44902985792031797
OADMET-0002732,fake,1,-2.993468,-31.941641,7.003285,-3.156427,1.716,1.68,-31.088251,0.0,1,80,-31.088251,-23.0989668625,3.456095523534489,14.706093,0.8741260000000004,,,,,,,,,,0.63089773509199,0.636900009902166,0.022363351234612635,0.5969502194419215,0.6854842109951323
OADMET-0002733,fake,1,0.041309,-27.029001,10.459482,-3.542002,5.297,1.78,-20.070211,0.0,1,4,-20.070211,-16.8529955,3.7102897841987574,6.460538,0.008165000000001754,,,,,,,,,,0.57071013212718,0.5859931101846151,0.0192213077255285,0.5505305881932103,0.6246003490936283
OADMET-0002734,fake,1,-0.715434,-35.959133,7.193985,-4.291294,4.282,2.33,-33.771877,0.0,0,4,-33.771877,-33.581128,0.24902300611121708,0.5499070000000046,0.04963700000000415,,,,,,,,,,0.8325791702835232,0.8525727636417118,0.015285726543710836,0.8191231714693372,0.8750862638870056
OADMET-0002738,fake,1,-3.596717,-30.118385,6.373502,-2.115181,2.29,1.56,-29.456781,0.0,1,60,-29.456781,-21.978365016666665,4.352382428357103,15.662979,0.004210999999997966,,,,,,,,,,0.46395057593325323,0.47917852989864407,0.017975958165464493,0.44634848972792307,0.514155340582495
OADMET-0002740,fake,1,-2.261674,-29.766975,4.993148,-3.61649,3.619,1.79,-30.651989,0.0,1,80,-30.651989,-26.997492524999995,2.062768668601517,9.189015999999999,1.2075460000000007,,,,,,,,,,0.7028992711847885,0.7194941869986019,0.01546247775141726,0.6953790055681551,0.7466557582882645
OADMET-0002743,fake,1,0.46484,-30.324778,5.95486,-3.969013,3.518,2.73,-27.87409,0.0,0,22,-27.87409,-25.968335181818187,1.583110213269907,6.750059,0.005547999999997444,,,,,,,,,,0.7042226657853682,0.7296620595942569,0.020309482208652904,0.6869173790800612,0.7665835712953035
OADMET-0002744,fake,1,-9.391729,-29.502665,25.044472,-3.650377,4.911,3.48,-17.500299,0.0,1,46,-17.500299,-11.114203000000002,3.742728575209108,16.35811,0.6916559999999983,,,,,,,,,,0.4542250606039486,0.45742820960566055,0.044098591843751804,0.3796898878550161,0.5462112956254216
OADMET-0002745,fake,1,6.475068,-30.588047,5.00975,-3.742258,2.571,1.17,-22.845488,0.0,0,114,-22.845488,-13.453593921052633,3.4658897181124138,20.208685,0.30975799999999865,,,,,,,,,,0.6529897864275748,0.6676304319954854,0.02304083026782727,0.6242750589929349,0.7133541033581585
OADMET-0002747,fake,1,-2.522663,-37.740448,9.419445,-1.766597,0.919,0.88,-32.610264,0.0,1,90,-32.610264,-29.784334122222226,1.763463811790096,8.153435000000002,0.004958999999999492,,,,,,,,,,0.4751230703146796,0.514092585799351,0.03661297789453844,0.4399885279355146,0.5873166661117674
OADMET-0002748,fake,1,-20.905613,-29.75198,28.824848,-2.086287,2.194,1.27,-23.919031,0.0,0,42,-23.919031,-18.171807214285714,3.071178922453535,16.317101,0.009640000000000981,,,,,,,,,,0.2504855751833685,0.2433413595225705,0.03904120692090563,0.16769661937502114,0.31472259407534764
OADMET-0002749,fake,1,-2.212747,-31.687862,7.025721,-3.731532,5.159,2.64,-30.606419,0.0,0,54,-30.606419,-19.86743238888889,8.658038444843498,34.061212,0.21639499999999856,,,,,,,,,,0.7569002165261282,0.7647952389208345,0.014333664313148997,0.7385209214083844,0.7860796275052611
OADMET-0002750,fake,1,-6.559623,-32.087799,10.174956,-2.778749,5.685,2.52,-31.251213,0.0,0,72,-31.251213,-21.17473358333333,4.745657803563423,18.674421000000002,0.699034000000001,,,,,,,,,,0.6500524969360205,0.6568923582478199,0.016363543504469436,0.6235510770647564,0.68586039575805
OADMET-0002751,fake,1,-1.331144,-33.787189,8.798039,-3.922878,2.613,0.96,-30.243172,0.0,1,2,-30.243172,-30.044633,0.2807765464599922,0.3970780000000005,0.3970780000000005,,,,,,,,,,0.7384133052666213,0.7527414533276715,0.019084245428296197,0.7156812946521367,0.7861898960131276
OADMET-0002758,fake,1,-1.254517,-35.203781,7.598903,-2.839167,6.774,2.89,-31.698561,0.0,1,86,-31.698561,-22.780039581395346,6.854354244534044,44.880021,0.10018000000000171,,,,,,,,,,0.7322430182687848,0.7473355468527823,0.01830591232073651,0.710159579273218,0.7766630624516778
OADMET-0002761,fake,1,-1.11939,-6.500936,3.759543,-5.267071,2.073,1.33,-9.127853,0.0,1,2,-9.127853,-9.1019695,0.03660479674168393,0.051766999999999896,0.051766999999999896,,,,,,,,,,0.40560765502770374,0.40206639449367193,0.0633626421590427,0.28428614475737957,0.5170651076131034
OADMET-0002762,fake,1,-0.772713,-22.082344,6.941148,-3.432227,3.369,1.87,-19.346136,0.0,1,2,-19.346136,-19.3297805,0.023130169919394993,0.0327110000000026,0.0327110000000026,,,,,,,,,,0.47689695706922003,0.4716467463610292,0.018994029467082365,0.43852853148723747,0.5045638381665607
OADMET-0002763,fake,1,-0.405714,-31.295816,4.057827,-1.414678,4.868,1.83,-29.05838,0.0,1,32,-29.05838,-25.71205440625,2.465144198104769,7.714119,0.06317299999999904,,,,,,,,,,0.4864543214545969,0.48622422013184363,0.020253104874947362,0.45058085757068816,0.5266773348579759
OADMET-0003534,fake,1,-2.204755,-27.779613,3.414034,-4.027025,4.77,3.14,-30.597361,0.0,1,16,-30.597361,-24.271129000000002,6.706078169371892,17.117711,0.0680999999999976,,,,,,,,,,0.7615751370259164,0.7643185265918805,0.022954382280656455,0.7140399501194654,0.8029282423277683
OADMET-0003537,fake,1,-10.252275,-13.091694,16.876455,-1.705931,1.169,0.98,-8.173446,0.0,0,40,-8.173446,-4.509019100000001,1.767764656446881,7.221858,0.6204960000000002,,,,,,,,,,0.09300542950333775,0.07375655116490092,0.013219305390820552,0.05127497073800418,0.09901628712880614
OADMET-0003538,fake,1,-2.188649,-15.265326,12.698313,1.526231,0.027,0.02,-3.229432,0.0,0,40,-3.229432,-0.32462935,2.8849963643856182,10.504972,0.0734729999999999,,,,,,,,,,0.020459660524643663,0.014778853985254761,0.0047388257503636795,0.009016166668410146,0.025896182609868926
OADMET-0003539,fake,1,5.842692,-13.793932,2.941933,-1.719356,1.033,1.02,-6.728663,0.0,0,40,-6.728663,-5.1116443,1.1689497750149918,4.7282399999999996,0.32164000000000037,,,,,,,,,,0.1235444272854288,0.11600808690410565,0.01843964770039228,0.08537032451515117,0.15054106607882237
OADMET-0003541,fake,1,1.714612,-21.943443,10.410995,-1.135777,3.155,2.39,-10.953611,0.0,0,80,-10.953611,-2.9469310124999994,4.0922392318327665,25.202224,2.744205000000001,,,,,,,,,,0.1499976478663584,0.13926866682151443,0.01752941105829152,0.10332916145181596,0.17296242090074973
OADMET-0003543,fake,1,4.812093,-15.334425,3.066112,0.266106,0.634,0.6,-7.190114,0.0,0,40,-7.190114,-6.609954575000001,0.2883884869472736,1.3239450000000001,0.10604300000000055,,,,,,,,,,0.05998083394158085,0.04676809009148932,0.009872198126754052,0.0308931809051637,0.06578587947788349
OADMET-0003556,fake,1,-1.104365,-36.899963,7.963815,-4.314391,3.941,1.78,-34.354908,0.0,0,38,-34.354908,-29.957737105263163,8.69222633020369,29.545341,0.01973000000000269,,,,,,,,,,0.849646484195187,0.8577649239317623,0.01553970502344426,0.824698134211492,0.8855045429258949
OADMET-0003561,fake,1,-1.219191,-23.263155,4.196959,-2.459939,0.058,0.05,-22.745325,0.0,0,80,-22.745325,-20.1562444,1.6384556592010324,6.390610000000002,0.00326300000000046,,,,,,,,,,0.35062049925996286,0.3437159822571168,0.023797961131407353,0.29949054188065255,0.3844683833072471
OADMET-0003563,fake,1,3.720848,-14.235569,6.554401,-1.720461,0.0,0.0,-5.680781,0.0,1,40,-5.680781,-3.94264965,2.243964625349272,9.755277,0.014752999999999794,,,,,,,,,,0.09928514968492386,0.09573967439852794,0.016084337547197212,0.07006541519454101,0.12483421647814054
OADMET-0003574,fake,1,-2.454302,-25.727209,6.040043,-1.166486,4.129,1.94,-23.307953,0.0,0,66,-23.307953,-18.798309333333332,4.009269453650694,17.36944,0.057083000000002215,,,,,,,,,,0.2932335528762704,0.2930158697743845,0.015119372289395836,0.2672173834069022,0.3244962013260332
OADMET-0003576,fake,1,-2.126148,-21.455177,4.191251,-3.11385,0.38,0.38,-22.503923,0.0,1,4,-22.503923,-22.03562625,0.6341106673362187,1.398811000000002,0.15260699999999972,,,,,,,,,,0.41250492573641456,0.40511729112569866,0.027804178800686988,0.3541529419712074,0.45682386240560857
OADMET-0003578,fake,1,-6.909017,-17.830299,8.197444,3.178847,2.392,1.94,-13.363024,0.0,0,80,-13.363024,-10.712547187499998,1.0319705045355803,4.493105,0.3307089999999988,,,,,,,,,,0.017253186551476552,0.014066204839381629,0.004357648588540161,0.008005130666524186,0.02466285800181646
OADMET-0003582,fake,1,0.237433,-27.478973,5.32146,-3.076838,2.181,1.87,-24.996918,0.0,0,16,-24.996918,-22.554022624999998,2.3314069903707755,5.865334000000001,0.008175000000001376,,,,,,,,,,0.5214639433562622,0.5365436668360412,0.016951365852926024,0.5058841217602839,0.5773406176175645
OADMET-0003583,fake,1,4.957442,-16.361378,5.433319,-3.121785,1.179,1.16,-9.092403,0.0,0,40,-9.092403,-8.5493998,0.31542264137260617,1.5143479999999991,0.13085999999999842,,,,,,,,,,0.24819140753896998,0.24468529385918386,0.02733297262646841,0.20287913318507558,0.29947283246344614
OADMET-0005806,fake,1,-0.911347,-26.119543,6.329487,-1.383248,3.446,1.68,-22.084652,0.0,1,64,-22.084652,-12.837574515625,5.2207023094292015,23.405673,0.25169599999999903,,,,,,,,,,0.30031720880506524,0.2980443420469872,0.013570308736793673,0.2729608385312764,0.32578385565502743
OADMET-0005808,fake,1,-1.718192,-31.929567,6.60604,-5.376277,2.301,0.7,-32.417995,0.0,1,4,-32.417995,-18.730711499999998,15.739946747264396,28.114950999999998,0.1363409999999945,,,,,,,,,,0.8543643561680333,0.8717228652050107,0.017551680500541043,0.8349862855993858,0.9007802223991418
OADMET-0005811,fake,1,0.4589,-28.105177,3.492904,-3.396686,1.102,0.66,-27.55006,0.0,1,4,-27.55006,-26.7805365,0.8289871354572792,1.860432999999997,0.2713659999999969,,,,,,,,,,0.6091184838610969,0.6078051905428058,0.021535184719733983,0.5719836595871363,0.6491354382028578
OADMET-0005821,fake,1,-1.54267,-29.259592,4.074714,-3.843103,5.131,2.73,-30.57065,0.0,1,120,-30.57065,-26.544644675000004,3.4207447803561144,18.692050000000002,0.02182200000000023,,,,,,,,,,0.7597059678320915,0.7676756434836588,0.01687526080967429,0.731322584543648,0.7962212948715748
OADMET-0005823,fake,1,-1.5043,-19.13763,4.854557,-3.966321,3.975,1.15,-19.753693,0.0,1,2,-19.753693,-19.7029705,0.07173244741746806,0.10144499999999823,0.10144499999999823,,,,,,,,,,0.5325936695623789,0.5446742990972748,0.03306532198077614,0.47366104223735034,0.6056587386995986
OADMET-0005826,fake,1,-0.694663,-26.755159,2.594394,-2.640271,2.734,1.16,-27.495697,0.0,1,120,-27.495697,-22.136310724999998,2.5128050091061427,12.726595,0.05781700000000001,,,,,,,,,,0.5318024794629407,0.5334645307759167,0.017182560725456545,0.49778310445413526,0.5657392551683208
OADMET-0005829,fake,1,-1.93732,-28.837391,5.792644,-3.501298,5.679,2.66,-28.483366,0.0,1,120,-28.483366,-23.205892783333336,3.8276331765454064,19.195856,0.03695300000000046,,,,,,,,,,0.6895373839233857,0.7131086795459,0.014142927498496166,0.6866020358765161,0.7375387650046553
OADMET-0005830,fake,1,-0.248255,-28.182896,2.507038,-2.316156,3.405,1.59,-28.240269,0.0,0,120,-28.240269,-22.981000124999998,3.323760357206587,13.872635,0.07792300000000196,,,,,,,,,,0.5338927317154046,0.5325107022948258,0.014509577214487117,0.5012265055663813,0.5593999964626167
OADMET-0005831,fake,1,-1.648897,-36.215252,6.823732,-2.495881,3.647,1.62,-33.536301,0.0,0,80,-33.536301,-28.301012725,4.312286649553217,14.724284,0.02122500000000116,,,,,,,,,,0.6770128546389665,0.6809754227912195,0.02134296565852438,0.6395310750349104,0.7228282047743877
OADMET-0005832,fake,1,1.529053,-29.988087,6.636967,-2.511913,2.575,1.79,-24.333981,0.0,1,32,-24.333981,-20.552371375,2.79126785571436,13.840325000000002,0.4562860000000022,,,,,,,,,,0.492639416329624,0.4905452620237255,0.015290105098200366,0.46284488914984484,0.522430861188576
OADMET-0005835,fake,1,-1.81856,-35.237801,7.898942,-2.198051,3.79,1.78,-31.355473,0.0,0,68,-31.355473,-26.645940441176467,5.64207772967813,35.487427,0.04114399999999918,,,,,,,,,,0.5992129011839474,0.6064525847403656,0.021157288629022965,0.569676112480936,0.6466574228581349
OADMET-0005839,fake,1,-0.858934,-33.511818,6.371581,-3.474847,3.725,1.24,-31.474016,0.0,1,90,-31.474016,-25.35159608888889,5.058643609797188,20.428653999999998,0.11829900000000038,,,,,,,,,,0.7391093053913201,0.7494629733903194,0.016924546936889634,0.7189251607005188,0.7864065024764786
OADMET-0005847,fake,1,-1.529737,-35.051273,7.047641,-3.270306,4.754,2.4,-32.803673,0.0,1,134,-32.803673,-26.023439291044777,4.391821312643144,29.714314,0.03761700000000445,,,,,,,,,,0.7551960696422708,0.7630462817588028,0.01610055537474082,0.7338589115869144,0.7912670514113461
OADMET-0005854,fake,1,-1.822866,-26.209152,4.941688,-2.188995,8.21,2.9,-25.279325,0.0,0,40,-25.279325,-21.2304076,2.533795863867012,8.860817999999998,0.022569000000000727,,,,,,,,,,0.5703550138758705,0.5546885057096741,0.026511838497050147,0.49999595674388947,0.5943967349718278
OADMET-0002613,fake,1,-0.107612,-25.90176,4.528842,-3.480136,5.298,3.51,-24.960667,0.0,1,10,-24.960667,-19.394512499999998,5.814219027683928,15.849346,0.06299399999999977,,,,,,,,,,0.646676514202915,0.6405826805447822,0.02616997946717779,0.587559333174473,0.6842721938438174
OADMET-0002614,fake,1,-2.163684,-33.099304,7.922005,-3.388154,2.812,1.79,-30.729137,0.0,1,12,-30.729137,-22.256460416666666,5.029996063881551,13.026739000000003,0.8482430000000001,,,,,,,,,,0.6757898804035611,0.6954013137105871,0.01731479959501273,0.6621274584417091,0.7279748590668326
OADMET-0002615,fake,1,-1.179503,-23.689495,2.861753,-3.91943,4.247,1.83,-25.926674,0.0,1,2,-25.926674,-25.8937655,0.046539647017354385,0.06581699999999913,0.06581699999999913,,,,,,,,,,0.6673918517333375,0.6730282047758135,0.023268608765225886,0.6202286868777687,0.7161046058067381
OADMET-0002616,fake,1,-5.561407,-23.804396,30.428699,-1.315024,4.909,1.5,-0.252128,0.0,1,6,-0.252128,0.41033783333333335,0.4766458850645484,1.138322,0.253288,,,,,,,,,,0.07658209895268557,0.0781841651428,0.021184378295061666,0.04521666677367784,0.11999768650206198
OADMET-0002617,fake,1,-1.251466,-33.176319,4.811269,-5.618484,2.884,2.64,-35.235001,0.0,1,28,-35.235001,-30.252900178571426,3.081806238880447,12.112094999999997,0.015544999999995923,,,,,,,,,,0.8896538112086296,0.9065133522847393,0.016458179307696264,0.8726841250099807,0.9315954075696341
OADMET-0002619,fake,1,-0.515627,-27.79845,3.776644,-3.555971,1.55,0.87,-28.093405,0.0,1,38,-28.093405,-22.564307289473685,9.100209115378659,28.491342,0.12422199999999961,,,,,,,,,,0.6353298596637467,0.6354787884683847,0.020669717644846125,0.6035421860346436,0.6748490905781447
OADMET-0002620,fake,1,0.076274,-26.574987,6.538591,-5.427133,2.408,1.46,-25.387255,0.0,1,2,-25.387255,-25.236318,0.21345715246390642,0.301873999999998,0.301873999999998,,,,,,,,,,0.7768299741176538,0.797975957245908,0.02160698442085901,0.7572987434943411,0.8356408364312444
OADMET-0002622,fake,1,-1.513363,-32.15044,8.920492,-2.689943,1.98,1.15,-27.433254,0.0,1,46,-27.433254,-21.880205999999998,2.56134538296796,12.655460000000001,0.4622590000000031,,,,,,,,,,0.5253763964237822,0.542008972733089,0.01814555595586303,0.5084097867287098,0.5734999274274075
OADMET-0002623,fake,1,-0.917985,-29.501396,8.730277,-2.37048,3.566,1.89,-24.059582,0.0,1,40,-24.059582,-23.5719018,0.4809866962183423,1.7931980000000003,0.04593900000000062,,,,,,,,,,0.46923913382376586,0.4676766250360339,0.01036128833835983,0.44825133593889455,0.4856681028862465
OADMET-0002624,fake,1,-0.435655,-42.257412,7.304031,-2.062908,4.932,2.64,-37.451942,0.0,0,10,-37.451942,-32.4657371,3.975117767798821,11.605211000000004,0.054518999999999096,,,,,,,,,,0.744191048160793,0.7503623334198819,0.030088190002343976,0.6949321915874326,0.807029951713956
OADMET-0002625,fake,1,-0.634467,-33.544853,8.012134,-4.081481,5.263,1.75,-30.248669,0.0,1,86,-30.248669,-25.221203441860464,3.434233895520971,16.41829,0.10041100000000114,,,,,,,,,,0.7977419199937222,0.8132258083361178,0.015365931296112498,0.7878084630149673,0.842861327583998
OADMET-0002626,fake,1,-7.24126,-21.997654,19.598312,-3.631342,6.802,3.59,-13.271944,0.0,1,2,-13.271944,-12.0327395,1.7524998104537695,2.478408999999999,2.478408999999999,,,,,,,,,,0.4137172666530852,0.4067485370239571,0.035637011388080904,0.33613729317585705,0.4790777114786355
OADMET-0002627,fake,1,-1.579144,-26.982557,7.781816,-3.327895,4.349,1.59,-24.10778,0.0,1,40,-24.10778,-22.937386775,0.7276429953103584,3.080038000000002,0.17482900000000257,,,,,,,,,,0.5801760725859743,0.5919635907318007,0.011657944491304821,0.5737806469976241,0.6144565257873822
OADMET-0002628,fake,1,-0.222476,-28.97393,6.35669,-4.656158,3.927,2.64,-27.495872,0.0,1,18,-27.495872,-17.523665388888887,5.3302018102836035,17.332589999999996,0.08040199999999942,,,,,,,,,,0.7637953698185177,0.7862956468634219,0.01890949676560943,0.7459345043184168,0.8200327530503163
OADMET-0002632,fake,1,0.476654,-35.425362,6.309559,-5.816218,3.72,1.62,-34.455368,0.0,1,48,-34.455368,-28.587003729166668,3.9366790178810898,18.479044000000002,0.35552599999999757,,,,,,,,,,0.9135958550751903,0.9282435812649009,0.011838230748797637,0.9001078466273387,0.9459875928712855
OADMET-0002633,fake,1,-7.085143,-28.609488,19.372868,-2.445613,7.225,3.16,-18.767376,0.0,1,54,-18.767376,-10.657360648148149,5.908344721434161,26.920938,1.0468829999999976,,,,,,,,,,0.43704688372916495,0.40855189296048955,0.030526232693038103,0.35556737028993096,0.4646120684318853
OADMET-0002635,fake,1,-0.166582,-31.791674,12.534962,-3.634086,7.223,3.02,-23.057381,0.0,1,4,-23.057381,-21.4778585,1.71873646693814,3.068898000000001,0.184982999999999,,,,,,,,,,0.6888323928322752,0.705647235418994,0.02255883845609368,0.6634627338358082,0.7414312198823999
OADMET-0002637,fake,1,-1.045734,-31.48947,4.372328,-4.604808,4.989,2.12,-32.767681,0.0,1,42,-32.767681,-30.454352523809522,3.4712295184695163,8.859733000000002,0.010044000000000608,,,,,,,,,,0.8492370998301393,0.859343912891317,0.014582166110730566,0.830824424980918,0.8849544106743361
OADMET-0002638,fake,1,-10.424375,-28.155899,18.377747,-2.329326,5.518,3.58,-22.531853,0.0,1,62,-22.531853,-17.72373185483871,3.5673612297139226,14.683420000000002,0.24595700000000065,,,,,,,,,,0.37072833171791547,0.38021062084193374,0.03245328253380072,0.31814609326490056,0.43143700813488994
OADMET-0002639,fake,1,-4.21575,-33.202011,7.814622,-6.178436,4.065,2.61,-35.781578,0.0,0,44,-35.781578,-30.113416522727274,3.080007902839004,17.300125000000005,0.3263780000000054,,,,,,,,,,0.9272846264484608,0.9313087650449233,0.013015141591111803,0.906237003195047,0.9503649220507603
OADMET-0002641,fake,1,-2.529685,-26.804409,4.433283,-1.180601,4.553,3.46,-26.081411,0.0,0,44,-26.081411,-23.790993636363634,1.454561472646894,7.138259999999999,0.11855299999999858,,,,,,,,,,0.34935214952152704,0.34224738165178875,0.029171497446494322,0.28067575975132986,0.3930398658320031
OADMET-0002642,fake,1,-1.913916,-21.305161,4.670356,-2.08188,3.19,1.27,-20.6306,0.0,1,4,-20.6306,-19.580486,1.2089433765474709,2.447783000000001,0.08009000000000199,,,,,,,,,,0.32540040048937496,0.31707313909986684,0.018020775809423743,0.28478904450716247,0.34910622071023245
OADMET-0002643,fake,1,-9.830833,-30.808813,19.90255,-1.842909,7.669,3.15,-22.580008,0.0,1,56,-22.580008,-10.708278357142856,4.392821186619201,16.748492,0.12455599999999833,,,,,,,,,,0.42596269154657146,0.39983054654207734,0.0334742735360949,0.33476923879027104,0.45054956528497825
OADMET-0002644,fake,1,1.067939,-28.288742,3.967342,-4.172775,3.772,1.04,-27.426235,0.0,0,14,-27.426235,-25.81722878571429,1.6862452742386953,4.939456999999997,0.09660099999999971,,,,,,,,,,0.73469329780416,0.7543954116688208,0.01947249185100174,0.7238586845405648,0.7950882872571488
OADMET-0002647,fake,1,-3.873917,-33.870186,7.387938,-2.902816,5.853,1.68,-33.25898,0.0,0,40,-33.25898,-29.35862995,2.7703479507122357,8.610296000000002,0.06889699999999976,,,,,,,,,,0.7149140547566747,0.7390206143382829,0.019275451404702215,0.7073345299378473,0.7829028184004703
OADMET-0002649,fake,1,-0.907657,-31.568914,7.347411,-4.562009,6.467,1.97,-29.69117,0.0,0,50,-29.69117,-26.195077659999995,3.549136835781789,14.951845,1.0555230000000009,,,,,,,,,,0.8348681813311459,0.8503752492030681,0.015407193575917693,0.8217231731759451,0.8794467744543822
OADMET-0002650,fake,1,-1.805192,-27.486147,4.804275,-3.758104,6.153,2.91,-28.245169,0.0,0,32,-28.245169,-22.51163615625,5.502311994887311,20.859993,1.192025000000001,,,,,,,,,,0.7403947073679461,0.7385949335752904,0.01750651546943306,0.7039175918337397,0.7711030774893366
OADMET-0002652,fake,1,1.256149,-29.43988,7.345925,-3.241618,7.817,2.31,-24.079426,0.0,0,12,-24.079426,-15.68784025,5.922884985229828,17.967156000000003,1.2709790000000005,,,,,,,,,,0.6675028924171982,0.6969784814721591,0.025358728588741185,0.651645180454814,0.7495482448419795
OADMET-0002655,fake,1,-0.91275,-32.098083,5.235423,-3.164882,1.404,0.87,-30.940292,0.0,1,80,-30.940292,-25.8257266125,2.9856391482840134,12.921878,0.34048800000000057,,,,,,,,,,0.6543261334899785,0.6524252620771703,0.020987189064893406,0.6132383443625052,0.6916092059253477
OADMET-0002656,fake,1,0.069701,-32.174221,3.890916,-4.44935,2.907,0.87,-32.662956,0.0,1,40,-32.662956,-26.185020200000004,2.1358053629060554,8.641186000000001,0.645462000000002,,,,,,,,,,0.8169876416676419,0.8320436011647003,0.017846575977640996,0.8017335123191704,0.8623646660310864
OADMET-0002657,fake,1,-2.788829,-30.841438,4.736777,-4.631912,7.226,2.92,-33.525402,0.0,1,42,-33.525402,-24.075516904761905,5.210115922223218,21.512504999999997,0.41734699999999947,,,,,,,,,,0.8701351408062082,0.8813558992577915,0.014657526005341145,0.8537935406920866,0.9039065489315575
OADMET-0002660,fake,1,-3.683699,-27.77997,4.63867,-2.445416,1.996,1.59,-29.270414,0.0,0,80,-29.270414,-24.677606824999998,3.2721497444107848,11.794515,0.2200489999999995,,,,,,,,,,0.4939176212269966,0.49543656834331473,0.02090871745861216,0.45643039017193476,0.5350270456049768
OADMET-0002661,fake,1,-1.129813,-30.156488,3.465923,-4.09736,4.374,2.34,-31.917736,0.0,1,84,-31.917736,-27.75751186904761,4.058172239054409,21.642519,0.09676200000000179,,,,,,,,,,0.7896787629858361,0.8002338658389924,0.016648676095591883,0.7669576790581174,0.828409557779852
OADMET-0004858,fake,1,-2.505676,-28.847506,9.060569,-0.803503,5.194,1.8,-23.096117,0.0,1,4,-23.096117,-21.19332275,1.849131155866519,4.420444,1.3612210000000005,,,,,,,,,,0.2864669933514469,0.2909705400886665,0.02125010837208965,0.25254131133307084,0.33477690085076356
OADMET-0004861,fake,1,-0.080621,-31.39015,4.78561,-4.431324,3.565,1.78,-31.116486,0.0,1,54,-31.116486,-15.80448685185185,7.392259013594198,29.522111,0.10510299999999972,,,,,,,,,,0.8030615410310421,0.8174810045520858,0.015733975628034108,0.7885853453892494,0.842593762710284
OADMET-0004865,fake,1,-1.253335,-32.522652,5.651829,-2.659735,3.719,2.06,-30.783892,0.0,1,40,-30.783892,-30.124283049999995,0.17404603401958404,1.0197910000000014,0.45475800000000177,,,,,,,,,,0.6173484668006174,0.6384567375100079,0.015064769214467024,0.6097179803895448,0.6668390808332937
OADMET-0004873,fake,1,6.729119,-27.118368,3.688431,-3.554991,3.831,1.81,-20.255808,0.0,1,70,-20.255808,-10.015367228571426,5.575315255544226,32.688305,0.2759919999999987,,,,,,,,,,0.5902945097003406,0.6131955134005972,0.02284984807334416,0.5710694873196606,0.6596045239690003
OADMET-0004884,fake,1,0.377628,-35.944672,5.7445,-4.318859,3.839,1.17,-34.141403,0.0,1,80,-34.141403,-24.337373225,5.512366614811551,17.987534999999998,0.3991579999999999,,,,,,,,,,0.8431802905935436,0.8612659327836208,0.015891793128298023,0.830226329180225,0.8888282867247821
OADMET-0004887,fake,1,-3.33321,-26.404552,9.170924,-2.011723,3.763,2.4,-22.57856,0.0,1,40,-22.57856,-15.94570865,4.632476977501786,22.504366,0.8466969999999989,,,,,,,,,,0.3576216176919113,0.3600553103649482,0.014462410356274996,0.32752498309609007,0.38206135910414507
OADMET-0004892,fake,1,-3.328466,-27.346949,6.304924,-2.517076,3.832,1.16,-26.887566,0.0,1,64,-26.887566,-19.8370019375,5.2835355236787125,26.783057,0.006551999999999225,,,,,,,,,,0.5113676617467514,0.5150945859817506,0.015123047795048937,0.49087031598480135,0.5513077374095638
OADMET-0004905,fake,1,-3.757421,-27.701374,5.28855,-2.094714,4.804,2.34,-28.264957,0.0,1,48,-28.264957,-22.804170541666668,2.866947018984888,10.387487,0.35235899999999987,,,,,,,,,,0.48828662307438603,0.5006716966033843,0.01440997354809883,0.4753196823711205,0.526876612706008
OADMET-0001449,fake,1,-1.543137,-37.055885,5.829466,-2.486731,3.389,1.79,-35.256287,0.0,1,62,-35.256287,-30.615563983870967,4.434025388301353,21.06457,0.2910310000000038,,,,,,,,,,0.6753282012944221,0.7039756105667597,0.022786779718113024,0.6617858724295868,0.7460293738475733
OADMET-0001450,fake,1,-1.955573,-28.238787,6.647933,-2.932778,2.32,1.08,-26.479202,0.0,0,120,-26.479202,-22.102868249999997,3.2708955067894223,15.613093000000001,0.0930339999999994,,,,,,,,,,0.5387479343773942,0.5387934194955636,0.012980884896263202,0.5157456316883082,0.5634010885005528
OADMET-0001451,fake,1,0.823992,-32.850296,6.708522,-2.989932,5.233,1.65,-28.307711,0.0,1,2,-28.307711,-28.279338000000003,0.04012548140521211,0.05674600000000041,0.05674600000000041,,,,,,,,,,0.6783754871020592,0.6938305406121146,0.018217164456319424,0.6654819651251297,0.7397252187558349
OADMET-0001452,fake,1,-2.160653,-33.538956,6.310807,-2.610759,3.256,1.08,-31.999561,0.0,1,62,-31.999561,-24.884080145161292,3.5635973177307227,14.600584000000001,0.28938600000000037,,,,,,,,,,0.6222270900778307,0.6460846014157677,0.019711638151320873,0.6099369841513093,0.6893309550986789
OADMET-0001453,fake,1,0.80159,-30.479267,6.218265,-3.17645,4.506,1.45,-26.635862,0.0,1,2,-26.635862,-26.5656,0.09936547331945784,0.1405239999999992,0.1405239999999992,,,,,,,,,,0.6455410034962347,0.6608218297876708,0.015532121795254485,0.638549583252963,0.7028865490746461
OADMET-0001461,fake,1,4.112388,-24.377871,6.680788,-3.248892,3.543,0.86,-16.833586,0.0,1,2,-16.833586,-13.969877,4.049896106489894,5.727418,5.727418,,,,,,,,,,0.48100547503122426,0.47484689606648467,0.02681205257257745,0.4275494549974855,0.5323699737842246
OADMET-0001470,fake,1,-2.822703,-29.897961,9.248617,-4.392948,2.891,1.68,-27.864996,0.0,1,22,-27.864996,-12.925050227272727,7.537637949872277,29.978982000000002,0.1118760000000023,,,,,,,,,,0.7202789454096316,0.7395549522302456,0.017247742866048726,0.7028122837161991,0.7687676701446293
OADMET-0001474,fake,1,0.522591,-25.927555,7.16117,-3.202165,5.812,2.85,-21.445961,0.0,0,12,-21.445961,-8.891259666666667,6.199163241753113,17.96575,0.01907500000000084,,,,,,,,,,0.5520892554526946,0.5712029698250356,0.01744622324485562,0.5349591645651303,0.6054068336230681
OADMET-0001477,fake,1,-3.499276,-29.402727,6.924733,-3.188987,3.85,1.55,-29.166258,0.0,1,2,-29.166258,-29.094082,0.10207227807783897,0.14435199999999782,0.14435199999999782,,,,,,,,,,0.6285671833891393,0.6448828113863341,0.012904849007663524,0.6249835809532184,0.6714598494312999
OADMET-0001484,fake,1,-0.790845,-32.156212,7.831722,-3.845317,4.955,1.98,-28.960651,0.0,0,2,-28.960651,-28.386806999999997,0.8115379674864255,1.1476879999999987,1.1476879999999987,,,,,,,,,,0.74351904136876,0.7655017582042194,0.013809785008787632,0.741110080540507,0.7898451817410311
OADMET-0001486,fake,1,7.120252,-26.460121,7.378005,-4.500591,2.889,1.53,-16.462458,0.0,1,36,-16.462458,-11.673022583333335,3.5939895385936254,18.557540000000003,2.483092000000001,,,,,,,,,,0.6098878170632562,0.6400166608629899,0.02887995121638667,0.5793537858071708,0.6894439315650271
OADMET-0001488,fake,1,-0.796361,-37.875076,5.652073,-6.218656,5.174,2.62,-39.238018,0.0,1,2,-39.238018,-39.2283685,0.013646453770116793,0.019298999999996624,0.019298999999996624,,,,,,,,,,0.9532071991253512,0.9614716012953245,0.008376139211372684,0.9426404751286797,0.972811804613436
OADMET-0001491,fake,1,-0.731232,-35.812141,6.649117,-4.077342,5.81,2.33,-33.9716,0.0,1,26,-33.9716,-27.214439346153842,5.196215294258936,18.95876,0.05663000000000551,,,,,,,,,,0.8465024770336216,0.8606089597997427,0.014038594674483073,0.8339997899646542,0.880920884572535
OADMET-0001493,fake,1,-0.362189,-29.015709,7.26534,-2.455803,4.667,1.87,-24.568361,0.0,0,120,-24.568361,-19.442176800000002,2.638976381384021,14.170430999999999,1.699999999971169e-05,,,,,,,,,,0.5134283673412255,0.5196350929814479,0.01032161482473525,0.502932603617298,0.5388573879178162
OADMET-0001494,fake,1,-1.452336,-29.702887,7.227018,-1.011115,3.12,1.17,-24.939318,0.0,0,22,-24.939318,-20.237459772727274,3.2097395638005386,8.33597,0.1404570000000014,,,,,,,,,,0.32797437099292986,0.3108851478066097,0.019164457630747773,0.2776303079526352,0.34476396838622975
OADMET-0001496,fake,1,-4.860469,-28.995108,9.601376,-2.108725,3.529,2.34,-26.362925,0.0,0,110,-26.362925,-20.874785472727275,3.0830653808126636,17.544305,0.09926300000000055,,,,,,,,,,0.42054269706054637,0.4318323011550699,0.016766318305770998,0.3951974542328381,0.45833433319776473
OADMET-0006357,fake,1,-1.03286,-34.813808,7.766428,-3.362051,2.58,1.59,-31.442291,0.0,1,48,-31.442291,-25.988635375,2.3752457045172135,11.300308000000001,0.6700839999999992,,,,,,,,,,0.693851920700212,0.7162539888581019,0.01924553258848941,0.678611495516016,0.7472616943224942
OADMET-0006358,fake,1,-1.246254,-32.703156,5.129839,-4.03179,2.605,2.4,-32.85136,0.0,1,4,-32.85136,-29.99445625,2.0125405999782755,4.610693000000001,3.0180429999999987,,,,,,,,,,0.7652405970692513,0.782875730482515,0.021575603441973047,0.7421990739263942,0.8216667204454455
OADMET-0006360,fake,1,-1.095386,-25.762041,5.429983,-4.200066,0.032,0.03,-25.62751,0.0,1,20,-25.62751,-17.867090800000003,7.020363488892637,24.649291,0.9290050000000001,,,,,,,,,,0.6160322227041981,0.6227038537114374,0.0298371381164216,0.5705341005738318,0.6738264771769281
OADMET-0006362,fake,1,0.940727,-35.274258,8.077298,-1.623975,3.735,1.62,-27.880209,0.0,1,2,-27.880209,-27.8478795,0.04572081736474021,0.06465899999999891,0.06465899999999891,,,,,,,,,,0.49492818321533494,0.49859073692568556,0.0275933030706643,0.45067614715224125,0.5572814056646198
OADMET-0006363,fake,1,-1.587083,-26.991068,3.546131,-2.667269,1.61,1.05,-27.699287,0.0,0,80,-27.699287,-22.585340337500003,1.47455409827972,6.9197840000000035,0.6933170000000004,,,,,,,,,,0.495810042059944,0.5044785004053861,0.019069265699744303,0.47129035590227425,0.5442948341715194
OADMET-0006364,fake,1,0.543989,-27.355085,4.995877,-1.410874,3.608,1.73,-23.226093,0.0,1,2,-23.226093,-22.507447,1.0163189197451747,1.4372919999999993,1.4372919999999993,,,,,,,,,,0.3374588353747261,0.3402084300166883,0.014815914899060856,0.31318779561885995,0.36937556978897806
OADMET-0006366,fake,1,-3.742067,-35.332996,6.014828,-2.785661,4.586,1.47,-35.845898,0.0,1,80,-35.845898,-30.614552525,2.3018956861589683,7.843402999999999,1.1063199999999966,,,,,,,,,,0.7256188920472049,0.7458361631706105,0.020119155193658495,0.7095725681820327,0.7903257701843498
OADMET-0006369,fake,1,-9.01239,-22.678833,22.622892,-3.62308,1.934,0.88,-12.691411,0.0,0,38,-12.691411,0.9174025263157893,5.798355101745358,23.475857,1.2899330000000013,,,,,,,,,,0.29904909029875454,0.2883088991981112,0.028879455921910772,0.23647157435437402,0.3481840727604742
OADMET-0006370,fake,1,4.794436,-31.027107,10.348893,-3.471985,3.19,1.15,-19.355764,0.0,0,100,-19.355764,3.0774631200000004,10.325242059190948,48.817012000000005,0.4788719999999991,,,,,,,,,,0.5562999307255126,0.5803413506289564,0.02844617624496722,0.527498164655158,0.6281841799287265
OADMET-0006374,fake,1,-7.330412,-26.814909,19.684719,-2.250277,7.224,3.16,-16.710878,0.0,1,46,-16.710878,-9.853288630434784,3.979286336642374,20.006906,0.06080599999999947,,,,,,,,,,0.3294096463950902,0.3393740144456786,0.02982534212278115,0.28811309657587825,0.39283998812688165
OADMET-0006376,fake,1,-9.562944,-29.348087,26.741135,-3.86982,7.539,2.31,-16.039719,0.0,0,74,-16.039719,-9.795721432432433,3.953726038639127,17.640206000000003,0.07807800000000142,,,,,,,,,,0.5269539755915569,0.5352261302774971,0.045473078107354584,0.43745841683254005,0.6197114595226155
OADMET-0006377,fake,1,-2.182588,-33.659374,6.539011,-4.163625,3.74,1.87,-33.466576,0.0,1,40,-33.466576,-31.676266375,1.7130460153471365,4.680249000000003,0.029114000000006968,,,,,,,,,,0.8052377878286783,0.8206935001094042,0.01565832380228777,0.7896598800958808,0.8463143045572522
OADMET-0006379,fake,1,-0.949443,-32.96497,8.379684,-2.897502,3.687,2.1,-28.432232,0.0,0,120,-28.432232,-24.686239941666663,2.6030110422530157,8.25346,0.11403299999999916,,,,,,,,,,0.6146078818322908,0.6312689832246597,0.01543825903409616,0.6044774486298048,0.6602984343734736
OADMET-0006381,fake,1,-19.277719,-25.85594,31.92436,-3.181896,2.598,2.4,-16.391195,0.0,0,44,-16.391195,0.6479281590909092,4.951415279888015,21.180681,4.131273,,,,,,,,,,0.23687250004279803,0.24265054357501076,0.04159862972515992,0.16557726499212305,0.32597053516981467
OADMET-0006382,fake,1,-0.722225,-30.909494,4.828246,-3.484553,3.68,1.62,-30.288027,0.0,1,8,-30.288027,-27.12090225,1.9428590796003822,4.641220000000001,0.5266339999999978,,,,,,,,,,0.7029298218647143,0.7200918074948878,0.014242977691042874,0.6963115611913324,0.7453133528940712
OADMET-0006384,fake,1,-1.294301,-29.582834,3.937107,-0.985479,4.759,1.76,-27.925507,0.0,0,76,-27.925507,-23.66367732894737,3.475999412025088,13.093765,1.0046539999999986,,,,,,,,,,0.38184133713444784,0.3926274407458535,0.02096502559942414,0.3550291956797673,0.4319185677018458
OADMET-0006387,fake,1,-1.242977,-26.284447,6.33702,-2.716173,1.22,0.93,-23.906576,0.0,0,46,-23.906576,-19.439604260869565,3.4106329013454406,16.502835,0.9205889999999997,,,,,,,,,,0.4302980695773864,0.432719350535543,0.01559491288235307,0.4035994965548088,0.46730372941401804
OADMET-0006388,fake,1,-2.291792,-31.89221,5.564548,-2.385611,3.504,1.05,-31.005064,0.0,1,80,-31.005064,-23.282256475,2.9766987362734407,14.338936,0.2536680000000011,,,,,,,,,,0.5950913143853316,0.5988899979227478,0.019059444547860297,0.5648992649210891,0.6457995828594202
OADMET-0006389,fake,1,0.091482,-29.147594,2.244646,-3.190953,4.442,3.28,-30.002419,0.0,1,46,-30.002419,-26.21528226086957,2.3816300924157847,8.257100000000001,0.041094000000001074,,,,,,,,,,0.6722081522098619,0.6877300721781073,0.025203823745176993,0.6388755552464666,0.7300285697025645
OADMET-0006390,fake,1,0.144258,-31.222132,5.443671,-4.259174,2.864,2.64,-29.893375,0.0,1,32,-29.893375,-25.41533003125,2.765195321849161,11.657014,0.8032639999999986,,,,,,,,,,0.7578253304083246,0.7727294279601782,0.022041791299031367,0.7276068997270815,0.8106143365258967
OADMET-0006391,fake,1,-4.317785,-34.328312,10.385243,-1.33929,5.405,1.87,-29.600143,0.0,1,46,-29.600143,-27.780091478260875,2.3312410248821718,10.817257999999999,0.07875199999999793,,,,,,,,,,0.4802358726123936,0.481397071487224,0.027166835904426558,0.4325531826321718,0.5237328030645193
OADMET-0006392,fake,1,0.083954,-29.640352,3.481964,-3.754019,3.491,1.62,-29.828453,0.0,1,22,-29.828453,-23.972717363636363,5.4932153677728115,21.532668,0.11140199999999822,,,,,,,,,,0.7220761432167729,0.7367146634755798,0.015842619423853184,0.7093076126976963,0.7656136300391154
OADMET-0006393,fake,1,-2.017776,-30.445633,6.946207,-2.687834,3.44,1.87,-28.205036,0.0,1,80,-28.205036,-25.5460464,2.7761468816305457,14.271559,0.11347199999999802,,,,,,,,,,0.5577774443014317,0.5739456558516144,0.010868576934731627,0.5528709882547401,0.5936154043959284
OADMET-0006395,fake,1,-12.490001,-29.068254,20.802273,-0.811995,7.225,3.16,-21.567976,0.0,1,80,-21.567976,-12.799219125,3.835431451155785,18.996898,0.04955900000000213,,,,,,,,,,0.2276049760548279,0.23439507642616855,0.029657813025523724,0.17815527750478088,0.2903781020173749
OADMET-0006396,fake,1,-1.313423,-27.860432,7.396417,-1.936702,2.939,1.59,-23.714138,0.0,1,80,-23.714138,-17.648532125,4.537587427491561,17.652707,0.03196499999999958,,,,,,,,,,0.377283493800702,0.3810315936265296,0.010664341920768651,0.35937409421764677,0.3998858593538106
OADMET-0006402,fake,1,-3.759741,-23.124205,6.364358,-2.231358,4.394,1.6,-22.750946,0.0,0,80,-22.750946,-17.659693925,3.1910339283254965,13.987677999999999,0.3673109999999973,,,,,,,,,,0.39491008570532093,0.38956592717673616,0.016364909786780384,0.3568023218286715,0.42133332821842545
OADMET-0006403,fake,1,-5.019787,-24.380428,5.720785,-2.504676,1.487,0.88,-26.184105,0.0,0,80,-26.184105,-22.160602025,2.4474195243455545,13.389143999999998,0.5228919999999988,,,,,,,,,,0.4071244875715186,0.4087735669020642,0.0219071533553153,0.36276352542817153,0.45031650149784763
OADMET-0006404,fake,1,0.836379,-31.37405,5.107635,-4.16012,4.401,1.77,-29.590155,0.0,1,40,-29.590155,-27.779671825,1.452357676780685,5.190774999999999,0.005827000000000027,,,,,,,,,,0.7767641964337674,0.7985497756864617,0.014788779991292156,0.7687919168801356,0.8263993087465524
OADMET-0001719,fake,1,0.415818,-29.018118,9.147707,-0.832341,6.724,2.39,-20.286932,0.0,0,80,-20.286932,-14.875411087499998,3.5608087214780872,17.164693,0.5791569999999986,,,,,,,,,,0.29805813598118813,0.3060519981320867,0.028160057882729166,0.2508743233155636,0.362088331615248
OADMET-0001720,fake,1,0.374758,-28.38537,6.540458,-2.358408,4.332,2.33,-23.828562,0.0,0,20,-23.828562,-20.608028599999997,2.668320588324945,10.291519000000001,1.080294000000002,,,,,,,,,,0.4720024831276198,0.4845591068888496,0.011434174163504899,0.4654040227392714,0.5045170134499074
OADMET-0001722,fake,1,-5.136252,-33.574677,8.118935,-2.464905,4.149,2.33,-33.0569,0.0,0,40,-33.0569,-30.398512625000002,0.9098993709082983,3.749127999999999,0.3691219999999973,,,,,,,,,,0.6225891156891018,0.6338115832055383,0.019880643208431116,0.5956069924556501,0.6727922964465405
OADMET-0001725,fake,1,-1.303907,-30.843904,7.011329,-0.935317,6.276,2.73,-26.0718,0.0,0,58,-26.0718,-21.627372396551724,4.004210783970842,18.136573,0.4221839999999979,,,,,,,,,,0.3945526260312781,0.39296789535202786,0.02451151080929727,0.3504828562642922,0.43750395433452743
OADMET-0001727,fake,1,-2.533803,-21.770802,5.686266,-1.528493,4.003,2.39,-20.146832,0.0,0,42,-20.146832,-14.824002404761902,4.145900686566872,21.516868,0.04644599999999954,,,,,,,,,,0.2697109041301864,0.2603861358928341,0.018368543651318958,0.2285486835649815,0.2963111306251382
OADMET-0001730,fake,1,-1.338342,-27.750317,7.782937,-4.104743,6.968,2.39,-25.410465,0.0,0,4,-25.410465,-23.151884999999996,3.3240609010799833,7.132911,0.2923809999999989,,,,,,,,,,0.7294697933011941,0.757388677583217,0.018457876868878172,0.7219711299912399,0.7942902385624254
OADMET-0001731,fake,1,-11.159773,-28.537407,24.732639,-1.652774,4.259,2.39,-16.617315,0.0,0,54,-16.617315,-8.741867944444444,3.694924126164563,20.143242,0.20869800000000183,,,,,,,,,,0.20956818041912792,0.2035114052555691,0.027646855984012293,0.1523377922019182,0.25996066718549393
OADMET-0001737,fake,1,-3.801375,-25.901438,5.565599,-1.130881,1.486,0.75,-25.268093,0.0,0,80,-25.268093,-18.564185475,4.451092008213922,17.216340000000002,0.16701300000000074,,,,,,,,,,0.2617159145560011,0.25992925415045265,0.01822536491317465,0.22316442499826478,0.294345445038635
OADMET-0001738,fake,1,-3.600097,-26.380583,24.878399,-3.063298,7.693,3.5,-8.16558,0.0,1,4,-8.16558,-5.2037077499999995,2.3025683348441404,5.58586,2.822285,,,,,,,,,,0.31372455791446724,0.33373803933055485,0.04556321404260763,0.25680085327929564,0.42608630194706926
OADMET-0001739,fake,1,-0.18277,-30.184425,7.848938,-2.802863,6.143,2.38,-25.321119,0.0,0,16,-25.321119,-18.9033031875,6.636739808888017,21.392414,0.39878399999999914,,,,,,,,,,0.604435207555935,0.6187586364736967,0.015253351069968705,0.5909456986128964,0.6480706202356152
OADMET-0001740,fake,1,-3.688661,-30.160189,6.124497,-2.627119,4.855,2.64,-30.351473,0.0,0,58,-30.351473,-18.864452810344833,7.554788069076028,32.46197,0.33860599999999863,,,,,,,,,,0.5984441874852661,0.6173505985173783,0.015470385767888601,0.5882494430516119,0.6434574847787436
OADMET-0001742,fake,1,-2.077538,-15.547794,6.991468,-1.48025,4.826,2.73,-12.114114,0.0,0,12,-12.114114,-5.112897249999999,7.589613843531736,20.027250000000002,0.08808400000000027,,,,,,,,,,0.17164160926481156,0.15663488111824372,0.02064902790245229,0.11844863415817206,0.20103601040809935
OADMET-0001744,fake,1,2.617411,-24.591566,12.841545,-2.722774,4.392,2.33,-11.855385,0.0,0,4,-11.855385,-10.41831275,1.8223029174319283,3.9031510000000003,0.12062899999999921,,,,,,,,,,0.31606694489318643,0.3251406894181747,0.026135611989166366,0.2721042616027106,0.37367095918313314
OADMET-0001745,fake,1,-0.29703,-29.631836,5.466989,-2.445215,6.159,2.33,-26.907091,0.0,0,80,-26.907091,-21.01134505,2.7678292980369505,12.428765000000002,0.34660700000000233,,,,,,,,,,0.5962636825730033,0.5992797611259545,0.015547050976908191,0.5680904106091543,0.6284218508075853
OADMET-0001746,fake,1,-0.105337,-34.210361,11.423579,-0.233603,3.469,1.59,-23.125719,0.0,0,10,-23.125719,-15.941019700000002,5.625925224182321,15.762561999999999,0.041364999999998986,,,,,,,,,,0.2634049266907868,0.24300591508667174,0.03016325424399195,0.196381591658414,0.3090557314467646
OADMET-0001750,fake,1,-1.518694,-31.706989,11.57665,-3.726193,5.414,1.97,-25.375225,0.0,0,12,-25.375225,-20.074332333333334,5.392789599405426,16.279813,0.15382599999999869,,,,,,,,,,0.6894522649528997,0.7062769724323611,0.01674657394683097,0.6779895544750818,0.7392251098843536
OADMET-0001752,fake,1,-3.207205,-28.083118,8.615658,-1.307327,4.483,2.38,-23.981993,0.0,0,70,-23.981993,-19.8230806,2.3432045225355687,8.902279,0.04700099999999807,,,,,,,,,,0.32432371285791656,0.3292935719454361,0.016215589121310648,0.3034711360164065,0.3596267777240882
OADMET-0001755,fake,1,-3.097488,-30.322412,7.132953,-3.682091,2.202,1.92,-29.969036,0.0,1,14,-29.969036,-22.320124285714286,4.571164948436927,14.449281,0.6767420000000008,,,,,,,,,,0.6677075079241838,0.6795136546259525,0.02086991737005072,0.6416641582799345,0.7155033532758938
OADMET-0001756,fake,1,-2.475373,-30.30698,7.542378,-1.646946,3.88,2.64,-26.886921,0.0,0,36,-26.886921,-17.143224777777775,6.369151976170504,22.196345,0.1615530000000014,,,,,,,,,,0.4245058167533849,0.4196571567689629,0.020627839520392967,0.3802276303618596,0.45530945375898824
OADMET-0001757,fake,1,-1.055441,-28.077538,7.004811,-2.705251,5.381,2.33,-24.833416,0.0,0,18,-24.833416,-21.94622794444444,3.105161264744431,9.893906,0.2527979999999985,,,,,,,,,,0.5609640650860677,0.5594126321280235,0.009878891025258942,0.5418859468907462,0.5780157161438912
OADMET-0001758,fake,1,-1.454118,-30.370859,7.518481,-1.51103,3.211,1.06,-25.817526,0.0,0,12,-25.817526,-21.12177125,3.5301801110788085,9.718697000000002,0.5943600000000018,,,,,,,,,,0.37785524213550636,0.3890649194123009,0.01879194366606303,0.3551364406704976,0.41819892905426925
OADMET-0001759,fake,1,-1.507221,-31.213703,5.423046,-1.350075,8.745,2.33,-28.647953,0.0,0,80,-28.647953,-25.463715662499997,2.1614792871338677,7.009497,0.16780500000000131,,,,,,,,,,0.5402226376474406,0.5587976359353348,0.03652040973370152,0.4962291150902011,0.6297431417749337
OADMET-0001760,fake,1,-3.188019,-27.009338,6.068175,-2.728482,4.867,2.33,-26.857662,0.0,0,32,-26.857662,-20.217696656250002,4.330173347667747,19.065923,0.0033620000000027517,,,,,,,,,,0.561928948883602,0.5588824363784404,0.011724564477964189,0.5382200404917616,0.5825741055082645
OADMET-0001763,fake,1,0.579914,-25.287924,11.060534,-1.593389,5.279,2.64,-15.240865,0.0,0,2,-15.240865,-15.018612999999998,0.3143117926645453,0.44450400000000023,0.44450400000000023,,,,,,,,,,0.2678648229998934,0.26179759299702526,0.02165140310022474,0.22035078196252428,0.29913162043523317
OADMET-0001765,fake,1,-2.155804,-26.408648,5.628099,-2.139697,6.037,2.64,-25.076048,0.0,0,58,-25.076048,-20.602342224137928,2.7108305140790216,14.483548,0.2621399999999987,,,,,,,,,,0.4796621345646575,0.48720207689315365,0.015603980711447705,0.45900577545010357,0.5171999730992508
OADMET-0006457,fake,1,-0.927642,-17.267706,6.251122,-3.738707,4.422,2.39,-15.682934,0.0,1,4,-15.682934,-15.349491249999998,0.24839743090375024,0.5992610000000003,0.3451880000000003,,,,,,,,,,0.43189972032434687,0.4402272122324392,0.032989593758718135,0.37548809969643,0.5041059635737631
OADMET-0006458,fake,1,-0.743369,-26.929815,5.050177,-2.888027,4.196,1.97,-25.511034,0.0,0,84,-25.511034,-19.21340961904762,5.462367090972575,25.430253999999998,0.28304499999999777,,,,,,,,,,0.5534489856534148,0.5622908751057448,0.009984615716369964,0.5414878931745093,0.5811861015611473
OADMET-0006459,fake,1,-0.055828,-33.100178,6.160289,-4.141186,2.608,2.4,-31.136902,0.0,1,4,-31.136902,-30.78791075,0.576971523533224,1.2045209999999997,0.004421000000000674,,,,,,,,,,0.7570561710341014,0.7806639820241307,0.02098426964053659,0.7401823238625601,0.816259781163411
OADMET-0006460,fake,1,-5.039948,-28.326832,10.561616,-0.994078,1.797,0.82,-23.799242,0.0,0,80,-23.799242,-18.005537375,2.1692878421658786,10.518519,0.2030159999999981,,,,,,,,,,0.2336810184387631,0.23508458588427283,0.018323505196859182,0.2013542701929805,0.2733651793737681
OADMET-0006461,fake,1,-3.859895,-19.407896,5.577434,-2.951373,2.167,0.77,-20.641731,0.0,1,12,-20.641731,-17.862956999999998,2.3864339070389677,8.239708,0.28879500000000036,,,,,,,,,,0.3837471236575527,0.36974155585529106,0.02611473341571447,0.3144121315426092,0.4151806992377702
OADMET-0006462,fake,1,-3.174069,-34.063103,5.002354,-2.474602,4.584,1.47,-34.709419,0.0,1,80,-34.709419,-32.90456905,1.5093802377081533,3.5711819999999967,0.005450999999993655,,,,,,,,,,0.6762358721667097,0.6963180711345739,0.020375389362408743,0.6622340204523702,0.7404511357827428
OADMET-0006463,fake,1,-3.398957,-24.071932,5.107759,-1.146197,2.898,2.06,-23.509327,0.0,1,80,-23.509327,-18.6413092625,2.9301824789405213,11.951443,0.1639419999999987,,,,,,,,,,0.25935379919367946,0.25282065571821183,0.018288466215223342,0.21749364955653147,0.2881067404487255
OADMET-0006468,fake,1,-8.629782,-27.54751,27.559547,-2.700942,6.109,3.5,-11.318686,0.0,1,14,-11.318686,-3.2392297142857145,5.908989727476294,19.790292,2.0938489999999987,,,,,,,,,,0.26954930393389964,0.27351463559361183,0.0402272040565851,0.19926070571846535,0.35929462816891566
OADMET-0006471,fake,1,-1.150046,-34.311481,7.447633,-4.970825,4.454,2.33,-32.984722,0.0,1,60,-32.984722,-24.849224633333336,5.278803402042456,22.483096999999997,0.1224330000000009,,,,,,,,,,0.873536818325734,0.8812760314350253,0.014031801498846324,0.8510750147811039,0.9020973913766315
OADMET-0006472,fake,1,-3.822631,-19.253431,5.689504,-3.050553,4.635,1.87,-20.437111,0.0,0,6,-20.437111,-18.4041515,3.0220776743009607,7.894911000000002,0.1229520000000015,,,,,,,,,,0.42992962227443526,0.4323257290057462,0.026751552278804623,0.37167754500332006,0.4774017108705725
OADMET-0006476,fake,1,-1.777565,-24.266411,6.087612,-0.391035,2.095,1.87,-20.347399,0.0,0,80,-20.347399,-17.1455460125,1.8807504170984888,8.931564,0.29676299999999856,,,,,,,,,,0.16211210999003842,0.1540362914795073,0.016104922953929995,0.12471162032417352,0.1855256291664203
OADMET-0006477,fake,1,-1.11367,-32.62701,5.731788,-6.112342,4.774,2.73,-34.121235,0.0,1,40,-34.121235,-31.163485650000002,4.159239194760549,16.524684999999998,0.040638000000001284,,,,,,,,,,0.923911810219292,0.9328646973443502,0.012073331005180881,0.908198255455818,0.9499932349395075
OADMET-0006478,fake,1,-0.946374,-28.209423,4.160391,-4.097496,5.232,2.64,-29.092901,0.0,1,48,-29.092901,-28.189494375,0.9463706459936123,4.525450000000003,0.021288000000001972,,,,,,,,,,0.7634911265558163,0.7738443219976855,0.016944314042708256,0.7368303237194603,0.802943640873863
OADMET-0006479,fake,1,4.671969,-22.259897,8.552341,-2.926212,2.632,1.43,-11.9618,0.0,0,40,-11.9618,-4.951897925,4.070234251698061,18.962826,0.7279130000000009,,,,,,,,,,0.33018084005890463,0.31967271937713443,0.023636834223042615,0.27732454439535453,0.36459236017579977
OADMET-0006480,fake,1,-1.483941,-27.501991,34.646378,-3.131607,5.467,3.09,2.528837,0.0,0,2,2.528837,2.7067715,0.25163738311407563,0.3558690000000002,0.3558690000000002,,,,,,,,,,0.21052332729289325,0.18157113967846705,0.047941475934633465,0.10544507759851032,0.2751163664318441
OADMET-0006482,fake,1,-11.240721,-29.089952,30.589767,-2.679261,8.647,2.92,-12.420167,0.0,1,16,-12.420167,-9.01221625,4.7005765447139565,13.053522,0.03444599999999909,,,,,,,,,,0.3231499477774034,0.33606558208478143,0.05004812573154637,0.2396466139241174,0.4314015055524074
OADMET-0006483,fake,1,-1.520345,-34.524158,6.956326,-3.970565,2.226,1.87,-33.058743,0.0,1,42,-33.058743,-29.666219071428568,6.042816347953923,30.114457,0.11065299999999922,,,,,,,,,,0.7663520745795461,0.7817928538518046,0.020256478754760235,0.7411582578111847,0.8197638148999716
OADMET-0006488,fake,1,-0.241792,-22.856125,5.457411,-3.91879,6.822,2.31,-21.559296,0.0,1,6,-21.559296,-18.615216333333333,2.591286980477977,6.493288,0.18048299999999884,,,,,,,,,,0.6381651865131476,0.6643872777649009,0.026845971001068378,0.6059477601151325,0.7145195585581833
OADMET-0006490,fake,1,-1.27674,-25.977365,7.939094,-2.188407,2.704,1.3,-21.503416,0.0,0,2,-21.503416,-20.9966285,0.716705755741157,1.013575000000003,1.013575000000003,,,,,,,,,,0.36074492056131163,0.3604079184437829,0.010018898585368977,0.34234931289350784,0.37724991884947334
OADMET-0006493,fake,1,-1.730487,-24.47015,4.598607,-3.864342,7.141,4.67,-25.466373,0.0,1,10,-25.466373,-19.975185599999996,4.401183534788674,10.944351000000001,0.30847900000000195,,,,,,,,,,0.6985562154080102,0.70423028181659,0.03628472324989024,0.630775521743169,0.7677033983440761
OADMET-0006497,fake,1,-2.28343,-31.950693,6.999678,-2.172122,6.016,4.67,-29.406567,0.0,0,8,-29.406567,-25.15531275,4.151930352261076,10.314910999999999,0.5806389999999979,,,,,,,,,,0.5874621913903855,0.581471138826125,0.041765321112041405,0.4871102973989428,0.6387479679392046
OADMET-0006498,fake,1,-0.249532,-25.295996,2.790209,-3.168792,1.977,0.93,-25.92411,0.0,1,120,-25.92411,-20.870280033333334,3.6227585279012144,16.288316,0.20513099999999795,,,,,,,,,,0.5475443109991255,0.5496844373138362,0.02062676047290485,0.5169369993370373,0.5890916270960073
OADMET-0006499,fake,1,-11.597903,-22.845169,22.713058,-1.921224,6.139,3.5,-13.651239,0.0,1,80,-13.651239,-10.0334895375,2.5489705674791314,10.099413,0.03779800000000044,,,,,,,,,,0.2290308003598147,0.19428835672331893,0.02682499476986651,0.14544145190281535,0.24489329782688263
OADMET-0006502,fake,1,-1.508787,-31.243818,8.311677,-4.108157,4.535,1.87,-28.549086,0.0,1,4,-28.549086,-27.68362625,0.9069196115280826,1.8916709999999988,0.21391900000000064,,,,,,,,,,0.751235460796198,0.7681543424812051,0.013941509988040843,0.7416890483913785,0.7939282142693085
OADMET-0006504,fake,1,-1.884868,-24.262451,4.256206,-1.747046,2.513,1.73,-23.638159,0.0,1,44,-23.638159,-20.75613131818182,2.0303151678687006,8.519164000000002,0.30565700000000007,,,,,,,,,,0.32753690673422836,0.32293811939160827,0.016686724509909576,0.2896854257535995,0.3524866852330867
OADMET-0006505,fake,1,-2.984005,-29.554529,6.385048,-3.056222,2.632,2.4,-29.209705,0.0,0,38,-29.209705,-22.379416157894735,4.079353438352068,18.553801999999997,2.7202640000000002,,,,,,,,,,0.5816278306266051,0.5978390148243222,0.023093404891767845,0.548860009734963,0.6411211912257163
OADMET-0006506,fake,1,1.346714,-25.151649,5.387758,-3.402354,6.343,1.87,-21.81953,0.0,0,4,-21.81953,-20.1841685,1.6419507722016724,3.0536400000000015,0.44418699999999944,,,,,,,,,,0.632524310202287,0.6260532350263679,0.0247847912661629,0.5803770783667673,0.6762490305397183
OADMET-0006407,fake,1,-0.602941,-27.597252,4.229156,-1.886912,6.568,3.02,-25.857948,0.0,0,92,-25.857948,-20.563833913043478,2.8322831305471823,18.991395,0.2899719999999988,,,,,,,,,,0.4939887525223032,0.5015765186910083,0.020080858664536145,0.46326170888926227,0.5350339009888844
OADMET-0006408,fake,1,-11.657228,-26.221497,23.295559,-2.449782,3.978,1.67,-17.032948,0.0,1,100,-17.032948,-12.652531740000002,3.0690714214469783,12.181808,0.3109000000000002,,,,,,,,,,0.26776539165023017,0.26632581618248685,0.02625250348327482,0.21474929212888977,0.318646311138447
OADMET-0006410,fake,1,-5.154428,-25.620937,8.032792,-2.405183,2.952,1.59,-25.147755,0.0,0,18,-25.147755,-17.393574222222224,5.877281010974883,17.725158999999998,0.2699449999999999,,,,,,,,,,0.4249947633622884,0.41644479686161096,0.013312441231308775,0.39224607886589363,0.440483250166473
OADMET-0006411,fake,1,-0.419328,-30.530792,3.502126,-2.85262,6.663,3.47,-30.300613,0.0,1,52,-30.300613,-22.945990038461538,5.205740512653303,26.109831999999997,0.1639949999999999,,,,,,,,,,0.6983168940664205,0.7076478117043646,0.019868549541380984,0.6670274893039017,0.7369820460115758
OADMET-0006412,fake,1,-9.545706,-26.712105,19.784077,-3.282841,4.684,1.44,-19.756577,0.0,1,86,-19.756577,-16.947892988372093,1.7568891559241429,8.619075,0.006377000000000521,,,,,,,,,,0.4397324920226135,0.44378746549651354,0.026465509732568476,0.38518318402493634,0.4921792458490075
OADMET-0006414,fake,1,0.179102,-31.072166,4.405026,-3.605479,3.355,1.48,-30.093517,0.0,0,28,-30.093517,-19.684894892857137,4.3919244847339005,21.981298,0.2519449999999992,,,,,,,,,,0.7138378655830001,0.7309226038543034,0.015170451176306853,0.7058673142650232,0.7574172838795363
OADMET-0006415,fake,1,-11.430422,-26.99461,23.154598,-1.373053,2.053,0.91,-16.643488,0.0,1,80,-16.643488,-12.018127137499999,2.5459655799354635,9.412213000000001,0.1838949999999997,,,,,,,,,,0.15725331306858034,0.15011890021536795,0.021391929173170905,0.11106968149912402,0.19472288308923674
OADMET-0006416,fake,1,-8.592461,-25.57876,20.620937,-3.651032,4.32,1.45,-17.201313,0.0,1,124,-17.201313,-12.047774056451614,5.436509893280849,25.813971,0.07689099999999982,,,,,,,,,,0.4295907888607135,0.4374550359552539,0.02782207642312993,0.37997270432993535,0.49256636489094
OADMET-0006418,fake,1,-1.240763,-21.091915,9.004654,-1.532782,0.189,0.18,-14.860806,0.0,0,40,-14.860806,-14.358863175,0.14562087705899227,0.691459,0.04167400000000043,,,,,,,,,,0.165801563728761,0.15243850621877864,0.015728430449200515,0.1293503456386115,0.18170294854298355
OADMET-0006420,fake,1,-8.826092,-25.660412,20.963556,-4.045805,6.601,2.11,-17.568752,0.0,1,122,-17.568752,-14.78403455737705,2.6368530641370644,12.78086,0.11429599999999951,,,,,,,,,,0.5218723691011663,0.5472554846760073,0.03269147034217466,0.4769928859753596,0.6049057542680449
OADMET-0006424,fake,1,-8.308733,-27.340506,20.035225,-3.730515,4.415,1.56,-19.344528,0.0,1,84,-19.344528,-16.18572764285714,1.569930369660369,8.598125,0.036449000000001064,,,,,,,,,,0.49763982581715305,0.49993182939677056,0.02664923023414924,0.4446722013370859,0.5501844151855724
OADMET-0006427,fake,1,-2.35076,-28.650351,5.830778,-4.23876,4.767,2.73,-29.409092,0.0,0,48,-29.409092,-27.89622083333333,3.4143085150093344,14.111208000000001,0.018070000000001585,,,,,,,,,,0.7700597961913176,0.7736668043049544,0.017813719928933536,0.7359156001135059,0.8034587420207793
OADMET-0006430,fake,1,-9.205546,-24.246614,14.82482,-2.763927,2.285,1.19,-21.391268,0.0,1,80,-21.391268,-17.6777085875,1.87414310490371,7.589115,0.6445049999999988,,,,,,,,,,0.354712281793808,0.33968383388871976,0.01978709386514801,0.29891398409185344,0.3818937661598027
OADMET-0006433,fake,1,-3.608983,-28.896486,6.107112,-3.409429,2.873,1.05,-29.807787,0.0,0,32,-29.807787,-22.25384771875,7.273490066203282,21.717531,0.11155700000000124,,,,,,,,,,0.6462498255672785,0.6570076654998056,0.018038125945217358,0.6252073192674812,0.6932734614198542
OADMET-0006435,fake,1,-5.141187,-32.769699,7.968973,-2.576272,4.472,1.79,-32.518185,0.0,0,52,-32.518185,-27.54892269230769,6.8186444926510354,35.126595,0.026379000000005703,,,,,,,,,,0.6337895925499141,0.6456750254359853,0.01691343370077029,0.6171999297238346,0.6812370982064707
OADMET-0006437,fake,1,-1.418217,-28.377533,4.881413,-4.287788,5.229,2.64,-29.202126,0.0,1,4,-29.202126,-27.70179125,1.5722092177547224,3.0439040000000013,0.2995270000000012,,,,,,,,,,0.7644152484120778,0.78916409380333,0.01681741392957508,0.7538064450443877,0.8167020655088332
OADMET-0006439,fake,1,-1.741638,-29.152779,5.190795,-3.173689,2.69,1.17,-28.87731,0.0,0,80,-28.87731,-24.448174024999997,2.49753347963262,9.917223,0.4050660000000015,,,,,,,,,,0.6239212775950813,0.6262058884061692,0.01530776419756428,0.6028577652519136,0.6518438194965458
OADMET-0006440,fake,1,-2.024687,-26.727373,4.479352,-2.502507,2.188,2.06,-26.775215,0.0,1,80,-26.775215,-22.6784103625,3.36213327069311,11.979985999999998,0.10848000000000013,,,,,,,,,,0.46117258228771724,0.46877532959043255,0.02153198543749251,0.42250735962180347,0.515854394073653
OADMET-0006444,fake,1,-5.30889,-32.925629,5.970804,-3.108062,4.853,1.03,-35.37178,0.0,0,32,-35.37178,-21.17163828125,6.740031665073742,27.833748,5.053596000000002,,,,,,,,,,0.7460434281477788,0.7564525878475236,0.02238819484318836,0.7246670295502419,0.811554492686558
OADMET-0006445,fake,1,-0.200585,-34.980598,7.697469,-0.780987,3.458,2.06,-28.264702,0.0,1,80,-28.264702,-21.424129825,3.231983876956752,12.320015,0.10344900000000123,,,,,,,,,,0.35953469228488893,0.3780097732810942,0.030383507012642627,0.32843002533720617,0.4433991413905775
OADMET-0006447,fake,1,-1.976236,-31.396563,4.976113,-3.214295,5.627,1.68,-31.610981,0.0,1,52,-31.610981,-30.36777271153846,2.603680686351033,15.30442,0.013829999999998677,,,,,,,,,,0.7341690185577638,0.744874731456108,0.017244322843596862,0.7204115814881614,0.7863037188493774
OADMET-0006450,fake,1,-2.428841,-19.672506,2.413971,-1.51363,5.705,1.54,-21.201006,0.0,0,12,-21.201006,-17.164718999999998,3.7921160837128434,10.80843,0.2068790000000007,,,,,,,,,,0.3160451282415749,0.3082758779092121,0.029074892179401565,0.2543171032014956,0.3588316388116548
OADMET-0006453,fake,1,-9.657206,-27.360611,21.998566,-2.127055,2.611,1.44,-17.146303,0.0,1,90,-17.146303,-13.716114111111114,2.1940420577749498,10.412713,0.003970999999999947,,,,,,,,,,0.2521061264662747,0.2303817783838651,0.02424500510152156,0.18495660176505654,0.27814437685674365
OADMET-0006454,fake,1,-4.634381,-29.491306,5.780071,-2.776721,5.009,2.41,-31.122337,0.0,1,84,-31.122337,-22.75024548809524,7.679788045957391,25.927031,0.15100400000000036,,,,,,,,,,0.6340059365817746,0.6416956504366417,0.015522868811444638,0.6147772193989979,0.6705341527407754
OADMET-0006455,fake,1,0.082041,-27.160715,1.806134,-3.773068,3.963,1.48,-29.045609,0.0,1,40,-29.045609,-27.536939,1.2488509625642654,5.892447000000001,0.05574700000000021,,,,,,,,,,0.7177812447142017,0.7269786397272184,0.019554394025156584,0.6908652277732416,0.7616041067208895
OADMET-0000927,fake,1,-5.838124,-30.210466,33.355324,-1.794917,6.515,2.52,-4.488185,0.0,0,2,-4.488185,-4.2020055,0.40471893017315086,0.5723589999999996,0.5723589999999996,,,,,,,,,,0.1625078153842624,0.16014135751425893,0.03989763364352486,0.09160300104853585,0.2279111384974706
OADMET-0000928,fake,1,-2.246895,-28.082584,6.944023,-2.901164,7.187,2.64,-26.286621,0.0,0,24,-26.286621,-21.476395083333333,3.2042427692752176,12.200006,0.2826190000000004,,,,,,,,,,0.6226002941794837,0.6412412865508519,0.01774950705937081,0.6052099527650898,0.6724086830381145
OADMET-0000929,fake,1,-22.058449,-35.771885,34.749916,1.07322,2.042,0.89,-22.007198,0.0,0,64,-22.007198,-2.7012041875,5.4700184072652265,29.538221,0.5053209999999986,,,,,,,,,,0.07790335449709809,0.06174086125307038,0.020118118505171777,0.029547444690307914,0.10527762938479727
OADMET-0000930,fake,1,-0.794492,-30.447172,9.326949,-3.325583,1.736,1.05,-25.240297,0.0,0,28,-25.240297,-17.546619607142855,4.400524065897904,18.017131000000003,2.823641000000002,,,,,,,,,,0.5561993572530967,0.5742228565385952,0.01697723131706774,0.5417328399314337,0.6055423273521611
OADMET-0000932,fake,1,-11.067351,-22.374207,25.86842,0.180162,8.408,2.85,-7.392977,0.0,0,80,-7.392977,-4.7930937125,2.546349613956275,8.358913,0.021729000000000553,,,,,,,,,,0.07181143272744751,0.06716722067287849,0.01708490633135442,0.040441149173306296,0.09756455327029866
OADMET-0000934,fake,1,4.493969,-22.819195,25.538006,1.55794,2.225,0.95,8.77072,0.0,0,4,8.77072,10.222167500000001,1.820376793640353,3.791122999999999,0.015854999999998398,,,,,,,,,,0.013261606490663165,0.012333354161984498,0.006105280949549214,0.005875917667416771,0.022649762856805537
OADMET-0000936,fake,1,-2.072162,-31.76824,5.662218,-2.235048,2.508,1.78,-30.413231,0.0,0,62,-30.413231,-22.373014870967737,5.323351593572413,23.956122,0.12335999999999814,,,,,,,,,,0.5394176434223721,0.5392903623278175,0.019061493843700376,0.5050205949987616,0.5754123906199441
OADMET-0000937,fake,1,-5.348359,-30.552986,8.749198,-0.384902,1.793,0.75,-27.537048,0.0,0,60,-27.537048,-18.051202933333332,5.429168675508103,28.210729999999998,0.16516299999999973,,,,,,,,,,0.2497982083863162,0.23553101154399253,0.02299647081093494,0.19459880028969492,0.2805911227504675
OADMET-0000938,fake,1,-3.778744,-31.544693,6.016984,-0.751783,4.638,2.73,-30.058235,0.0,0,80,-30.058235,-24.602750399999998,3.4468246593549523,14.122985,0.33874899999999997,,,,,,,,,,0.37904506171017,0.37922647820819755,0.026216394530730196,0.33232866225402946,0.42648702091347024
OADMET-0000940,fake,1,0.499078,-25.039608,7.661682,-1.538352,5.13,1.89,-18.417202,0.0,0,10,-18.417202,-16.058086,3.5487004377844196,9.386555,0.18658100000000033,,,,,,,,,,0.3059819033601551,0.3017825241725422,0.018841679660956817,0.26773004416978785,0.34355772323034023
OADMET-0000941,fake,1,-4.043212,-37.229214,11.256408,-2.871213,4.434,2.73,-32.88723,0.0,0,130,-32.88723,-26.077616407692304,5.542945603631068,21.582633,0.6068380000000033,,,,,,,,,,0.6852894023065689,0.7073876918117873,0.02460163246254468,0.66202112758347,0.754469642834971
OADMET-0000942,fake,1,-17.837778,-30.850224,23.228134,-1.99063,5.715,2.33,-27.450499,0.0,0,86,-27.450499,-16.433363220930236,7.176732225985797,36.962711999999996,0.326588000000001,,,,,,,,,,0.39138278982374386,0.38700137122024686,0.038607144893566286,0.3021608610370612,0.45144596117698976
OADMET-0000944,fake,1,-23.497643,-30.465446,29.644009,1.046365,2.806,1.57,-23.272715,0.0,0,80,-23.272715,-15.598762275000002,4.513447443005949,16.841192,0.03903000000000034,,,,,,,,,,0.07572298495550782,0.05985427832980457,0.016591282166497974,0.03417559506153222,0.09062128925878787
OADMET-0000945,fake,1,-0.484147,-34.406273,9.82521,-3.214693,3.4,1.62,-28.279902,0.0,0,22,-28.279902,-17.27001359090909,6.232809215992322,23.905338999999998,3.890039999999999,,,,,,,,,,0.6642147881734539,0.6732032030390984,0.018645251427523803,0.6389947713664943,0.7051157497778058
OADMET-0000946,fake,1,-1.539668,-32.567371,6.769845,0.275209,3.306,2.44,-27.061987,0.0,0,60,-27.061987,-21.674885500000002,2.3516580158265294,11.481912999999999,3.272555999999998,,,,,,,,,,0.21737644896963704,0.22291066344788116,0.027519406681437094,0.17680162316089645,0.27220543480146736
OADMET-0000947,fake,1,-0.411505,-38.137135,6.265489,-0.846199,3.816,2.45,-33.129353,0.0,0,60,-33.129353,-25.339100433333332,3.123181771475389,16.258027000000002,0.2792400000000015,,,,,,,,,,0.501716130066246,0.4933054362818322,0.03757999413972329,0.431250323210421,0.5725206526166379
OADMET-0000948,fake,1,-1.747454,-29.831856,14.581022,-2.311359,4.825,2.73,-19.309647,0.0,0,16,-19.309647,-14.4503445,4.545628204376699,14.29741,0.18499599999999816,,,,,,,,,,0.3920938440132147,0.39763977982692345,0.02467771506713701,0.3496752473889669,0.45113023722313356
OADMET-0000949,fake,1,2.355396,-29.801912,9.955258,-1.818603,7.934,2.73,-19.30986,0.0,0,26,-19.30986,-6.366948,6.4121359963792095,19.460696000000002,0.025974000000001496,,,,,,,,,,0.4491451023879201,0.45488600035770543,0.03574623543854268,0.384306751075401,0.5293149197428526
OADMET-0000950,fake,1,-2.569064,-23.347645,3.837507,-2.360627,3.813,2.39,-24.439827,0.0,0,80,-24.439827,-22.005556862499997,1.5854866446148463,5.737234000000001,0.1145920000000018,,,,,,,,,,0.42418597773065075,0.4256064092959977,0.021222991315775402,0.3842411852600456,0.4634609705000961
OADMET-0000952,fake,1,-0.251615,-31.764181,5.388901,-5.333056,3.516,3.09,-31.959953,0.0,0,102,-31.959953,-28.507195862745103,1.924004473701135,8.078955999999998,0.4078160000000004,,,,,,,,,,0.8731565164367519,0.8760478395018605,0.019153499467735917,0.8313645463841942,0.9073794203211004
OADMET-0000953,fake,1,-3.678447,-26.134432,7.598418,-0.53651,4.19,1.45,-22.750973,0.0,0,44,-22.750973,-19.289255636363638,1.9950409248752683,9.844869999999998,0.9714129999999983,,,,,,,,,,0.22322484431686193,0.2224536668753141,0.018046659621085644,0.1927596725572484,0.26253912704761917
OADMET-0000954,fake,1,-2.202715,-30.54324,7.511258,-1.115557,4.628,2.33,-26.350256,0.0,0,80,-26.350256,-22.7054505375,2.603176999171312,9.718008000000001,0.20234100000000055,,,,,,,,,,0.3760942438941742,0.3711111547034374,0.019493435771463348,0.3413756367743847,0.40527572310039656
OADMET-0000955,fake,1,-1.6917,-34.218571,6.040712,-2.376157,5.831,2.64,-32.245716,0.0,0,28,-32.245716,-28.034074571428572,4.141539614605959,12.849773000000003,0.46195800000000276,,,,,,,,,,0.6720195800593083,0.6809781385416698,0.01793390640450088,0.6450434773374383,0.710599225158483
OADMET-0000956,fake,1,-2.287989,-34.686031,9.863058,-0.632575,2.591,1.15,-27.74354,0.0,0,22,-27.74354,-14.643356409090906,11.619822642400704,32.87768,0.25447699999999784,,,,,,,,,,0.32275447208685354,0.3192902331992191,0.029816529946072274,0.2650320007795785,0.3801419388279715
OADMET-0000958,fake,1,-9.713825,-27.122534,21.682442,-0.499768,3.168,1.05,-15.653684,0.0,0,10,-15.653684,-4.8789226999999995,7.1597230663804625,18.866496,0.06003500000000095,,,,,,,,,,0.12205186125494537,0.11300592857034664,0.01855611037361104,0.07820624706413108,0.15894299631667957
OADMET-0000959,fake,1,-0.588422,-34.908508,10.850003,-3.710902,3.406,2.39,-28.35783,0.0,0,86,-28.35783,-24.18746763953489,3.2317368662814476,12.086711999999999,0.004882999999999527,,,,,,,,,,0.705906008081327,0.7234959223641998,0.02151140464728956,0.6849435311212718,0.7597113226818666
OADMET-0000960,fake,1,7.008836,-26.714161,4.529819,-3.946855,7.838,4.36,-19.12236,0.0,0,48,-19.12236,-11.116241125,2.874818177582808,12.596988,0.3260460000000016,,,,,,,,,,0.6782346635490707,0.7145005801478059,0.034684463601803245,0.6421936939224078,0.7790292262670939
OADMET-0000961,fake,1,-4.360975,-25.230415,6.286898,-2.10912,1.49,0.55,-25.413612,0.0,0,82,-25.413612,-20.573389792682928,3.7973842363985555,13.308136000000001,0.06238300000000052,,,,,,,,,,0.36066507372845785,0.36122214564914645,0.019385970048929106,0.3246778577895293,0.4015100072303554
OADMET-0000963,fake,1,-0.988374,-36.574398,7.18211,-3.772994,3.341,1.06,-34.153656,0.0,0,160,-34.153656,-26.938057787500004,3.362278488382041,14.708419999999997,0.0010029999999972006,,,,,,,,,,0.789473303147039,0.8124524216454294,0.01874501450751891,0.7766758781508694,0.8493929794213909
OADMET-0000965,fake,1,-1.526845,-30.880608,7.853745,0.027118,6.428,2.39,-24.52659,0.0,0,80,-24.52659,-22.5274713875,1.4270090706139247,5.5495529999999995,0.061341999999999786,,,,,,,,,,0.2788961898329528,0.26687610727952105,0.028456559900591955,0.2151185462313463,0.32524153879986983
OADMET-0000966,fake,1,-2.67213,-32.329201,9.817055,-2.151089,3.077,1.05,-27.335365,0.0,0,36,-27.335365,-22.870595,3.2195239742689465,15.005118999999999,0.06883399999999895,,,,,,,,,,0.48890964829594363,0.49214215558790547,0.019825202661161844,0.4533560305262232,0.5283381699745743
OADMET-0000968,fake,1,-1.151139,-26.413248,5.452447,-2.422402,0.932,0.57,-24.53434,0.0,0,80,-24.53434,-20.6308577625,1.4994995960842796,7.294169,0.061465999999999354,,,,,,,,,,0.40794812166890243,0.4042817744203259,0.017817257311194396,0.36840936628634735,0.4379702487303214
OADMET-0000969,fake,1,-2.284187,-33.672508,7.208806,-1.447532,6.393,2.08,-30.195423,0.0,0,102,-30.195423,-23.012735872549015,4.065177015887636,16.861182,0.0198500000000017,,,,,,,,,,0.5432267005456712,0.545480465998224,0.02650240307626597,0.49665713771291614,0.5914162186459421
OADMET-0000971,fake,1,-2.43921,-28.294737,5.583448,-0.441266,4.649,2.39,-25.591764,0.0,0,58,-25.591764,-20.676242120689654,2.986840209286461,12.353057000000002,0.05825400000000158,,,,,,,,,,0.2792105405504285,0.27228979444282936,0.020830028290798785,0.24050913034218496,0.3134522837915951
OADMET-0000974,fake,1,-1.218225,-33.170856,7.055941,0.304316,4.193,1.59,-27.028824,0.0,0,80,-27.028824,-22.685111175,3.9131626263829005,14.039146,0.04586799999999869,,,,,,,,,,0.2574424334428936,0.2462645102626826,0.028604162859406593,0.20103781374516097,0.2973430456265742
OADMET-0000975,fake,1,-0.150994,-24.708694,15.623921,-1.938355,3.014,2.76,-11.174121,0.0,0,74,-11.174121,-3.4670248513513515,5.066765726082019,22.127699999999997,0.07166899999999998,,,,,,,,,,0.19828376754582466,0.19269886921576704,0.024226557525791823,0.14315070233206123,0.23689236826701435
OADMET-0000976,fake,1,-0.493918,-27.345051,6.155686,-0.377882,3.635,1.67,-22.061167,0.0,0,80,-22.061167,-13.83729335,3.443469409465512,11.961803000000002,0.26557400000000086,,,,,,,,,,0.21479990678965555,0.21400856338058688,0.01829021654349238,0.18196953286222475,0.2527894556280412
OADMET-0005161,fake,1,-1.093002,-31.545256,5.28562,-1.929664,6.899,2.2,-29.282299,0.0,1,120,-29.282299,-20.68130085,5.457671673884552,23.088451999999997,0.18555399999999977,,,,,,,,,,0.5811248783150519,0.6005026256345467,0.02317481316900412,0.5573619129031556,0.6471253750080203
OADMET-0005165,fake,1,-1.047134,-32.761765,3.962337,-4.131811,5.011,3.05,-33.978371,0.0,1,70,-33.978371,-33.15674264285715,0.9889221981529597,3.2282130000000038,0.018063000000005047,,,,,,,,,,0.8231873317985969,0.8396793511963573,0.01708044157631819,0.8060160742270738,0.8648656067084637
OADMET-0005166,fake,1,-0.507451,-33.853775,8.683671,-4.407016,4.659,2.08,-30.084572,0.0,1,82,-30.084572,-23.690540292682925,2.7632860499418572,13.507601000000001,0.5271680000000032,,,,,,,,,,0.8088910304407139,0.8264410249438918,0.014730616340138647,0.7990620828847349,0.8503411336777954
OADMET-0005170,fake,1,0.751712,-26.231586,5.818103,-1.386026,3.033,1.47,-21.047796,0.0,1,34,-21.047796,-18.932072852941175,1.441638852487979,6.489510000000001,0.09933800000000303,,,,,,,,,,0.2944712293322074,0.288683995549366,0.014798553797479587,0.2594543189400619,0.31560483787851706
OADMET-0005172,fake,1,-1.075501,-28.585354,5.296324,-2.255767,2.153,1.31,-26.620296,0.0,1,80,-26.620296,-21.128042012499996,3.374479254479792,14.377142,0.464811000000001,,,,,,,,,,0.4501392994885993,0.45923736117228464,0.013459780705021442,0.43133886834314283,0.4834968577701739
OADMET-0005177,fake,1,-1.744982,-29.797251,6.020888,-2.923106,3.671,2.2,-28.444448,0.0,1,80,-28.444448,-25.8442570125,1.7941225108285974,6.087553,0.009744000000001307,,,,,,,,,,0.5981614263790894,0.6092374587920623,0.012807748603595697,0.5858491999579747,0.6327543290118306
OADMET-0005178,fake,1,0.703007,-25.787603,7.316739,-1.91513,2.669,1.13,-19.682987,0.0,1,4,-19.682987,-17.850055,1.778181233333093,3.500826,0.6249749999999992,,,,,,,,,,0.3179117684701927,0.31625344772245645,0.014029063806890016,0.2889853118725484,0.3434771003768622
OADMET-0005179,fake,1,7.881128,-26.111185,4.832631,-3.672181,3.271,1.99,-17.069607,0.0,1,56,-17.069607,-11.02143732142857,6.216048476377028,28.51169,1.1366510000000005,,,,,,,,,,0.5526186068508266,0.5611462200095056,0.02782775331052418,0.49861776033172633,0.6193474548247744
OADMET-0005181,fake,1,-1.658925,-27.436623,11.367068,-1.63227,2.795,1.32,-19.360748,0.0,1,50,-19.360748,-11.46959642,5.7042043155906486,26.02551,0.8176860000000019,,,,,,,,,,0.27353499151939814,0.272890768859412,0.015936649426665308,0.24872948650365764,0.30529487139620826
OADMET-0005190,fake,1,-5.665234,-22.833162,6.669122,-0.553947,4.909,2.59,-22.383221,0.0,1,80,-22.383221,-17.9348560625,1.5756271768033756,8.861201,0.21266999999999925,,,,,,,,,,0.21109326737747933,0.20138550184362294,0.019643570040354223,0.17006872812545376,0.24138846021065893
OADMET-0005191,fake,1,-7.55393,-27.063627,4.861296,-5.142677,5.945,2.11,-34.898941,0.0,1,2,-34.898941,-34.637642,0.36953258963452884,0.5225980000000021,0.5225980000000021,,,,,,,,,,0.8775725635859087,0.8788490722927352,0.019476268147983467,0.8373001331269871,0.9076936535853533
OADMET-0005200,fake,1,-0.032097,-28.173479,7.121697,-3.707695,3.959,2.64,-24.791574,0.0,1,36,-24.791574,-21.54802475,2.7612500735206083,14.007004,0.6871410000000004,,,,,,,,,,0.647111712863785,0.6509706162605561,0.01737678470419324,0.6181736203281466,0.6829407970630713
OADMET-0006158,fake,1,-2.473794,-26.205986,4.806637,-2.905919,4.242,2.24,-26.779062,0.0,0,10,-26.779062,-13.5381945,15.079587703009105,31.085839,0.10379000000000005,,,,,,,,,,0.5650314379222343,0.5659546516102233,0.014596784767137026,0.53800548391817,0.5952526310496474
OADMET-0006159,fake,1,-9.853936,-23.928852,25.219875,-1.521125,4.714,1.5,-10.084037,0.0,0,58,-10.084037,1.3632161724137932,6.067692295264637,22.278852999999998,0.25397599999999976,,,,,,,,,,0.13855091052794402,0.13354439803364598,0.021895668131200315,0.09441898952153664,0.18214357282588547
OADMET-0006165,fake,1,-0.572642,-30.700588,5.34292,-3.451883,1.896,0.93,-29.382195,0.0,1,26,-29.382195,-23.72462326923077,4.169448278343815,13.21163,0.012586999999999904,,,,,,,,,,0.6440443418363552,0.6671565458246626,0.018274725633067784,0.6353722115275944,0.6975963362058594
OADMET-0006167,fake,1,-2.601364,-27.293856,5.613582,-2.593398,5.881,2.31,-26.875034,0.0,1,36,-26.875034,-25.834833583333328,0.6166408685361302,2.1379009999999994,0.06535299999999822,,,,,,,,,,0.5612288483795836,0.5760469505109672,0.013964126541780973,0.5455755678231716,0.6016371224873424
OADMET-0006174,fake,1,-1.426959,-30.893883,4.470089,-3.435919,3.035,0.85,-31.286673,0.0,1,44,-31.286673,-22.422123522727272,6.197455491753506,23.197172000000002,0.20035800000000137,,,,,,,,,,0.707266642023908,0.7150153377963884,0.019213213765908996,0.6870467582265463,0.7561101957670836
OADMET-0006175,fake,1,-0.92658,-29.043756,4.610767,-2.214623,6.295,2.64,-27.574192,0.0,0,4,-27.574192,-26.38743775,1.3154086871760624,2.531561,0.11739499999999836,,,,,,,,,,0.5663378697817437,0.5745678636863131,0.01609562318930237,0.5403449878891301,0.600394058066431
OADMET-0006177,fake,1,-2.899176,-25.063841,7.667485,-3.403739,2.578,2.39,-23.699272,0.0,0,80,-23.699272,-18.90437135,1.7341717044332472,6.431194000000001,0.08169300000000135,,,,,,,,,,0.5219243397221448,0.5181173911588075,0.024094613527988595,0.4716549563781225,0.5599531557330163
OADMET-0006178,fake,1,-1.719192,-30.588385,4.287568,-4.564778,2.813,1.87,-32.584785,0.0,1,4,-32.584785,-30.59736625,2.3271808828373395,4.532099999999996,0.025515999999996097,,,,,,,,,,0.8141108601622404,0.8186305704024578,0.018713230314260552,0.7895370966825793,0.8510053169620833
OADMET-0006181,fake,1,-0.553392,-32.511555,5.380485,-1.797712,1.934,0.57,-29.482176,0.0,1,42,-29.482176,-18.13185264285714,4.441432026382327,19.211145,0.1210729999999991,,,,,,,,,,0.4521215490739428,0.47989569663556,0.024553506263335256,0.42960277662584434,0.5276764607850359
OADMET-0006187,fake,1,-2.023317,-28.175831,7.186252,-1.478989,3.219,2.64,-24.491884,0.0,1,20,-24.491884,-19.9013584,2.124013887205602,8.718179,1.5146809999999995,,,,,,,,,,0.347769766737338,0.335490808101246,0.021733137915139034,0.290208754895874,0.3675134204259124
OADMET-0006189,fake,1,-1.740082,-29.356251,8.103587,-3.071374,4.819,1.57,-26.064119,0.0,1,108,-26.064119,-18.70927328703704,4.158674946092714,18.861533,0.05139300000000091,,,,,,,,,,0.6128624867854348,0.6181187783076385,0.01318443121809484,0.5999974507383542,0.6518439790361529
OADMET-0006190,fake,1,-0.339828,-26.974417,5.464509,-2.872276,2.554,0.94,-24.722012,0.0,0,78,-24.722012,-21.992048628205126,2.3156594363535574,10.38191,0.314152,,,,,,,,,,0.5045175862841331,0.5147703166532972,0.013971403518187396,0.4885601177502161,0.5415754682736679
OADMET-0006194,fake,1,0.529587,-33.644211,6.343983,-4.221633,2.608,2.4,-30.992275,0.0,1,4,-30.992275,-30.05641575,1.5906081329557302,3.3168429999999987,0.191002000000001,,,,,,,,,,0.7733292264168493,0.7914472263600719,0.020775283240722992,0.7499142338140479,0.8249747744728724
OADMET-0006195,fake,1,0.004983,-25.779354,5.194149,-4.500328,3.94,1.47,-25.080551,0.0,1,2,-25.080551,-23.985343999999998,1.5488565930059508,2.1904140000000005,2.1904140000000005,,,,,,,,,,0.7220879113991917,0.7363972193713317,0.01993772200279668,0.6996066682925611,0.7692607379367087
OADMET-0006198,fake,1,-10.992359,-28.01107,21.96244,-4.169271,5.503,1.35,-21.21026,0.0,1,68,-21.21026,-12.886288794117647,3.6432766311894094,13.341113000000002,0.05411500000000302,,,,,,,,,,0.5741874267266786,0.596882381291083,0.03440954334575703,0.5226500228342132,0.6684719627597127
OADMET-0006200,fake,1,-8.253056,-27.941792,22.458004,-2.31621,2.978,1.56,-16.053053,0.0,1,90,-16.053053,-11.128845400000001,2.985210822456996,12.554551999999997,0.26316699999999926,,,,,,,,,,0.25231189358910666,0.25205354249823664,0.02625445093250148,0.20116769288470585,0.3047400895585041
OADMET-0006201,fake,1,1.107629,-33.64257,5.869019,-1.664855,3.192,1.08,-28.33078,0.0,0,32,-28.33078,-20.06754478125,6.877575332715296,33.414187,2.641361,,,,,,,,,,0.4976712308398105,0.49384487526843934,0.024954403185478986,0.44528230279991116,0.5456283476025587
OADMET-0006202,fake,1,-0.782996,-32.170967,5.283144,-2.281969,4.534,1.47,-29.952789,0.0,1,46,-29.952789,-27.320927326086952,0.9789049774729146,4.155573,0.1383909999999986,,,,,,,,,,0.5890431405719593,0.6063756982089419,0.017796840172538148,0.5777182405337599,0.6520244932319094
OADMET-0006058,fake,1,0.525067,-24.284025,17.513754,-3.798711,4.038,1.68,-10.043916,0.0,1,18,-10.043916,-3.417271833333333,5.565981731985147,16.057402,0.17685999999999957,,,,,,,,,,0.4080271000637965,0.39758050478164797,0.032514864238629614,0.3379810883197185,0.4551281885095887
OADMET-0006063,fake,1,0.463312,-30.176624,5.995575,-3.592731,1.77,0.7,-27.310469,0.0,1,14,-27.310469,-18.843461285714287,6.469490478126,22.717067,0.1016350000000017,,,,,,,,,,0.6409732990590513,0.6544572052217461,0.01907476378541281,0.6219233126255678,0.6882688933370359
OADMET-0006069,fake,1,0.873971,-23.375376,8.31886,-4.420533,5.384,2.23,-18.603077,0.0,1,2,-18.603077,-17.988539,0.8690879741936365,1.2290759999999992,1.2290759999999992,,,,,,,,,,0.6529921717873788,0.6523254135737073,0.02399578690972526,0.6054358732752736,0.6951693878361869
OADMET-0006071,fake,1,-1.8285,-30.904018,4.225366,-4.079479,1.824,0.86,-32.586632,0.0,0,120,-32.586632,-26.576591399999998,2.096702023754182,11.162297000000002,0.08050599999999974,,,,,,,,,,0.7454333415244062,0.7674122425230852,0.021006848814276304,0.7336393987201971,0.8030161466194863
OADMET-0006072,fake,1,-2.944707,-31.716599,8.913754,-3.190746,3.866,2.33,-28.938297,0.0,1,110,-28.938297,-21.24406764545455,3.3395894834969275,15.332412999999999,0.15117599999999953,,,,,,,,,,0.6335986243461992,0.6528308104655335,0.014884128906910566,0.6258961907090893,0.6816979532687331
OADMET-0006073,fake,1,-1.613324,-29.578865,7.544684,-2.417704,2.572,1.03,-26.065207,0.0,1,94,-26.065207,-20.60433046808511,2.604520479649122,8.297553,0.06577300000000008,,,,,,,,,,0.4706679797333612,0.48394359208020066,0.013186272587892118,0.45773953145003526,0.5096830229572737
OADMET-0006074,fake,1,-2.63848,-29.676821,7.043481,-2.111411,2.305,0.73,-27.38323,0.0,1,50,-27.38323,-17.64419368,5.962890544013429,26.873181000000002,0.231109,,,,,,,,,,0.4403597918786218,0.45504834359815294,0.01766079200480631,0.42164971017251224,0.4903808850876941
OADMET-0006075,fake,1,-2.330074,-31.249557,5.93906,-3.750328,4.942,2.85,-31.3909,0.0,1,74,-31.3909,-29.093869108108112,2.8214001394267143,11.522661999999997,0.04937999999999931,,,,,,,,,,0.7498017397139592,0.7683790126739503,0.016643226363851397,0.7384207761620862,0.7945518455213997
OADMET-0006076,fake,1,-0.598426,-34.331463,4.581949,-4.802619,2.821,1.06,-35.150558,0.0,1,54,-35.150558,-32.62316666666666,4.006625086082131,19.677395999999995,0.00429499999999905,,,,,,,,,,0.8646814996328668,0.8768353206651858,0.015906106700921664,0.8458380763395283,0.9020954893598911
OADMET-0006077,fake,1,-0.634744,-19.533318,7.042538,-1.701417,1.745,1.19,-14.826941,0.0,1,4,-14.826941,-5.029395249999999,11.216173081109748,19.521512,0.16848099999999988,,,,,,,,,,0.18932650607827464,0.17994022280080313,0.01567551124541407,0.15070242342277068,0.20917808144933114
OADMET-0006082,fake,1,4.527552,-24.072149,13.392988,-3.181757,1.487,0.97,-9.333366,0.0,1,116,-9.333366,1.8916004655172411,6.522066770572549,32.112459,1.4018429999999995,,,,,,,,,,0.29554800166310485,0.29281769434558674,0.02870500934552757,0.23814379293455512,0.3416465007024029
OADMET-0006085,fake,1,0.021832,-32.631828,4.245216,-3.589759,2.641,0.99,-31.95454,0.0,1,132,-31.95454,-23.255185803030304,4.759136124292308,19.679481000000003,2.066055000000002,,,,,,,,,,0.734131691065543,0.7489651143192408,0.018431925862944922,0.7184230724783465,0.7828634891560731
OADMET-0006086,fake,1,-2.605819,-30.959515,7.898013,-6.216543,7.087,3.2,-31.883863,0.0,1,10,-31.883863,-22.652456499999996,9.807364439646094,27.021816,0.1250050000000016,,,,,,,,,,0.9220107339594307,0.934660102851002,0.011597299570075829,0.9094689788902177,0.9516431301085665
OADMET-0006087,fake,1,0.515989,-33.132957,6.699614,-3.996474,4.372,1.36,-29.91383,0.0,1,116,-29.91383,-19.023892301724143,5.252809843040167,34.658312,0.3798330000000014,,,,,,,,,,0.7777310381751571,0.7950139400818234,0.01639830294445284,0.7679044612723601,0.8294673063463616
OADMET-0006088,fake,1,6.586157,-25.336336,14.842781,-4.624399,5.312,1.87,-8.531797,0.0,1,14,-8.531797,-3.7733062857142854,3.9315451146479377,11.220208,0.5794959999999989,,,,,,,,,,0.5771007128587757,0.5673014322426773,0.04583760638494454,0.47164887163387803,0.6483041430653401
OADMET-0006090,fake,1,-1.691743,-30.97444,6.043367,-3.680703,6.328,2.73,-30.303518,0.0,1,104,-30.303518,-25.753790355769226,4.185709157928615,24.347046,0.4804780000000015,,,,,,,,,,0.7648541563182762,0.7783630772730211,0.014412902040196355,0.7523288662631223,0.8021175325637934
OADMET-0006092,fake,1,-0.565336,-29.915047,5.99834,-1.850158,3.075,1.78,-26.332203,0.0,1,2,-26.332203,-24.4937315,2.5999913293364085,3.6769430000000014,3.6769430000000014,,,,,,,,,,0.44243048284524233,0.43603017522221876,0.013988894122081,0.4078535515540057,0.4616301864899
OADMET-0006093,fake,1,2.550195,-26.457542,11.498208,-2.77564,3.87,1.43,-15.184779,0.0,1,2,-15.184779,-14.905393,0.39511147033717037,0.5587720000000012,0.5587720000000012,,,,,,,,,,0.3764374958427792,0.3887538127208259,0.023795088879494237,0.3447839196043469,0.43597579881949816
OADMET-0006094,fake,1,-2.641126,-28.095732,5.483357,-4.18153,3.29,1.78,-29.435032,0.0,1,40,-29.435032,-27.8583781,1.2246183740620165,5.691102999999998,0.3049740000000014,,,,,,,,,,0.7353622560916505,0.7413722337130331,0.018252825253988268,0.7146691289966902,0.7698104510067977
OADMET-0006096,fake,1,-16.16226,-25.28878,29.994984,-3.65087,5.11,2.06,-15.106929,0.0,0,62,-15.106929,-6.472217016129032,5.908261360932788,24.134849,2.0520699999999987,,,,,,,,,,0.3525170529744482,0.34977629716779,0.04161141671795574,0.25872752835465096,0.432672524118314
OADMET-0006098,fake,1,-0.768499,-30.578485,7.544677,-3.70914,5.528,2.41,-27.511448,0.0,1,40,-27.511448,-20.60308085,3.5867910601443334,21.282473000000003,0.6758440000000014,,,,,,,,,,0.7297413697892209,0.7354238450290264,0.012974742291228625,0.7086026525433126,0.7584521369994174
OADMET-0006100,fake,1,-2.592113,-27.726748,6.32277,-2.592473,4.612,2.33,-26.588562,0.0,1,80,-26.588562,-19.6269973875,4.1407296064282075,17.54988,0.23266999999999882,,,,,,,,,,0.5285682736022701,0.5398275131789252,0.009952328875660261,0.5232759471397881,0.5572721733906267
OADMET-0006101,fake,1,-0.083565,-38.587631,9.161997,-3.552047,3.517,1.67,-33.061245,0.0,1,6,-33.061245,-25.809762000000003,6.404115487898386,13.762298999999999,0.213318000000001,,,,,,,,,,0.7704017234397602,0.7948281585063565,0.020778601968488495,0.7539535117593565,0.8299644887604061
OADMET-0006103,fake,1,-2.848617,-30.75008,9.570402,-3.743185,4.14,2.73,-27.771481,0.0,0,2,-27.771481,-27.514706,0.36313468747835304,0.5135500000000022,0.5135500000000022,,,,,,,,,,0.6908496092156596,0.6953282064629878,0.01789978114959189,0.6619413296076778,0.724713050784207
OADMET-0002060,fake,1,6.066858,-13.850016,5.00387,-0.098355,0.811,0.8,-2.877643,0.0,0,40,-2.877643,-2.2595364,0.5476243768892352,2.435792,0.03303099999999981,,,,,,,,,,0.04556340277825782,0.04277185560113996,0.009742110894206811,0.02802068554325702,0.06192232697149532
OADMET-0002061,fake,1,13.757773,-17.002926,13.129935,-2.829348,1.249,1.24,7.055435,0.0,0,80,7.055435,15.112907612499999,5.517404417855449,30.130150000000004,1.530729,,,,,,,,,,0.12092605306215141,0.11492649829791887,0.028267835764478437,0.07003905481530015,0.16446488689608268
OADMET-0002062,fake,1,-3.18615,-16.379141,3.852278,-2.004563,1.466,1.43,-17.717575,0.0,0,40,-17.717575,-15.630972774999998,1.1496091056486244,3.9367219999999996,0.6705259999999988,,,,,,,,,,0.22197950823393578,0.20457226022446806,0.02341102190630291,0.1643689622445727,0.24342402496498985
OADMET-0002063,fake,1,-1.688405,-17.6064,3.140959,0.020765,0.022,0.01,-16.13308,0.0,0,40,-16.13308,-15.126099400000001,0.45773686088131144,2.034326,0.010574999999999335,,,,,,,,,,0.08952816306865695,0.07570924414146166,0.012704102564958396,0.05528272252226515,0.10369677875287235
OADMET-0002064,fake,1,5.966977,-11.621669,2.550587,-2.001752,0.007,0.0,-5.105857,0.0,0,40,-5.105857,-3.5401388499999995,0.923481318866668,4.005243,0.23429199999999994,,,,,,,,,,0.12776076868731742,0.10756471817286611,0.019528761788530503,0.07594418258635559,0.14521092461492968
OADMET-0002065,fake,1,-0.582434,-17.027056,0.955146,-1.625606,0.0,0.0,-18.279951,0.0,0,40,-18.279951,-17.263148324999996,0.5795734163034576,1.7144130000000004,0.05072200000000038,,,,,,,,,,0.19944644434038708,0.18191459861100578,0.022907960392632962,0.1423206077305502,0.22292934075951337
OADMET-0002066,fake,1,-2.643518,-19.800713,3.278334,-1.536668,2.842,1.87,-20.702566,0.0,0,40,-20.702566,-18.926309875,0.8859006302128634,3.1806280000000022,0.06003899999999973,,,,,,,,,,0.24929937305583474,0.23967792919757858,0.02088923200976577,0.2026409826343028,0.2768535431974308
OADMET-0002068,fake,1,-0.668624,-16.710279,1.642787,-2.349626,0.019,0.01,-18.085741,0.0,0,80,-18.085741,-15.686098025000001,0.7306057617843777,6.289040999999999,1.6870539999999998,,,,,,,,,,0.2664713667241585,0.2382414097688994,0.027584241903931113,0.1921435550789575,0.2880643310653188
OADMET-0002069,fake,1,-1.13397,-17.393867,1.049574,-2.071681,0.0,0.0,-19.549946,0.0,0,40,-19.549946,-19.184726,0.2579760864590317,0.9778439999999975,0.02444500000000005,,,,,,,,,,0.25092180210961806,0.23118645334617008,0.026922615904434316,0.18609935450446669,0.2808933174297474
OADMET-0002070,fake,1,6.473082,-20.387169,7.108771,-2.166617,1.236,1.19,-8.971933,0.0,0,80,-8.971933,-5.336792099999999,1.2985050256452084,6.107274,0.29563699999999926,,,,,,,,,,0.1848500196747516,0.1877610051239597,0.021629773036121975,0.15127418660559344,0.22001349476716806
OADMET-0002071,fake,1,7.343778,-19.031485,3.212939,-2.25979,1.45,0.84,-10.734558,0.0,0,80,-10.734558,-4.0608366375000005,3.7971553634940527,17.166069,0.05843899999999991,,,,,,,,,,0.24204858054495615,0.2215205295966658,0.024188870245769697,0.177695768872966,0.26344782380313925
OADMET-0002072,fake,1,-0.652063,-15.415678,1.244126,-1.618008,1.169,1.16,-16.441624,0.0,0,80,-16.441624,-13.881957825,1.2726191776463651,4.144389,0.2735260000000004,,,,,,,,,,0.18503377359336085,0.16909763753671034,0.021891863385911987,0.1324175999190915,0.21081968605832258
OADMET-0002073,fake,1,-0.973389,-18.79578,1.29509,-2.774827,0.017,0.01,-21.248905,0.0,0,80,-21.248905,-19.293704050000002,0.9160692899574445,3.736972999999999,0.20267800000000236,,,,,,,,,,0.35143732899576846,0.3344433380340294,0.03231251366500614,0.2773125919530228,0.3957933576404732
OADMET-0002074,fake,1,-1.043348,-16.179024,1.306219,-2.251994,0.0,0.0,-18.168148,0.0,0,40,-18.168148,-14.8090266,1.9466772267272647,6.657451999999999,0.026793999999998874,,,,,,,,,,0.23256818104708535,0.22575827084509398,0.027677459437816063,0.17881751764953116,0.27553056466088427
OADMET-0002075,fake,1,-2.712408,-20.14304,4.042251,-0.878819,0.025,0.02,-19.692017,0.0,0,80,-19.692017,-17.627281599999996,1.6423561706081595,6.889880999999999,0.031608999999999554,,,,,,,,,,0.15757281395590692,0.14346994477983066,0.017351164512711934,0.11401466780965046,0.1751268900549965
OADMET-0002076,fake,1,5.661574,-11.85735,2.654598,-1.42763,0.0,0.0,-4.968808,0.0,0,40,-4.968808,-3.008224775,0.8457765719335189,4.855313,0.33010800000000007,,,,,,,,,,0.08598717597970916,0.08180601466908526,0.01574397766716529,0.05596615875958928,0.11123722499338069
OADMET-0002077,fake,1,-0.260456,-22.635717,2.932876,-2.070622,0.027,0.02,-22.03392,0.0,0,40,-22.03392,-20.425181099999996,0.7583198119745843,2.7477599999999995,0.03648899999999955,,,,,,,,,,0.28739372393891754,0.29420189904815514,0.023126886091613133,0.2520503703883634,0.33570799988635913
OADMET-0002078,fake,1,-1.1308,-18.11434,0.465224,-2.42263,1.438,1.43,-21.202547,0.0,0,40,-21.202547,-18.08448375,1.0083041250894482,6.138304,1.9910159999999983,,,,,,,,,,0.33082763951407596,0.31302858389393473,0.030576426029409517,0.2602220620510424,0.37639276561342905
OADMET-0002079,fake,1,-0.854187,-15.411966,2.303814,0.260957,0.0,0.0,-13.701383,0.0,0,40,-13.701383,-12.5943115,0.574925906481558,2.3123310000000004,0.5886639999999996,,,,,,,,,,0.058818021729778014,0.056831380409929654,0.010985122824910255,0.039178906316204964,0.08245841321085193
OADMET-0002080,fake,1,6.297834,-21.056572,7.288873,-1.020435,0.471,0.35,-8.490299,0.0,0,64,-8.490299,-2.839614453125,7.179901716096716,33.107895,0.8061060000000007,,,,,,,,,,0.11265188507984532,0.10783187148348564,0.016864127717911938,0.07900062118636433,0.1382384143729836
OADMET-0002081,fake,1,-2.309554,-17.171711,2.46839,-0.448562,0.819,0.79,-17.461439,0.0,0,40,-17.461439,-14.290545650000002,1.309935798668237,4.919323999999998,0.3698540000000001,,,,,,,,,,0.1093028117052773,0.10406088211251736,0.01501687925611233,0.07874349709123418,0.13124750614931732
OADMET-0002082,fake,1,5.200208,-15.818437,5.744967,-2.083674,0.009,0.0,-6.956937,0.0,0,40,-6.956937,-6.38023145,0.4586715116891697,1.8662539999999996,0.01422900000000027,,,,,,,,,,0.1533528075969227,0.1318801863814714,0.019628456264757323,0.09910106325068885,0.16715000849013767
OADMET-0002084,fake,1,-1.05175,-23.02314,3.065109,-1.957674,0.411,0.41,-22.967455,0.0,0,80,-22.967455,-19.498117075000003,1.3911366024551564,6.229199000000001,0.18236399999999975,,,,,,,,,,0.3222515554200745,0.29760891455685956,0.021325084901268172,0.25883407178025525,0.33989590098350975
OADMET-0002085,fake,1,-0.420724,-15.731947,0.778076,-1.930969,0.0,0.0,-17.305565,0.0,0,40,-17.305565,-16.92136795,0.4497329079020664,1.370959000000001,0.0037180000000027746,,,,,,,,,,0.20791866918051852,0.191335355678738,0.025071733879300673,0.15021109548488842,0.235783864619971
OADMET-0002086,fake,1,-0.167259,-15.202269,1.598308,-1.272569,0.0,0.0,-15.04379,0.0,0,40,-15.04379,-14.295269975000002,0.6102186437727636,1.9642939999999989,0.010206999999999411,,,,,,,,,,0.13147738594299116,0.12637593887093426,0.018561480854293228,0.09607247871327469,0.15953892997992486
OADMET-0002087,fake,1,6.457546,-9.67018,1.060322,-1.545691,0.0,0.0,-3.698003,0.0,0,40,-3.698003,0.689601025,2.25301691196957,8.729861,0.27449699999999977,,,,,,,,,,0.08277936539729776,0.07846748997966393,0.016453847972555502,0.05210875966588152,0.11015725914486262
OADMET-0002088,fake,1,6.747301,-18.19908,4.845417,-1.256436,1.459,0.83,-7.862797,0.0,0,80,-7.862797,-2.4712689125000002,4.521883319679184,13.9705,0.011624999999999552,,,,,,,,,,0.12293120660783413,0.11913906270002456,0.017550017378824417,0.08884589481514853,0.1504238217055069
OADMET-0002089,fake,1,4.992007,-12.575642,6.649224,-1.421139,0.57,0.56,-2.35555,0.0,0,40,-2.35555,-0.617633425,1.2110692260925908,3.729985,0.046640000000000015,,,,,,,,,,0.08602772892267396,0.0707523835688615,0.013760756682877183,0.050077397873153094,0.09522158838581382
OADMET-0002090,fake,1,7.794794,-23.784731,5.368766,-2.793688,3.404,2.24,-13.41486,0.0,0,80,-13.41486,-7.175108912499999,6.142151110511809,16.81232,0.045656999999998504,,,,,,,,,,0.35545975099427585,0.3750531345486705,0.029279973227366106,0.31787550566005157,0.4387386874043539
OADMET-0002091,fake,1,6.597064,-19.235447,4.50083,-2.925896,4.776,2.38,-11.063449,0.0,0,80,-11.063449,-4.256751137499999,6.238515668485914,16.667381,0.01775699999999958,,,,,,,,,,0.3500117198156416,0.35026244681962004,0.03238603228675966,0.2882026869103873,0.40686805451687696
OADMET-0002092,fake,1,7.632267,-10.959171,1.675987,-1.200421,0.0,0.0,-2.851338,0.0,0,40,-2.851338,1.1391200499999998,2.6706495990296686,11.535973,0.6042810000000003,,,,,,,,,,0.07077675281624947,0.06771840773746429,0.014609301242387865,0.044308457840313495,0.0946361423766192
OADMET-0002093,fake,1,5.110104,-16.142044,5.491814,-1.624591,2.606,2.4,-7.164718,0.0,0,80,-7.164718,1.3890983875,3.8585232425352314,16.61268,1.2011769999999995,,,,,,,,,,0.1418396402283323,0.12981484452028624,0.019741158004775546,0.0914486077045279,0.16424584280766794
OADMET-0002094,fake,1,6.877052,-8.540875,4.138531,-1.23735,0.0,0.0,1.237357,0.0,0,40,1.237357,2.9467281499999998,1.0075990542225524,4.083174,0.024206999999999868,,,,,,,,,,0.05338326368437379,0.04896942570811694,0.012092064827525372,0.03145289268916997,0.07135021757462938
OADMET-0002095,fake,1,4.257082,-13.404479,8.744781,-0.662569,0.005,0.0,-1.065184,0.0,0,40,-1.065184,-0.143644325,0.6482686920984185,1.9149939999999999,0.057172,,,,,,,,,,0.04751000112236269,0.04371795404698203,0.010241313120245482,0.029369246892649352,0.06318145451449986
OADMET-0002096,fake,1,7.566283,-12.697412,3.374805,-1.481407,0.536,0.53,-3.237732,0.0,0,40,-3.237732,-1.4181322499999998,0.9141942689511152,3.811461,0.05931199999999981,,,,,,,,,,0.08911903835473324,0.08421179350850486,0.01612199804531833,0.05885097639390482,0.11323687603511312
OADMET-0002097,fake,1,7.567754,-15.262234,5.799045,-2.159052,0.005,0.0,-4.054487,0.0,0,40,-4.054487,-3.02920825,1.3099315255894934,6.5743089999999995,0.02089199999999991,,,,,,,,,,0.14155441183589978,0.12209233414420546,0.02060400323329634,0.08825339000318706,0.1583920854430931
OADMET-0002098,fake,1,7.178298,-8.872802,0.898585,-1.490816,0.0,0.0,-2.286735,0.0,0,40,-2.286735,1.830264275,2.28392156791432,8.406517000000001,0.5770830000000002,,,,,,,,,,0.09159816270026326,0.0705636603932195,0.015698449593632778,0.04607449206504522,0.10087020712937539
OADMET-0002099,fake,1,3.868028,-17.749474,5.300679,-0.744825,1.19,1.19,-9.325592,0.0,0,80,-9.325592,-1.5044141249999998,3.6784144594458477,16.714847,1.3296910000000004,,,,,,,,,,0.09474461318448309,0.09009683714751925,0.013632035675207703,0.06766384014064271,0.11485183949684427
OADMET-0002100,fake,1,7.675799,-21.555603,4.261783,-2.666546,1.169,0.87,-12.284568,0.0,0,80,-12.284568,-5.758918400000001,4.035407287777017,14.291905,0.06327399999999983,,,,,,,,,,0.2826628760853587,0.2882670157849968,0.02609358018089913,0.2440183180643936,0.3364607336780584
OADMET-0002101,fake,1,3.616881,-21.671301,6.687106,-2.653025,1.173,1.17,-14.020339,0.0,0,46,-14.020339,-8.024761673913043,2.8299801018097877,14.487144,3.760299,,,,,,,,,,0.2822658969980036,0.27957633005067434,0.020495317294344714,0.24822452931263625,0.31499351709837137
OADMET-0002102,fake,1,6.310482,-8.386177,2.216859,-1.566571,0.0,0.0,-1.425407,0.0,0,40,-1.425407,2.7825251,2.179791346585121,8.160298000000001,0.9614870000000001,,,,,,,,,,0.08644953254939486,0.06639096983630946,0.014971921464329468,0.04367391560249856,0.09549906884116288
OADMET-0002103,fake,1,6.244874,-10.696901,7.483576,-0.141563,0.0,0.0,2.889986,0.0,0,40,2.889986,5.1140800749999995,1.0660839757290106,3.7989450000000002,0.3691420000000001,,,,,,,,,,0.03570279057023158,0.026714760863061907,0.007779640872759583,0.01625308121988955,0.042158303345116915
OADMET-0002104,fake,1,6.521239,-18.441185,3.242962,-2.06121,0.662,0.66,-10.738194,0.0,0,40,-10.738194,-9.1293214,1.8099970749031302,4.575587,0.002549999999999386,,,,,,,,,,0.20676373686509528,0.18580008218735483,0.021683870251169118,0.1470553052659324,0.22125611418619606
OADMET-0002105,fake,1,6.146809,-17.003281,4.040595,-1.160084,1.192,1.19,-7.975961,0.0,0,58,-7.975961,-3.8519071896551718,2.7991179137299254,9.615545,0.02659400000000023,,,,,,,,,,0.11178210901967016,0.10616487116092033,0.016111259521175793,0.0789794478074788,0.1337350792897854
OADMET-0002106,fake,1,4.83352,-13.28922,6.548533,-0.945949,0.005,0.0,-2.853115,0.0,0,40,-2.853115,-2.00266585,0.4294472210707173,1.762695,0.03499600000000003,,,,,,,,,,0.05919557647722231,0.057125701847461095,0.012033873734851958,0.03900504153354101,0.07865887015045268
OADMET-0002107,fake,1,-0.656003,-20.097229,1.830886,-1.024456,0.0,0.0,-19.9468,0.0,0,40,-19.9468,-16.37346995,2.0161785885123975,6.587085,0.0083139999999986,,,,,,,,,,0.18055291991873532,0.16489047742831595,0.019287872134884598,0.13118547560120392,0.1987674902583061
OADMET-0004906,fake,1,-1.803764,-25.337631,3.161946,-3.727507,3.367,1.32,-27.706957,0.0,1,80,-27.706957,-22.8919742375,2.55588140151923,10.126227,0.10210099999999755,,,,,,,,,,0.6567934954193285,0.6659022863832748,0.02166334025678457,0.6240737592286886,0.7009079828837218
OADMET-0004908,fake,1,-3.222503,-26.332932,5.412018,-0.468537,2.43,0.97,-24.611954,0.0,1,48,-24.611954,-21.66469275,2.849402084893433,14.868623000000001,0.49688700000000097,,,,,,,,,,0.2157706568689798,0.2137506570352046,0.018089902247894477,0.18253525337351778,0.25129477683116397
OADMET-0004909,fake,1,-1.370512,-29.994387,5.468256,-2.049762,9.322,2.92,-27.946405,0.0,1,120,-27.946405,-22.640229241666667,2.727767161157752,18.634279,0.018937999999998567,,,,,,,,,,0.6083372515806548,0.6365506867738572,0.030982160440041675,0.5799743194296256,0.6952477485329905
OADMET-0004910,fake,1,-2.562297,-34.384712,8.004028,-2.533454,3.355,2.06,-31.476437,0.0,1,84,-31.476437,-24.3774475,2.750529946930694,15.165553,0.058752000000001914,,,,,,,,,,0.6036752308059704,0.624522278697121,0.019942359019522387,0.5903975059529759,0.6646182495803212
OADMET-0004911,fake,1,-0.370782,-30.710936,5.406248,-2.588529,8.112,1.65,-28.264,0.0,1,54,-28.264,-20.4780907962963,6.556453500452484,24.453916,0.008105999999997948,,,,,,,,,,0.6690893565045014,0.694113251071776,0.03215825702478682,0.6470986540860046,0.7679855086409674
OADMET-0004912,fake,1,-0.399874,-29.694031,5.828616,-2.195023,3.713,2.31,-26.460312,0.0,1,120,-26.460312,-19.975801775,4.224384468783331,24.665363,0.13878299999999655,,,,,,,,,,0.48302922231050394,0.49495440936995405,0.014166585487965691,0.4671225905775966,0.5210537264683761
OADMET-0004913,fake,1,-2.698668,-28.751198,6.651198,-4.633499,2.699,2.05,-29.432169,0.0,1,56,-29.432169,-21.666986464285714,4.398321586215128,15.083583999999998,0.5809799999999967,,,,,,,,,,0.7625743308953125,0.7722216864743778,0.020850363729182583,0.7306019244186714,0.8074056677559887
OADMET-0004914,fake,1,-2.142145,-31.604343,4.00503,-3.77053,8.189,2.62,-33.511986,0.0,1,12,-33.511986,-28.166778000000004,6.431740892176282,18.878626,0.2370299999999972,,,,,,,,,,0.846067458820064,0.8487204811015804,0.017266913878320727,0.8196506834575702,0.8796627798119042
OADMET-0004915,fake,1,2.536661,-23.125187,6.815634,-3.144305,7.308,2.85,-16.917196,0.0,1,6,-16.917196,-15.357058333333336,1.3393582996978317,3.279871,0.31850999999999985,,,,,,,,,,0.505460555305739,0.5255885133754424,0.03010058379434961,0.4726923143456688,0.5793832552467876
OADMET-0004922,fake,1,-1.348456,-36.373512,6.529948,-3.985314,4.31,1.28,-35.177334,0.0,1,110,-35.177334,-25.300720645454547,3.601459244072476,29.317840000000004,0.7088510000000028,,,,,,,,,,0.8383848006674278,0.8486141754485361,0.016398887323158386,0.818499991455621,0.879728543540003
OADMET-0004931,fake,1,-2.935543,-28.721638,5.232012,-2.610728,2.857,1.68,-29.035896,0.0,1,42,-29.035896,-20.329497571428572,2.364593109498485,10.580007000000002,0.06759399999999971,,,,,,,,,,0.544270347156773,0.5468370239232215,0.014734893295931528,0.5166071924145899,0.5739453682703167
OADMET-0004933,fake,1,-3.065575,-34.915085,7.715413,-3.5466,6.421,2.97,-33.811848,0.0,1,24,-33.811848,-29.76319108333333,5.48483146595753,21.478758999999997,0.061927999999994654,,,,,,,,,,0.8037884619245791,0.8143080708096053,0.015624361019208551,0.7846294631244284,0.8381926125023855
OADMET-0004938,fake,1,-1.032633,-30.945827,4.426909,-2.558643,7.66,2.65,-30.110195,0.0,1,70,-30.110195,-17.633762942857143,8.819787897842232,33.233744,0.47484200000000243,,,,,,,,,,0.6793142341034918,0.6987023049128307,0.020747301049397843,0.6524137627817251,0.7384880699015103
OADMET-0004941,fake,1,-2.473913,-23.049715,1.715822,-2.401604,9.315,3.51,-26.20941,0.0,1,24,-26.20941,-21.716443708333333,3.0202263796086037,10.196741,0.5323949999999975,,,,,,,,,,0.578414286578298,0.5971232577660096,0.036221120486735085,0.5213194830616351,0.6645242940218675
OADMET-0004942,fake,1,-4.173007,-31.990089,9.433335,-0.445606,6.706,2.4,-27.175369,0.0,1,118,-27.175369,-22.57927366101694,2.8757500524011768,17.909264999999998,0.036590000000000344,,,,,,,,,,0.33397446303457445,0.3481866197894227,0.029382647078829965,0.29653516597668816,0.4108700316526707
OADMET-0004945,fake,1,0.125651,-25.306644,3.795199,-3.195422,2.07,1.73,-24.581217,0.0,1,14,-24.581217,-19.017171285714284,4.1210024263327085,13.36328,0.10313199999999867,,,,,,,,,,0.5177638465236153,0.5287644950927395,0.01978916259236067,0.4944317611765481,0.579027016320642
OADMET-0004952,fake,1,-1.7513,-29.558804,4.763061,-1.356216,3.378,1.69,-27.903259,0.0,1,118,-27.903259,-23.838756347457625,5.091252254262968,24.890120999999997,0.011487999999999943,,,,,,,,,,0.3887068419905546,0.3982461329497608,0.01665404603165463,0.3677188456234858,0.429636838487113
OADMET-0004956,fake,1,-3.000743,-31.818037,6.475155,-0.247623,2.444,1.43,-28.591248,0.0,1,22,-28.591248,-18.69443018181818,9.001030721049395,31.657268000000002,0.611733000000001,,,,,,,,,,0.28924836567381423,0.2671981538933305,0.024530762196772696,0.22556849589568442,0.31148685493304784
OADMET-0004960,fake,1,-0.536063,-35.270466,9.991585,-1.769389,7.37,2.12,-27.584333,0.0,1,40,-27.584333,-25.693701125,1.8108590185442903,7.140499000000002,0.01992399999999961,,,,,,,,,,0.5647064400431564,0.5896218301146239,0.034576685279491946,0.5202710935025446,0.6532138131514847
OADMET-0004964,fake,1,-0.77469,-33.649796,5.309365,-4.234784,5.716,3.5,-33.349903,0.0,1,80,-33.349903,-24.900839775,4.988523051763868,14.597766999999997,0.10110799999999642,,,,,,,,,,0.828165003836876,0.8521239683256501,0.017253134768292093,0.8189372798896049,0.8764758945862292
OADMET-0004966,fake,1,-0.905254,-28.151981,3.727583,-2.523289,3.114,1.04,-27.852942,0.0,1,80,-27.852942,-22.875621125000002,3.5255951194245,16.037041,0.21717299999999895,,,,,,,,,,0.5309204525314889,0.5421512887020288,0.016211509847162114,0.5110572784706509,0.5800158387836905
OADMET-0004970,fake,1,-1.920287,-14.241478,4.485056,-3.384977,6.883,2.39,-15.061686,0.0,1,6,-15.061686,-13.634048666666667,1.2994572795659993,3.6985150000000004,0.5268909999999991,,,,,,,,,,0.4282253415618533,0.4240111694682009,0.043692032957107794,0.3273521664148593,0.5118378181920646
OADMET-0004973,fake,1,-2.566522,-26.668728,5.883224,-4.437709,1.09,0.56,-27.789734,0.0,1,44,-27.789734,-18.753274,5.665126352701208,17.651235999999997,0.27537200000000084,,,,,,,,,,0.6862844928505841,0.6981425540668349,0.02581832068544733,0.6504696608554609,0.7409458193662075
OADMET-0004977,fake,1,-1.354189,-26.09502,5.063118,-1.365282,4.626,1.69,-23.751373,0.0,1,106,-23.751373,-18.031048367924527,4.65152902760277,22.147145000000002,0.16563800000000128,,,,,,,,,,0.3545625988866948,0.3458350038716727,0.016456412764484275,0.3141201775834751,0.3789059004624659
OADMET-0004978,fake,1,-2.734414,-36.168541,6.334719,-2.653504,5.679,2.42,-35.221741,0.0,1,60,-35.221741,-23.262728516666662,8.07406801336288,26.241485,0.3542670000000001,,,,,,,,,,0.7244126974839672,0.7517044779919805,0.018642604567234915,0.7150594553570799,0.7839964671364303
OADMET-0004984,fake,1,-9.51496,-33.921333,30.986124,-0.48343,1.035,0.91,-12.9336,0.0,1,80,-12.9336,-9.3496134875,2.8077403446657954,8.973352,0.12175400000000103,,,,,,,,,,0.09090555285809558,0.0918207079659393,0.025051836886659663,0.05247340565977636,0.14688013699376162
OADMET-0004987,fake,1,-2.475174,-37.631371,13.240403,-4.419864,6.427,3.48,-31.286007,0.0,1,58,-31.286007,-20.477733844827586,4.735487726708711,18.288484000000004,0.7660470000000004,,,,,,,,,,0.8361109092530886,0.8581487133966809,0.018156390988636376,0.8251368296913133,0.8865323206274203
OADMET-0004989,fake,1,-10.287109,-27.3923,26.261793,-2.5504,6.356,3.58,-13.968016,0.0,1,68,-13.968016,-5.974663191176469,6.152222549065564,22.004755000000003,0.14969500000000124,,,,,,,,,,0.27097559996358395,0.2875058577993762,0.03811164004201927,0.21606765239712095,0.36736856905948717
OADMET-0004990,fake,1,-1.779366,-28.762348,5.06434,-3.777838,6.757,2.59,-29.255211,0.0,1,142,-29.255211,-23.464130345070426,4.493155033402857,32.843906,0.4966109999999979,,,,,,,,,,0.7459626885119484,0.7730995425664159,0.016605534230926665,0.7413806273664619,0.8037918226541503
OADMET-0004991,fake,1,-0.459828,-29.278141,6.173617,-3.050818,2.413,1.07,-26.61517,0.0,1,86,-26.61517,-23.768640325581394,2.811978784407096,14.573061,0.044620999999999356,,,,,,,,,,0.5616257202113314,0.5782190329401901,0.013547466174370236,0.5556908872268947,0.6050291919319528
OADMET-0004994,fake,1,1.48595,-28.363647,6.465399,-2.747084,7.831,2.32,-23.159382,0.0,1,8,-23.159382,-20.697809,2.5221313359989233,6.881125000000001,0.701506000000002,,,,,,,,,,0.6124780041629809,0.6228170581299578,0.02818751515590347,0.5682966353999725,0.6807053104021832
OADMET-0004995,fake,1,-0.849836,-31.204943,6.275102,-4.514787,7.503,4.36,-30.294464,0.0,1,36,-30.294464,-22.589669583333333,6.748661468725565,28.130237,0.4550490000000025,,,,,,,,,,0.8337263411237817,0.8548057591945509,0.019752461600265298,0.8113504493794458,0.8855976356412065
OADMET-0004996,fake,1,-2.154279,-31.565943,7.51695,-1.875752,5.372,2.64,-28.079025,0.0,1,72,-28.079025,-19.48649613888889,4.754912408911207,21.096822000000003,0.0054680000000004725,,,,,,,,,,0.516343798867889,0.5195017012168107,0.017017643602804493,0.4868548843168361,0.5494719861025461
OADMET-0004997,fake,1,1.527993,-31.911835,7.857142,-4.711102,7.984,2.09,-27.237801,0.0,1,10,-27.237801,-24.52328,2.405735700657586,5.793431000000002,0.32747499999999974,,,,,,,,,,0.8659338927439689,0.868526825119138,0.01785736305497645,0.8390528856803863,0.9029795856446045
OADMET-0004998,fake,1,-0.635537,-33.954666,5.460358,-2.774335,5.754,2.39,-31.904179,0.0,1,36,-31.904179,-23.904108444444446,5.495325538587804,20.667927,0.21159600000000012,,,,,,,,,,0.7027930140374486,0.7249666851403279,0.01608084866435608,0.6966490464641356,0.7555765823100162
OADMET-0005005,fake,1,0.818003,-27.073971,5.638218,-3.027145,1.551,0.98,-23.644896,0.0,1,40,-23.644896,-22.007508474999998,0.4517659019072842,2.289781999999999,0.801956999999998,,,,,,,,,,0.4949268276926242,0.49939393302578183,0.015172151003387289,0.47317661486128254,0.5311121012767963
OADMET-0001958,fake,1,6.389271,-24.179197,9.047248,-3.115308,2.187,1.87,-11.857986,0.0,0,8,-11.857986,-6.164397,6.514053516167751,13.647976,0.211017,,,,,,,,,,0.3586803370174823,0.3498848531921615,0.028822550081860028,0.28979723379135847,0.4053731931649034
OADMET-0001961,fake,1,-0.529071,-26.785192,5.685813,-3.626141,2.945,0.98,-25.254589,0.0,0,4,-25.254589,-21.22583525,4.2431820254216746,7.933681,0.7345679999999994,,,,,,,,,,0.6150918241469131,0.6247678720487759,0.01733654301069054,0.597600750661082,0.6579102848881697
OADMET-0001962,fake,1,-3.07109,-21.174793,5.370659,-2.919631,2.456,1.47,-21.794855,0.0,0,80,-21.794855,-18.429748500000002,1.24887006884811,6.663258999999998,0.03787999999999769,,,,,,,,,,0.4070341971192091,0.40384127818147986,0.02183249960447741,0.36522580100061103,0.44418570642103056
OADMET-0001965,fake,1,-1.755964,-32.5429,3.593362,-3.733781,5.805,2.39,-34.439285,0.0,0,70,-34.439285,-28.863885085714287,4.685329013707048,21.684703999999996,0.03405699999999712,,,,,,,,,,0.8169790987117828,0.8271799318994433,0.015184386228584531,0.7952680572780211,0.852166871188415
OADMET-0001967,fake,1,-3.856122,-24.401733,2.993053,-1.638239,4.392,1.54,-26.90304,0.0,0,40,-26.90304,-24.0979104,1.2066650943990704,6.13625,0.548451,,,,,,,,,,0.40114962160241485,0.3953970002198596,0.02167961399175781,0.3568086908061524,0.43642075683426296
OADMET-0001970,fake,1,-2.242018,-25.796841,4.371741,-1.784022,4.148,2.73,-25.451139,0.0,0,120,-25.451139,-22.161433616666667,2.0105537438195835,7.758272000000002,0.08182100000000148,,,,,,,,,,0.39900440384733815,0.39490010528624436,0.02060483676562646,0.3492223829537998,0.431492675104211
OADMET-0001974,fake,1,-1.238039,-21.729824,2.626855,-2.102484,3.114,1.46,-22.443491,0.0,0,80,-22.443491,-19.9270581875,0.9263859840613651,4.987818000000001,0.07817300000000316,,,,,,,,,,0.3602054398308359,0.35292239822016647,0.019984752395160784,0.31700295522920335,0.3884287383882422
OADMET-0001977,fake,1,-0.722794,-25.502481,8.336856,-3.772521,3.393,2.4,-21.66094,0.0,1,42,-21.66094,-16.119059380952383,3.5415670532901316,15.22392,0.15870299999999915,,,,,,,,,,0.5615573695705687,0.5724351797351701,0.01918301907673275,0.5336260854667281,0.609551809458294
OADMET-0001984,fake,1,-9.529441,-29.401726,8.375544,-3.405088,3.469,1.62,-33.960712,0.0,0,56,-33.960712,-24.830484982142856,4.912092292308625,23.342725,2.487781000000002,,,,,,,,,,0.6871490243095256,0.6855675334588053,0.025130373064403577,0.6291875118235876,0.7301311128873729
OADMET-0001985,fake,1,-0.473422,-28.096455,4.973649,-3.701321,5.478,2.64,-27.297546,0.0,0,44,-27.297546,-23.66643140909091,2.3438474546816086,14.202304,0.7464210000000016,,,,,,,,,,0.7073102221700917,0.7198192181467159,0.015169562275898347,0.6918491290747756,0.7478282380828
OADMET-0001986,fake,1,-3.510176,-25.124649,6.332074,-2.506611,2.813,1.87,-24.809361,0.0,0,80,-24.809361,-21.1742725875,2.5800970653396544,8.657737999999998,0.13610100000000003,,,,,,,,,,0.43567949021935853,0.42951239599442426,0.015517718080774671,0.4018766233142235,0.4570395071300883
OADMET-0001988,fake,1,-7.595331,-25.946751,12.520609,-3.275846,3.181,1.81,-24.297318,0.0,0,20,-24.297318,-7.139899050000001,9.913574738553036,30.349813,0.27345100000000144,,,,,,,,,,0.49542367156908634,0.49463109524530685,0.017802119636441828,0.45708215017533416,0.5259614557314811
OADMET-0001990,fake,1,-1.165943,-36.798431,6.254053,-6.900579,5.181,2.21,-38.610901,0.0,1,40,-38.610901,-37.153398700000004,2.711967977894634,10.050642,0.014247999999994931,,,,,,,,,,0.9635213769429855,0.9703110924187657,0.007078127540036808,0.9542129114154825,0.9802406918116965
OADMET-0001992,fake,1,-1.710952,-23.227119,4.618588,-2.123955,1.263,1.05,-22.443439,0.0,0,80,-22.443439,-19.136147225000002,1.6512980648354925,6.993227000000001,0.5868560000000009,,,,,,,,,,0.3242702720440224,0.31799911030125466,0.01790104792574401,0.28760603800977197,0.3538008776365964
OADMET-0001993,fake,1,-3.591626,-22.798254,3.273143,-2.493767,2.867,1.51,-25.610504,0.0,0,80,-25.610504,-20.410158525,2.4973823854803894,13.383660999999998,0.09908899999999932,,,,,,,,,,0.4426297100725556,0.4324750032927615,0.022547604187156674,0.3905708410964417,0.47154303047420393
OADMET-0001994,fake,1,-1.199683,-31.626141,2.291197,-4.128526,0.918,0.88,-34.663155,0.0,0,54,-34.663155,-26.819150981481478,2.9821864784479453,12.111435000000004,0.3556480000000022,,,,,,,,,,0.7606252726038693,0.7870772253742984,0.02371125081075612,0.7495357757592005,0.829662814409959
OADMET-0001996,fake,1,-0.43786,-27.383392,3.242106,-3.80326,2.281,2.12,-28.382408,0.0,0,80,-28.382408,-24.8722127625,1.7721098319397062,6.723934000000003,0.06826600000000127,,,,,,,,,,0.6776018802167524,0.6752496321428665,0.023767416114939082,0.6268206733588256,0.7292125663087315
OADMET-0002000,fake,1,-1.562474,-21.607161,3.552419,-0.73386,1.564,1.04,-20.351074,0.0,0,40,-20.351074,-20.180213099999996,0.13493604127574382,0.5286840000000019,0.017317000000002025,,,,,,,,,,0.1787575006436244,0.16635134106768543,0.016231820440827893,0.13737697694306236,0.19549133495814744
OADMET-0002002,fake,1,-0.85697,-28.856066,3.41253,-1.874882,3.369,1.62,-28.175386,0.0,0,80,-28.175386,-25.1863307875,2.8672870014033784,11.170476,0.005804000000001253,,,,,,,,,,0.47486784491998096,0.4722648408453734,0.014486990085720212,0.4427515475181911,0.49939417033812833
OADMET-0002004,fake,1,-2.723848,-27.241295,5.501726,-3.825354,4.452,2.31,-28.288771,0.0,0,38,-28.288771,-26.26091784210526,1.5862888829895192,5.875288000000001,0.5889170000000021,,,,,,,,,,0.6852508382192094,0.7057804413107381,0.016829147308085792,0.6737651820286823,0.7349744259394438
OADMET-0002006,fake,1,-1.238961,-25.509222,2.755823,-3.948693,3.528,1.36,-27.941055,0.0,1,26,-27.941055,-27.100376615384615,0.8015378133343469,3.8670919999999995,0.24273999999999774,,,,,,,,,,0.6943236103356303,0.702506776227749,0.02190175210991851,0.6608925360642615,0.7372130557074801
OADMET-0002008,fake,1,-0.750195,-30.202503,5.693263,-1.695267,4.942,3.28,-26.954702,0.0,0,80,-26.954702,-23.6392319625,2.3296222738211405,9.370556,0.28789500000000245,,,,,,,,,,0.46282107224465147,0.4651590802141458,0.02518997936149867,0.41379648791947055,0.5061200276848056
OADMET-0005614,fake,1,-1.784283,-27.963806,6.862596,-0.199141,6.687,1.85,-23.084635,0.0,1,64,-23.084635,-17.134888875,4.570740749037857,13.367036999999998,0.09529699999999863,,,,,,,,,,0.2581504538348493,0.26314490308578264,0.028368073980294974,0.21560646702380412,0.32728051085598
OADMET-0005619,fake,1,-0.808616,-28.18721,4.370326,-1.860944,4.467,2.36,-26.486446,0.0,1,6,-26.486446,-24.989719500000003,0.9657089997326835,2.875644000000001,1.087562000000002,,,,,,,,,,0.46279605896208625,0.4602415600555081,0.014131437654045393,0.4352908557218428,0.4834672518261673
OADMET-0005622,fake,1,-1.263268,-27.562916,2.992257,-0.939453,5.401,2.51,-26.77338,0.0,1,86,-26.77338,-17.99825929069767,5.200896870934279,17.519016,0.5752160000000011,,,,,,,,,,0.3608167220862968,0.3675033156091327,0.02138816663222521,0.33140687650773953,0.4089467784313718
OADMET-0005626,fake,1,-1.388147,-28.020584,4.742499,-1.660907,4.032,3.2,-26.327139,0.0,0,52,-26.327139,-20.165564307692307,3.7158529161222957,16.272123,0.02585200000000043,,,,,,,,,,0.40035006193118816,0.4085384891218238,0.027111114796082032,0.3476347632445464,0.4492062813519534
OADMET-0005628,fake,1,2.206835,-26.764935,6.287074,-3.165692,7.164,2.58,-21.436718,0.0,1,32,-21.436718,-15.41147634375,4.7969414049828,15.621057999999998,0.26725000000000065,,,,,,,,,,0.5981876165815677,0.6229208988745658,0.023869633955016782,0.5750681546834971,0.6694298768691642
OADMET-0005632,fake,1,-0.694709,-35.595322,7.12024,-2.720602,4.742,3.09,-31.890394,0.0,1,138,-31.890394,-27.879809246376812,3.7331416648976914,22.439537,0.03482800000000097,,,,,,,,,,0.6796811756579789,0.6992755601498412,0.023251685783777735,0.6568095551790718,0.7420456491139888
OADMET-0005641,fake,1,-1.584199,-31.171295,7.071238,-3.575885,5.311,1.67,-29.260139,0.0,1,80,-29.260139,-27.131824012499997,1.9467719373479084,6.0585299999999975,0.03444199999999853,,,,,,,,,,0.7273490879217114,0.7433259440052951,0.015448353236078717,0.7213780249550805,0.7786912031684177
OADMET-0005642,fake,1,-0.11163,-28.858912,9.02288,-4.427759,7.098,2.64,-24.375422,0.0,1,10,-24.375422,-20.198115,4.382164234296134,14.274432000000001,0.8546809999999994,,,,,,,,,,0.7574484516049771,0.7865230209631073,0.01813023065352313,0.7568711802430897,0.8208582345558071
OADMET-0005644,fake,1,-10.231784,-27.677948,23.859524,-2.984832,5.53,3.16,-17.035042,0.0,1,28,-17.035042,-10.074993857142857,5.384106270332956,21.025488,0.18266700000000213,,,,,,,,,,0.3652965688872362,0.368632242614092,0.03522529070344034,0.30116864616253763,0.44222554266605857
OADMET-0005653,fake,1,-1.535388,-27.640808,5.214128,-3.633176,2.552,1.62,-27.595245,0.0,1,28,-27.595245,-18.68549882142857,5.589442211836666,21.750978999999997,0.4035829999999976,,,,,,,,,,0.6346279040614394,0.6458869082543347,0.017063230883650086,0.6210806900773751,0.6797947317575194
OADMET-0004021,fake,1,-0.594804,-29.612202,4.268564,-3.449162,1.576,0.86,-29.387602,0.0,1,74,-29.387602,-20.60866627027027,8.33513673093455,27.521086,0.3704630000000009,,,,,,,,,,0.6535817497870449,0.6539213981501771,0.019853504801645345,0.6233473999741475,0.6892723031162694
OADMET-0004024,fake,1,-2.163633,-33.116096,6.178751,-3.904255,2.248,1.32,-33.005238,0.0,1,80,-33.005238,-31.030880387499998,1.1819364877686203,4.494598999999997,0.03563700000000125,,,,,,,,,,0.7547186551535748,0.7692801582149207,0.01891224406541803,0.7333700926219267,0.8020454954444278
OADMET-0004040,fake,1,-2.890725,-34.47797,6.484958,-1.930406,6.045,2.64,-32.81414,0.0,1,52,-32.81414,-27.64199730769231,5.828746966452054,16.748241,0.1183240000000012,,,,,,,,,,0.6087219669155486,0.6356345989556542,0.021039167936005205,0.5930730041742227,0.6713443410605859
OADMET-0004047,fake,1,-1.627253,-35.075291,5.257361,-3.614938,6.288,2.89,-35.06012,0.0,1,56,-35.06012,-29.92062771428571,5.853658018430318,21.951122999999995,0.044177999999995166,,,,,,,,,,0.8176086742023941,0.8384364351694182,0.015134671977080454,0.8091032226574727,0.8609050330794367
OADMET-0004088,fake,1,-0.08918,-31.3155,4.799346,-4.351882,5.132,2.73,-30.957218,0.0,0,62,-30.957218,-22.943045096774195,4.204466281315132,13.756618,0.19387000000000043,,,,,,,,,,0.8109782687645813,0.8292412771314569,0.015333830095117485,0.7966264536371762,0.8530482823209544
OADMET-0004090,fake,1,-0.533999,-26.651733,5.292594,-3.784635,1.157,1.15,-25.677774,0.0,0,80,-25.677774,-21.7186370875,2.031446715909408,7.633158999999999,0.06864099999999951,,,,,,,,,,0.5957393035840576,0.6036373441246919,0.021574209336216846,0.5722117386931801,0.6495319540251174
OADMET-0004101,fake,1,-1.947528,-32.735142,4.973023,-3.066166,8.788,3.09,-32.775814,0.0,1,120,-32.775814,-26.530030683333333,2.1668699084453165,10.999293999999995,0.8191109999999959,,,,,,,,,,0.7834647018431613,0.8020126193456132,0.019647556209741388,0.7592422722391376,0.8357349545749578
OADMET-0004105,fake,1,-5.372058,-33.888672,5.763832,-4.434078,5.535,2.11,-37.930977,0.0,1,48,-37.930977,-32.04715272916666,4.494128821227809,22.673254,0.014060999999998103,,,,,,,,,,0.8653031349540923,0.8849503567221204,0.014727096115590395,0.8560355397122,0.9124395706859251
OADMET-0004116,fake,1,-0.749705,-31.330221,8.802927,-4.2504,4.19,2.39,-27.527397,0.0,1,102,-27.527397,-21.756131852941177,3.4095634523026477,11.878528000000001,0.14298199999999994,,,,,,,,,,0.7545069286569402,0.7636273798911367,0.015558111606146117,0.7331269977588917,0.7876921147720821
OADMET-0004128,fake,1,-0.920301,-38.277245,8.420271,-1.878704,3.191,1.26,-32.655975,0.0,1,42,-32.655975,-26.87071633333333,3.744819842914161,19.672587999999998,1.0636939999999981,,,,,,,,,,0.5684207086794594,0.6030352550862653,0.031389881454763596,0.5448181688214269,0.6615792231216436
OADMET-0004170,fake,1,0.086447,-31.278503,2.744679,-2.528442,7.916,3.54,-30.975821,0.0,1,120,-30.975821,-24.872936333333328,3.266403714433222,15.09555,0.21598300000000137,,,,,,,,,,0.6873976624128294,0.7179911402327046,0.02189808383553031,0.6655322182316177,0.7544301941987082
OADMET-0004176,fake,1,-7.000738,-31.100939,6.745262,-2.460917,2.441,1.78,-33.817333,0.0,1,82,-33.817333,-30.058842195121954,2.6834519373132726,10.748580999999998,0.062079999999994584,,,,,,,,,,0.5737931431732965,0.5767583360634785,0.02632016667354265,0.5247440655185325,0.6242887457638161
OADMET-0004203,fake,1,0.733019,-29.666958,3.925099,-1.847699,4.777,1.32,-26.856539,0.0,1,12,-26.856539,-22.686402666666666,2.8412218655876442,8.375956000000002,0.02592700000000292,,,,,,,,,,0.49278689789997393,0.50463560506293,0.021623151842307703,0.46671881746971006,0.5491379853801396
OADMET-0004205,fake,1,5.885822,-32.348526,14.026667,-4.125958,3.666,2.25,-16.561996,0.0,0,94,-16.561996,-6.032123638297873,6.03272641956449,41.852937,0.27650799999999975,,,,,,,,,,0.6239952368592478,0.6318088331894705,0.036850652728360696,0.5464574006946796,0.695929080816159
OADMET-0004210,fake,1,1.071696,-27.78117,2.691473,-2.93753,4.639,2.39,-26.955532,0.0,1,40,-26.955532,-23.760841475,2.0771551230860976,6.899885000000001,0.029833,,,,,,,,,,0.615663312975422,0.6225391116958169,0.01492263131322332,0.5950586802503395,0.6516871809641367
OADMET-0004214,fake,1,-1.30303,-30.561523,8.413113,-3.743913,3.794,2.11,-27.195354,0.0,1,52,-27.195354,-23.360559519230772,6.535682390720337,21.994543,0.012175999999996634,,,,,,,,,,0.6744146618357164,0.6946161076943431,0.013253573767668165,0.6669598094502454,0.7155465347525974
OADMET-0004225,fake,1,7.61691,-28.291525,1.178076,-2.57369,1.838,1.5,-22.070229,0.0,0,80,-22.070229,-16.85133305,2.661373616862126,8.821961000000002,0.10247700000000037,,,,,,,,,,0.48902478675876165,0.48746419334006336,0.025015854138870485,0.4452784713668891,0.5410383021916774
OADMET-0004256,fake,1,-0.476287,-31.808199,7.131663,-3.435938,2.435,1.46,-28.58876,0.0,1,80,-28.58876,-27.9550328875,0.3554601090210269,2.6316430000000004,0.27693100000000115,,,,,,,,,,0.6575304350134406,0.6682634265546745,0.015902042167479886,0.6362488094786634,0.6938684076600365
OADMET-0004261,fake,1,0.38857,-34.051579,8.52878,-3.043255,2.283,1.08,-28.177485,0.0,1,8,-28.177485,-26.828454125,0.9010708178161358,2.590485000000001,0.5218470000000011,,,,,,,,,,0.6069545253370094,0.6342424683635853,0.021050085427889904,0.5929463012046693,0.6734932955750534
OADMET-0004270,fake,1,-0.61245,-32.493149,6.745577,-3.502373,3.6,1.95,-29.862394,0.0,1,120,-29.862394,-22.76078384166667,2.747449587569206,17.805861999999998,0.016745999999997707,,,,,,,,,,0.7028255846498593,0.7200429977701508,0.014374613701666067,0.6899670975455666,0.7440257745431772
OADMET-0004280,fake,1,0.602825,-32.87006,7.105525,-3.224632,0.82,0.6,-28.386341,0.0,1,110,-28.386341,-23.49990598181818,3.697151220769422,18.066339,0.22722200000000115,,,,,,,,,,0.604283885059018,0.6217978240021145,0.02374513920481126,0.573716980355919,0.6613762907232733
OADMET-0004294,fake,1,-1.514538,-29.037565,5.873044,-3.824001,1.264,0.97,-28.503059,0.0,1,8,-28.503059,-27.57236425,0.7749509232296586,2.32019,0.133934,,,,,,,,,,0.643679332290569,0.663458458965361,0.020895513922789863,0.6264514879882296,0.7003131302161438
OADMET-0004297,fake,1,-1.493678,-33.502987,5.233687,-3.273259,5.091,2.64,-33.036236,0.0,1,86,-33.036236,-28.405807709302326,2.0777723461040667,11.462002000000002,0.7785610000000034,,,,,,,,,,0.7581700303135256,0.7652032290638329,0.015650705780812783,0.7355517257241772,0.7905212327335744
OADMET-0004305,fake,1,0.868943,-36.535591,7.500248,-3.981038,4.065,1.53,-32.147438,0.0,1,80,-32.147438,-27.5204479875,2.1912026531396323,11.151821000000002,0.21417600000000192,,,,,,,,,,0.8061308881460519,0.8261280929005653,0.017009709833126708,0.7938790151135368,0.8571929392221629
OADMET-0004321,fake,1,0.19199,-30.52594,7.444849,-3.005222,2.238,1.5,-25.894323,0.0,1,40,-25.894323,-21.082260325,1.3758435452432283,6.21743,0.46215400000000173,,,,,,,,,,0.5490783219906842,0.5649034481983997,0.014476961489065443,0.5391677050919084,0.5907000724413161
OADMET-0004332,fake,1,-1.84712,-35.074814,6.254298,-2.539244,4.599,1.53,-33.206882,0.0,1,120,-33.206882,-30.273983983333334,1.9740004029786695,9.46351,0.0098339999999979,,,,,,,,,,0.6879516576212797,0.6958550642773106,0.01991091108411608,0.6592804156533306,0.7398632481869103
OADMET-0004458,fake,1,-0.684389,-32.571758,5.94715,-1.228957,4.707,2.64,-28.537952,0.0,1,80,-28.537952,-24.433220825,1.830012627856526,7.766546000000002,0.16479100000000102,,,,,,,,,,0.4304859514163442,0.44749666210012967,0.023885777838446292,0.40375846315636976,0.4902299909570556
OADMET-0004478,fake,1,-3.162583,-34.455933,8.334162,-1.204913,2.913,1.73,-30.489267,0.0,1,56,-30.489267,-20.50115964285714,5.648471128617646,21.286061000000004,0.036321000000000936,,,,,,,,,,0.43785201703063703,0.42696072402690866,0.026934811835900543,0.3780611707307707,0.48065986601004657
OADMET-0004498,fake,1,0.066807,-34.108269,5.069463,-3.347507,4.316,2.1,-32.319504,0.0,1,76,-32.319504,-28.18072989473684,4.557529249734359,16.988882000000004,0.04542599999999908,,,,,,,,,,0.7558232487140609,0.7640931771170553,0.015293753686287987,0.7352814793974988,0.7908023252142933
OADMET-0004514,fake,1,-0.066318,-29.270189,6.928894,-3.428127,2.971,1.87,-25.835741,0.0,1,80,-25.835741,-21.5712606375,2.9480992068019236,12.095555,0.031293999999999045,,,,,,,,,,0.6115756124145334,0.6224723832628904,0.012874450492337236,0.5991262672948056,0.6467831775158114
OADMET-0004775,fake,1,-6.226681,-34.401653,8.196149,-3.617145,3.596,2.2,-36.049332,0.0,1,80,-36.049332,-26.368358025,4.770346152790536,20.96557,0.027191000000001964,,,,,,,,,,0.7563979097041198,0.7803738370232672,0.020417276464733798,0.7385819341884835,0.8175739765712291
OADMET-0004780,fake,1,-9.145435,-28.433043,34.590141,-4.307232,5.268,2.33,-7.295567,0.0,1,28,-7.295567,-6.81262,0.5584440278360739,3.1158330000000003,0.09475100000000047,,,,,,,,,,0.3574899607529216,0.3773752269088961,0.05735219287851145,0.27559732848383217,0.48647530358863456
OADMET-0004786,fake,1,1.589276,-31.979927,5.687988,-5.357869,8.513,3.2,-30.060532,0.0,1,16,-30.060532,-25.699309749999998,3.311163991619553,11.113678,0.006513999999999243,,,,,,,,,,0.9066377982442174,0.9194106390238416,0.012664486064149832,0.891285529443804,0.9412625242328123
OADMET-0004788,fake,1,-0.826352,-28.607706,3.441304,-3.261508,2.822,1.59,-29.254263,0.0,1,20,-29.254263,-17.02275905,7.264465749531979,24.254569000000004,0.08842300000000236,,,,,,,,,,0.6374132896596943,0.6478763047845058,0.016364035618814634,0.6234926090861632,0.6797956268250441
OADMET-0004789,fake,1,6.228105,-28.173868,3.057514,-3.588517,2.102,1.48,-22.476765,0.0,1,80,-22.476765,-17.32956035,4.755300581597068,16.58065,0.2713819999999991,,,,,,,,,,0.6076110184505706,0.6150758400551869,0.02186438848486625,0.5759167617871003,0.6596348850121189
OADMET-0004790,fake,1,1.893605,-29.117699,6.49245,-3.834023,3.924,1.78,-24.565666,0.0,1,12,-24.565666,-18.405599833333337,5.0849434348438,13.010916,0.01533900000000088,,,,,,,,,,0.6770664733479578,0.6877046349350617,0.014350476181193202,0.662068015240229,0.7123455240313987
OADMET-0004797,fake,1,1.898234,-28.687996,3.745745,-2.953739,4.256,1.62,-25.997757,0.0,1,2,-25.997757,-25.065427,1.3185137306073083,1.8646600000000007,1.8646600000000007,,,,,,,,,,0.6030218597639795,0.6166982339803275,0.014180175237224476,0.5931548118764127,0.6497164361014715
OADMET-0004799,fake,1,-3.287864,-27.267229,6.126797,-4.5603,3.504,2.73,-28.988598,0.0,1,108,-28.988598,-22.929526768518524,3.0460118042460094,14.696358,0.11041499999999971,,,,,,,,,,0.7493420409685573,0.7609427301030856,0.024259993562517974,0.7052256467363999,0.8041657837251017
OADMET-0003024,fake,1,-1.094171,-35.661564,6.791688,-4.408735,1.468,0.89,-34.37278,0.0,1,2,-34.37278,-34.279186499999994,0.13236119704996735,0.18718700000000155,0.18718700000000155,,,,,,,,,,0.8259007601698345,0.8295818370521475,0.02008248765149588,0.7839513282546332,0.8632143955075227
OADMET-0003025,fake,1,-1.826444,-21.855181,5.80453,-7.35948,4.274,2.33,-25.236576,0.0,1,4,-25.236576,-22.768530749999996,2.8504095557692968,5.220227999999999,0.016389999999997684,,,,,,,,,,0.9061558141561968,0.9092946017828187,0.0197779844045128,0.868910680683093,0.9380352054814353
OADMET-0003028,fake,1,-2.961852,-26.649248,6.608298,-2.496084,4.282,1.95,-25.498884,0.0,1,52,-25.498884,-18.06951303846154,7.080635549485005,24.601408,0.4784940000000013,,,,,,,,,,0.4915508617692064,0.4926018949669991,0.008590158503021065,0.47706100759623304,0.5088187228559548
OADMET-0003029,fake,1,-1.00946,-36.637394,4.357104,-3.714752,11.071,3.47,-37.004501,0.0,1,40,-37.004501,-30.545563225000002,2.11204521826628,8.621583999999999,0.07556499999999744,,,,,,,,,,0.8886359488688457,0.9142853746663863,0.015298780329951595,0.880885988274279,0.9403885938301382
OADMET-0003033,fake,1,0.692225,-26.932276,4.805034,-2.99282,5.021,2.31,-24.427835,0.0,1,16,-24.427835,-20.4477980625,3.1128378492275175,10.742604000000002,0.12425400000000053,,,,,,,,,,0.5778376294057831,0.5882910180426765,0.01269692638503372,0.5647177538268258,0.6119198609445811
OADMET-0003035,fake,1,-4.386527,-31.890635,9.052253,-3.288893,8.321,2.09,-30.5138,0.0,1,80,-30.5138,-24.100794275000002,1.1485524699730922,9.201086,1.842655999999998,,,,,,,,,,0.7447897872203887,0.7723732253167266,0.02342017859299478,0.7319548953303522,0.8166759711912654
OADMET-0003036,fake,1,-2.164223,-32.755569,5.873106,-4.643238,4.643,2.62,-33.689922,0.0,1,68,-33.689922,-28.202401661764704,3.979718989747604,21.445617000000002,0.015533000000004904,,,,,,,,,,0.8524601259950945,0.8614278925620501,0.015364389805064115,0.8338702755358052,0.884117407770047
OADMET-0003037,fake,1,-2.650956,-35.607384,10.936166,-6.794765,3.528,1.79,-34.11694,0.0,1,6,-34.11694,-26.80669966666667,5.815397417022285,12.508412,0.012405999999998585,,,,,,,,,,0.9418861783651802,0.9468833521770149,0.010753015203673862,0.9193594442535884,0.9620162086837848
OADMET-0003040,fake,1,1.28069,-29.086056,5.51715,-2.694463,4.294,2.34,-24.982679,0.0,1,36,-24.982679,-23.054659194444444,1.5040619330411293,8.759693000000002,0.1411680000000004,,,,,,,,,,0.5487649022432587,0.5591948754191738,0.012118094032479263,0.5397574451486452,0.5859594552286846
OADMET-0003041,fake,1,-0.0224,-24.819431,6.275195,-1.901987,8.044,3.37,-20.468622,0.0,1,2,-20.468622,-20.164627,0.4299138518936097,0.6079900000000009,0.6079900000000009,,,,,,,,,,0.41800159964532474,0.43343115104792473,0.02841006535904337,0.3768225057956393,0.48914315626823995
OADMET-0003042,fake,1,0.315085,-27.782768,7.483494,-3.28885,8.471,2.59,-23.273041,0.0,1,12,-23.273041,-15.574737999999998,8.032216783088339,24.092247999999998,0.09703799999999774,,,,,,,,,,0.6747172202604669,0.6870500221396553,0.02707499923347295,0.6354351617255719,0.7395786885724204
OADMET-0003043,fake,1,-8.270936,-30.62676,21.96002,-3.727352,1.352,0.79,-20.66503,0.0,1,80,-20.66503,-15.24641325,2.0949316666212514,9.098072000000002,0.0019520000000028404,,,,,,,,,,0.46697189077064954,0.46709460220246235,0.035472260249521874,0.40212223562995814,0.5297621259969885
OADMET-0003044,fake,1,0.320673,-34.420582,6.733638,-2.679488,5.222,2.06,-30.045755,0.0,1,42,-30.045755,-27.262606714285717,2.8050079884940136,12.674237999999999,0.012771000000000754,,,,,,,,,,0.6647178402425483,0.6874429519786642,0.017787741529978626,0.6571321399510112,0.723619573626549
OADMET-0003046,fake,1,-0.796177,-23.897423,4.506212,-3.282748,3.833,1.87,-23.470135,0.0,1,24,-23.470135,-20.401705208333336,2.1365809415518946,8.611192999999998,0.19072599999999795,,,,,,,,,,0.5467891799295037,0.5490831523862721,0.01710601537227012,0.5150097254070344,0.586196528280587
OADMET-0003049,fake,1,-1.220417,-31.711742,7.675885,-0.254053,5.252,2.0,-25.510328,0.0,1,80,-25.510328,-19.234998875,4.508268965216304,17.192157,0.12981000000000265,,,,,,,,,,0.3062583192383602,0.2928623685588111,0.026752560184411047,0.24756901617542232,0.34227437763189333
OADMET-0003050,fake,1,-1.768339,-27.938728,5.096953,-3.46898,4.564,2.13,-28.079096,0.0,0,46,-28.079096,-22.733696130434787,2.9836195786194963,10.438538000000001,0.4200310000000016,,,,,,,,,,0.6741943320658178,0.6790165543936821,0.013593779409250072,0.6508984518647107,0.7016849247845361
OADMET-0003051,fake,1,-2.223585,-32.420494,11.790545,-2.560686,2.919,0.88,-25.414219,0.0,1,40,-25.414219,-24.995780875,0.2748735039856388,0.9376889999999989,0.0003759999999992658,,,,,,,,,,0.5149524473017558,0.5115863691717343,0.02241419247889898,0.46721654088078246,0.5538241720094702
OADMET-0003054,fake,1,-4.176698,-33.690365,7.27457,-3.480749,4.138,2.14,-34.073238,0.0,0,64,-34.073238,-27.773582921875,5.485751699118548,32.732548,1.0156890000000018,,,,,,,,,,0.7422020611611573,0.7648831157780578,0.016714288730602114,0.7298361408393335,0.793828294856438
OADMET-0003057,fake,1,-1.239997,-29.484304,4.957111,-1.949407,2.72,1.19,-27.716597,0.0,0,64,-27.716597,-25.6182011875,2.145550778745042,9.403061000000001,0.03006200000000092,,,,,,,,,,0.4663546587192777,0.4597140229086152,0.014789124032183678,0.431548943520956,0.48930400497312443
OADMET-0003059,fake,1,0.458754,-31.428324,5.774179,-2.459172,4.27,2.41,-27.654562,0.0,1,40,-27.654562,-27.003453425000004,0.6572300741378356,3.4264769999999984,0.018393999999997135,,,,,,,,,,0.5779186335535598,0.5813823494639477,0.014695264530088074,0.5546472821126056,0.6102271840325918
OADMET-0003060,fake,1,-2.655459,-26.425022,4.926842,-1.416987,2.515,1.04,-25.570627,0.0,1,44,-25.570627,-20.260412090909092,2.3484337952429,13.428559000000002,0.7319810000000011,,,,,,,,,,0.33672554180353526,0.32609753174448747,0.016317589826417064,0.29420226319650494,0.35818745005029123
OADMET-0003063,fake,1,-2.051532,-34.034386,4.589447,-0.956825,5.273,2.33,-32.453297,0.0,1,76,-32.453297,-26.79948227631579,4.6168065014351685,23.094751,0.0236629999999991,,,,,,,,,,0.47198875196921336,0.49616835569007905,0.026886068545357612,0.4549775848064661,0.5436858487731643
OADMET-0003064,fake,1,-1.228454,-29.225008,4.08777,-3.860282,4.515,2.33,-30.225975,0.0,1,50,-30.225975,-25.588168539999998,1.7822581401894275,10.251935999999997,1.5345549999999974,,,,,,,,,,0.73522026816297,0.7573900376698233,0.01595520694516261,0.7245828270173604,0.7853275833641681
OADMET-0003065,fake,1,-1.063861,-29.045944,3.680711,-2.983205,3.629,1.87,-29.4123,0.0,1,80,-29.4123,-21.346336424999997,5.913720306763601,23.314615999999997,0.03697599999999923,,,,,,,,,,0.6233957035742396,0.6360555506329896,0.013852065134926032,0.612181820825861,0.6630210000164302
OADMET-0003066,fake,1,-0.408988,-31.182642,4.519196,-2.215228,5.822,2.06,-29.287663,0.0,1,24,-29.287663,-22.365921291666666,6.1695302782655315,19.259119999999996,0.10257000000000005,,,,,,,,,,0.6030258030934014,0.6130991078293517,0.017517898514953018,0.5785498280704026,0.6503121419994693
OADMET-0003067,fake,1,-0.248338,-30.737103,3.487902,-2.78112,10.934,4.67,-30.27866,0.0,1,48,-30.27866,-25.088461833333337,4.941820980064149,16.380277999999997,0.1730879999999999,,,,,,,,,,0.7636035910530596,0.7798374986260359,0.02814265915283653,0.7182703363105858,0.827220810794511
OADMET-0003068,fake,1,-6.046812,-29.279299,7.482969,-0.367726,1.852,1.07,-28.210869,0.0,1,96,-28.210869,-21.137167708333333,3.881230340651162,16.497806999999998,0.6486339999999977,,,,,,,,,,0.24925607455323054,0.231868202125812,0.02197451714732832,0.19341557989156205,0.2720270245866118
OADMET-0003069,fake,1,-2.840606,-28.402016,5.29465,-3.369968,1.883,0.97,-29.31794,0.0,1,80,-29.31794,-27.045664825,1.3941071958597169,5.985499000000001,0.08993399999999951,,,,,,,,,,0.6187775654965194,0.6245237025752508,0.019733272608010378,0.5900950823553527,0.6596224338382838
OADMET-0003070,fake,1,-1.552776,-28.89897,3.174596,-1.156827,3.565,1.25,-28.433977,0.0,1,48,-28.433977,-23.451794458333335,6.760058732991666,31.421153999999998,0.09197400000000044,,,,,,,,,,0.3791105497642959,0.38954102531614765,0.020356969270148354,0.35716243339649656,0.43043550418084503
OADMET-0005659,fake,1,-1.718549,-28.136131,3.180906,-3.532988,4.095,2.07,-30.206762,0.0,1,54,-30.206762,-26.163733407407403,2.9223755620200405,9.532922000000003,0.06400800000000118,,,,,,,,,,0.6899707750779699,0.709233240289834,0.017207196502669258,0.6769462649884729,0.7396925235614764
OADMET-0005661,fake,1,-3.71028,-22.676968,4.219223,-1.040494,4.944,2.84,-23.208519,0.0,1,38,-23.208519,-17.10414836842105,3.2608733522872275,10.413671999999998,0.07796300000000045,,,,,,,,,,0.27813531473008957,0.26737075613587846,0.02271778800941025,0.22710288933794037,0.3121271282612215
OADMET-0005677,fake,1,-0.489578,-31.532084,5.017795,-2.643927,2.826,1.35,-29.647791,0.0,1,46,-29.647791,-28.51141952173912,1.351968106389771,5.739573,0.043408000000003,,,,,,,,,,0.5928875073807388,0.6016078226743603,0.015098412460769392,0.5728803773111045,0.6309399841583984
OADMET-0005678,fake,1,-0.102928,-24.700161,4.732991,-1.225407,2.06,1.87,-21.295506,0.0,1,2,-21.295506,-20.3307945,1.364308087077292,1.9294229999999999,1.9294229999999999,,,,,,,,,,0.2559421853065959,0.24089933721349222,0.017528404100427646,0.20554883129353854,0.2695709198356095
OADMET-0005681,fake,1,-7.771865,-28.318789,20.994547,-1.846674,3.164,2.73,-16.94278,0.0,1,40,-16.94278,-10.43931745,4.056006404955311,15.510828,0.09278699999999773,,,,,,,,,,0.22109419289703322,0.2224881363607171,0.027982476434495758,0.1695117791009378,0.27632321623800005
OADMET-0005686,fake,1,0.834709,-27.777269,2.454032,-3.819244,2.34,1.15,-28.307774,0.0,1,114,-28.307774,-24.293778035087723,2.824905870954826,12.406120999999999,0.24593199999999982,,,,,,,,,,0.6850407389300792,0.696343399566462,0.019764674123640778,0.6694788097736358,0.7334731245827625
OADMET-0005689,fake,1,1.696473,-33.199356,8.527895,-4.133265,3.765,1.43,-27.108253,0.0,1,62,-27.108253,-25.229592645161286,2.7465541868039183,14.585429000000001,0.014606000000000563,,,,,,,,,,0.7493896441544665,0.7689874423254115,0.017702590882231656,0.7380622465239137,0.8016183295636699
OADMET-0005695,fake,1,-3.182653,-32.636791,6.983438,-2.708229,3.546,2.4,-31.544235,0.0,0,98,-31.544235,-22.875673734693883,5.864638561843301,28.163392,0.4531099999999988,,,,,,,,,,0.6112629930490212,0.633780599350069,0.019464345317865766,0.6005692549131039,0.6710548645229463
OADMET-0006258,fake,1,-0.410018,-25.421041,8.885502,-2.383077,5.329,2.31,-19.328634,0.0,1,40,-19.328634,-16.5219501,0.789539707127296,4.9551680000000005,0.7561510000000027,,,,,,,,,,0.42302920760748014,0.4102963912212986,0.01509199535308325,0.38286278823301023,0.43673834809398904
OADMET-0006259,fake,1,-0.046505,-31.254704,5.047999,-4.52256,5.963,2.33,-30.77577,0.0,1,14,-30.77577,-21.364896785714283,4.516376328054779,14.702665,3.5101370000000003,,,,,,,,,,0.8382975677999359,0.8526168212403177,0.014323300538966638,0.8254890039611255,0.8783607614918751
OADMET-0006260,fake,1,-0.91513,-25.626791,7.831573,-2.217638,0.327,0.18,-20.927988,0.0,0,120,-20.927988,-17.253427233333333,2.4748438209637187,12.000694,0.04314199999999957,,,,,,,,,,0.29967093659495475,0.3078484483331955,0.018715076644722294,0.27252489384099104,0.3448443042728186
OADMET-0006267,fake,1,-2.950576,-31.045666,6.652413,-3.705034,2.587,1.87,-31.048864,0.0,1,42,-31.048864,-28.639876547619046,2.1434352697299044,9.984561999999997,0.04613299999999754,,,,,,,,,,0.6954962230801304,0.7120780922459935,0.018835428839753095,0.6820919973377386,0.7444776636814422
OADMET-0006268,fake,1,-1.040537,-26.923723,4.735005,-3.782128,3.643,1.98,-27.011383,0.0,1,18,-27.011383,-18.512575722222223,10.964413780589908,23.827067999999997,0.09696399999999983,,,,,,,,,,0.6668310458250623,0.6773525737682335,0.01634973279214405,0.6495577964745389,0.7101441422494338
OADMET-0006271,fake,1,-1.983649,-28.552658,3.721193,-4.182834,3.862,2.39,-30.997948,0.0,1,80,-30.997948,-27.0461953,2.764520675027058,11.24561,0.23195499999999925,,,,,,,,,,0.7706571251016276,0.7755307941630061,0.01952900077225007,0.737909862854209,0.810206872917484
OADMET-0006273,fake,1,1.383693,-29.01841,6.608784,-1.888431,8.833,2.34,-22.914364,0.0,1,4,-22.914364,-21.968149,1.3228553816584274,2.905891999999998,0.4217399999999998,,,,,,,,,,0.5315770300523478,0.541242263016357,0.03852681093072015,0.46959046240470964,0.616910998192526
OADMET-0006275,fake,1,-1.542507,-29.882868,7.156515,-3.695025,4.934,2.11,-27.963884,0.0,0,120,-27.963884,-24.678037850000003,2.465410614689991,9.543035,0.18271800000000127,,,,,,,,,,0.7084253647440445,0.7209776724602882,0.012273018804792833,0.6978767063533206,0.744428696516923
OADMET-0006276,fake,1,-0.525551,-27.400087,5.991199,-0.659425,2.236,1.56,-22.593864,0.0,0,18,-22.593864,-17.360492166666667,6.435931908901856,14.575557,0.023101000000000482,,,,,,,,,,0.24181338472535907,0.21990344642430468,0.017463360271065022,0.186326860485219,0.2525003337658303
OADMET-0006279,fake,1,7.089485,-29.862936,10.776307,-2.336973,7.838,2.34,-14.334117,0.0,0,76,-14.334117,-6.118226526315789,8.755097014546964,31.276372000000002,0.1726390000000002,,,,,,,,,,0.46218385924073924,0.4765410232185151,0.0490655234941407,0.39494675914885724,0.5877612600790983
OADMET-0006281,fake,1,-1.163059,-27.967119,3.317901,-3.19038,6.483,1.96,-29.002659,0.0,1,96,-29.002659,-21.04034992708333,4.911681015770649,26.331625000000003,0.21552500000000308,,,,,,,,,,0.7099426132236019,0.7121037499914398,0.020646066702158645,0.6699729506385018,0.752577167021682
OADMET-0006283,fake,1,-0.192095,-25.578144,3.162494,-2.584207,5.516,1.97,-25.191954,0.0,1,42,-25.191954,-20.759975833333336,2.9674343895635396,14.610244999999999,0.04526399999999953,,,,,,,,,,0.548432209180672,0.5506061999279975,0.018495428539546756,0.512698243533141,0.5860016139664529
OADMET-0006284,fake,1,1.142306,-31.232376,7.325492,-0.018459,4.09,2.33,-22.783035,0.0,1,40,-22.783035,-18.622527400000003,3.0591719860450994,10.500842000000002,0.14012900000000172,,,,,,,,,,0.2264188892525649,0.22248984172333142,0.025347657312753128,0.18504967535808645,0.27197912117746403
OADMET-0006285,fake,1,-6.93087,-26.078579,22.100586,-2.605508,2.843,2.06,-13.514372,0.0,0,80,-13.514372,-9.685875075,2.391753907431287,7.626005,0.5469249999999999,,,,,,,,,,0.24505915232780237,0.2411610329504459,0.02643091280373636,0.19375328656269164,0.29292985330697746
OADMET-0006286,fake,1,-1.485358,-25.485731,4.21418,-3.048952,3.498,1.74,-25.805861,0.0,1,120,-25.805861,-19.419020275,5.4335555937040745,17.855204,0.0051880000000004145,,,,,,,,,,0.5493141558931182,0.5560287595436343,0.014908446985207706,0.5268517803338214,0.5870353363916918
OADMET-0006289,fake,1,-13.164644,-25.243084,31.735746,-2.933179,2.583,1.68,-9.605163,0.0,1,66,-9.605163,-1.6279209696969694,7.553114269984548,34.667778999999996,0.7198669999999989,,,,,,,,,,0.17369444775650447,0.1804743051968065,0.031869388958195674,0.12620683744714487,0.2457244106262616
OADMET-0006291,fake,1,-16.429689,-26.183001,28.483992,-3.880159,3.653,1.59,-18.008858,0.0,0,80,-18.008858,-9.02808465,4.788557397680087,18.90608,1.048603,,,,,,,,,,0.3929303565151692,0.39466473952023046,0.04195913782679141,0.3114785680580436,0.470324924390081
OADMET-0006294,fake,1,-0.064079,-29.702463,5.086335,-3.064113,3.8,1.87,-27.74432,0.0,1,60,-27.74432,-22.469212883333334,1.9428151612980138,11.637207,0.08899299999999855,,,,,,,,,,0.6209804720151654,0.6343115214689558,0.010796476758960387,0.6147830824497554,0.6556908205313593
OADMET-0006302,fake,1,-2.683919,-26.455984,4.502818,-4.21652,5.207,2.64,-28.853605,0.0,1,8,-28.853605,-22.068478499999998,5.8773037355032365,18.441895000000002,0.3387240000000027,,,,,,,,,,0.7374544748978399,0.7621920835895518,0.01976675911130175,0.7195899912986219,0.7969297841614792
OADMET-0006303,fake,1,-11.819136,-33.155319,26.96604,-2.554809,4.174,1.47,-20.563227,0.0,1,80,-20.563227,-14.04515005,2.8927624698491705,10.140489,0.17347600000000085,,,,,,,,,,0.3851765327819092,0.37164799745420696,0.04215013731688747,0.28618381734452936,0.4493284369529459
OADMET-0006305,fake,1,-4.110812,-22.211987,6.042713,-2.786284,5.035,2.86,-23.066368,0.0,0,18,-23.066368,-21.881601166666666,2.3964108808106013,10.175218000000001,0.013868000000002212,,,,,,,,,,0.45731391717083336,0.46254849600530273,0.024253954074755262,0.4124811922581739,0.5081269279398541
OADMET-0006306,fake,1,-1.000164,-31.317965,6.750004,-2.955514,6.995,4.36,-28.523642,0.0,1,120,-28.523642,-24.540578591666666,3.721431590915239,13.455537,0.02909700000000015,,,,,,,,,,0.6640739856824558,0.6919485343987799,0.028662483989405692,0.6304701862712362,0.7325275595663123
OADMET-0005460,fake,1,-1.782455,-25.587,4.374619,-2.211316,2.069,1.87,-25.20615,0.0,1,44,-25.20615,-23.599526613636364,1.5573979840303431,6.547249000000001,0.4434509999999996,,,,,,,,,,0.4143031994016729,0.39902597920229604,0.019456524748859696,0.3564735728203018,0.4406461964418266
OADMET-0005461,fake,1,0.634308,-25.496536,7.722887,-2.921611,1.806,1.51,-20.060951,0.0,1,6,-20.060951,-17.231946999999998,3.1985947999790785,7.224594999999999,0.09173399999999887,,,,,,,,,,0.4114890408512732,0.4142734157481287,0.015143940814197824,0.390177426884409,0.4455151260884832
OADMET-0005463,fake,1,-2.667738,-32.927765,5.555539,-4.001796,5.059,2.52,-34.041763,0.0,1,68,-34.041763,-31.97597455882353,2.3347635101324338,6.989988000000004,0.012717999999999563,,,,,,,,,,0.8195072776837761,0.8269253746418888,0.015181798438174108,0.7985659969707521,0.8499017653047891
OADMET-0005465,fake,1,-2.110708,-33.03495,5.177647,-5.209973,5.252,3.02,-35.177986,0.0,1,120,-35.177986,-30.946033149999998,2.218706000733695,13.134713999999995,0.5156589999999994,,,,,,,,,,0.9010378339362698,0.9064793745153815,0.014026564163057734,0.8798733616210668,0.9271086124850034
OADMET-0005476,fake,1,-0.111569,-34.219997,6.591301,-4.005208,4.09,2.54,-31.745472,0.0,1,88,-31.745472,-22.027022545454546,5.646277623333272,21.83436,0.058720000000000994,,,,,,,,,,0.7847220876353523,0.8057476664283165,0.016617005612737042,0.7709460230144691,0.8316992175068093
OADMET-0005478,fake,1,-9.614141,-30.151325,20.632696,-3.939152,5.172,2.73,-23.07192,0.0,1,40,-23.07192,-19.331703400000002,2.775659037267226,9.514606999999998,0.06447199999999853,,,,,,,,,,0.5819277799268471,0.606137453606956,0.028776953789625855,0.5488491048335943,0.6575799581896815
OADMET-0005480,fake,1,2.95525,-23.246111,5.614415,-2.340068,4.197,1.56,-17.016516,0.0,1,2,-17.016516,-16.990538,0.036738439923328654,0.05195600000000056,0.05195600000000056,,,,,,,,,,0.3662988441342234,0.3610288007235581,0.019953296172848387,0.32583032212765206,0.39699228320956964
OADMET-0005488,fake,1,-0.835285,-33.410877,4.451377,-3.357489,2.789,1.59,-33.152275,0.0,1,42,-33.152275,-28.926773999999995,2.1672573682194085,7.814054000000002,0.3279420000000002,,,,,,,,,,0.7184636425578784,0.7395453990959555,0.017859694278870217,0.7066760907271162,0.7727130807620283
OADMET-0005492,fake,1,7.57713,-27.288385,6.443076,-3.661591,3.052,2.33,-16.92977,0.0,1,30,-16.92977,-13.704596666666667,2.595771794765006,10.278646000000002,0.10054400000000285,,,,,,,,,,0.5420940401432498,0.5527606849931357,0.030059380146388388,0.4918770119413882,0.6105556536615487
OADMET-0005493,fake,1,6.117488,-28.739918,4.247637,-4.660382,9.112,2.03,-23.035175,0.0,1,72,-23.035175,-12.385034319444445,4.90267270473652,23.406183,0.6448989999999988,,,,,,,,,,0.8558419265926598,0.8548924350878784,0.02544400401814313,0.8062488307233667,0.9043584730748316
OADMET-0005494,fake,1,-0.195215,-26.843754,3.460452,-3.508902,2.269,0.89,-27.08742,0.0,1,80,-27.08742,-21.4557754625,3.168531783079297,15.485203000000002,0.9531980000000004,,,,,,,,,,0.6196455037244388,0.6285341134570129,0.01979534441338751,0.5969889538238686,0.6628672656434476
OADMET-0005495,fake,1,-1.75067,-30.982828,5.471485,-3.507625,9.368,2.3,-30.769638,0.0,1,100,-30.769638,-22.60428966,5.584058052192546,21.979174,0.5134450000000008,,,,,,,,,,0.7919443144530008,0.8217653521774397,0.023585199015135585,0.7774563228908271,0.8673256440579592
OADMET-0005496,fake,1,-1.190581,-31.572872,5.914372,-2.046275,3.017,0.88,-28.895359,0.0,1,42,-28.895359,-26.724315952380955,3.0707007158456396,17.855246,0.0002859999999991203,,,,,,,,,,0.5167661225267351,0.5160052909159486,0.019973506737143737,0.479455779395691,0.5601737924479435
OADMET-0005499,fake,1,1.509732,-32.805244,10.194586,-3.261987,4.335,2.05,-24.362913,0.0,1,80,-24.362913,-21.4612267125,2.406551279802367,13.162427999999998,0.03769499999999937,,,,,,,,,,0.628131602410884,0.6432307479886853,0.019180841244940697,0.6076323186046056,0.6784460016728873
OADMET-0005501,fake,1,-0.812935,-24.758438,3.894648,-3.129625,7.274,2.12,-24.806351,0.0,1,82,-24.806351,-20.955351158536587,2.0466423591624796,9.263525,0.41474600000000095,,,,,,,,,,0.6410085221043651,0.6438037971488326,0.02719022839559718,0.5864760314389007,0.6902014799870869
OADMET-0006609,fake,1,-5.30115,-28.767864,5.062786,-3.187886,3.175,1.05,-32.194115,0.0,0,80,-32.194115,-25.131513074999997,4.259993698654108,18.573651999999996,0.3787689999999948,,,,,,,,,,0.6603416081561669,0.6623597135199423,0.022085802110236027,0.6216442843268312,0.7060529401213776
OADMET-0006611,fake,1,-11.624701,-33.504959,36.798756,-3.603617,6.886,2.39,-11.934523,0.0,0,90,-11.934523,-2.1331306777777774,4.711030319600254,19.056169,2.431412,,,,,,,,,,0.393774215007132,0.41776473338304654,0.06559877635111515,0.28785903875480734,0.540420143101065
OADMET-0006617,fake,1,-8.68926,-29.61274,28.3155,-3.369835,2.286,2.06,-13.356337,0.0,0,80,-13.356337,-9.7759734875,1.8102630591164215,7.1819489999999995,0.0157519999999991,,,,,,,,,,0.2858200879132787,0.3080605866674182,0.04245062236829891,0.2361825824541737,0.3902520339129394
