name,smiles,rank,Electrostatic,Van der Waals,Ligand Polar Desolv,Ligand Apolar Desolv,Total Strain,Max Strain,Total Energy,Ligand Energy,n_poses,binding_energy,binding_energy_mean_pose,binding_energy_error_pose,binding_energy_range_pose,best_second_pose_gap,receptor_name,binding_probability,binding_probability_std,binding_energy_error
CHEMBL1484640,COC(=O)c1ccccc1NC(=O)Cn1ccnc1,1,0.316838,-28.669521,5.920042,-3.387251,2.874,1.08,-25.819893,0.0,40,-25.819893,-23.7277554,1.4509224253284583,5.293488,0.27993199999999874,PXR_octant,0.6209131517892277,0.014552703496743431,1.4509224253284583
CHEMBL1485041,Nc1[nH]ncc1C(=O)Nc1cccc(C(F)(F)F)c1,1,-0.815261,-25.576139,4.079709,-1.937113,0.997,0.88,-24.248804,0.0,40,-24.248804,-20.998856075,1.8058341709725658,6.402134,0.2787000000000006,PXR_octant,0.3398071740316116,0.017734225525686438,1.8058341709725658
CHEMBL1486581,CCC(=O)NC(=S)Nc1ccc(NC(=O)c2ccco2)c(Cl)c1,1,-5.84625,-25.149826,9.963326,-2.691806,4.542,1.57,-23.724556,0.0,5,-23.724556,-20.4119482,4.555228216572381,10.527424,0.362209,PXR_octant,0.46015827430679257,0.014058415770442794,4.555228216572381
CHEMBL1487460,Nc1cc2c3c(cccc3c1)C(=O)N(CCN1CCCC1)C2=O,1,4.789441,-26.294743,4.653917,-2.753774,2.922,1.59,-19.60516,0.0,39,-19.60516,-11.350687128205127,4.684632044843309,16.856142000000002,0.2868850000000016,PXR_octant,0.4565890079069821,0.018240461353912118,4.684632044843309
CHEMBL1488165,O=C1CC[C@@H](C(=O)N2CSC[C@H]2C(=O)O)N1,1,-11.522353,-16.024799,22.337118,-0.670731,3.09,1.92,-5.880766,0.0,40,-5.880766,-0.7348799500000001,3.141704606057746,13.540133,0.4454610000000008,PXR_octant,0.04669954663652622,0.010154243196858334,3.141704606057746
CHEMBL1488455,O=C(NC(=S)Nc1ccc(F)c(Cl)c1)C1CC1,1,-2.200408,-23.283321,6.238703,-3.224967,2.9,1.53,-22.469994,0.0,20,-22.469994,-20.3652606,2.433642541053861,8.862986,0.06904499999999913,PXR_octant,0.48509382691968833,0.01683277891990621,2.433642541053861
CHEMBL1489187,CCOc1ccc(-c2cc(C)n3nc(C(N)=O)cc3n2)cc1,1,0.187376,-33.674248,7.182831,-1.63814,6.946,3.37,-27.942179,0.0,17,-27.942179,-18.88143370588235,4.349387015547431,15.188027,0.5066869999999994,PXR_octant,0.5566507332579697,0.027950313963763424,4.349387015547431
CHEMBL1491587,Cc1ccccc1-c1nc(-c2cccnc2)no1,1,-0.010375,-28.003639,3.731758,-2.242625,2.621,2.59,-26.524881,0.0,60,-26.524881,-23.392676416666667,1.5472363471579207,5.514827,0.013700000000000045,PXR_octant,0.46479802241231305,0.025261369747901313,1.5472363471579207
CHEMBL1495,CN1CCCN=C1COC(=O)C(O)(c1ccccc1)C1CCCCC1,1,6.273427,-27.98489,4.992454,-4.377299,3.071,1.56,-21.096308,0.0,23,-21.096308,-14.503291608695653,4.059315988209778,15.949222,0.15396300000000096,PXR_octant,0.7042327930101128,0.022530961318382548,4.059315988209778
CHEMBL1501549,O=[N+]([O-])c1cnc(Nc2ccc(Cl)cn2)c([N+](=O)[O-])c1,1,-9.151997,-30.895483,14.590584,-4.324475,2.624,1.35,-29.781368,0.0,120,-29.781368,-26.277447966666667,1.6549582464843753,6.7228829999999995,0.18238600000000105,PXR_octant,0.7137016613590683,0.024338834902347346,1.6549582464843753
CHEMBL1506607,O=C(Nc1cccc(-c2nc3cc(Cl)ccc3o2)c1)C1CCCO1,1,-2.726026,-31.177883,7.26017,-3.062117,1.827,0.9,-29.705854,0.0,42,-29.705854,-22.9515340952381,3.6172595124347113,15.965870999999998,0.11215699999999984,PXR_octant,0.609387667386923,0.01876919467672323,3.6172595124347113
CHEMBL1509099,CCOCCc1nnc(NC(=O)c2ccc(OC)c(OC)c2)s1,1,-2.03078,-30.280079,7.359035,-2.470621,5.527,1.62,-27.422445,0.0,30,-27.422445,-16.301365233333335,4.739966380717947,19.176769,0.796323000000001,PXR_octant,0.5884520539516421,0.01771950297565308,4.739966380717947
CHEMBL1510252,COC(=O)c1cc(C(=O)Nc2nnc(C3CC3)s2)cc([N+](=O)[O-])c1,1,-9.267624,-35.330734,20.891581,-3.63252,5.719,3.17,-27.339298,0.0,43,-27.339298,-20.19777620930233,2.424331904810012,12.895215,2.3057359999999996,PXR_octant,0.6801173804017614,0.032296217851128774,2.424331904810012
CHEMBL1516375,NNc1nc(O)c2c3c(sc2n1)-c1ccccc1CC3,1,-3.538191,-24.412628,3.872815,-3.347206,0.014,0.01,-27.425211,0.0,20,-27.425211,-24.40715995,2.397485396664717,8.164167000000003,0.5985359999999993,PXR_octant,0.5185494551993366,0.03276250459300083,2.397485396664717
CHEMBL1518,CCCc1cc(=O)[nH]c(=S)[nH]1,1,-1.684956,-18.960438,4.187444,-1.453173,0.538,0.53,-17.911123,0.0,20,-17.911123,-15.5703015,1.2942593241766343,3.890575,0.18567600000000084,PXR_octant,0.17104040235783846,0.01778801545895593,1.2942593241766343
CHEMBL1518278,COc1ccccc1C(=O)Nc1ccc(N2CCCCC2)cc1,1,-2.798479,-26.996054,5.277071,-3.858777,2.077,1.16,-28.37624,0.0,40,-28.37624,-18.4945931,5.0504759896870235,21.82187,1.156406999999998,PXR_octant,0.6621980711041612,0.02102419971939439,5.0504759896870235
CHEMBL1520832,CSc1ncc(C(=O)Nc2ccc(Cl)cc2)c(C)n1,1,-3.203288,-28.157387,4.758153,-3.146843,2.666,1.1,-29.749365,0.0,38,-29.749365,-23.17024655263158,2.3633390604744844,11.029013000000003,2.438593000000001,PXR_octant,0.619335934754574,0.018509074053633025,2.3633390604744844
CHEMBL1521,CCN(C(C)=O)c1cccc(-c2ccnc3c(C#N)cnn23)c1,1,-1.927936,-28.585346,7.673896,-3.718242,2.772,1.48,-26.557629,0.0,40,-26.557629,-21.475867825,2.290224767558694,8.257055999999999,1.805330999999999,PXR_octant,0.6468792457686608,0.01398602775175311,2.290224767558694
CHEMBL152231,COc1ccccc1OCCNCC(O)c1ccc(C)c(S(N)(=O)=O)c1,1,10.574176,-28.322418,8.701976,-1.027393,8.625,2.43,-10.073658,0.0,40,-10.073658,-6.617191199999999,1.7318745917797915,6.026558,0.48870199999999997,PXR_octant,0.29485570164302005,0.05358762219259091,1.7318745917797915
CHEMBL1525,CC1(C)C(C=C(Cl)Cl)C1C(=O)OCc1cccc(Oc2ccccc2)c1,1,0.154292,-28.759035,3.400304,-6.025258,8.825,2.38,-31.229698,0.0,7,-31.229698,-25.58244885714286,3.118461978462108,8.020306999999999,2.440270999999999,PXR_octant,0.9413722370002516,0.012151835298808814,3.118461978462108
CHEMBL152684,CCOC(=O)C(C)(CC)Oc1ccc(Cc2ccc(Cl)cc2)cc1,1,-0.550503,-31.142584,3.695845,-5.878057,8.872,2.89,-33.875298,0.0,2,-33.875298,-30.643933500000003,4.5698395008709545,6.4627289999999995,6.4627289999999995,PXR_octant,0.9482315183341621,0.01035911278796641,4.5698395008709545
CHEMBL1527352,Cc1ccc2c(c1)c1nc3ccccc3nc1n2C,1,-1.445585,-28.009953,5.372243,-3.842893,0.0,0.0,-27.926186,0.0,20,-27.926186,-26.310087150000005,2.4163103458974993,6.996066000000003,0.01673500000000061,PXR_octant,0.6273470994987226,0.028437961477531862,2.4163103458974993
CHEMBL1527608,Cn1c(=O)c2c(ncn2CC2OCCO2)n(C)c1=O,1,-1.131104,-25.231342,5.042178,-2.111906,0.287,0.28,-23.432175,0.0,40,-23.432175,-19.651552099999996,2.7038432125183456,10.559418,0.0682910000000021,PXR_octant,0.32974677680436265,0.01997844687167032,2.7038432125183456
CHEMBL1532,CCC1NC(=O)c2cc(S(N)(=O)=O)c(Cl)cc2N1,1,-1.627781,-28.180853,7.538767,0.973615,2.82,2.42,-21.296251,0.0,20,-21.296251,-19.330329600000002,1.75549429792965,5.287313000000001,0.038786000000001764,PXR_octant,0.1033315546748368,0.017176710033886246,1.75549429792965
CHEMBL1533640,Cc1nnc(N2C(=O)c3cccc4c([N+](=O)[O-])ccc(c34)C2=O)s1,1,-0.490402,-31.057909,6.494896,-3.668852,2.141,2.11,-28.722267,0.0,24,-28.722267,-21.93391120833333,2.276138136918109,9.419877999999997,2.2343979999999988,PXR_octant,0.6806331551552094,0.02135959663594567,2.276138136918109
CHEMBL153479,Nc1c(Br)cc(Br)cc1CN[C@H]1CC[C@H](O)CC1,1,6.741974,-21.43796,-0.428096,-1.461007,1.185,1.16,-16.585089,0.0,29,-16.585089,-9.855035448275864,3.7704859720273034,12.31327,1.0301539999999996,PXR_octant,0.2225360998558597,0.02231249938647902,3.7704859720273034
CHEMBL1535518,CC(=O)Nc1cccc(OCC(=O)Nc2ccc(F)cc2)c1,1,-2.362292,-29.837275,9.458816,-3.053108,7.788,2.31,-25.793858,0.0,40,-25.793858,-22.752004925,1.9985647685056187,8.514465999999999,0.40564799999999934,PXR_octant,0.6752764287274101,0.02316086724688,1.9985647685056187
CHEMBL1537068,Cc1ccc[n+](CC(=O)c2ccc(Br)cc2)c1C,1,7.311768,-24.419243,6.721565,-4.373365,2.11,1.1,-14.759275,0.0,33,-14.759275,-10.537870060606062,3.094613167660014,10.992714000000001,0.8285440000000008,PXR_octant,0.5696028693649926,0.03167894878280987,3.094613167660014
CHEMBL154,COc1ccc2cc([C@H](C)C(=O)O)ccc2c1,1,-17.715179,-21.4144,26.171179,-3.237939,0.912,0.86,-16.196339,0.0,20,-16.196339,-15.073644149999998,1.0887856555378452,5.0425299999999975,0.355694999999999,PXR_octant,0.21397821855233623,0.0321929424763291,1.0887856555378452
CHEMBL1542516,Cc1ccc(Nc2ncccc2C(N)=O)cc1,1,-3.44889,-23.72003,5.368483,-1.810743,3.265,1.87,-23.611179,0.0,40,-23.611179,-20.5746239,2.2305935971072675,7.0399090000000015,0.05928199999999961,PXR_octant,0.33068626857587985,0.016090374925218063,2.2305935971072675
CHEMBL1544647,CN1CCN(CCCNC(=O)c2cc3c(-c4ccc(Cl)cc4)nn(C)c3s2)CC1,1,8.715573,-36.40139,16.057598,-3.943493,5.019,2.39,-15.571712,0.0,4,-15.571712,-14.283271749999999,1.4513076340885083,2.644679,0.06771299999999947,PXR_octant,0.6699417167984036,0.048964130554986766,1.4513076340885083
CHEMBL1545718,COc1cc2c(cc1NC(=O)Nc1ccc(C)cc1)oc1ccccc12,1,-2.314651,-38.211525,7.203835,-2.882127,3.23,1.53,-36.204468,0.0,1,-36.204468,-36.204468,,,,PXR_octant,0.7544871237887767,0.022663407368330085,
CHEMBL1545746,NC(=O)c1oc2ccccc2c1NC(=O)c1ccc(F)cc1,1,-2.891199,-28.460478,4.172729,-2.504844,2.767,1.7,-29.683792,0.0,35,-29.683792,-24.63937628571428,2.8916916916686306,11.22098,0.42453899999999933,PXR_octant,0.5413594216046015,0.01719322310279113,2.8916916916686306
CHEMBL1554350,Cc1ccc(C)c2sc(NC(=O)C3CC3)nc12,1,-0.023826,-20.645023,4.636731,-3.502118,0.846,0.82,-19.534239,0.0,61,-19.534239,-17.283463180327868,2.7478734185655367,10.629125,0.027446999999998667,PXR_octant,0.42438218597262245,0.026860885867221268,2.7478734185655367
CHEMBL1557667,Cn1c(N)c(C(=O)Nc2ccccc2F)sc1=S,1,-2.995228,-26.591713,4.626575,-2.873976,0.945,0.88,-27.834341,0.0,40,-27.834341,-22.931866324999998,2.164156962401773,8.274777999999998,1.7943929999999995,PXR_octant,0.501339130054979,0.02283337329132854,2.164156962401773
CHEMBL1561576,O=[N+]([O-])c1cc(-c2nc(-c3ccncc3)no2)cc([N+](=O)[O-])c1,1,-0.83964,-32.763901,3.623438,-2.975511,0.105,0.03,-32.955616,0.0,60,-32.955616,-26.77507456666666,1.4858919105063289,8.437207999999998,3.133355999999999,PXR_octant,0.641642534694368,0.029858123121457754,1.4858919105063289
CHEMBL1566956,COc1cc(C(=O)NC2CCCNC2)cc(OC)c1OC,1,7.256509,-25.122835,17.255747,-1.201513,5.014,1.98,-1.812091,0.0,32,-1.812091,6.32251465625,4.413667648431131,15.027409,0.9230399999999999,PXR_octant,0.127250790316443,0.02871475445219325,4.413667648431131
CHEMBL1569192,CCOC(=O)Cc1cc(-c2ccc(O)cc2)nc2ccc3ccccc3c12,1,-2.840057,-29.532232,6.118431,-4.22357,2.849,1.82,-30.477427,0.0,14,-30.477427,-27.396329857142856,2.73629390685402,7.3072649999999975,0.1323989999999995,PXR_octant,0.7550658332541853,0.018740980505071773,2.73629390685402
CHEMBL1576,C#CC1(OC(N)=O)CCCCC1,1,-1.549897,-16.716743,3.613158,-0.478725,6.839,4.67,-15.132208,0.0,20,-15.132208,-10.48951675,2.0967004559313485,8.064219000000001,1.611645000000001,PXR_octant,0.14647631084033397,0.027911384393268738,2.0967004559313485
CHEMBL1576542,N#C/C(=C/c1ccccc1)c1nn(CCO)c(N)c1C#N,1,-5.453648,-24.501534,5.360335,-1.208842,7.553,3.09,-25.803688,0.0,40,-25.803688,-20.336519325,3.138046855708723,10.268264,0.3023760000000024,PXR_octant,0.37985384046646525,0.027510102877188285,3.138046855708723
CHEMBL1577703,Cc1c(-c2cc[nH]n2)cc(NC(=O)c2ccc(Cl)cc2)c(=O)n1N,1,-2.739892,-31.681044,7.840191,-2.95234,5.658,2.64,-29.533085,0.0,23,-29.533085,-23.515394565217388,5.90265124266418,21.482185,0.17368099999999842,PXR_octant,0.6772891213026626,0.013095496554086218,5.90265124266418
CHEMBL1577852,O=C(CN1CCOCC1)Nc1nc2ccc([N+](=O)[O-])cc2s1,1,-0.332126,-30.814259,5.905042,-2.195801,2.953,1.78,-27.437145,0.0,90,-27.437145,-23.613714855555553,3.403196726482308,18.249394000000002,0.03235800000000211,PXR_octant,0.5036113519618423,0.014192480045316935,3.403196726482308
CHEMBL1578889,CCOCC(=O)Nc1cccc(-c2nc3cccnc3s2)c1C,1,0.163403,-27.693985,6.318862,-2.910664,6.265,2.65,-24.122383,0.0,40,-24.122383,-22.917333875,0.674413775948822,2.8104039999999983,0.5352759999999996,PXR_octant,0.6017831857284639,0.01525846552251245,0.674413775948822
CHEMBL1580,OC[C@H]1O[C@@H](n2cnc3c2N=CNC[C@H]3O)C[C@@H]1O,1,-5.691412,-21.662832,6.790629,3.350568,3.125,1.83,-17.213049,0.0,40,-17.213049,-13.431015574999998,1.368457140589018,6.054896000000001,1.3061950000000024,PXR_octant,0.020722695739495894,0.00606649633186549,1.368457140589018
CHEMBL1584969,COc1cccc2c(O)c3cccc(N)c3nc12,1,-1.700386,-19.978153,3.811079,-1.9001,0.799,0.79,-19.767561,0.0,20,-19.767561,-17.385947899999994,1.7506247820745207,3.7179090000000024,0.005568000000000239,PXR_octant,0.2349711070315696,0.02008896791124877,1.7506247820745207
CHEMBL1589,CC(=O)c1ccc(S(=O)(=O)NC(=O)NC2CCCCC2)cc1,1,-10.469293,-28.771763,25.237577,-1.456498,2.637,1.08,-15.459975,0.0,40,-15.459975,-5.671973325000001,5.06928793615186,18.706977000000002,0.9311109999999996,PXR_octant,0.16237557677573508,0.025065701279842922,5.06928793615186
CHEMBL1596262,CCCNc1nc(Cl)nc(Nc2ccc(Cl)cc2)n1,1,-0.382557,-31.280121,1.965327,-4.901036,3.369,1.59,-34.598389,0.0,40,-34.598389,-30.079996374999997,3.7137993142628503,9.385207999999999,0.18885499999999666,PXR_octant,0.8756302340977455,0.016265489386789275,3.7137993142628503
CHEMBL1598608,CN1C(=O)COc2c(C(=O)NC3CN4CCC3CC4)cc(Cl)cc21,1,0.695094,-31.040047,4.543831,-2.074256,2.381,1.78,-27.87538,0.0,40,-27.87538,-24.74953985,1.181955285233612,4.714545000000001,0.10535499999999942,PXR_octant,0.491620236332823,0.018447780673548343,1.181955285233612
CHEMBL16,O=C1NC(=O)C(c2ccccc2)(c2ccccc2)N1,1,-1.15348,-27.809542,3.859183,-3.035681,1.138,1.02,-28.139517,0.0,50,-28.139517,-21.6809477,3.564366909328816,11.379372,0.009611000000003145,PXR_octant,0.5553630012074418,0.020963691080518414,3.564366909328816
CHEMBL1600251,Cc1cc(C)nc(Nc2ncc(O)n2-c2ccccc2)n1,1,-0.479363,-27.034508,5.447388,-4.563294,4.153,3.02,-26.629776,0.0,32,-26.629776,-22.8340721875,2.0526398612091548,10.772984,0.021537999999999613,PXR_octant,0.759508570138624,0.023176503860666678,2.0526398612091548
CHEMBL1600434,COCC(=O)Nc1nnc(-c2cccs2)s1,1,-8.854446,-26.2542,18.922756,-1.503064,8.362,3.5,-17.688955,0.0,40,-17.688955,-14.777030450000002,1.306206669237711,5.057783000000001,0.19583300000000037,PXR_octant,0.28247785029770384,0.030835662744017465,1.306206669237711
CHEMBL1605416,Cc1csc(NC(=O)CSc2ccc3nnc(-c4ccncc4)n3n2)n1,1,0.504058,-38.361389,6.527341,-2.989732,6.26,2.24,-34.319721,0.0,180,-34.319721,-27.91333592777778,5.582271495726246,21.497053,0.0029260000000022046,PXR_octant,0.8099263956618711,0.019572294608549444,5.582271495726246
CHEMBL1605650,C[C@@H]1CCC[C@H](C)N1NC(=O)c1ccc(Cl)c(S(N)(=O)=O)c1,1,-4.55626,-29.058609,7.095634,-0.839775,1.436,1.04,-27.359009,0.0,40,-27.359009,-19.177491975,7.180286097286759,24.183927,0.07794399999999868,PXR_octant,0.26614960508419516,0.020822516631906273,7.180286097286759
CHEMBL163238,Cc1cccc(C)c1NC(=O)CC12CCCN1CCC2,1,7.403401,-24.216726,8.116298,-4.353156,1.737,1.35,-13.050182,0.0,4,-13.050182,-10.492550249999999,1.9950500316468882,4.547055,2.0417489999999994,PXR_octant,0.5247306078245223,0.033663713784921646,1.9950500316468882
CHEMBL1643895,Cn1cc(C(=O)[C@@H]2CCc3[nH]cnc3C2)c2ccccc21,1,-0.759805,-28.364946,8.210628,-4.360116,2.683,2.39,-25.274239,0.0,80,-25.274239,-21.784374050000004,2.81742240082814,12.925404000000002,0.005615999999999843,PXR_octant,0.6977541241622487,0.022466740788426313,2.81742240082814
CHEMBL165790,CC(C)Oc1ccc2c(=O)c(-c3ccccc3)coc2c1,1,-2.747116,-28.085197,4.575542,-4.55132,5.757,3.05,-30.80809,0.0,40,-30.80809,-26.1956213,3.936324279760036,11.895938999999998,0.034773000000001275,PXR_octant,0.8250174566347792,0.01869118880569167,3.936324279760036
CHEMBL1672352,CC(C)(C)Cc1c[nH]c(CC(C)(O)c2ccc(-c3ccc(F)cn3)cc2)n1,1,5.690192,-32.739853,8.176855,-4.108839,3.47,1.85,-22.981646,0.0,58,-22.981646,-12.610321637931033,8.005392270398014,27.369471,0.052839999999999776,PXR_octant,0.7283898552458661,0.023028593372211855,8.005392270398014
CHEMBL1697744,O=C(O)CSCC(=O)NC1CCSC1=O,1,-10.127832,-20.341549,23.377836,-1.448886,5.285,2.05,-8.540431,0.0,20,-8.540431,-4.684656550000001,1.7102366735361967,7.012961,1.790406,PXR_octant,0.1123425507294529,0.018488300976228538,1.7102366735361967
CHEMBL1697754,CC(C)OC(=O)C(C(=O)OC(C)C)=C1SC=CS1,1,-2.414637,-25.003181,4.026455,-4.251999,13.196,5.73,-27.643362,0.0,20,-27.643362,-23.14020585,1.8156460093441666,6.784413999999998,1.9107890000000012,PXR_octant,0.8571653418346473,0.02886882408747948,1.8156460093441666
CHEMBL17,NS(=O)(=O)c1cc(Cl)c(Cl)c(S(N)(=O)=O)c1,1,-2.152341,-26.533592,5.330239,1.832756,0.042,0.02,-21.522938,0.0,20,-21.522938,-18.178311199999996,1.7170238295341647,6.568303,0.002826999999999913,PXR_octant,0.0556873827688309,0.011997927029992589,1.7170238295341647
CHEMBL1720065,CCCCCCCCCC(CC)c1ccc(S(=O)(=O)[O-])cc1,1,-8.397776,-28.430912,26.16584,-2.876056,2.385,1.62,-13.538905,0.0,1,-13.538905,-13.538905,,,,PXR_octant,0.26127352754633576,0.033569633929216816,
CHEMBL1730601,Oc1cc(O)c(Cl)cn1,1,-1.93779,-15.258716,4.469712,0.12025,0.0,0.0,-12.606545,0.0,20,-12.606545,-11.97827395,0.35696543220191884,1.4316320000000005,0.13624900000000117,PXR_octant,0.05414233430781616,0.010428399146596086,0.35696543220191884
CHEMBL1743304,N[C@@H](Cc1ccc(Oc2cc(I)c(O)c(I)c2)c(I)c1)C(=O)O,1,-7.004817,-27.761099,17.016514,-3.188961,5.664,2.44,-20.938362,0.0,18,-20.938362,-12.539533166666667,8.54949914311845,24.169674,0.08283400000000185,PXR_octant,0.5005745194229275,0.020404707987321507,8.54949914311845
CHEMBL1757,C[C@@H]1O[C@@H]1P(=O)(O)O,1,-10.86382,-12.074674,17.712196,1.162723,2.139,2.13,-4.063575,0.0,180,-4.063575,2.0166741833333335,6.744258221764488,27.106214,0.088422,PXR_octant,0.014580703717943374,0.00437548125283709,6.744258221764488
CHEMBL1765291,CC(C(=O)O)c1ccc2c(c1)CC(=O)c1ccccc1S2,1,-11.604609,-23.875166,19.249628,-4.45838,0.896,0.86,-20.688526,0.0,20,-20.688526,-18.079795299999997,3.6751083360099326,8.544861,0.024231000000000336,PXR_octant,0.47760098461190503,0.037392468778667684,3.6751083360099326
CHEMBL1771,COC(=O)[C@H](c1ccccc1Cl)N1CCc2sccc2C1,1,1.595627,-23.25695,2.828874,-3.241208,1.641,0.74,-22.073658,0.0,2,-22.073658,-21.1766255,1.2685955273894431,1.7940649999999998,1.7940649999999998,PXR_octant,0.48802295957751296,0.02293286317097073,1.2685955273894431
CHEMBL1773,CCCCCOC(=O)Nc1nc(=O)n([C@@H]2O[C@H](C)[C@@H](O)[C@H]2O)cc1F,1,-1.865899,-32.426071,8.349345,0.472375,4.549,1.59,-25.470249,0.0,40,-25.470249,-18.7209157,3.695723081452446,12.619155999999998,0.14720900000000015,PXR_octant,0.21141287551298849,0.02719584818130406,3.695723081452446
CHEMBL17860,CC(Oc1c(Cl)cccc1Cl)C1=NCCN1,1,8.962846,-22.59569,4.279793,-2.735842,3.934,1.98,-12.088893,0.0,40,-12.088893,-9.793377525,1.948538954891706,6.0269010000000005,0.004674000000001399,PXR_octant,0.36515681560436897,0.031785561437438305,1.948538954891706
CHEMBL178862,COc1ccc(-c2cc(=S)ss2)cc1,1,-4.775314,-21.453772,4.674642,-3.508152,0.033,0.01,-25.062595,0.0,40,-25.062595,-21.584848975,2.7679277686370773,7.084940000000003,0.0009270000000007883,PXR_octant,0.4688510422156916,0.03610338363587354,2.7679277686370773
CHEMBL181,CC1=Nc2ccc(Cl)cc2S(=O)(=O)N1,1,-5.84215,-20.600342,15.713356,-1.377374,0.0,0.0,-12.10651,0.0,20,-12.10651,-10.766967350000002,1.2108331112613624,3.728206,0.013659999999999783,PXR_octant,0.10162017358500078,0.014627753083275945,1.2108331112613624
CHEMBL18116,Cc1cccc(N2CC(CO)OC2=O)c1,1,-1.917259,-21.787117,5.983526,-1.593608,1.135,1.07,-19.314457,0.0,40,-19.314457,-17.217566875,1.469303836655954,5.079849000000001,0.09148000000000067,PXR_octant,0.21259952003317456,0.016098186601780338,1.469303836655954
CHEMBL1835918,Cc1ccc(N2CC(COc3ccc(-c4noc(C)n4)cc3)C2)nn1,1,-3.346055,-33.463882,6.150291,-2.277071,2.687,1.5,-32.936718,0.0,38,-32.936718,-26.862099342105264,5.144659179229846,17.518082999999997,0.031020999999995524,PXR_octant,0.5937173682070334,0.021077037562938123,5.144659179229846
CHEMBL185,O=c1[nH]cc(F)c(=O)[nH]1,1,-5.313659,-11.389221,5.7019,0.334429,0.0,0.0,-10.666553,0.0,80,-10.666553,-5.820955125,3.768721681387334,11.954508,0.5420790000000011,PXR_octant,0.03537127055893638,0.008284823172745629,3.768721681387334
CHEMBL1851805,CCN(CC)CC(=O)Oc1ccc(NC(C)=O)cc1,1,-0.505309,-28.718838,5.915352,-2.255893,13.287,6.16,-25.564688,0.0,40,-25.564688,-22.701503925,1.5902898097466287,7.131876000000002,0.0637420000000013,PXR_octant,0.690795758047516,0.04756498807720915,1.5902898097466287
CHEMBL188921,COc1cc(OC)c(C(=O)CCCN2CCCC2)c(OC)c1,1,5.196169,-24.479668,8.519581,-3.409459,6.441,1.87,-14.173376,0.0,40,-14.173376,-10.091517275000001,3.4333604669566027,12.368250999999999,0.019408999999999565,PXR_octant,0.5272914342401805,0.03662933303544486,3.4333604669566027
CHEMBL189,Cc1[nH]c(=O)c(C#N)cc1-c1ccncc1,1,-1.51827,-21.219769,6.284954,-2.100582,0.681,0.68,-18.553667,0.0,160,-18.553667,-12.53110999375,3.3726162094369947,14.756748000000002,0.4191299999999991,PXR_octant,0.2421824821869793,0.017588055369652814,3.3726162094369947
CHEMBL1080648,CC(C)Oc1cc(-n2nc(C(C)(C)C)oc2=O)c(Cl)cc1Cl,1,-1.818369,-25.763226,3.128112,-3.751503,4.787,2.23,-28.204985,0.0,40,-28.204985,-18.505996325,5.314182372296866,18.951588,2.3046539999999993,PXR_octant,0.7045068281663138,0.019796817187549345,5.314182372296866
CHEMBL1091720,CCC(C)(C)Cc1c[nH]c(CCc2ccc(-c3ccccn3)cc2)n1,1,0.095879,-30.388281,4.196138,-5.388376,5.93,1.83,-31.48464,0.0,56,-31.48464,-19.580393589285713,6.674130572481196,26.337314,1.0024409999999975,PXR_octant,0.903354283264105,0.013877636561304314,6.674130572481196
CHEMBL1295,Clc1ccc(CCC(Cn2ccnc2)Sc2c(Cl)cccc2Cl)cc1,1,-2.253097,-29.806952,3.146955,-6.40618,4.973,1.5,-35.319275,0.0,7,-35.319275,-28.08823357142857,4.620085636285826,12.342807999999998,2.3330079999999995,PXR_octant,0.9435708417444622,0.011675241389101122,4.620085636285826
CHEMBL134342,O=C(O)CCCC[C@@H]1CCSS1,1,-8.7541,-16.266724,18.447773,-3.956419,3.308,2.0,-10.52947,0.0,20,-10.52947,-8.90833605,1.1852055891619315,3.827158,0.12074100000000065,PXR_octant,0.28588325531967657,0.031841434963989404,1.1852055891619315
CHEMBL1480987,CC1CC(OC(=O)C(O)c2ccccc2)CC(C)(C)C1,1,-1.311379,-24.031347,2.400841,-3.903941,6.75,4.05,-26.845825,0.0,40,-26.845825,-20.234321599999998,2.539902990676055,10.791118,0.4128450000000008,PXR_octant,0.7254311670827753,0.031192594332083972,2.539902990676055
CHEMBL1591365,COc1cccc(N(C)C(=S)Oc2ccc3c(c2)CCCC3)n1,1,-1.043705,-29.050951,5.557524,-3.60509,8.4,3.75,-28.142223,0.0,40,-28.142223,-23.68028495,1.2740128342421397,7.077804,2.4207990000000024,PXR_octant,0.7733692030940404,0.020275014709052484,1.2740128342421397
CHEMBL1670,Clc1ccc(C(c2ccccc2Cl)C(Cl)Cl)cc1,1,-1.60233,-24.80743,1.344882,-4.703306,2.597,1.83,-29.768183,0.0,14,-29.768183,-27.626907571428575,1.0678192898441137,3.6527390000000004,0.1036059999999992,PXR_octant,0.7726653117088834,0.02676115769862996,1.0678192898441137
CHEMBL2103827,N[C@H](C(=O)O)[C@H](O)c1ccc(O)c(O)c1,1,-3.735984,-18.03249,11.957908,1.632507,2.625,1.5,-8.17806,0.0,20,-8.17806,-6.7893045,0.9903350458591221,3.830095,0.12943800000000039,PXR_octant,0.02418230128717206,0.0063353000440491865,0.9903350458591221
CHEMBL2103870,Cc1ccc(NC(=O)C2(c3ccc4c(c3)OC(F)(F)O4)CC2)nc1-c1cccc(C(=O)O)c1,1,-6.80523,-18.732128,35.531742,-5.769773,2.212,0.9,4.224612,0.0,20,4.224612,5.282458700000001,0.48498010933603203,1.8569790000000008,0.3405900000000006,PXR_octant,0.27274409065909916,0.05667599305253138,0.48498010933603203
CHEMBL27289,C=C(c1ccccc1OCc1cccc(Cl)c1)n1ccnc1,1,-0.640449,-31.830706,3.374362,-5.507967,4.27,1.74,-34.604755,0.0,60,-34.604755,-28.619219466666667,3.9086567339323786,16.054934999999997,0.14007900000000006,PXR_octant,0.9128193080214214,0.01336140592386075,3.9086567339323786
CHEMBL29609,Cc1cc(CCCOc2c(C)cc(-c3noc(C(F)(F)F)n3)cc2C)on1,1,-1.368756,-28.627224,3.174292,-3.413245,7.962,2.31,-30.234934,0.0,5,-30.234934,-25.0365648,5.796518322362762,13.212267,1.0793169999999996,PXR_octant,0.7786232536637256,0.022404403782161113,5.796518322362762
CHEMBL306764,CCCn1c(C)c(C(=O)c2cccc3ccccc23)c2ccccc21,1,-1.334418,-32.328579,5.343794,-6.143864,4.218,2.38,-34.463066,0.0,35,-34.463066,-24.72797534285714,8.219294863236769,22.491574,0.18148000000000053,PXR_octant,0.9315257966874135,0.012318660384483184,8.219294863236769
CHEMBL1213603,CCNC1=N[C@@H]2[C@@H](O)[C@H](O)[C@@H](CO)O[C@@H]2S1,1,-3.883494,-18.175722,4.086068,2.906184,0.812,0.65,-15.066964,0.0,80,-15.066964,-11.3571124375,1.5512197139958896,6.219708000000001,0.8726440000000011,PXR_octant,0.01803911260698427,0.005248503466677162,1.5512197139958896
CHEMBL1289110,CN1c2ccccc2C(NCCCCCCC(=O)O)c2ccc(Cl)cc2S1(=O)=O,1,-1.560618,-29.53504,28.19256,-4.827518,9.248,1.62,-7.730615,0.0,28,-7.730615,-7.365360249999999,0.35111838447828225,1.5884369999999999,0.0019460000000002253,PXR_octant,0.6281103244830899,0.06887418951907212,0.35111838447828225
CHEMBL1605,Nc1nc(/C(=C/CC(=O)O)C(=O)N[C@@H]2C(=O)N3C(C(=O)O)=CCS[C@H]23)cs1,1,-16.796043,-26.426435,67.510094,-2.351948,9.394,2.73,21.935665,0.0,2,21.935665,21.969285,0.04754585996698218,0.06723999999999819,0.06723999999999819,PXR_octant,0.03769015149850192,0.02512809729535148,0.04754585996698218
CHEMBL1614658,NC(=O)OC[C@@H]1[C@H](NC(=O)/C(=N\OCC(=O)O)c2csc(N)n2)C(=O)N1S(=O)(=O)O,1,-16.137436,-33.665199,53.248032,2.918686,23.937,4.05,6.364082,0.0,10,6.364082,11.044700299999999,5.4605883852907695,14.713705000000001,0.18352099999999982,PXR_octant,0.04926328462221624,0.041009345860709645,5.4605883852907695
CHEMBL1619,Nc1nc(Cl)nc2c1ncn2[C@H]1C[C@H](O)[C@@H](CO)O1,1,-5.24472,-25.524288,5.628711,1.863101,2.011,1.94,-23.277197,0.0,40,-23.277197,-18.290467325,2.2058582155512494,10.019903000000001,0.9059030000000021,PXR_octant,0.06161761883322758,0.012483959720674034,2.2058582155512494
CHEMBL1631095,NC(=O)c1cc(C(N)=O)n(-c2cccc(-c3cc(C(F)(F)F)ccc3C(F)(F)F)c2)n1,1,-4.036093,-32.156551,5.022544,-1.844242,5.003,2.4,-33.014339,0.0,17,-33.014339,-25.603063470588236,5.814449231904289,17.777352999999998,0.25598500000000257,PXR_octant,0.5811738300507457,0.019745356622094017,5.814449231904289
CHEMBL1643,NC(=O)c1ncn([C@@H]2O[C@H](CO)[C@@H](O)[C@H]2O)n1,1,-7.589617,-19.393766,6.593973,3.421501,2.462,1.92,-16.967909,0.0,40,-16.967909,-14.096274500000002,1.4895447008469331,5.3078129999999994,0.5573959999999971,PXR_octant,0.016327699081357772,0.004991196181792724,1.4895447008469331
CHEMBL1730,CO/N=C(\C(=O)N[C@@H]1C(=O)N2C(C(=O)O)=C(COC(C)=O)CS[C@H]12)c1csc(N)n1,1,-13.499078,-31.011665,36.434536,-2.572362,14.924,3.98,-10.648568,0.0,6,-10.648568,-5.593870666666667,4.095072910745872,10.133866999999999,0.5773759999999992,PXR_octant,0.43425806366617986,0.08492245546141561,4.095072910745872
CHEMBL174,CC1(C)S[C@@H]2[C@H](NC(=O)[C@H](N)c3ccccc3)C(=O)N2[C@H]1C(=O)O,1,-8.593629,-27.017384,21.750011,-1.667652,2.853,1.51,-15.528651,0.0,44,-15.528651,-1.2691573181818177,9.878099641313792,30.349021999999998,0.26576799999999956,PXR_octant,0.18281227453934426,0.022016066702784238,9.878099641313792
CHEMBL1760,CC(C)(C)NCC(O)c1cc(O)cc(O)c1,1,1.862844,-17.624462,2.061624,1.159411,3.522,1.83,-12.540583,0.0,20,-12.540583,-10.33121765,1.5305418566875097,6.542443,0.47044200000000025,PXR_octant,0.053064602771899255,0.010889352509787304,1.5305418566875097
CHEMBL1760682,Cn1c(-c2ccc(N)cc2)nnc1C1(c2ccc(Cl)cc2)CCC1,1,-0.64598,-30.181738,5.685943,-3.863266,2.817,1.49,-29.005043,0.0,20,-29.005043,-27.25964305,2.92519553452338,10.089094,0.005849999999998801,PXR_octant,0.7197334402384357,0.015707579328196945,2.92519553452338
CHEMBL2110732,COc1cc2ncnc(Nc3ccc(F)c(Cl)c3)c2cc1NC(=O)/C=C/CN1CCCCC1,1,10.766685,-11.483374,14.329831,-6.452116,2.954,0.87,7.161026,0.0,1,7.161026,7.161026,,,,PXR_octant,0.42694635723101676,0.07274740535836538,
CHEMBL267930,O=C(CCCN1CCC2(CC1)C(=O)NCN2c1ccccc1)c1ccc(F)cc1,1,6.330691,-19.046391,7.266434,-4.297209,6.108,1.62,-9.746474,0.0,1,-9.746474,-9.746474,,,,PXR_octant,0.532931550904776,0.04655091021706559,
CHEMBL277945,CCN1CCCC1CNC(=O)c1cc(S(=O)(=O)CC)ccc1OC,1,6.615684,-24.807861,7.454806,-2.678675,3.177,1.5,-13.416045,0.0,40,-13.416045,-9.169964275000002,5.368541883091615,31.05219,0.5740809999999996,PXR_octant,0.35662704496596354,0.026452811018943007,5.368541883091615
CHEMBL297302,O=C(CCCN1CCC(n2c(=O)[nH]c3ccccc32)CC1)c1ccc(F)cc1,1,-1.029316,-36.929607,7.960069,-4.308313,3.941,1.78,-34.307167,0.0,106,-34.307167,-25.04460133962264,6.8310522292174065,30.979821,0.0003699999999966508,PXR_octant,0.8573984424657042,0.01556711401208268,6.8310522292174065
CHEMBL341812,CC(C)Cc1ccc(CC(=O)O)cc1,1,-16.903975,-16.012669,26.063402,-3.469255,1.499,1.04,-10.322495,0.0,20,-10.322495,-9.271671300000001,0.6348876255468656,1.997567,0.19796700000000023,PXR_octant,0.16310458468232447,0.028017962824827214,0.6348876255468656
CHEMBL4069598,O=C(CC1(c2ccc(F)cc2)C2CC3CC1CC(C2)C3O)N1CC(O)C1,1,-1.030925,-26.288534,4.643056,-0.950741,2.705,1.3,-23.627144,0.0,20,-23.627144,-19.60355645,1.6808365817992472,6.552138000000003,1.5236300000000007,PXR_octant,0.2627415376085874,0.016255400351087818,1.6808365817992472
CHEMBL4218423,O=C(O)CC1CN(S(=O)(=O)c2ccc(F)cc2)c2ccc(C(O)(C(F)(F)F)C(F)(F)F)cc2S1,1,-8.949286,-26.590633,26.822863,-3.20049,6.52,2.34,-11.917544,0.0,8,-11.917544,-4.7663593749999995,12.462720484250298,27.436326,0.08545799999999915,PXR_octant,0.34575118790404374,0.039904402845028296,12.462720484250298
CHEMBL434,CC(C)NCC(O)c1ccc(O)c(O)c1,1,6.386709,-16.861885,1.602377,0.441612,2.778,1.5,-8.431187,0.0,20,-8.431187,-8.11551745,0.23056607827063944,0.6509779999999994,0.022482000000000113,PXR_octant,0.06126885813832444,0.012321948636515217,0.23056607827063944
CHEMBL446,Cc1cc(C)nc(NS(=O)(=O)c2ccc(N)cc2)n1,1,-4.405584,-26.662893,6.139082,-0.969864,0.274,0.16,-25.89926,0.0,103,-25.89926,-10.156544689320391,6.911339054638726,24.124369,0.2595470000000013,PXR_octant,0.23235089901902595,0.021308728655770437,6.911339054638726
CHEMBL449,CCC(C)C1(CC)C(=O)NC(=O)NC1=O,1,-1.253886,-15.441602,1.887817,-0.899192,3.219,2.41,-15.706863,0.0,10,-15.706863,-9.7377109,3.7103082793482702,9.040982,1.031778000000001,PXR_octant,0.13593068059842012,0.020079711383648415,3.7103082793482702
CHEMBL4563301,OCc1cccn2c(C3(c4ccc(Cl)cc4)CC3)nnc12,1,-5.200749,-23.810165,3.756638,-3.505541,2.399,0.86,-28.759817,0.0,55,-28.759817,-25.10815200000001,3.9801547835164373,16.482931,0.07200000000000273,PXR_octant,0.5989803197781296,0.02977013545289487,3.9801547835164373
CHEMBL477,Nc1ncnc2c1ncn2[C@@H]1O[C@H](CO)[C@@H](O)[C@H]1O,1,-14.263847,-19.324997,6.490511,2.968474,2.6,2.1,-24.12986,0.0,40,-24.12986,-20.2109993,1.6451458737905469,8.129395000000002,0.3682079999999992,PXR_octant,0.026439548506450295,0.007841829006642796,1.6451458737905469
CHEMBL4786793,C[C@H](c1ccccc1)N(C(=O)c1ccccc1)[C@@H](C(N)=O)c1ccccc1,1,1.866624,-30.235249,6.994469,-3.93404,5.069,1.87,-25.308197,0.0,1,-25.308197,-25.308197,,,,PXR_octant,0.7382271721003576,0.016075320228804584,
CHEMBL527,CN1C(C(=O)Nc2ccccn2)=C(O)c2ccccc2S1(=O)=O,1,-10.068583,-29.221552,24.131338,-2.095811,2.384,2.33,-17.254608,0.0,36,-17.254608,-13.385967611111111,1.9950154924406016,8.757271000000001,1.1890099999999997,PXR_octant,0.2252347216308124,0.031222306479969295,1.9950154924406016
CHEMBL5279479,COc1ccc(OC)c(-n2nnc(C(=O)Nc3cccc(N(C)C)c3)c2C)c1,1,-0.739323,-36.856747,6.658085,-2.41533,5.555,2.34,-33.353313,0.0,41,-33.353313,-29.58639297560975,5.634691793832022,22.133316999999998,0.04085100000000352,PXR_octant,0.7176351051979237,0.021049802894652022,5.634691793832022
CHEMBL5314924,Cc1ccc([C@H]2C[C@@H]2COc2cc(NCc3nnc(C)s3)nc(C)n2)nc1,1,-0.458944,-33.896317,5.819217,-1.756436,7.481,3.34,-30.292479,0.0,5,-30.292479,-26.896228999999998,5.4095125886523725,12.851320999999999,0.12345499999999987,PXR_octant,0.6212338361128853,0.025900272750122095,5.4095125886523725
CHEMBL5408469,NC(=O)c1cc(Cn2cc(-c3c(-c4ccc(Cl)cc4)nc4ccccn34)nn2)ccc1Cl,1,-1.42974,-42.909279,10.438902,-4.595581,5.199,1.87,-38.495697,0.0,15,-38.495697,-33.342428000000005,3.5049975284388672,12.229617999999999,0.8399890000000028,PXR_octant,0.9225409438531471,0.013365202877634126,3.5049975284388672
CHEMBL546,C=CCOc1ccccc1OCC(O)CNC(C)C,1,7.453846,-22.233789,3.241454,-2.55473,7.809,2.32,-14.093221,0.0,20,-14.093221,-11.8918884,0.7156739312076782,2.8861089999999994,0.3735540000000004,PXR_octant,0.4589636944115948,0.04416761009881648,0.7156739312076782
CHEMBL572,O=C1CN(/N=C/c2ccc([N+](=O)[O-])o2)C(=O)N1,1,-5.732046,-24.758127,12.587312,0.119332,0.892,0.74,-17.783529,0.0,40,-17.783529,-11.9455407,2.1625948322936,9.67289,1.4510460000000016,PXR_octant,0.08617574616627563,0.013085798566066644,2.1625948322936
CHEMBL577,C[C@H](N[C@@H](CCc1ccccc1)C(=O)O)C(=O)N1CCC[C@H]1C(=O)O,1,-19.544683,-25.805382,75.166924,-3.563529,4.61,1.03,26.253326,0.0,6,26.253326,27.072593833333332,1.1165985332649184,2.8674800000000005,0.014025000000000176,PXR_octant,0.03074452365555207,0.023028046431917654,1.1165985332649184
CHEMBL646,Cc1nnc2n1-c1ccc(Cl)cc1C(c1ccccc1Cl)=NC2,1,-2.170253,-27.089249,5.417806,-4.5242,2.09,2.09,-28.365896,0.0,2,-28.365896,-27.838459999999998,0.7459071444838155,1.0548719999999996,1.0548719999999996,PXR_octant,0.7318204165032303,0.025371544244813367,0.7459071444838155
CHEMBL686,Cc1cccc(Nc2ccccc2C(=O)O)c1C,1,-19.635286,-23.470406,31.547333,-3.793571,1.611,1.53,-15.351928,0.0,40,-15.351928,-11.791051999999999,2.548006240186659,7.389891999999999,0.05786299999999933,PXR_octant,0.2594229193644063,0.04251804908092529,2.548006240186659
CHEMBL6995,CC(=O)Nc1ccc(OCC(O)CNC(C)C)cc1,1,5.463149,-26.821821,11.310524,-0.684485,9.132,2.09,-10.732634,0.0,20,-10.732634,-8.697418549999998,1.7179323808773723,5.831407,0.09949399999999997,PXR_octant,0.23980057417925413,0.0464495005448661,1.7179323808773723
CHEMBL700,Nc1ccc(S(=O)(=O)Nc2ccccn2)cc1,1,-10.577034,-21.661951,21.771191,-0.724635,0.994,0.6,-11.192428,0.0,40,-11.192428,-9.01655765,2.303052221855391,7.518594,0.05339999999999989,PXR_octant,0.06714298193807239,0.012675360702914126,2.303052221855391
CHEMBL803,Nc1ccn([C@@H]2O[C@H](CO)[C@@H](O)[C@@H]2O)c(=O)n1,1,-6.579155,-17.765341,8.355912,3.315459,2.392,1.94,-12.673124,0.0,40,-12.673124,-10.75581455,0.8207654226671574,3.8518679999999996,0.06598400000000026,PXR_octant,0.012704926282471557,0.004054374470310803,0.8207654226671574
CHEMBL891,Cc1onc(-c2ccccc2Cl)c1C(=O)N[C@@H]1C(=O)N2[C@@H]1SC(C)(C)[C@@H]2C(=O)O,1,-5.101694,-30.921724,30.937868,-3.734847,7.413,2.73,-8.820397,0.0,9,-8.820397,2.903956111111111,7.363813210254631,23.665316,8.861820999999999,PXR_octant,0.43470605929079636,0.06034076583484213,7.363813210254631
CHEMBL9,CCn1cc(C(=O)O)c(=O)c2cc(F)c(N3CCNCC3)cc21,1,2.307374,-25.552628,55.481739,-2.999045,5.579,4.36,29.237444,0.0,1,29.237444,29.237444,,,,PXR_octant,0.03911663240937779,0.026001953983629186,
CHEMBL1006,NCCCNCCSP(=O)(O)O,1,-12.839794,-12.420373,45.219643,-0.906345,4.818,1.62,19.053131,0.0,40,19.053131,31.873496350000003,5.919415961222346,30.331452,5.607620000000001,PXR_octant,0.011205421020012105,0.006135198465692642,5.919415961222346
CHEMBL101326,N#Cc1nn(-c2c(Cl)cc(C(F)(F)F)cc2Cl)c(N)c1[S+]([O-])C(F)(F)F,1,-1.961405,-28.354269,3.156702,-2.958055,2.032,1.15,-30.117027,0.0,22,-30.117027,-28.972831227272728,2.1992716224455715,8.318262,0.014292999999998557,PXR_octant,0.598338391777832,0.02004457657181394,2.1992716224455715
CHEMBL1016,CCOc1nc2cccc(C(=O)O)c2n1Cc1ccc(-c2ccccc2-c2nnn[nH]2)cc1,1,-9.441388,-37.656654,67.017197,-4.481884,8.886,2.65,15.437271,0.0,3,15.437271,29.209789333333333,11.985920740140589,21.842247,19.475308,PXR_octant,0.21225942287354488,0.09997404299317929,11.985920740140589
CHEMBL1018,C/C=C(C(=C/C)/c1ccc(O)cc1)\c1ccc(O)cc1,1,-0.386044,-24.843361,2.571856,-2.14605,6.896,2.59,-24.803596,0.0,8,-24.803596,-24.32865325,0.280904545569563,0.8935999999999993,0.15885499999999908,PXR_octant,0.5139353656920377,0.02424567591594995,0.280904545569563
CHEMBL1024,O=P1(NCCCl)OCCCN1CCCl,1,-3.089134,-20.026131,3.518955,-1.607557,2.274,1.59,-21.203867,0.0,40,-21.203867,-16.676968975,1.740321106963685,6.958848999999999,0.8259469999999993,PXR_octant,0.2412762061427913,0.020655233897136988,1.740321106963685
CHEMBL1029,CCCCN1C[C@H](O)[C@@H](O)[C@H](O)[C@H]1CO,1,0.960788,-13.5315,2.513019,2.076073,3.115,1.59,-7.981621,0.0,20,-7.981621,-5.229007600000001,1.4444980763946456,4.982518,0.14407799999999948,PXR_octant,0.02184546334474037,0.006158612320373372,1.4444980763946456
CHEMBL1043,Nc1ccc(S(=O)(=O)c2ccc(N)cc2)cc1,1,-2.563576,-21.44838,4.97146,-0.248326,0.048,0.02,-19.28882,0.0,4,-19.28882,-18.795916,0.5353482157175834,0.9878500000000017,0.06068400000000196,PXR_octant,0.10979886896978325,0.014891037544534072,0.5353482157175834
CHEMBL1055,NS(=O)(=O)c1cc(C2(O)NC(=O)c3ccccc32)ccc1Cl,1,-6.682077,-29.700006,6.387465,0.370459,0.331,0.3,-29.624159,0.0,40,-29.624159,-23.37084145,3.2578325470252567,10.854385999999998,0.40183099999999783,PXR_octant,0.1662262536880336,0.023535033932838553,3.2578325470252567
CHEMBL1059,CC(C)C[C@H](CN)CC(=O)O,1,-4.424945,-11.770103,12.887443,-1.471589,5.704,1.85,-4.779193,0.0,20,-4.779193,0.51420105,3.936447943201833,14.871186000000002,1.3219200000000004,PXR_octant,0.09549159768992574,0.017688140247122456,3.936447943201833
CHEMBL1070,COc1ccc2cc(CCC(C)=O)ccc2c1,1,-1.651579,-26.959793,4.05393,-3.348054,1.669,1.65,-27.905495,0.0,20,-27.905495,-27.684457349999995,0.12430810462136083,0.4256019999999978,0.026428999999996705,PXR_octant,0.5896443766116883,0.022755186474335318,0.12430810462136083
CHEMBL1075733,CCC(C)C(CC)C(N)=O,1,-0.323265,-16.783051,3.84501,-0.069788,1.573,0.52,-13.331093,0.0,20,-13.331093,-9.45251685,1.5212455506294582,5.872297999999999,0.8066169999999993,PXR_octant,0.07741021596943018,0.01266670236367968,1.5212455506294582
CHEMBL1076903,c1cnc2cc3c(cc2n1)[C@@H]1CNC[C@H]3C1,1,7.32433,-20.903431,7.383096,-1.568749,0.0,0.0,-7.764755,0.0,20,-7.764755,-7.000629600000001,1.189567999076728,4.110956,0.09909500000000016,PXR_octant,0.131033297430751,0.02006806839767096,1.189567999076728
CHEMBL1078261,CCCOC(C(=O)OC1CCN(C)CC1)(c1ccccc1)c1ccccc1,1,7.086854,-30.486629,11.874721,-6.211211,5.736,1.62,-17.736267,0.0,1,-17.736267,-17.736267,,,,PXR_octant,0.8708231017009674,0.0233250702560349,
CHEMBL109037,NC(Cc1cc(O)c(O)cc1O)C(=O)O,1,-3.022922,-17.382582,10.542507,1.767236,2.94,1.75,-8.095761,0.0,20,-8.095761,-7.12680735,0.9879075792002469,3.627166,0.007218999999999198,PXR_octant,0.02334696996875429,0.006184450978424588,0.9879075792002469
CHEMBL1094,NC(=O)OCC(COC(N)=O)c1ccccc1,1,-0.312206,-22.31805,4.608541,0.38877,15.897,4.05,-17.632948,0.0,20,-17.632948,-15.074739699999999,1.1681452196278868,4.680649999999998,1.3097359999999973,PXR_octant,0.29826410488706917,0.06867958628088357,1.1681452196278868
CHEMBL1095,CCN1C(=O)NC(c2ccccc2)C1=O,1,-0.933064,-21.939388,3.32995,-2.182271,0.12,0.1,-21.724773,0.0,40,-21.724773,-17.709389075,1.394673852142967,5.878041,0.6792449999999981,PXR_octant,0.29434749819864453,0.023184542991762855,1.394673852142967
CHEMBL1096,CC(C)c1ccc2oc3nc(N)c(C(=O)O)cc3c(=O)c2c1,1,-10.554088,-29.230726,25.204863,-2.031747,0.068,0.03,-16.611698,0.0,20,-16.611698,-10.2774814,4.230899285912523,20.095652,0.32871800000000206,PXR_octant,0.1828932863080373,0.028965582506726737,4.230899285912523
CHEMBL1097235,NS(=O)(=O)c1cc(-c2nnn[nH]2)c(NCc2cccs2)cc1Cl,1,-11.27991,-31.583338,18.218893,0.138729,4.36,2.32,-24.505625,0.0,60,-24.505625,-15.423642166666667,5.4072038149095984,23.987551,0.012845999999999691,PXR_octant,0.1642506081865962,0.024837554248186462,5.4072038149095984
CHEMBL110,O=C(Cn1ccnc1[N+](=O)[O-])NCc1ccccc1,1,-3.903512,-27.668331,7.651698,-4.482495,6.801,2.36,-28.402639,0.0,40,-28.402639,-24.18098755,1.52662465782622,7.336523,1.716661000000002,PXR_octant,0.8065577111405732,0.017992002392525623,1.52662465782622
CHEMBL1110,Cc1[nH]cnc1CN1CCc2c(c3ccccc3n2C)C1=O,1,-0.635507,-31.145439,9.055465,-3.874739,1.507,0.94,-26.600218,0.0,40,-26.600218,-21.4571566,3.37527605845744,15.585219000000002,0.03570800000000318,PXR_octant,0.6629486724073028,0.019803946202950826,3.37527605845744
CHEMBL1114,Cn1cnc2c1c(=O)[nH]c(=O)n2C,1,-0.116621,-20.615316,5.725044,-1.830444,0.0,0.0,-16.837337,0.0,20,-16.837337,-16.250869450000003,0.5279701961242925,2.0136480000000017,0.11241100000000159,PXR_octant,0.19646902299211905,0.018648841134541176,0.5279701961242925
CHEMBL1129,O=c1[nH]c(=O)n([C@H]2C[C@H](O)[C@@H](CO)O2)cc1C(F)(F)F,1,-8.11981,-17.40136,5.865211,1.801532,3.474,2.1,-17.854427,0.0,40,-17.854427,-14.74654415,1.669339172056885,5.881330000000002,0.481027000000001,PXR_octant,0.03877873486125985,0.009100766580972218,1.669339172056885
CHEMBL1148,Cc1cccc(Nc2ccncc2S(=O)(=O)NC(=O)NC(C)C)c1,1,-7.249992,-28.817493,23.912855,-0.977282,3.094,1.47,-13.131912,0.0,24,-13.131912,-11.390978500000001,3.108165473619391,12.443135999999999,0.10436699999999988,PXR_octant,0.13127130562372866,0.02265793271458743,3.108165473619391
CHEMBL11662,O=C(O)/C=C/c1ccc(Cn2ccnc2)cc1,1,-23.758904,-22.352617,34.109947,-4.055206,5.347,2.33,-16.056778,0.0,40,-16.056778,-12.880536074999998,2.012782187945669,8.099615,1.2217990000000007,PXR_octant,0.3375615973091987,0.0520759825528026,2.012782187945669
CHEMBL11672,CN(C(=O)c1c(O)c2ccccc2n(C)c1=O)c1ccccc1,1,-8.091471,-27.350636,24.019087,-3.216054,3.766,2.4,-14.639075,0.0,40,-14.639075,-12.925258725,1.6827637677088216,5.9856359999999995,0.29910300000000056,PXR_octant,0.3354811350203899,0.03339868197594606,1.6827637677088216
CHEMBL1169,Nc1ccc(C(=O)O)c(O)c1,1,-12.702936,-14.750536,20.714758,-0.205504,1.87,1.87,-6.944219,0.0,20,-6.944219,-3.11713425,1.3746918343357377,6.183261,2.3051000000000004,PXR_octant,0.03327207981969495,0.007887470183572864,1.3746918343357377
CHEMBL117287,COCCCN1CCC(NC(=O)c2cc(Cl)c(N)c3c2OCC3)CC1,1,8.116838,-29.367283,7.331015,-2.528583,6.116,1.62,-16.448013,0.0,1,-16.448013,-16.448013,,,,PXR_octant,0.5049521016767688,0.042163074126682645,
CHEMBL1173055,CNCc1ccc(-c2[nH]c3cc(F)cc4c3c2CCNC4=O)cc1,1,0.603725,-29.683207,11.149534,-2.251162,0.231,0.21,-20.181108,0.0,6,-20.181108,-15.862770000000003,6.043822871758933,16.24271,0.20607499999999845,PXR_octant,0.3302734409126033,0.024728517381124988,6.043822871758933
CHEMBL1175,CNCC[C@H](Oc1cccc2ccccc12)c1cccs1,1,5.698529,-28.860264,4.080276,-4.494782,5.9,2.64,-23.576241,0.0,40,-23.576241,-14.012258350000002,3.219464257227929,17.018092,1.4593050000000005,PXR_octant,0.7970629998884458,0.019722453418540568,3.219464257227929
CHEMBL117785,COc1cc2c(cc1OC)C1CC(=O)C(CC(C)C)CN1CC2,1,7.549556,-15.049128,10.650764,-3.475874,2.355,0.8,-0.324681,0.0,2,-0.324681,-0.25968800000000003,0.09191398205931456,0.129986,0.129986,PXR_octant,0.20431824011616154,0.03272869787827724,0.09191398205931456
CHEMBL1189679,O=C1c2cccc3c2[C@H](CCC3)CN1[C@@H]1CN2CCC1CC2,1,6.152355,-23.385998,12.790339,-4.116695,0.969,0.96,-8.559999,0.0,18,-8.559999,-6.109950277777778,1.6654914507750558,4.249071,0.033511999999999986,PXR_octant,0.3836517785734274,0.03628764856030933,1.6654914507750558
CHEMBL1194,CCCNC(C)C(=O)Nc1ccccc1C,1,9.23247,-22.208426,3.556395,-2.711128,3.574,1.47,-12.13069,0.0,20,-12.13069,-11.252312100000001,0.23540611410896733,1.200277999999999,0.6875970000000002,PXR_octant,0.35822697385331026,0.03217801692497837,0.23540611410896733
CHEMBL1199080,CC[N+](C)(C)Cc1ccccc1Br,1,5.62814,-16.199425,3.88294,-3.177957,1.183,1.16,-9.866302,0.0,20,-9.866302,-9.2133571,0.8656136577481895,3.028604999999999,0.019726999999999606,PXR_octant,0.2646592246145032,0.029478586882746915,0.8656136577481895
CHEMBL1200368,O=C(O)c1ccc(NC(=O)[C@H](Cc2ccc(O)cc2)NC(=O)c2ccccc2)cc1,1,-7.287169,-31.151598,37.306114,-4.040405,3.718,1.05,-5.173057,0.0,2,-5.173057,-3.7129595,2.0648896868870503,2.920195,2.920195,PXR_octant,0.3169828553663643,0.06266008024991233,2.0648896868870503
CHEMBL1200596,Oc1c(Cl)cc(Cl)c2cccnc12,1,-0.757005,-23.602533,3.161038,-1.480251,0.0,0.0,-22.678753,0.0,60,-22.678753,-14.819573033333333,4.059213452799041,12.930567,0.29702800000000096,PXR_octant,0.24499926577490494,0.021174516781088656,4.059213452799041
CHEMBL1200604,CCN(Cc1ccncc1)C(=O)C(CO)c1ccccc1,1,-1.434192,-27.244524,4.205704,-3.001794,3.677,1.5,-27.474804,0.0,26,-27.474804,-21.94147453846154,3.403103755827568,10.754182999999998,0.4465079999999979,PXR_octant,0.5963554420096606,0.01386761411143027,3.403103755827568
CHEMBL1200714,CN1C(=O)CCS(=O)(=O)C1c1ccc(Cl)cc1,1,0.342797,-25.311794,4.96208,-1.625575,0.111,0.11,-21.632492,0.0,38,-21.632492,-17.53147484210526,1.8209237241495828,6.606691,0.040385999999998035,PXR_octant,0.26121553121065033,0.019497797378215057,1.8209237241495828
CHEMBL1200790,CCC1(CC)C(=O)NCC(C)C1=O,1,-5.621891,-13.462674,3.456908,-0.631843,0.741,0.37,-16.259501,0.0,20,-16.259501,-12.454344650000001,1.8563423421536938,6.735956,0.39573900000000073,PXR_octant,0.08792680937448764,0.015506751947448077,1.8563423421536938
CHEMBL1201039,NS(=O)(=O)c1cc2c(cc1Cl)N=C(CSCc1ccccc1)NS2(=O)=O,1,-8.423979,-32.657249,19.626751,-0.155732,1.92,0.82,-21.61021,0.0,21,-21.61021,-18.93083076190476,3.9007901068115403,12.602616999999999,0.002898999999999319,PXR_octant,0.14683821587963433,0.024520718715775828,3.9007901068115403
CHEMBL1201117,COc1ccccc1OCC(O)COC(N)=O,1,-5.691422,-21.639297,5.47482,0.226236,4.755,1.94,-21.629663,0.0,20,-21.629663,-21.383030849999994,0.1688708919781696,0.673961000000002,0.04166400000000081,PXR_octant,0.13655774070032523,0.017884437750005193,0.1688708919781696
CHEMBL1201168,Cc1cc(C(=O)NNCc2ccccc2)no1,1,-3.643781,-25.390369,3.848193,-1.987422,3.606,2.64,-27.173378,0.0,40,-27.173378,-24.268872525,2.335933502358132,6.728400999999998,0.17021199999999936,PXR_octant,0.4216006925900562,0.02455911968156251,2.335933502358132
CHEMBL1201198,Cc1cccn2c(=O)c(-c3nnn[nH]3)cnc12,1,-23.551085,-24.033337,36.129784,-1.075005,2.644,2.64,-12.529641,0.0,80,-12.529641,-8.917363925,3.1418622223429558,9.51453,0.0035009999999999764,PXR_octant,0.06578337980684167,0.01811567086765717,3.1418622223429558
CHEMBL1201220,CC(=O)Nc1c(I)c(NC(C)=O)c(I)c(C(=O)O)c1I,1,-7.397241,-28.507292,23.864054,-2.613575,4.94,1.87,-14.654055,0.0,2,-14.654055,-13.8289575,1.1668640747801349,1.650195,1.650195,PXR_octant,0.3116209154118106,0.032603851216024625,1.1668640747801349
CHEMBL1201260,C/N=C(\NC)NCc1ccccc1,1,6.855742,-18.377209,1.469513,-2.806862,3.379,2.34,-12.858816,0.0,20,-12.858816,-10.465902400000001,0.8123274666536499,3.4721889999999984,0.9624939999999995,PXR_octant,0.3303288018084104,0.03232064996067402,0.8123274666536499
CHEMBL1201284,C[C@@H](NCCCc1cccc(C(F)(F)F)c1)c1cccc2ccccc12,1,7.030205,-29.647011,4.631236,-6.373784,5.392,2.12,-24.359352,0.0,22,-24.359352,-21.887334863636365,1.5924840141135093,4.88138,0.0563280000000006,PXR_octant,0.9161240413006964,0.014690356558278652,1.5924840141135093
CHEMBL1201319,C[C@H](N)[C@H](O)c1cccc(O)c1,1,5.376215,-15.237781,0.274253,0.059413,0.958,0.6,-9.527901,0.0,20,-9.527901,-8.55111365,0.7847844099710493,3.296024,0.0414860000000008,PXR_octant,0.06320212074157885,0.012196669407875943,0.7847844099710493
CHEMBL1201323,NCCc1cc[nH]n1,1,5.489545,-10.13756,2.286366,-0.255265,0.001,0.0,-2.616914,0.0,40,-2.616914,0.31536025,1.4102223775892853,5.985631,0.5062799999999998,PXR_octant,0.03908857554430722,0.009635370911683384,1.4102223775892853
CHEMBL1201338,CN(C)CCOC(=O)C(c1ccccc1)C1(O)CCCC1,1,5.203862,-23.027683,7.501432,-3.112661,2.643,1.39,-13.435051,0.0,40,-13.435051,-2.98176085,8.876740758222478,22.294243,1.0580369999999988,PXR_octant,0.37378418759595833,0.024207536858294715,8.876740758222478
CHEMBL1201356,CC[C@@H](CO)NC(=O)[C@@H]1C=C2c3cccc4[nH]cc(c34)C[C@H]2N(C)C1,1,6.758757,-26.874941,3.476241,-1.634391,2.787,1.5,-18.274336,0.0,16,-18.274336,-11.2277345625,5.982408342601074,23.333621,0.04226300000000194,PXR_octant,0.31843209294356906,0.02336759624011158,5.982408342601074
CHEMBL1201754,NC(=O)c1cn(Cc2c(F)cccc2F)nn1,1,-2.50114,-20.788717,4.015708,-1.167381,1.346,1.28,-20.441532,0.0,40,-20.441532,-17.529112875000003,0.9879519495673913,4.143502999999999,0.6793060000000004,PXR_octant,0.18672636343309879,0.017652333528572057,0.9879519495673913
CHEMBL1208,CCn1nc(C(=O)O)c(=O)c2cc3c(cc21)OCO3,1,-22.041054,-23.394602,35.535618,-2.362445,5.5,3.09,-12.262481,0.0,20,-12.262481,-9.08877175,2.293201551501901,5.929377,0.061662000000000106,PXR_octant,0.15320888401795485,0.03245809564533271,2.293201551501901
CHEMBL1240977,CN1CCCN=C1/C=C/c1cccc(O)c1,1,6.530415,-22.26091,4.592745,-2.25614,3.276,2.33,-13.393891,0.0,40,-13.393891,-10.065005925,1.752617490807954,6.214024,0.23783399999999943,PXR_octant,0.2926695832683649,0.025734570638581467,1.752617490807954
CHEMBL1256391,Cc1ccc(=O)n(-c2ccccc2)c1,1,-2.385976,-23.899736,6.201009,-3.757414,1.168,1.16,-23.842117,0.0,40,-23.842117,-19.732377274999997,1.948513320579051,7.132353999999999,0.15843399999999974,PXR_octant,0.5358092660611038,0.0245664665337919,1.948513320579051
CHEMBL1257030,O=C(O)c1nn(Cc2ccc(Cl)cc2Cl)c2ccccc12,1,-9.888484,-28.757038,23.124081,-4.714659,3.426,2.11,-20.236101,0.0,32,-20.236101,-13.090246937500002,3.9436573415521687,19.633884000000002,0.8148860000000013,PXR_octant,0.6015529795382935,0.035048400704669094,3.9436573415521687
CHEMBL126,CC(=O)NC[C@H]1CN(c2ccc(N3CCOCC3)c(F)c2)C(=O)O1,1,-3.29282,-29.676422,9.369682,-0.735005,4.555,1.61,-24.334564,0.0,25,-24.334564,-17.255077,2.9554817512793776,11.913541,1.132677000000001,PXR_octant,0.2872018446982612,0.021020620711563336,2.9554817512793776
CHEMBL589,CCCN(CCC)CCc1cccc2c1CC(=O)N2,1,7.033978,-27.569351,5.922115,-3.333813,4.519,1.16,-17.947071,0.0,20,-17.947071,-12.4682432,3.1344632713006715,10.614869000000002,1.2652,PXR_octant,0.573947530568214,0.03203994839773057,3.1344632713006715
CHEMBL590,CC1=CC(=O)c2ccccc2C1=O,1,-0.650462,-21.258377,3.104029,-2.788136,0.0,0.0,-21.592947,0.0,20,-21.592947,-20.1704957,1.0108514086184501,3.1089379999999984,0.08260299999999887,PXR_octant,0.35626772033218723,0.027721700934495025,1.0108514086184501
CHEMBL597452,Cc1cc(Nc2ccc(Br)cc2)n2nc(C)nc2n1,1,-0.026417,-27.695076,6.192604,-4.319757,3.757,2.28,-25.848646,0.0,40,-25.848646,-23.161735450000002,2.2469170616306857,14.847007999999999,0.797820999999999,PXR_octant,0.7287736479023508,0.017482064438318495,2.2469170616306857
CHEMBL600,CC(=O)N[C@@H](CS)C(=O)O,1,-10.852997,-11.269692,19.250101,-0.802695,3.422,1.83,-3.675282,0.0,20,-3.675282,-2.01561795,1.1642917129200314,4.075737,0.1146910000000001,PXR_octant,0.04125289337956503,0.009489484493637661,1.1642917129200314
CHEMBL601,NCC(=O)CCC(=O)O,1,-3.028717,-8.079549,15.901848,-0.553262,6.361,1.65,4.24032,0.0,40,4.24032,6.9995855,2.021961407591179,9.082113,0.05832400000000071,PXR_octant,0.03658742942001112,0.010822375248417497,2.021961407591179
CHEMBL607,CCOC(=O)C1(c2ccccc2)CCN(C)CC1,1,6.389144,-19.180229,4.884634,-3.57232,1.333,0.92,-11.478771,0.0,40,-11.478771,-7.012989350000001,4.180664294520433,13.596844,0.5746490000000009,PXR_octant,0.3566998067304318,0.030994882365615577,4.180664294520433
CHEMBL614,NC(=O)c1cnccn1,1,-1.348769,-17.290998,5.170094,1.250557,0.025,0.02,-12.219114,0.0,20,-12.219114,-11.131465649999999,0.5806201926859421,1.6781249999999996,0.08028899999999872,PXR_octant,0.03310859494267023,0.00771441914948843,0.5806201926859421
CHEMBL622,CCc1cccc2c3c([nH]c12)C(CC)(CC(=O)O)OCC3,1,-10.197075,-23.342407,22.859737,-3.970307,3.632,1.77,-14.650051,0.0,20,-14.650051,-12.490303149999999,0.5509598236554548,2.5727269999999987,1.7517219999999991,PXR_octant,0.3855802757456786,0.03172836446794577,0.5509598236554548
CHEMBL626,CN(C/C=C/c1ccccc1)Cc1cccc2ccccc12,1,3.753034,-32.655346,7.804605,-6.573537,2.191,1.22,-27.671246,0.0,80,-27.671246,-22.2003558125,6.401465101971517,20.600861000000002,0.15885199999999955,PXR_octant,0.9141028058011613,0.015240784078054409,6.401465101971517
CHEMBL628,CC(=O)CCCCn1c(=O)c2c(ncn2C)n(C)c1=O,1,-1.583373,-26.331495,7.296754,-3.412623,5.212,1.95,-24.030737,0.0,20,-24.030737,-20.529248250000002,3.2745089014936486,13.175674999999998,0.07254199999999855,PXR_octant,0.6165828192638125,0.0137726870209719,3.2745089014936486
CHEMBL631,CCCNCC(O)COc1ccccc1C(=O)CCc1ccccc1,1,3.518139,-32.881168,8.462896,-4.79635,11.327,2.92,-25.696484,0.0,29,-25.696484,-15.419014413793107,4.581673016405708,17.083672,1.855791,PXR_octant,0.9028319472756252,0.019594901278319685,4.581673016405708
CHEMBL637,COc1ccc(C(CN(C)C)C2(O)CCCCC2)cc1,1,7.342939,-18.870674,3.122169,-2.834535,1.068,0.35,-11.240101,0.0,1,-11.240101,-11.240101,,,,PXR_octant,0.2770754229704031,0.029057402439888476,
CHEMBL639,CN1CCCC(n2nc(Cc3ccc(Cl)cc3)c3ccccc3c2=O)CC1,1,8.183691,-29.203022,10.174201,-5.450109,3.501,2.16,-16.295238,0.0,6,-16.295238,-3.580263,8.55568869635802,22.33012,6.983325000000001,PXR_octant,0.7660055740525666,0.030286525869539362,8.55568869635802
CHEMBL641,CNCC[C@@H](Oc1ccccc1C)c1ccccc1,1,6.937743,-23.432661,4.099972,-3.95079,4.092,2.64,-16.345737,0.0,37,-16.345737,-13.483472945945946,3.709240258908052,14.362195,0.0035319999999998686,PXR_octant,0.5756363654012654,0.031179001642344092,3.709240258908052
CHEMBL652,O=C(NCC1CCCCN1)c1cc(OCC(F)(F)F)ccc1OCC(F)(F)F,1,1.58642,-23.780291,8.743054,-3.416301,9.27,2.31,-16.867117,0.0,24,-16.867117,-11.991958875,4.123106223410423,16.309666,0.13888000000000034,PXR_octant,0.6081709672316137,0.043198078927493236,4.123106223410423
CHEMBL660,NC12CC3CC(CC(C3)C1)C2,1,7.753653,-11.926343,0.726306,-2.133922,0.0,0.0,-5.580306,0.0,20,-5.580306,-0.8915167499999997,4.9146046318459184,16.596477,0.030682000000000542,PXR_octant,0.12526745651790777,0.02253845211550657,4.9146046318459184
CHEMBL668,CNCCCC1c2ccccc2C=Cc2ccccc21,1,8.386467,-25.434229,4.464419,-4.613489,2.044,1.62,-17.196833,0.0,19,-17.196833,-14.602270631578948,5.281273781193629,15.077703000000001,0.020823000000000036,PXR_octant,0.6490962576195767,0.03060342945594246,5.281273781193629
CHEMBL671,S=P(N1CC1)(N1CC1)N1CC1,1,-5.917546,-13.788459,7.937632,-1.319937,1.827,0.63,-13.08831,0.0,60,-13.08831,-7.15636105,1.9909123659554906,11.147812,1.0154479999999992,PXR_octant,0.10699932436472254,0.016022283811224943,1.9909123659554906
CHEMBL681,CCOC(=O)c1cncn1[C@H](C)c1ccccc1,1,-0.43161,-24.154161,3.241986,-3.851252,9.354,5.73,-25.195038,0.0,40,-25.195038,-23.353562450000002,1.4560664193313109,5.403233,0.06628200000000106,PXR_octant,0.745338805089335,0.04164531129518791,1.4560664193313109
CHEMBL695,CN1C(=O)OC(C)(C)C1=O,1,-2.927361,-12.423503,2.652397,-0.870287,0.0,0.0,-13.568754,0.0,20,-13.568754,-11.507370400000001,1.451665389834992,4.892013,0.4604949999999999,PXR_octant,0.08334060246230844,0.015136120617181127,1.451665389834992
CHEMBL696,CCC1(C)CC(=O)NC1=O,1,-3.407424,-13.057539,3.122891,-0.397327,0.44,0.44,-13.739399,0.0,20,-13.739399,-10.17875605,1.8091164652033433,6.597346000000001,0.5699970000000008,PXR_octant,0.06941572971117088,0.012777121551408137,1.8091164652033433
CHEMBL697,CN1C(=O)CC(C)(c2ccccc2)C1=O,1,-3.161761,-16.314653,3.531523,-2.809955,0.804,0.8,-18.754847,0.0,37,-18.754847,-15.62331110810811,0.9690380406151589,4.772252000000002,1.629443000000002,PXR_octant,0.28339816616030317,0.03020643802826246,0.9690380406151589
CHEMBL701,NCC(CC(=O)O)c1ccc(Cl)cc1,1,-8.761309,-18.363321,20.100771,-2.477964,4.83,1.51,-9.501823,0.0,20,-9.501823,-3.334856649999999,3.1200001497610335,10.555614,1.6226899999999995,PXR_octant,0.18104214835602744,0.022450870135077846,3.1200001497610335
CHEMBL70418,CN1C(=O)CC(=O)N(c2ccccc2)c2cc(Cl)ccc21,1,-11.35938,-23.825598,20.740208,-3.21218,1.155,1.15,-17.65695,0.0,40,-17.65695,-14.4296519,2.587131341560376,8.370408999999999,0.030629999999998603,PXR_octant,0.28689400373522667,0.027955892498997027,2.587131341560376
CHEMBL709,COc1cc2nc(N(C)CCCNC(=O)C3CCCO3)nc(N)c2cc1OC,1,2.182687,-21.635727,8.622468,-2.513791,3.692,1.0,-13.344364,0.0,2,-13.344364,-13.011029,0.47140687781363555,0.6666699999999999,0.6666699999999999,PXR_octant,0.3004310407236057,0.023241035698570587,0.47140687781363555
CHEMBL70927,Cc1c(O)c(=O)ccn1C,1,-9.410696,-13.429902,7.431969,-0.756008,0.0,0.0,-16.164639,0.0,20,-16.164639,-11.491332750000002,1.8848843952259797,7.233797000000001,1.6690030000000018,PXR_octant,0.0767449433708234,0.01452339058020589,1.8848843952259797
CHEMBL70972,CC1=C(C)C(=O)C(C(CCCCCC(=O)O)c2ccccc2)=C(C)C1=O,1,-5.510919,-32.598057,28.110537,-5.551695,6.47,1.59,-15.550133,0.0,10,-15.550133,-12.4169927,5.650382179504322,14.929772,0.048065000000001135,PXR_octant,0.746128378087648,0.04373932623947969,5.650382179504322
CHEMBL715,Cc1cc2c(s1)Nc1ccccc1N=C2N1CCN(C)CC1,1,-0.257231,-27.939497,3.063399,-2.959908,2.347,2.34,-28.093237,0.0,72,-28.093237,-9.251517777777776,20.17529258765954,44.36377,0.08159799999999962,PXR_octant,0.5752679840632414,0.02461348639113469,20.17529258765954
CHEMBL73451,c1ccc2c(c1)Sc1ccccc1N2CC1CN2CCC1CC2,1,3.997695,-24.759909,14.430802,-4.906024,1.372,1.02,-11.237436,0.0,2,-11.237436,-11.155133,0.11639401882399349,0.16460600000000092,0.16460600000000092,PXR_octant,0.5266938779336126,0.03748847970734954,0.11639401882399349
CHEMBL744,Nc1nc2ccc(OC(F)(F)F)cc2s1,1,-2.317401,-22.077854,2.137862,-1.233032,5.066,2.93,-23.490427,0.0,20,-23.490427,-21.16373215,1.1705841573399998,4.091858000000002,0.3360820000000011,PXR_octant,0.3012017446326496,0.025736642353251057,1.1705841573399998
CHEMBL750,NS(=O)(=O)Cc1noc2ccccc12,1,-1.958982,-20.618273,7.02167,-0.629894,2.134,1.35,-16.185478,0.0,20,-16.185478,-14.056712899999999,1.0228892312131252,3.3782440000000005,0.05785900000000055,PXR_octant,0.12487276566760404,0.013708662839201035,1.0228892312131252
CHEMBL753,CC(COc1ccccc1)N(CCCl)Cc1ccccc1,1,-0.455599,-29.733809,2.180018,-4.641358,7.419,2.07,-32.650749,0.0,18,-32.650749,-25.34073588888889,4.954208151198284,15.109675999999997,2.2380979999999973,PXR_octant,0.8864626357249699,0.01633762539178692,4.954208151198284
CHEMBL770,c1ccc(CC2=NCCN2)cc1,1,7.238184,-17.429373,4.061547,-2.44044,0.098,0.09,-8.570082,0.0,40,-8.570082,-5.1010655499999995,1.900678851439663,7.178325999999999,0.3284899999999986,PXR_octant,0.1862283044904472,0.024480902074684275,1.900678851439663
CHEMBL777,O=C(O)[C@H]1/C(=C/CO)O[C@@H]2CC(=O)N21,1,-12.386236,-12.608578,18.278316,1.107016,1.327,0.77,-5.609481,0.0,20,-5.609481,-1.5359233499999998,2.026603692915428,7.798158,1.4566849999999993,PXR_octant,0.015433908697127328,0.004684698409932549,2.026603692915428
CHEMBL77921,Cc1cccc(C(C)c2c[nH]cn2)c1C,1,-3.830015,-17.654411,3.179023,-3.129446,1.684,0.93,-21.434849,0.0,40,-21.434849,-18.12918095,1.577925086619799,8.131543,0.3937279999999994,PXR_octant,0.38205022305053477,0.03367395744485889,1.577925086619799
CHEMBL781,OC1(c2ccc(Cl)cc2)c2ccccc2C2=NCCN21,1,-1.796032,-24.009399,3.725269,-1.832317,0.754,0.75,-23.912479,0.0,26,-23.912479,-20.4442165,2.9552298559013,10.2299,0.27400400000000147,PXR_octant,0.30261066392355596,0.019620430244644327,2.9552298559013
CHEMBL797,CN1C(=O)CC(c2ccccc2)C1=O,1,0.008605,-21.260838,4.016388,-2.519237,0.377,0.37,-19.755081,0.0,40,-19.755081,-15.85940545,2.0609757978130223,6.420471000000001,0.15622899999999973,PXR_octant,0.3085141010738773,0.022138641962900645,2.0609757978130223
CHEMBL799,O=C1CCc2cc(OCCCCc3nnnn3C3CCCCC3)ccc2N1,1,-3.248182,-30.367123,6.480993,-3.135351,10.025,2.09,-30.269661,0.0,29,-30.269661,-20.874448310344828,5.39183077106625,24.054965,1.5612829999999995,PXR_octant,0.7871704867508637,0.030642021100857723,5.39183077106625
CHEMBL802,Nc1cc(N2CCCCC2)nc(N)[n+]1[O-],1,-6.296809,-21.058569,6.745678,-1.520871,1.195,1.19,-22.130571,0.0,40,-22.130571,-16.193122449999997,2.6834155255552146,11.341992,1.5614869999999996,PXR_octant,0.2107604262513208,0.019710572956117108,2.6834155255552146
CHEMBL806,CC(C)C(=O)Nc1ccc([N+](=O)[O-])c(C(F)(F)F)c1,1,-0.100378,-27.255426,4.736047,-3.080949,2.674,1.43,-25.700706,0.0,20,-25.700706,-23.237381250000002,1.6556902169066872,5.848728000000001,0.6002420000000015,PXR_octant,0.5617520684178804,0.012650164412073336,1.6556902169066872
CHEMBL810,Cn1nnc2c(C(N)=O)ncn2c1=O,1,-2.031799,-24.935818,5.650749,0.476258,2.408,2.4,-20.840611,0.0,20,-20.840611,-20.5218848,0.2571478219379502,1.2766610000000007,0.11290799999999734,PXR_octant,0.11128200099070627,0.016314432335976296,0.2571478219379502
CHEMBL814,COCCCC/C(=N\OCCN)c1ccc(C(F)(F)F)cc1,1,4.178855,-24.349152,6.551566,-2.680645,7.601,1.59,-16.299374,0.0,20,-16.299374,-15.3196023,1.729902659743578,7.388666000000001,0.2850570000000019,PXR_octant,0.49594807894381665,0.043405990314054836,1.729902659743578
CHEMBL830,NCCCC(N)(C(=O)O)C(F)F,1,-2.069136,-9.639509,12.943157,-0.182774,4.175,2.68,1.051738,0.0,40,1.051738,5.415602825000001,2.813691348204629,14.072949,0.482046,PXR_octant,0.03098148670008513,0.008182206323331474,2.813691348204629
CHEMBL83063,CC(NCCc1ccc(O)cc1)C(O)c1ccc(O)cc1,1,7.127363,-26.329504,5.375313,-0.189991,5.059,2.12,-14.016819,0.0,20,-14.016819,-13.469827500000003,0.3796239014420097,1.4394240000000007,0.11975200000000008,PXR_octant,0.17315223260685955,0.025664691188272793,0.3796239014420097
CHEMBL833,Clc1ccccc1CN1CCc2sccc2C1,1,0.290866,-25.88364,1.180388,-3.424581,1.486,0.78,-27.836967,0.0,134,-27.836967,-17.379832186567164,5.584758708366489,24.020626,0.36298299999999983,PXR_octant,0.6111448280024063,0.024901038271629563,5.584758708366489
CHEMBL836,CCOc1ccccc1OCCN[C@H](C)Cc1ccc(OC)c(S(N)(=O)=O)c1,1,10.278892,-32.678913,11.045889,-1.623442,10.435,2.42,-12.977574,0.0,2,-12.977574,-8.0904465,6.911441991546518,9.774255,9.774255,PXR_octant,0.476571106683215,0.07359380118590117,6.911441991546518
CHEMBL844,Brc1c(NC2=NCCN2)ccc2nccnc12,1,7.803943,-25.674982,5.077624,-1.760401,3.514,2.32,-14.553818,0.0,40,-14.553818,-10.7246196,3.6443055765499013,11.82214,0.03402299999999947,PXR_octant,0.28930596697990885,0.027405432152972354,3.6443055765499013
CHEMBL847,CC(C)NCC1CCc2cc(CO)c([N+](=O)[O-])cc2N1,1,5.899914,-25.00024,4.095384,-1.633022,2.244,1.16,-16.637966,0.0,20,-16.637966,-15.981514050000001,0.6308476832704817,2.0851679999999995,0.012696999999999292,PXR_octant,0.26893654461154914,0.020996061373764485,0.6308476832704817
CHEMBL85,Cc1nc2n(c(=O)c1CCN1CCC(c3noc4cc(F)ccc34)CC1)CCCC2,1,7.373591,-27.397179,6.246994,-4.983957,4.282,1.59,-18.760551,0.0,1,-18.760551,-18.760551,,,,PXR_octant,0.761355653782818,0.02598605041206217,
CHEMBL856,CCC1(c2ccccc2)C(=O)NCNC1=O,1,-0.861635,-19.4625,4.741501,-1.36086,0.782,0.4,-16.943493,0.0,26,-16.943493,-13.5316255,1.602300976049138,6.259462000000001,0.07772999999999897,PXR_octant,0.16499057146649396,0.016816994079042243,1.602300976049138
CHEMBL857,O=C(O)CCCC[C@@H]1SC[C@@H]2NC(=O)N[C@@H]21,1,-23.417572,-17.022736,32.428864,-1.26652,3.347,1.59,-9.277964,0.0,20,-9.277964,-1.9306598499999996,2.857124633183017,12.998999000000001,2.981134000000001,PXR_octant,0.05524985766535801,0.013903570004127808,2.857124633183017
CHEMBL858,O=C(O)CN(CCN(CC(=O)O)CC(=O)O)CC(=O)O,1,-33.783817,-18.316612,94.923691,-2.349475,12.375,2.36,40.473785,0.0,76,40.473785,65.27327178947371,17.748176983066127,59.390983999999996,0.11143899999999718,PXR_octant,0.008558527472503501,0.009789153478734528,17.748176983066127
CHEMBL861,CCC1(c2ccccc2)NC(=O)N(C)C1=O,1,-0.243028,-22.666729,3.676695,-2.444131,0.847,0.65,-21.677195,0.0,40,-21.677195,-16.980809725,2.5313683883978335,12.436018,0.24612300000000076,PXR_octant,0.34419862940289514,0.020383599066004048,2.5313683883978335
CHEMBL862,N=C(N)NC(=O)Cc1c(Cl)cccc1Cl,1,7.800329,-21.415277,0.902534,-2.71977,3.802,2.57,-15.432184,0.0,20,-15.432184,-11.573095050000001,3.501011946024966,7.9665859999999995,0.07405299999999926,PXR_octant,0.3951179057437956,0.03221875525849656,3.501011946024966
CHEMBL86304,O=C(NCCN1CCOCC1)c1ccc(Cl)cc1,1,-0.86811,-26.220619,3.337791,-1.626162,4.154,1.62,-25.377098,0.0,40,-25.377098,-22.39613085,3.0549286988438995,11.480305,0.002392000000000394,PXR_octant,0.3975778272844257,0.01589961479479119,3.0549286988438995
CHEMBL865,Cc1onc(-c2ccccc2)c1-c1ccc(S(N)(=O)=O)cc1,1,-5.697392,-25.475113,5.822767,-1.36059,2.282,1.98,-26.710327,0.0,42,-26.710327,-24.028116666666666,2.307773843751568,8.302685,0.4717009999999995,PXR_octant,0.2969770533095341,0.02240658294610379,2.307773843751568
CHEMBL877,NC[C@H]1CC[C@H](C(=O)O)CC1,1,-14.161881,-12.622437,30.089336,-1.770761,1.21,0.86,1.534257,0.0,20,1.534257,4.84061055,3.4779798636974295,12.2081,0.6938030000000002,PXR_octant,0.035390242059718795,0.010010020017915391,3.4779798636974295
CHEMBL878,Cc1ccccc1N1C(=O)c2cc(S(N)(=O)=O)c(Cl)cc2NC1C,1,-0.916611,-19.737305,7.36545,-1.606007,1.177,1.15,-14.894473,0.0,2,-14.894473,-14.013309,1.246154079474926,1.7623280000000001,1.7623280000000001,PXR_octant,0.16459439145228313,0.015406137831221384,1.246154079474926
CHEMBL887,C#CCN[C@@H]1CCc2ccccc21,1,5.587984,-14.369464,2.927489,-2.704091,1.324,1.31,-8.558082,0.0,20,-8.558082,-6.556406900000001,1.0544752820163512,3.216405000000001,0.1999019999999998,PXR_octant,0.20030312832625483,0.026653469974951723,1.0544752820163512
CHEMBL89598,C=CC(N)CCC(=O)O,1,-3.015119,-10.353436,13.866971,-1.396319,5.045,1.59,-0.897902,0.0,20,-0.897902,3.5421813,1.8510548690761823,7.6586430000000005,1.8557649999999999,PXR_octant,0.06944920924104055,0.014849213436119727,1.8510548690761823
CHEMBL897,CCCN(CCC)S(=O)(=O)c1ccc(C(=O)O)cc1,1,-11.55156,-23.447872,25.333952,-2.049003,8.503,2.34,-11.714483,0.0,20,-11.714483,-9.2361803,1.782805144491801,5.352164999999999,0.010149000000000186,PXR_octant,0.23396952647345126,0.03559450856918281,1.782805144491801
CHEMBL898,O=C(O)c1cc(-c2ccc(F)cc2F)ccc1O,1,-11.034661,-20.273647,18.843178,-3.429924,0.5,0.47,-15.895054,0.0,40,-15.895054,-14.706629275000001,1.1993767523377317,6.008552999999999,0.00400699999999965,PXR_octant,0.2608296273458975,0.02809923594860494,1.1993767523377317
CHEMBL911,Cc1ccc(-c2nc3ccc(C)cn3c2CC(=O)N(C)C)cc1,1,-1.881042,-28.042414,6.874367,-4.25333,0.983,0.57,-27.30242,0.0,22,-27.30242,-23.4889065,2.8934702696118535,13.095928,0.9911220000000007,PXR_octant,0.6805392792709415,0.023611690034250267,2.8934702696118535
CHEMBL918,NC(=O)NC(=O)Cc1ccccc1,1,-4.622658,-19.145561,7.606529,-1.36281,3.907,1.64,-17.5245,0.0,20,-17.5245,-14.737525700000003,0.93434243330884,3.6861370000000004,1.2448039999999985,PXR_octant,0.19199267865135394,0.017245853730116587,0.93434243330884
CHEMBL926,CC(CCc1ccc(O)cc1)NCCc1ccc(O)c(O)c1,1,1.937802,-26.545412,6.892795,-0.830105,6.013,1.62,-18.544922,0.0,40,-18.544922,-13.404062475,2.354527940822196,10.08479,0.4963279999999983,PXR_octant,0.2702134369661892,0.027946738434667526,2.354527940822196
CHEMBL9298,N#Cc1ccc(C2CCCc3cncn32)cc1,1,-2.396263,-23.517057,4.420979,-4.020607,0.19,0.19,-25.512949,0.0,46,-25.512949,-15.556808739130432,7.190276617988254,21.667656,0.5392130000000002,PXR_octant,0.5777374360101534,0.03251546457156967,7.190276617988254
CHEMBL93,CC(c1cc2ccccc2s1)N(O)C(N)=O,1,-1.331843,-24.482367,3.941928,-1.241514,1.388,0.83,-23.113794,0.0,20,-23.113794,-21.654424400000003,0.858086932685077,3.136574999999997,0.03986699999999743,PXR_octant,0.2500962660003603,0.01712940662938203,0.858086932685077
CHEMBL93077,O=C(C[S+]([O-])C(c1ccccc1)c1ccccc1)NO,1,-7.316093,-25.585659,7.922443,-0.628058,1.34,0.77,-25.607367,0.0,40,-25.607367,-19.206404875,1.8765553326040445,9.571428999999998,1.7730350000000001,PXR_octant,0.19342299322270284,0.01915558339709546,1.8765553326040445
CHEMBL934,CC(C)(C(=O)c1cccnc1)c1cccnc1,1,-2.346891,-23.639366,4.22021,-1.646494,3.471,1.87,-23.412542,0.0,40,-23.412542,-20.256204325,1.4545480186182669,6.545987999999998,0.8378389999999989,PXR_octant,0.3227034521367548,0.016424286714630938,1.4545480186182669
CHEMBL940,NCC1(CC(=O)O)CCCCC1,1,-1.132753,-12.665145,10.937729,-1.727688,3.658,1.85,-4.587858,0.0,20,-4.587858,2.4011668,5.607701273193131,19.012191,0.5250469999999998,PXR_octant,0.09855924750133674,0.01626104774323436,5.607701273193131
CHEMBL945,N=C(N)NC(=O)c1nc(Cl)c(N)nc1N,1,-1.04646,-22.824253,3.419974,0.58893,0.038,0.03,-19.861809,0.0,80,-19.861809,-14.9516551625,2.4963147883993875,9.641248000000001,0.09188900000000189,PXR_octant,0.08460996090815298,0.013741299265001582,2.4963147883993875
CHEMBL956,CC(C(=O)O)c1ccc(C(=O)c2cccs2)cc1,1,-9.130889,-23.436172,16.277761,-3.812373,5.098,2.39,-20.101673,0.0,40,-20.101673,-17.166127725000003,1.7577243225533667,5.496197000000002,0.11003100000000288,PXR_octant,0.5053323236840247,0.024734949715475178,1.7577243225533667
CHEMBL95889,C[N+](C)(C)CC(=O)O,1,-5.359847,-9.998455,12.745476,-2.422048,1.791,1.78,-5.034873,0.0,20,-5.034873,-1.1472964500000002,1.6420022927285574,7.010718000000001,0.5328059999999999,PXR_octant,0.09615012001840484,0.017589626880534434,1.6420022927285574
CHEMBL19,CC(=O)/N=c1/sc(S(N)(=O)=O)nn1C,1,-20.671734,-19.248455,18.71706,2.103687,4.828,3.58,-19.099442,0.0,80,-19.099442,-11.994795550000001,2.542926947997946,12.651895,0.15645999999999916,PXR_octant,0.027092907328356574,0.008172272419618657,2.542926947997946
CHEMBL1902981,CCc1ccc(C(=O)C(C)CN2CCCCC2)cc1,1,4.854538,-23.338829,5.792714,-4.216528,4.549,1.51,-16.908104,0.0,31,-16.908104,-9.502157580645163,6.536265556333151,24.168109,0.373541000000003,PXR_octant,0.6189718756388666,0.029027839990991115,6.536265556333151
CHEMBL1909285,Cc1nc([N+](=O)[O-])cn1-c1ccc([N+](=O)[O-])cc1,1,-3.955629,-25.719048,6.31168,-4.380287,1.143,1.07,-27.743284,0.0,39,-27.743284,-22.722653282051283,2.645903907924612,9.171184,0.1717759999999977,PXR_octant,0.6729639316678643,0.027409135457680252,2.645903907924612
CHEMBL19224,COc1ccc(Cc2nccc3cc(OC)c(OC)cc23)cc1OC,1,0.213434,-20.357374,5.600314,-3.058897,3.791,0.8,-17.602524,0.0,6,-17.602524,-16.58029516666667,1.0079551756885652,2.7127989999999986,0.05147399999999891,PXR_octant,0.41319675089268837,0.027786392095717084,1.0079551756885652
CHEMBL19236,COc1nc(C)nc(Cl)c1NC1=NCCN1,1,-0.361099,-25.089645,3.757917,-0.602522,5.015,3.64,-22.295349,0.0,160,-22.295349,-12.393415162499998,5.425839048565993,19.347779000000003,0.9049570000000031,PXR_octant,0.2442071504235863,0.02736735873301863,5.425839048565993
CHEMBL19299,CC(C(=O)O)c1ccc(CC2CCCC2=O)cc1,1,-19.449108,-19.706385,34.139282,-3.401338,2.516,1.61,-8.417551,0.0,39,-8.417551,-1.3644241025641026,3.9823887501947985,16.132525,0.7290789999999996,PXR_octant,0.15207302591310018,0.03074613303283187,3.9823887501947985
CHEMBL193,COC(=O)C1=C(C)NC(C)=C(C(=O)OC)C1c1ccccc1[N+](=O)[O-],1,-1.089397,-31.652016,6.678992,-4.557411,5.513,2.4,-30.619833,0.0,1,-30.619833,-30.619833,,,,PXR_octant,0.843246188117941,0.014070043937119883,
CHEMBL193240,O=C(Nc1c(Cl)cncc1Cl)c1ccc(OC(F)F)c(OCC2CC2)c1,1,-0.021122,-30.812183,4.309212,-3.711245,9.933,2.33,-30.235338,0.0,20,-30.235338,-28.334335699999997,1.3793980046041097,4.948468999999999,0.3338949999999983,PXR_octant,0.8466557189136935,0.023633119738405952,1.3793980046041097
CHEMBL19449,CC(C)C(=O)c1c(C(C)C)nn2ccccc12,1,-1.795856,-17.820177,3.900473,-3.151788,3.729,2.4,-18.86735,0.0,20,-18.86735,-18.30351435,0.32094019660108714,1.3898719999999969,0.21096299999999957,PXR_octant,0.40047785126292756,0.03197151597161448,0.32094019660108714
CHEMBL19490,Cc1cc(CC(=O)O)n(C)c1C(=O)c1ccc(Cl)cc1,1,-10.908524,-24.079006,20.23284,-3.987146,6.271,2.33,-18.741837,0.0,40,-18.741837,-11.1841794,5.096812858055375,17.952443,0.5774770000000018,PXR_octant,0.5219974655039566,0.03093788655158313,5.096812858055375
CHEMBL1964748,O=C(N/N=C/c1c[nH]c2ccccc12)C1COc2ccccc2O1,1,-0.80934,-34.412041,10.123547,-3.303073,4.136,3.16,-28.400909,0.0,20,-28.400909,-23.744413650000002,3.3183960978599485,13.939922,0.12983699999999843,PXR_octant,0.6879641489891075,0.025786066044379746,3.3183960978599485
CHEMBL1979558,O=C1/C(=N/c2ccc(O)cc2)C(Cl)=C(O)c2ccccc21,1,-1.408117,-28.035463,4.197393,-2.813926,3.804,2.26,-28.060112,0.0,28,-28.060112,-25.40385217857143,3.2778858302983225,11.834164000000001,0.6903800000000011,PXR_octant,0.5854179545831723,0.014586928447804128,3.2778858302983225
CHEMBL198362,O=C(NC[C@H]1CN(c2ccc(N3CCOCC3=O)cc2)C(=O)O1)c1ccc(Cl)s1,1,-1.537009,-30.975365,10.510491,-2.885981,5.283,2.39,-24.887865,0.0,6,-24.887865,-11.788407333333334,13.657638954162916,28.321892000000002,0.07539000000000229,PXR_octant,0.5917097969620998,0.013681193365665721,13.657638954162916
CHEMBL20,CC(=O)Nc1nnc(S(N)(=O)=O)s1,1,-10.425311,-19.797489,16.76123,3.276434,4.616,3.16,-10.185137,0.0,60,-10.185137,2.8362636999999995,7.956562869960094,22.672207,0.11965899999999863,PXR_octant,0.012037877362706197,0.004156684509313109,7.956562869960094
CHEMBL2006030,CCN(/N=C/c1ccc(Cl)cc1)c1cc(=O)n(C)c(=O)[nH]1,1,-2.181944,-26.514629,4.653026,-2.956551,7.82,3.21,-27.000099,0.0,40,-27.000099,-23.894192850000003,2.1196170398212115,10.122149999999998,0.8355539999999984,PXR_octant,0.6624859703617336,0.022128789215190698,2.1196170398212115
CHEMBL2037345,COc1ccc(/C=N/Nc2nc3ccccc3[nH]2)cc1OC,1,0.016156,-30.207766,6.447544,-3.61136,5.564,2.6,-27.355427,0.0,40,-27.355427,-24.44977,3.0373152222284934,15.330939999999998,0.11881699999999995,PXR_octant,0.7270661710895755,0.013444112189904356,3.0373152222284934
CHEMBL2088586,O=c1ccn2nc(Oc3ccc(F)cc3F)ccc2c1-c1c(F)cccc1F,1,-0.003993,-26.923937,8.723701,-4.437757,0.791,0.55,-22.641985,0.0,20,-22.641985,-21.83765295,0.5660857313286962,1.6156459999999981,0.03988499999999817,PXR_octant,0.6318994725283379,0.024432546132755754,0.5660857313286962
CHEMBL2103837,O=C(O)c1ccc2nc(-c3cc(Cl)cc(Cl)c3)oc2c1,1,-11.269257,-27.210905,23.029186,-3.027955,0.034,0.02,-18.478931,0.0,28,-18.478931,-12.604891357142858,3.93095487174314,11.823046999999999,0.09191900000000075,PXR_octant,0.28020082291452003,0.03275433582221064,3.93095487174314
CHEMBL2104523,CCOc1cc(N)c([N+](=O)[O-])cc1C(=O)NC1CCN(CC2CC=CCC2)CC1,1,8.869864,-34.354855,7.304115,-4.33179,7.203,2.09,-22.512665,0.0,20,-22.512665,-21.2769482,1.042183736037769,3.2705689999999983,0.11051199999999994,PXR_octant,0.8320969428113679,0.02599157422098879,1.042183736037769
CHEMBL2105022,C1=Cc2cccc(OCC3CNCCO3)c2C1,1,5.674482,-21.743942,4.772962,-2.506867,5.549,2.92,-13.803366,0.0,40,-13.803366,-7.962112325000001,3.396015770895211,12.93347,0.4229010000000013,PXR_octant,0.3665441529717134,0.03032751346379176,3.396015770895211
CHEMBL2105115,COc1ccccc1OC1(C)OC(=O)c2ccccc2O1,1,-1.253282,-28.487631,6.121838,-3.900138,4.875,2.92,-27.519215,0.0,40,-27.519215,-25.57033615,1.1615353054758821,5.022092999999998,0.012695999999998264,PXR_octant,0.7242884292181209,0.017814479964617675,1.1615353054758821
CHEMBL2105420,O=S1(=O)CCN(CN2CCS(=O)(=O)NC2)CN1,1,-2.316579,-21.916389,9.135125,3.935131,1.191,0.6,-11.162713,0.0,21,-11.162713,-6.001277476190476,3.0997108516078176,13.49694,2.201798,PXR_octant,0.010200164554251281,0.0037711495236005944,3.0997108516078176
CHEMBL2105617,CCC1C2CC3C4N(C)c5ccccc5C45CC(C2[C@H]5O)N3C1O,1,8.024291,-24.236395,1.824835,-1.446697,0.345,0.34,-15.833967,0.0,40,-15.833967,-11.700327999999999,4.014354884200098,15.547208,0.08425999999999867,PXR_octant,0.2207906079493776,0.02360479580545271,4.014354884200098
CHEMBL2105918,Cc1ccccc1-n1c(CF)nc2ccc(N)cc2c1=O,1,-2.097227,-26.429419,5.108152,-2.909414,1.683,1.15,-26.327908,0.0,20,-26.327908,-23.572592550000003,1.0904863599781849,5.135813000000002,1.8645409999999991,PXR_octant,0.5038162468702183,0.017388856702102717,1.0904863599781849
CHEMBL2106561,CCOC(=O)NNc1ccc(N(CC)CC(C)O)nn1,1,-2.222091,-14.707682,5.475526,-1.337261,3.45,1.57,-12.791507,0.0,20,-12.791507,-7.765915699999998,2.1588943443686044,6.872113,0.2591669999999997,PXR_octant,0.1371229025795403,0.018029753447180268,2.1588943443686044
CHEMBL2106613,CC(=O)OCC(=O)[C@@]1(O)CC[C@H]2[C@@H]3CCC4=CC(=O)CC[C@]4(C)C3=CC[C@@]21C,1,-4.879027,-21.310865,5.833439,-3.381953,3.099,2.05,-23.738407,0.0,9,-23.738407,-21.208343666666668,1.5530442845158983,4.586943999999999,0.6341129999999993,PXR_octant,0.492624908937917,0.027913642850746326,1.5530442845158983
CHEMBL2107094,C#CCOc1ccc(N)cc1C(=O)NCCCC,1,-1.537143,-27.592979,6.546048,-2.248522,7.327,2.09,-24.832598,0.0,20,-24.832598,-24.269413450000002,0.46960678184093285,1.501963,0.015292999999999779,PXR_octant,0.5478802730848092,0.025655186978135586,0.46960678184093285
CHEMBL2107333,COC(=O)/C=C/C(=O)OC,1,-0.491696,-18.105289,3.453545,-1.823928,5.126,2.73,-16.967369,0.0,20,-16.967369,-14.194843800000001,1.4931652662341024,5.198398000000001,0.4082680000000032,PXR_octant,0.2654268754595007,0.025653479353022052,1.4931652662341024
CHEMBL2107455,CS(=O)(=O)Nc1cc2occ(NC=O)c(=O)c2cc1Oc1ccccc1,1,-2.30962,-35.670677,11.508851,-1.727523,7.87,2.44,-28.198969,0.0,16,-28.198969,-22.409978187500002,7.648315069276598,25.000976,0.3928360000000026,PXR_octant,0.5917888705624779,0.034917574920185324,7.648315069276598
CHEMBL223228,O=C1Nc2ccc(Cl)cc2[C@@](C#CC2CC2)(C(F)(F)F)O1,1,-1.935206,-20.0152,4.350255,-3.127115,0.38,0.38,-20.727264,0.0,2,-20.727264,-19.510531,1.7207203103869049,2.433466000000003,2.433466000000003,PXR_octant,0.3705034172612256,0.028337424090316823,1.7207203103869049
CHEMBL225071,Cc1nc(=O)c2cc(CN(C)c3ccc(C(=O)N[C@@H](CCC(=O)O)C(=O)O)s3)ccc2[nH]1,1,-20.139584,-30.744879,79.087456,-3.529568,9.892,3.2,24.673428,0.0,19,24.673428,27.289649999999998,1.8269047671994287,5.713753999999998,0.6347859999999983,PXR_octant,0.05882483642496437,0.041705801649771626,1.8269047671994287
CHEMBL226345,Nc1[nH]cnc2ncnc1-2,1,-4.18934,-17.398659,5.66326,-1.644835,0.0,0.0,-17.569574,0.0,60,-17.569574,-14.2568252,1.6428658713187527,5.7245349999999995,0.374683000000001,PXR_octant,0.158337984732453,0.019481736724918975,1.6428658713187527
CHEMBL232148,NS(=O)(=O)c1ccc(-c2ccc(/C=C3\SC(=O)NC3=O)o2)cc1,1,-22.100872,-29.127396,29.643187,1.574005,3.849,2.69,-20.011076,0.0,60,-20.011076,-7.138475833333334,3.825872508606428,24.525423,6.375613999999999,PXR_octant,0.04100510655280459,0.012353548973292822,3.825872508606428
CHEMBL24441,CNCCc1ccccn1,1,6.018593,-14.84665,3.568459,-1.764396,1.033,1.02,-7.023994,0.0,20,-7.023994,-5.0408288,1.2375511240956387,4.950743,0.8507420000000003,PXR_octant,0.12363796165936862,0.018673098307933348,1.2375511240956387
CHEMBL244683,CC(=O)Nc1ccc2cc3ccc(NC(C)=O)cc3nc2c1,1,-2.71792,-30.04137,7.247367,-2.329469,3.069,1.53,-27.841389,0.0,1,-27.841389,-27.841389,,,,PXR_octant,0.5062497032513856,0.011574235273675527,
CHEMBL245416,N[C@@H](Cn1ccc(=O)c(O)c1)C(=O)O,1,-7.755672,-14.183215,10.781099,-0.254563,5.269,2.49,-11.412351,0.0,20,-11.412351,-9.0143032,1.146855717568123,3.937174999999999,0.06953899999999891,PXR_octant,0.07384083458860555,0.013679549613416733,1.146855717568123
CHEMBL24646,COc1ccc(-c2nc3cc(C4=NNC(=O)CC4C)ccc3[nH]2)cc1,1,0.803475,-33.142612,5.48858,-1.934479,2.02,1.99,-28.785038,0.0,5,-28.785038,-24.899245200000003,2.4425642582856857,6.065849,3.511365999999999,PXR_octant,0.4919859181611003,0.02588539240011309,2.4425642582856857
CHEMBL249856,CSc1ccc(C(=O)c2[nH]c(=O)[nH]c2C)cc1,1,-2.014198,-26.242285,4.465241,-2.235282,5.055,2.64,-26.026524,0.0,40,-26.026524,-22.84824455,1.637571494522158,6.234472999999998,0.31191499999999905,PXR_octant,0.4905408420962473,0.01598827822036892,1.637571494522158
CHEMBL256997,O=C(O)c1cccc(-c2noc(-c3ccccc3F)n2)c1,1,-7.022944,-27.735615,21.870897,-3.710969,1.024,0.95,-16.598631,0.0,60,-16.598631,-13.862327566666668,1.7011431601011702,9.695851000000001,0.21551000000000187,PXR_octant,0.37982857863794783,0.032837198733690204,1.7011431601011702
CHEMBL259209,CCN(CC)C(=O)C1(c2ccccc2)CC1CN,1,3.138608,-16.961742,9.520319,-1.981201,4.269,2.31,-6.284017,0.0,8,-6.284017,-3.5010812500000004,2.5651085345845503,7.4119530000000005,1.2440310000000006,PXR_octant,0.1591909176996465,0.021443973854592173,2.5651085345845503
CHEMBL259972,COc1ccc(-c2noc(CC(=O)O)c2-c2ccc(OC)cc2)cc1,1,-18.92857,-33.460266,31.723724,-3.907747,2.759,1.45,-24.572859,0.0,40,-24.572859,-16.49426755,8.732165464840186,21.867721000000003,0.03485900000000086,PXR_octant,0.5089594534969196,0.055839544837303225,8.732165464840186
CHEMBL26138,Cn1c(=O)c2c(nc(/C=C/c3cccc(Cl)c3)n2C)n(C)c1=O,1,-0.904664,-35.191387,4.447948,-4.595645,3.649,2.73,-36.243748,0.0,25,-36.243748,-32.508540759999995,1.9749252608537757,8.506656999999997,0.22273299999999807,PXR_octant,0.8779410898168593,0.016878078934370683,1.9749252608537757
CHEMBL264374,CC(C)(Oc1ccc(CCNC(=O)c2ccc(Cl)cc2)cc1)C(=O)O,1,-7.711493,-28.268276,23.745697,-4.220137,6.008,1.93,-16.454206,0.0,11,-16.454206,-8.912296454545453,5.726365824726086,19.237538,3.0472269999999995,PXR_octant,0.5601184302615437,0.037335797252721445,5.726365824726086
CHEMBL273575,CN1Cc2c(N)cccc2C(c2ccccc2)C1,1,6.616458,-23.559464,6.069116,-3.332049,0.373,0.37,-14.205938,0.0,25,-14.205938,-9.351698599999999,3.8645875704922252,11.33911,0.11725799999999964,PXR_octant,0.37919342343421825,0.028707366765543876,3.8645875704922252
CHEMBL277062,O=C1CN=C(c2ccccn2)c2cc(Br)ccc2N1,1,-1.26187,-25.171926,3.859927,-1.677539,2.131,2.13,-24.251408,0.0,22,-24.251408,-21.046255636363636,1.6766310905414874,5.879185,0.5869910000000012,PXR_octant,0.3229839062494074,0.02147472008472627,1.6766310905414874
CHEMBL277535,c1ccc(-c2ccc(C(c3ccccc3)n3ccnc3)cc2)cc1,1,0.322369,-31.202011,3.048146,-6.327487,3.331,2.06,-34.158985,0.0,8,-34.158985,-31.929591375,2.318318837356559,5.842077,0.27100700000000444,PXR_octant,0.9328476299046407,0.012917458104483337,2.318318837356559
CHEMBL278398,CN1CCC2=C(C1)C(c1ccccc1)c1ccccc12,1,7.498668,-22.827682,8.238264,-5.082252,0.061,0.06,-12.173002,0.0,17,-12.173002,-8.364883176470588,1.8794527285712799,7.452161,0.9396050000000002,PXR_octant,0.559398281251633,0.041716173685028356,1.8794527285712799
CHEMBL279085,C=CCN1CCc2nc(N)sc2CC1,1,2.832356,-17.45472,4.584295,-1.706219,0.244,0.22,-11.744287,0.0,40,-11.744287,-8.142499075,2.4207696995218475,8.620384999999999,0.3660899999999998,PXR_octant,0.14514646670890183,0.017880609773721672,2.4207696995218475
CHEMBL279229,COc1ccccc1N1CCN(CCCNc2cc(=O)n(C)c(=O)n2C)CC1,1,-0.602122,-12.101645,7.255149,-2.44723,5.002,1.7,-7.895848,0.0,1,-7.895848,-7.895848,,,,PXR_octant,0.18802612356598453,0.027069378637687568,
CHEMBL284906,O=C(NCCO[N+](=O)[O-])c1cccnc1,1,-2.552398,-22.747444,3.441213,-1.686296,1.238,1.05,-23.544926,0.0,20,-23.544926,-22.4394067,0.3239221499399118,1.3782640000000015,0.6432360000000017,PXR_octant,0.2788676757885582,0.019906554353143893,0.3239221499399118
CHEMBL287275,O=C(O)c1ccccc1OP(=O)(O)O,1,-27.579237,-15.573548,96.56694,-1.946273,0.321,0.29,51.46788,0.0,40,51.46788,56.985910575000005,1.4360128584355722,9.202004000000002,3.9122389999999996,PXR_octant,0.0013299610128923406,0.0021985065557517595,1.4360128584355722
CHEMBL287631,NC(=O)CCC/N=C(\c1ccc(Cl)cc1)c1cc(F)ccc1O,1,-3.230165,-29.811655,5.126462,-0.727368,7.601,2.13,-28.642727,0.0,20,-28.642727,-24.985026350000002,1.9258842832759429,7.2796400000000006,0.27547500000000014,PXR_octant,0.4279385395845803,0.03303673955344792,1.9258842832759429
CHEMBL29292,CC(C)C[C@H](NC(=O)[C@@H](O)[C@H](N)Cc1ccccc1)C(=O)O,1,-1.512898,-29.258272,18.99641,-2.931262,9.043,2.56,-14.706021,0.0,20,-14.706021,-11.6663697,2.124646060340877,8.714245,0.28828999999999994,PXR_octant,0.5051061048418104,0.04786533562318921,2.124646060340877
CHEMBL294199,COc1cc(CNC(=O)CCCC/C=C/C(C)C)ccc1O,1,-1.024194,-25.474693,4.207037,-2.73281,7.292,2.34,-25.02466,0.0,20,-25.02466,-24.85325885,0.12511146837763507,0.39688300000000254,0.002898999999999319,PXR_octant,0.601173993891353,0.024730729081198156,0.12511146837763507
CHEMBL301265,CCCN[C@H]1CCc2nc(N)sc2C1,1,6.063724,-18.007162,4.116118,-1.479371,1.224,1.21,-9.306691,0.0,20,-9.306691,-8.0172814,0.6599535947312308,2.4805730000000006,0.38301600000000136,PXR_octant,0.1351513059669264,0.01800147193447086,0.6599535947312308
CHEMBL30707,O=c1oc2cc(O)ccc2c2oc3cc(O)ccc3c12,1,-0.719078,-29.241013,6.464037,-1.423826,0.0,0.0,-24.91988,0.0,80,-24.91988,-18.431089462499997,4.2122967126260855,11.545765999999999,0.4091169999999984,PXR_octant,0.29647292741280956,0.023460655329984304,4.2122967126260855
CHEMBL3094381,O=C(O)c1ccc(N(CC(F)(F)F)S(=O)(=O)c2ccccc2)cc1,1,-9.149472,-24.559198,25.406441,-2.77101,6.87,2.34,-11.073241,0.0,21,-11.073241,-8.35375776190476,3.453985359977904,13.052795999999999,0.23084099999999985,PXR_octant,0.282674651849171,0.0350278864981876,3.453985359977904
CHEMBL3103437,c1ccc(-c2ccc(C3(Cc4nnn[nH]4)C4CC5CC(C4)CC3C5)cc2)cc1,1,-7.002945,-27.811571,18.374201,-4.731299,2.177,0.84,-21.171612,0.0,2,-21.171612,-21.158089,0.019124410003970353,0.02704599999999857,0.02704599999999857,PXR_octant,0.6180800776203731,0.02936183261482697,0.019124410003970353
CHEMBL313972,C[C@H](Cc1ccc(O)c(O)c1)[C@@H](C)Cc1ccc(O)c(O)c1,1,-3.087176,-26.467554,4.649939,-0.037244,4.886,1.83,-24.942034,0.0,40,-24.942034,-23.216391650000002,1.1885342772301102,3.5123180000000005,0.028033999999998116,PXR_octant,0.22190066000586056,0.021191865419005595,1.1885342772301102
CHEMBL316561,CCCN(CCC)C(=O)C(CCC(=O)O)NC(=O)c1ccccc1,1,-14.50774,-24.150047,28.367239,-3.84427,5.831,1.59,-14.134818,0.0,1,-14.134818,-14.134818,,,,PXR_octant,0.38576287646210056,0.04290541591335028,
CHEMBL3183075,CNC(=C[N+](=O)[O-])NCCSCc1csc(CN(C)C)n1,1,-0.445537,-29.949541,5.041228,-1.933276,7.451,2.34,-27.287125,0.0,20,-27.287125,-24.228754600000002,2.381454478242333,8.203796999999998,0.4267909999999979,PXR_octant,0.5764123722775136,0.025451607382051,2.381454478242333
CHEMBL3183440,CC=CC(=O)N(CC)c1ccccc1C,1,-1.087784,-17.463808,3.329762,-3.429126,3.787,2.4,-18.650955,0.0,20,-18.650955,-17.834099799999997,0.4012160081945097,1.5946539999999985,0.06059099999999873,PXR_octant,0.43681681964191776,0.034621910722611456,0.4012160081945097
CHEMBL3187365,CN1CC2c3ccccc3Oc3ccc(Cl)cc3C2C1,1,0.733057,-24.555748,1.863228,-2.757643,0.0,0.0,-24.717106,0.0,62,-24.717106,-10.559381629032256,6.803701003462546,37.110727,0.3531630000000021,PXR_octant,0.43604674988589565,0.027657114933632255,6.803701003462546
CHEMBL3187723,Cn1cnc2c(F)c(Nc3ccc(Br)cc3F)c(C(=O)NOCCO)cc21,1,-0.76015,-32.794411,11.30624,-2.8369,4.849,1.47,-25.08522,0.0,32,-25.08522,-21.9919936875,4.094541511827072,13.525063,0.2447279999999985,PXR_octant,0.6019047636080649,0.022414537741914504,4.094541511827072
CHEMBL3190223,CCc1cc(/C(Cc2ccc3ccccc3n2)=N\O)c(O)cc1O,1,-11.794096,-26.805019,29.389341,-1.343554,4.88,2.23,-10.553327,0.0,40,-10.553327,-4.021365675,3.4876551080470435,12.994266,0.5441439999999993,PXR_octant,0.1263557254109851,0.0245421032179859,3.4876551080470435
CHEMBL1274,CC1(C)NC(=O)N(c2ccc([N+](=O)[O-])c(C(F)(F)F)c2)C1=O,1,-0.104867,-29.421993,3.599124,-2.825561,2.474,1.43,-28.7533,0.0,40,-28.7533,-23.98058915,3.365025889508632,13.695162999999999,0.1710630000000002,PXR_octant,0.590454855505844,0.015172882786227863,3.365025889508632
CHEMBL12856,Nc1cc(-c2ccncc2)c[nH]c1=O,1,-2.209698,-25.989071,4.355686,-0.655582,1.082,1.08,-24.498665,0.0,40,-24.498665,-18.440661975,3.12207799533793,8.890217,0.044299999999999784,PXR_octant,0.2086525321997996,0.018326167264550382,3.12207799533793
CHEMBL1286,CC[C@@H](C(N)=O)N1CCCC1=O,1,-4.319295,-13.017417,6.205703,-0.786695,4.294,2.59,-11.917704,0.0,20,-11.917704,-9.836406299999998,0.9549007696332199,3.3458170000000003,0.13678600000000074,PXR_octant,0.0968644702022922,0.01671237145428768,0.9549007696332199
CHEMBL1288810,OC[C@@H](O)CN1CCN(c2ccccc2)CC1,1,-3.230745,-21.519953,2.541306,-0.220139,3.533,1.48,-22.429531,0.0,160,-22.429531,-14.5236924875,4.419608956595099,14.860755000000001,0.12751400000000146,PXR_octant,0.169352015879745,0.01879353405982658,4.419608956595099
CHEMBL1289,Clc1cc(Cl)c(OCC#CI)cc1Cl,1,-1.029953,-24.295824,1.784291,-3.765338,5.334,4.52,-27.306824,0.0,20,-27.306824,-24.702869,1.0871650419251948,5.30819,0.7218209999999985,PXR_octant,0.6860431679931797,0.04302883291921161,1.0871650419251948
CHEMBL1300615,CCOc1ccccc1NC(=O)c1ccc2nccnc2c1,1,-1.854491,-33.919735,7.146319,-2.295034,6.507,2.32,-30.922943,0.0,40,-30.922943,-25.7722568,1.2240000961252309,7.690586,2.5687619999999995,PXR_octant,0.6663100351552731,0.020068308193541683,1.2240000961252309
CHEMBL1303,CCCN(CCc1cccs1)[C@H]1CCc2c(O)cccc2C1,1,9.998784,-25.926222,5.280293,-3.957894,4.056,1.2,-14.60504,0.0,8,-14.60504,-11.66689875,1.9638572845423914,5.649609,1.657978,PXR_octant,0.5977215955807299,0.037595494901472945,1.9638572845423914
CHEMBL1307677,CC(=O)c1noc(C)c1C(=O)Nc1nccs1,1,-4.276972,-21.644753,6.577961,-1.747799,4.946,2.34,-21.091562,0.0,40,-21.091562,-17.479540550000003,1.4810636025511335,6.3437339999999995,0.3807079999999985,PXR_octant,0.3034061213632362,0.018884508357683377,1.4810636025511335
CHEMBL1308,Cc1cn[nH]c1,1,0.394125,-14.193568,2.677985,-1.037153,0.0,0.0,-12.158612,0.0,20,-12.158612,-11.033810500000001,0.7861750103221962,3.2273300000000003,0.08253000000000021,PXR_octant,0.09489337974622447,0.015402871820586386,0.7861750103221962
CHEMBL1311023,Cc1nccc(-c2ccc(-n3cnc4ccccc43)cc2)n1,1,0.093109,-31.881824,4.471951,-4.901011,1.453,1.07,-32.217777,0.0,29,-32.217777,-28.97348334482759,5.207701351506332,26.716019,0.05813599999999752,PXR_octant,0.8358886323639577,0.019471111769635813,5.207701351506332
CHEMBL1314,CC(S)C(=O)NCC(=O)O,1,-11.586744,-13.636388,17.121117,-0.792749,1.508,1.03,-8.894765,0.0,20,-8.894765,-6.910095949999999,0.8412891665325289,3.9345099999999995,0.7825209999999991,PXR_octant,0.050371281709775895,0.010123685546756214,0.8412891665325289
CHEMBL1316,CC(C(=O)O)c1ccc2c(c1)[nH]c1ccc(Cl)cc12,1,-8.54499,-26.222038,17.340588,-4.0951,1.279,0.92,-21.521542,0.0,20,-21.521542,-20.14284415,0.8308045998166177,3.6485139999999987,0.541402999999999,PXR_octant,0.49803803677201003,0.028981132450870317,0.8308045998166177
CHEMBL1318939,Cn1c(=O)c2c(ncn2CCOC(=O)C(C)(C)Oc2ccc(Cl)cc2)n(C)c1=O,1,0.12482,-36.978695,6.74945,-4.612159,8.361,2.89,-34.716583,0.0,6,-34.716583,-34.052856166666665,1.3307808872963898,3.368887000000001,0.013542000000001053,PXR_octant,0.9202285034075511,0.012042082368894029,1.3307808872963898
CHEMBL1319897,O=C(Nc1ccc2c(c1)OCO2)c1ccncc1,1,-5.879424,-25.0758,6.257255,-1.327731,3.341,1.87,-26.025698,0.0,40,-26.025698,-21.4616287,1.7600839752648636,8.298292,1.2637199999999993,PXR_octant,0.3040651935203698,0.018447779041472278,1.7600839752648636
CHEMBL13209,O=C1CN=C(c2ccccc2)c2cc([N+](=O)[O-])ccc2N1,1,-3.842134,-24.888651,4.309321,-2.885912,2.125,2.09,-27.307375,0.0,13,-27.307375,-24.68142115384615,1.9833439527537344,4.829508000000001,0.049906000000000006,PXR_octant,0.4975356842489402,0.027442400503791015,1.9833439527537344
CHEMBL1321,CNNCc1ccc(C(=O)NC(C)C)cc1,1,-2.901937,-21.966465,2.989035,-0.788345,2.326,1.05,-22.667713,0.0,20,-22.667713,-20.5798308,1.7887715380539682,6.999008,0.1031569999999995,PXR_octant,0.2009626900580628,0.018383586981811847,1.7887715380539682
CHEMBL1324157,COc1ccccc1-c1nnc(NC(C)=O)s1,1,-3.265422,-23.289331,8.053311,-1.963607,2.327,2.05,-20.46505,0.0,120,-20.46505,-14.480500058333332,3.1434419169665184,12.331870000000002,0.022073999999999927,PXR_octant,0.2766459383701034,0.017600215741280876,3.1434419169665184
CHEMBL1329455,CCOC(=O)[N-]c1c[n+](N2CCOCC2)no1,1,7.880287,-24.189566,6.724442,-0.671507,2.754,1.15,-10.256344,0.0,40,-10.256344,-5.874137675,2.2749359288283757,8.418306000000001,0.46212500000000034,PXR_octant,0.13949856710213232,0.021500867293339967,2.2749359288283757
CHEMBL1331513,O=C(NC1CCCC1)c1cc2c(ccc3ccccc32)o1,1,-4.246273,-27.013763,4.136892,-3.378596,2.791,2.73,-30.50174,0.0,40,-30.50174,-25.299896725000004,3.943262010383425,17.090184,0.6124580000000002,PXR_octant,0.6344771330589615,0.031548503350039815,3.943262010383425
CHEMBL1334692,O=C(O)Cc1cn(-c2ccccc2)nc1-c1ccc(Cl)cc1,1,-8.089295,-31.967388,18.416697,-5.414818,4.211,2.11,-27.054804,0.0,5,-27.054804,-19.3033694,5.2691686357145375,14.413020000000001,6.906244000000001,PXR_octant,0.8137763164041283,0.02177948614000901,5.2691686357145375
CHEMBL1336615,O=c1nc(Nc2ccc(Br)cc2)sc2ccc([N+](=O)[O-])cc12,1,-1.536399,-29.657536,7.505109,-3.856755,0.923,0.89,-27.545582,0.0,20,-27.545582,-26.16128845,0.6625334517228845,2.524809000000001,0.12254400000000132,PXR_octant,0.6471019381734187,0.021515095547182214,0.6625334517228845
CHEMBL1337776,COc1cccc(C(=O)O/N=C(\N)c2ccc([N+](=O)[O-])cc2)c1,1,-2.162593,-34.308388,4.824272,-4.134253,6.664,4.01,-35.780964,0.0,40,-35.780964,-33.24365005,2.372309689891839,7.046300999999996,0.0827069999999992,PXR_octant,0.8716766422304805,0.017928260663099074,2.372309689891839
CHEMBL1340000,COc1cc2nc(-c3cccc(F)c3)cc(O)c2cc1OC,1,-1.677898,-27.077625,6.174867,-3.196403,1.908,1.1,-25.77706,0.0,27,-25.77706,-24.06958588888889,1.7581553886855688,6.211337,0.1457090000000001,PXR_octant,0.5443990463202731,0.01527296129919651,1.7581553886855688
CHEMBL1344938,CC(=O)Nc1cccc2c1C(=O)N(c1ccc(C)cc1)C2=O,1,-2.091418,-27.432039,4.721874,-3.033981,1.87,1.53,-27.835564,0.0,18,-27.835564,-22.748847722222223,1.7470979485451534,8.423794000000001,3.0652260000000027,PXR_octant,0.5542745622945024,0.019130997107649244,1.7470979485451534
CHEMBL1346834,Cc1nc(Cl)sc1C(=O)Nc1ccc(C(F)(F)F)cc1,1,-2.814509,-24.245073,2.472569,-2.94411,3.341,2.39,-27.531122,0.0,40,-27.531122,-22.78755155,3.4539781744495643,14.940423,0.6292860000000005,PXR_octant,0.5446642238434198,0.02675311541706477,3.4539781744495643
CHEMBL1351173,CC(=O)Nc1sc2c(c1-c1nc3ccccc3s1)CCN(C(C)C)C2,1,7.800529,-32.446018,9.859735,-4.680991,6.636,2.82,-19.466745,0.0,60,-19.466745,-13.14349535,3.469920995905574,14.842769,1.9673990000000003,PXR_octant,0.8014380052004071,0.026987549056248072,3.469920995905574
CHEMBL1351761,Nc1ccc(C(=O)Nc2ccccc2N)cc1,1,-4.880709,-22.048424,4.561812,-1.757174,3.341,1.87,-24.124495,0.0,40,-24.124495,-19.835771949999998,1.8930502120667445,7.135778999999999,0.2863369999999996,PXR_octant,0.3147402748923951,0.02087849728995618,1.8930502120667445
CHEMBL135400,CN1CCN(C(=O)OC2c3nccnc3C(=O)N2c2ccc(Cl)cn2)CC1,1,-2.994089,-30.372272,13.078952,-1.412897,4.598,3.06,-21.700304,0.0,124,-21.700304,-10.533100467741935,9.073467296132133,31.757340999999997,0.0354770000000002,PXR_octant,0.3169253131345851,0.026556270301244342,9.073467296132133
CHEMBL1363,COc1ccc(C[C@@H](C)NC[C@H](O)c2ccc(O)c(NC=O)c2)cc1,1,5.690116,-31.772352,3.079757,-0.796546,4.202,1.5,-23.799025,0.0,40,-23.799025,-19.629290275,1.8458811859689124,7.498657999999999,0.7413619999999987,PXR_octant,0.36212051130969086,0.031283889966072835,1.8458811859689124
CHEMBL136497,Nc1nc(N)nc(-c2cc(Cl)ccc2Cl)n1,1,-0.354219,-26.532272,2.687915,-4.005996,0.015,0.01,-28.204573,0.0,40,-28.204573,-25.304708025000004,2.001759904732519,5.6013850000000005,0.12936399999999892,PXR_octant,0.652652269299258,0.030638224651014585,2.001759904732519
CHEMBL1369106,COc1ccccc1Nc1nc(NCCO)nc(N)c1[N+](=O)[O-],1,-6.935679,-25.116652,4.708171,-0.704691,1.848,0.88,-28.048849,0.0,40,-28.048849,-23.29217225,1.2117500401469314,6.219229000000002,3.521582000000002,PXR_octant,0.2384861460312541,0.022715541033237897,1.2117500401469314
CHEMBL1369293,O=C(Nc1ccon1)c1cnc2sccn2c1=O,1,-1.785397,-26.296959,7.343927,-1.947656,0.035,0.02,-22.686085,0.0,40,-22.686085,-18.808154124999998,1.4607759536805403,6.044025999999999,0.1308999999999969,PXR_octant,0.2965851113170779,0.020358906687542176,1.4607759536805403
CHEMBL1371,O=c1[nH]c2cc(Cl)ccc2o1,1,-0.521414,-20.594711,3.517937,-1.336668,0.0,0.0,-18.934856,0.0,20,-18.934856,-17.7002774,0.8155329826923584,2.3927359999999993,0.2336899999999993,PXR_octant,0.179100211661115,0.018785824833048626,0.8155329826923584
CHEMBL1371770,c1cnc(N2CCN(Cc3ccc4c(c3)OCO4)CC2)nc1,1,-1.26276,-28.905762,4.637432,-2.495792,1.81,1.07,-28.026882,0.0,49,-28.026882,-23.86680895918368,4.101058453659677,16.40155,0.12232600000000105,PXR_octant,0.5078012445712795,0.016314038768118846,4.101058453659677
CHEMBL1372341,O=C(O)c1cc(O)c2c3nc4ccccc4oc-3cc(=O)c2n1,1,-5.43155,-31.189909,27.246902,-2.892049,0.003,0.0,-12.266606,0.0,20,-12.266606,-4.56136955,4.671376268430361,17.199727,0.17513499999999915,PXR_octant,0.24231617291045418,0.040535932470292066,4.671376268430361
CHEMBL1373822,Clc1ccc(Nc2nc(-c3cccs3)cs2)nc1,1,-1.199084,-30.02442,2.950997,-4.342084,1.295,1.24,-32.61459,0.0,60,-32.61459,-27.701932216666666,3.1693728836938977,9.866225,0.05809399999999698,PXR_octant,0.7792997834232388,0.022975077677162146,3.1693728836938977
CHEMBL1375468,Cc1ccc(N=C(S)c2nc3ccccc3[nH]2)c(C)c1,1,-2.155506,-28.260412,4.218058,-4.368855,4.198,2.64,-30.566715,0.0,25,-30.566715,-24.262123199999998,2.7799819735073372,9.73686,2.186602999999998,PXR_octant,0.788617996243887,0.01999053736364267,2.7799819735073372
CHEMBL1382475,CC(=O)c1ccc(NC(=O)c2cc(Cl)nc3ccccc23)cc1,1,-0.403504,-31.189159,5.398601,-3.524935,5.141,1.87,-29.718996,0.0,23,-29.718996,-25.710237913043482,2.549952109816555,7.149853,0.0289129999999993,PXR_octant,0.7484815695488686,0.014241569186667987,2.549952109816555
CHEMBL1383935,Cn1c(C(=O)N2CCC(C(N)=O)CC2)cc2cc(Cl)ccc21,1,-1.521035,-30.429276,6.082503,-1.978042,2.918,2.4,-27.845848,0.0,40,-27.845848,-22.792289399999998,4.946756953831246,16.947495,0.010794000000000636,PXR_octant,0.4641390442355774,0.02154429512011692,4.946756953831246
CHEMBL1383970,Cc1csc(SCC(=O)Nc2ccc(Cl)cn2)n1,1,-1.024279,-26.14152,4.845027,-2.682703,5.082,2.62,-25.003473,0.0,40,-25.003473,-22.237147525,1.3403390114913618,6.3098279999999995,0.3824539999999992,PXR_octant,0.5385611605447648,0.014500669011751201,1.3403390114913618
CHEMBL1386446,CN(C)c1nc(N)nc(-c2nc3ccccc3s2)n1,1,-2.584572,-26.996395,5.504616,-3.326104,0.064,0.03,-27.402454,0.0,40,-27.402454,-24.92058005,1.4402592909677479,6.334996999999998,0.4642540000000004,PXR_octant,0.5403159194545466,0.027923356336311145,1.4402592909677479
CHEMBL1392445,O=C1c2ccccc2-c2nc3ccccc3nc21,1,-0.479062,-28.161545,6.548703,-2.746611,0.0,0.0,-24.838514,0.0,20,-24.838514,-21.7286281,1.1434823435541976,4.110916,1.0060380000000002,PXR_octant,0.4460428656140818,0.02390179314446041,1.1434823435541976
CHEMBL1393674,Cc1cc(C)n2cc(-c3ccc(Cl)cc3)c(C(=O)O)c2n1,1,-8.199843,-23.169722,31.172932,-3.90317,2.423,2.4,-4.099802,0.0,5,-4.099802,1.680424,4.3650319331072485,9.661919000000001,2.3682830000000004,PXR_octant,0.21152503410301013,0.03944531568392219,4.3650319331072485
CHEMBL1398824,O=C(/C=C\c1cccs1)c1c(O)ccc2ccc(=O)oc12,1,-11.455317,-25.180859,19.809097,-3.798054,7.464,2.73,-20.625134,0.0,40,-20.625134,-16.9418769,2.766182871754976,8.72411,0.26460499999999954,PXR_octant,0.5611539928628216,0.0315257705596231,2.766182871754976
CHEMBL1401,CC(=O)Oc1ccccc1C(=O)Nc1ncc([N+](=O)[O-])s1,1,-1.999552,-29.531013,6.761513,-3.703017,7.555,4.01,-28.472069,0.0,40,-28.472069,-24.44366175,1.475428094500933,7.427561000000001,0.7014330000000015,PXR_octant,0.7643980172117424,0.021386679786861183,1.475428094500933
CHEMBL1402878,O=C(Nc1ccccc1OC(=O)c1ccc(Cl)cc1)c1ccc(Cl)cc1,1,1.054974,-36.387314,4.400969,-5.700928,10.561,5.21,-36.632301,0.0,44,-36.632301,-33.37345215909092,1.9710085759674307,9.894848999999997,0.9481010000000012,PXR_octant,0.9633933700562186,0.00923990519247295,1.9710085759674307
CHEMBL1404230,COc1ccc(C)cc1N=C(N)Nc1nc(C)cc(C)n1,1,-2.592847,-26.399626,5.092692,-4.345671,0.942,0.88,-28.245453,0.0,31,-28.245453,-24.587298096774195,3.2592700190437465,17.796164,0.4289510000000014,PXR_octant,0.6880704327488263,0.026535760978827254,3.2592700190437465
CHEMBL1405973,CCCCCCOc1ccccc1C(N)=O,1,-1.557353,-23.587404,6.123608,-2.728991,7.28,2.31,-21.750139,0.0,20,-21.750139,-18.0127101,1.848655607566636,6.063847000000001,0.03984400000000221,PXR_octant,0.5275416913293691,0.02658839323918852,1.848655607566636
CHEMBL1407509,Cc1cccc2cc3c(N)c(C(=O)N4CCOCC4)sc3nc12,1,-0.611345,-27.634172,5.191234,-2.236846,2.604,2.4,-25.291128,0.0,21,-25.291128,-23.530823190476195,3.3675198226687786,14.981294,0.20213700000000046,PXR_octant,0.4355351031797138,0.021231576806322264,3.3675198226687786
CHEMBL1407943,Clc1ccc(Cn2c(CN3CCCC3)nc3ccccc32)cc1,1,-1.99692,-27.555601,3.097556,-3.718376,4.442,2.13,-30.17334,0.0,156,-30.17334,-17.666145891025643,7.950315982664446,29.307821999999998,0.0735209999999995,PXR_octant,0.72990940177681,0.01818939816229754,7.950315982664446
CHEMBL1413,Cc1cc(C2CCCCC2)n(O)c(=O)c1,1,-0.67977,-19.174135,3.059768,-2.98526,0.324,0.32,-19.779396,0.0,120,-19.779396,-8.520345133333333,5.458421666889604,21.158918999999997,0.5452729999999981,PXR_octant,0.343962921426656,0.02884985103579073,5.458421666889604
CHEMBL1413196,COc1ccc(NC(=O)c2cccc3c(Br)cccc23)cc1,1,-1.678721,-30.740812,4.079726,-4.264088,3.281,1.79,-32.603897,0.0,38,-32.603897,-27.912909789473684,5.182093540036582,21.155656000000004,0.041031000000003814,PXR_octant,0.8046356727900519,0.017437096885785975,5.182093540036582
CHEMBL1414242,COc1ccc(Cl)cc1C(=O)Nc1ccc(N(C)C(C)=O)cc1,1,-1.530683,-30.232901,7.925623,-3.707184,4.139,1.15,-27.545145,0.0,20,-27.545145,-26.781714349999998,0.849376989078359,3.1831190000000014,0.02438900000000288,PXR_octant,0.7066476890015307,0.016826344703396213,0.849376989078359
CHEMBL1421125,Cc1ccc(-c2cc(-c3cccs3)[nH]n2)c(O)c1,1,-1.694432,-29.436293,3.326598,-2.625516,3.833,2.73,-30.429644,0.0,120,-30.429644,-23.62850563333333,2.85454691409022,14.971176999999999,0.4515269999999987,PXR_octant,0.6054106662463348,0.021956261452055835,2.85454691409022
CHEMBL1422,N[C@@H](CC(=O)N1CCn2c(nnc2C(F)(F)F)C1)Cc1cc(F)c(F)cc1F,1,7.077424,-25.521347,11.064578,-3.818011,5.826,1.93,-11.197357,0.0,19,-11.197357,-4.211251736842106,4.864920564658263,14.528427,1.2806510000000006,PXR_octant,0.5323707239562325,0.04128658007334156,4.864920564658263
CHEMBL1425667,[O-][n+]1onc2c3cc(-c4ccccc4)nnc3ccc21,1,-2.208828,-30.904778,5.378296,-3.619514,0.375,0.37,-31.354824,0.0,40,-31.354824,-26.02590325,2.6119640026537825,8.430332,0.07793399999999906,PXR_octant,0.6724888798303248,0.02620952479280779,2.6119640026537825
CHEMBL1427162,CCCc1nn(C)c(C(=O)Nc2cccc3ccccc23)c1Cl,1,-1.062511,-31.61219,4.408468,-4.09853,4.729,2.73,-32.364765,0.0,40,-32.364765,-27.69346005,2.811583268379515,12.433934999999998,0.3050269999999955,PXR_octant,0.8146114406648749,0.016423775655942725,2.811583268379515
CHEMBL1427854,Cc1cnc(NC(=O)c2c(Cl)cnn2C)s1,1,2.407685,-29.091913,5.995429,-2.138758,2.646,2.64,-22.827559,0.0,40,-22.827559,-18.2000973,2.2884084643443647,8.577153000000001,0.7815800000000017,PXR_octant,0.41526152323669935,0.025912068711804154,2.2884084643443647
CHEMBL1430231,Cc1nc(N)nc(Nc2ccc(Cl)cc2)c1Br,1,-0.729793,-24.404127,2.286518,-3.384561,1.517,1.47,-26.231962,0.0,24,-26.231962,-25.30452733333333,1.1473725002360697,4.1965499999999984,0.0033399999999979,PXR_octant,0.5562418622850768,0.025983198126859758,1.1473725002360697
CHEMBL1430347,[O-][n+]1onc2c1CCc1nnc(-c3ccccc3)cc1-2,1,-2.953331,-25.345364,5.07728,-3.078485,0.37,0.37,-26.2999,0.0,40,-26.2999,-22.698060625,2.54413979208793,9.400186000000001,0.03515600000000063,PXR_octant,0.4817847394392272,0.025658655774040424,2.54413979208793
CHEMBL1432238,COc1ccc(N2CCN(c3cc(C)c4ccc(O)cc4n3)CC2)cc1,1,-1.74617,-32.324543,18.166876,-3.193905,3.551,2.34,-19.097742,0.0,20,-19.097742,-18.436003149999998,0.6212361641930482,1.7959309999999995,0.014212000000000558,PXR_octant,0.4879492939956074,0.0331141506056543,0.6212361641930482
CHEMBL1435,Cc1nnc(SCC2=C(C(=O)O)N3C(=O)[C@@H](NC(=O)Cn4cnnn4)[C@H]3SC2)s1,1,-13.549274,-32.224808,34.132404,-2.324377,7.42,2.4,-13.966055,0.0,16,-13.966055,-8.047986375,5.188890602888263,15.899861000000001,0.05331700000000161,PXR_octant,0.2948717733784996,0.051924162345896446,5.188890602888263
CHEMBL14370,CCOc1ccccc1OC(c1ccccc1)C1CNCCO1,1,0.585118,-30.439991,4.224931,-3.274461,8.285,2.88,-28.904404,0.0,146,-28.904404,-14.789200828767123,6.770173508573487,25.022994,2.7003880000000002,PXR_octant,0.7727622054400386,0.02039591424644907,6.770173508573487
CHEMBL1439973,CC(C)(O)C(Cl)(Cl)Cl,1,-2.911747,-9.933008,1.077054,-0.848906,0.351,0.35,-12.616608,0.0,20,-12.616608,-10.7318873,1.0237408618367352,3.777032,0.5384529999999987,PXR_octant,0.07576654488837926,0.015314952159641597,1.0237408618367352
CHEMBL1441,CCc1cc(C(N)=S)ccn1,1,-7.706094,-13.731565,4.341042,-1.525995,2.45,1.42,-18.622614,0.0,20,-18.622614,-15.28656175,1.3686646127349973,5.221076999999999,0.8218629999999969,PXR_octant,0.1608458521459732,0.024272119438693753,1.3686646127349973
CHEMBL1447,smilestoolong,1,9.262184,-24.689394,8.393884,0.012577,5.401,1.94,-7.020749,0.0,36,-7.020749,-4.4226155277777774,1.9449007395428763,9.308937,0.2824600000000004,PXR_octant,0.11271145379714972,0.024187918626446016,1.9449007395428763
CHEMBL1448,O=C(Nc1ccc([N+](=O)[O-])cc1Cl)c1cc(Cl)ccc1O,1,-0.236687,-30.413532,2.734447,-3.500058,2.727,1.78,-31.415829,0.0,120,-31.415829,-23.1805913,4.253175428251107,15.863527999999999,0.013206999999997748,PXR_octant,0.7175317046474899,0.018399413956263516,4.253175428251107
CHEMBL1454,c1ccc([C@H]2CN3CCSC3=N2)cc1,1,-3.748163,-20.629696,3.982001,-3.137279,0.111,0.11,-23.533138,0.0,120,-23.533138,-14.136133449999999,5.35503945426688,20.785364,2.0730230000000027,PXR_octant,0.40198157477519814,0.032780826581941425,5.35503945426688
CHEMBL1455,CN(C)c1nc(N(C)C)nc(N(C)C)n1,1,5.031174,-17.262863,4.16641,-4.513999,1.149,1.07,-12.579277,0.0,39,-12.579277,-9.028272384615386,2.48582506192204,9.342068999999999,1.0658269999999987,PXR_octant,0.4616270717635891,0.03961239152869598,2.48582506192204
CHEMBL1459296,Brc1ccc2ncnc(Nc3ccc(N4CCOCC4)cc3)c2c1,1,-0.529907,-31.185387,3.30704,-3.265652,2.09,1.15,-31.673906,0.0,30,-31.673906,-27.514236999999998,5.2912809017335105,29.973544999999998,0.9055689999999998,PXR_octant,0.6880743017157339,0.019231619332589406,5.2912809017335105
CHEMBL1460,O=c1[nH]cnc2c1ncn2[C@H]1CC[C@@H](CO)O1,1,-1.723114,-24.198093,9.801837,-0.216911,2.274,1.92,-16.336281,0.0,40,-16.336281,-14.213761975,2.017796637806446,6.519717999999999,0.009599999999998943,PXR_octant,0.11338926826392834,0.01449338081574044,2.017796637806446
CHEMBL146095,O=C(OCC(O)CO)c1ccccc1Nc1ccnc2cc(Cl)ccc12,1,-1.360916,-35.974464,5.874368,-1.949253,4.835,1.53,-33.410267,0.0,29,-33.410267,-28.684823413793104,4.129836030573512,12.121514999999999,0.23441700000000054,PXR_octant,0.6470170454647124,0.024890613326538077,4.129836030573512
CHEMBL1463,Nc1nc(=O)[nH]cc1F,1,-4.205732,-12.316366,5.668728,0.904686,0.0,0.0,-9.948685,0.0,20,-9.948685,-8.605229150000001,1.0252023124143927,2.952850999999999,0.051848999999998924,PXR_octant,0.027238071148199684,0.006847966472425568,1.0252023124143927
CHEMBL1464,CC(=O)CC(c1ccccc1)c1c(O)c2ccccc2oc1=O,1,-9.377649,-28.381195,24.251835,-4.170135,2.459,1.65,-17.677143,0.0,22,-17.677143,-9.359592999999998,3.9194197872280974,22.416682,4.297707000000001,PXR_octant,0.46919545262692386,0.03715988863573195,3.9194197872280974
CHEMBL1466,O=c1oc2ccccc2c(O)c1Cc1c(O)c2ccccc2oc1=O,1,-15.14751,-26.730087,56.847351,-4.060582,1.813,0.91,10.909171,0.0,38,10.909171,14.199984368421054,1.8620690354051226,4.942309,0.001885999999998944,PXR_octant,0.08405906692788111,0.037470118547749974,1.8620690354051226
CHEMBL1474889,CC(CN(C)C)C(C)(O)Cc1ccc(Cl)cc1,1,4.755667,-19.502274,6.754363,-2.687727,6.4,2.68,-10.679971,0.0,3,-10.679971,-10.150039666666666,0.5018726100927734,0.9980119999999992,0.5917820000000003,PXR_octant,0.3396962264221577,0.03339280418207188,0.5018726100927734
CHEMBL1475,Cc1cc2cc3c(C)cc(=O)oc3c(C)c2o1,1,-1.487553,-24.31645,5.178638,-3.83413,0.0,0.0,-24.459496,0.0,20,-24.459496,-18.866628749999997,4.332628757678279,9.888729000000001,0.03251700000000213,PXR_octant,0.545335539396596,0.030315771967018252,4.332628757678279
CHEMBL1476893,O=S(=O)(NNc1ncc(C(F)(F)F)cc1Cl)c1ccc(F)cc1F,1,-0.857824,-28.953682,3.832043,-2.832077,1.173,0.49,-28.811541,0.0,40,-28.811541,-25.687109025,1.589863769352622,7.782136999999999,0.8393809999999995,PXR_octant,0.5560302870234424,0.021916404719892937,1.589863769352622
CHEMBL1481360,CCCCc1cc2c(c(NC(C)=O)n1)c(=O)oc1ccccc12,1,-0.664958,-25.661301,5.897209,-3.611889,2.003,1.62,-24.040939,0.0,1,-24.040939,-24.040939,,,,PXR_octant,0.5654386138571171,0.018831428352146604,
CHEMBL1481388,Nc1cccc(Nc2ncnc3ccccc23)c1,1,-2.24737,-27.946892,4.415775,-2.910338,1.515,1.47,-28.688824,0.0,40,-28.688824,-23.229462849999997,2.368739466773572,9.192001999999999,0.24181199999999947,PXR_octant,0.5464288527541231,0.02135359334938048,2.368739466773572
CHEMBL3190491,Oc1oc(-c2ccccc2)nc1/C=N/c1nccs1,1,-3.352323,-27.578854,4.380753,-2.037686,5.545,3.59,-28.58811,0.0,60,-28.58811,-24.797769533333334,1.481145407778202,7.518903999999999,0.14818200000000203,PXR_octant,0.5120648891201243,0.028332177592378785,1.481145407778202
CHEMBL3190804,CCc1ccc2[nH]c3nc(N/N=C/c4ccc(O)cc4O)nnc3c2c1,1,-2.961499,-31.780031,6.073551,-2.023995,3.044,1.41,-30.691975,0.0,62,-30.691975,-26.934249193548382,4.180261601095793,23.253315,0.2457579999999986,PXR_octant,0.5265683446752569,0.017499774008469658,4.180261601095793
CHEMBL3192859,COc1cc(/C=N/NC(=O)c2cccnc2)cc2c1OCO2,1,-2.737383,-31.535995,6.84234,-1.31381,5.825,2.48,-28.744846,0.0,40,-28.744846,-23.630521025,1.9604113091095945,11.086786,0.20610399999999984,PXR_octant,0.4678205659906686,0.020802838235758726,1.9604113091095945
CHEMBL3195512,O=C(N/N=C/c1ccco1)c1ccc(C(=O)N/N=C/c2ccco2)o1,1,0.606566,-33.39238,9.325114,-1.869673,8.434,3.48,-25.33037,0.0,2,-25.33037,-23.465719999999997,2.6370133190789904,3.7292999999999985,3.7292999999999985,PXR_octant,0.5797453943530555,0.03272618636164199,2.6370133190789904
CHEMBL3198275,O=C(N/N=C/c1ccc(-c2ccccc2[N+](=O)[O-])o1)c1cncc(Br)c1,1,-1.502134,-35.421173,11.083008,-3.912065,6.421,3.16,-29.752365,0.0,41,-29.752365,-24.49783936585366,4.5383340984261045,19.070230000000002,0.008108000000000004,PXR_octant,0.8078019885939857,0.017629417433851862,4.5383340984261045
CHEMBL3210930,CC(/C=C/c1cccc([N+](=O)[O-])c1)=N/NC(=O)c1cccnc1,1,-1.740234,-30.422363,6.871075,-3.491454,9.1,3.16,-28.782976,0.0,40,-28.782976,-24.0465808,3.3735877511108696,17.021492000000002,0.15243099999999998,PXR_octant,0.7882976812321049,0.020670798060739896,3.3735877511108696
CHEMBL3213524,C/C(=N\NC(=O)c1cccnc1)c1ccc(-n2ccnc2)cc1,1,-1.88589,-23.876816,7.169213,-3.811892,5.886,2.48,-22.405384,0.0,5,-22.405384,-12.7858464,8.255651172579986,20.271592000000002,5.519384000000002,PXR_octant,0.6336037096008554,0.020101515436159335,8.255651172579986
CHEMBL3213880,Cc1cc(O)nc(N/N=C/c2ccc(Br)s2)n1,1,-2.209348,-27.076906,5.400772,-3.161481,5.457,3.07,-27.046965,0.0,120,-27.046965,-21.431528766666666,4.725383398608638,16.229277,0.04021699999999839,PXR_octant,0.6334300735594228,0.018638726797298576,4.725383398608638
CHEMBL3214386,C/C(=N/Nc1ccc(F)cc1)c1ccc(Cl)s1,1,-0.617012,-27.951569,2.17068,-4.011476,3.776,2.6,-30.409376,0.0,40,-30.409376,-28.426423,1.515022850612441,5.007505000000002,0.02369500000000002,PXR_octant,0.7560899164086206,0.021759138679872152,1.515022850612441
CHEMBL325109,COc1cc(N)c(Cl)cc1C(=O)NC1CCN(Cc2ccccc2)CC1,1,7.75235,-32.732048,7.099501,-4.064796,1.827,1.16,-21.944994,0.0,20,-21.944994,-18.1941805,1.4238759326893806,5.431267000000002,0.1698190000000004,PXR_octant,0.6925920197118713,0.028571679000399048,1.4238759326893806
CHEMBL328560,NS(=O)(=O)c1ccc(N2CCCCS2(=O)=O)cc1,1,-13.307495,-20.365356,9.273746,1.573018,1.081,1.05,-22.826086,0.0,40,-22.826086,-13.183284025,3.371205019208075,20.133187,5.227298999999999,PXR_octant,0.0437418817605795,0.010152909199769678,3.371205019208075
CHEMBL3301612,COC(=O)N[C@@H](C)CNc1nccc(-c2cn(C(C)C)nc2-c2cc(Cl)cc(NS(C)(=O)=O)c2F)n1,1,0.792632,-45.933472,9.667739,-2.44223,9.681,2.23,-37.915329,0.0,2,-37.915329,-37.786395999999996,0.1823387972374502,0.25786599999999993,0.25786599999999993,PXR_octant,0.8755921832203114,0.027091482675103713,0.1823387972374502
CHEMBL340978,CC(C(=O)O)c1ccc2oc(-c3ccc(Cl)cc3)nc2c1,1,-10.705319,-33.889488,27.434502,-3.912333,2.554,1.27,-21.072638,0.0,23,-21.072638,-17.216264565217394,5.098228640233789,15.462238000000001,0.0616940000000028,PXR_octant,0.5217968618281713,0.04658062662011141,5.098228640233789
CHEMBL349803,NS(=O)(=O)c1cc(C(=O)O)cc(N2CCCC2)c1Oc1ccccc1,1,-15.283247,-30.029606,29.025602,-0.652571,5.6,2.45,-16.939819,0.0,7,-16.939819,-2.574554285714286,11.519038971862884,24.72673,2.570086999999999,PXR_octant,0.14026084447951553,0.027194098076115007,11.519038971862884
CHEMBL35,NS(=O)(=O)c1cc(C(=O)O)c(NCc2ccco2)cc1Cl,1,-10.840198,-29.382544,24.82148,-0.519525,2.721,2.42,-15.920786,0.0,40,-15.920786,-3.6320314750000002,7.074086460646024,21.805505,1.954400999999999,PXR_octant,0.10820382725298154,0.021503366957171272,7.074086460646024
CHEMBL3545185,O=C(/C=C\n1cnc(-c2cc(C(F)(F)F)cc(C(F)(F)F)c2)n1)NNc1cnccn1,1,-0.19851,-33.60191,5.780777,-4.763179,3.805,2.33,-32.782822,0.0,1,-32.782822,-32.782822,,,,PXR_octant,0.8624848772966576,0.015455677372927745,
CHEMBL358150,CC(C)(Oc1ccc(Cl)cc1)C(=O)OCCOC(=O)c1cccnc1,1,-1.698316,-31.900108,4.312838,-4.359025,8.919,2.89,-33.644611,0.0,40,-33.644611,-29.246646475,1.7759073121859967,8.460415999999999,0.6763529999999989,PXR_octant,0.892709327486669,0.015106071993708298,1.7759073121859967
CHEMBL3589557,O=C(c1cc(S(=O)(=O)Nc2ccccc2F)c(F)cc1Cl)N1CCN2CCC[C@@H]2C1,1,3.142028,-30.081259,14.196236,-3.315181,2.718,1.87,-16.058178,0.0,28,-16.058178,2.80027025,12.285019872442756,40.486614,0.14069200000000137,PXR_octant,0.46319395265726554,0.03117171365697512,12.285019872442756
CHEMBL36,CCc1nc(N)nc(N)c1-c1ccc(Cl)cc1,1,-1.891283,-19.555496,1.92495,-2.386146,0.872,0.85,-21.907974,0.0,120,-21.907974,-15.65295025,3.603520003738355,11.10376,0.18640900000000116,PXR_octant,0.3117243161108316,0.02688178317764827,3.603520003738355
CHEMBL360328,C[C@H]1CNCCc2ccc(Cl)cc21,1,7.04001,-18.103323,4.741784,-3.186733,0.0,0.0,-9.508262,0.0,20,-9.508262,-6.826397949999999,1.5596005110989994,3.8503420000000004,0.010319000000000855,PXR_octant,0.26239204094149327,0.030340823945338144,1.5596005110989994
CHEMBL3622879,Cc1nc(C)c(CNc2nc(C3CC3)nc(Cl)c2C)s1,1,-0.589457,-26.337772,2.455511,-3.5635,3.356,2.93,-28.035217,0.0,40,-28.035217,-24.444907825,1.3721924386195845,5.821621,0.5486639999999987,PXR_octant,0.6554738216394833,0.028669808594531603,1.3721924386195845
CHEMBL364713,COc1ccc2c(c1OC)C(=O)O[C@@H]2[C@H]1c2c(cc3c(c2OC)OCO3)CCN1C,1,5.75814,-24.304852,12.50418,-2.572714,3.786,1.98,-8.615245,0.0,4,-8.615245,-8.04709325,0.5684327913039352,1.1094159999999995,0.1613439999999997,PXR_octant,0.2734264984054021,0.030094978896139827,0.5684327913039352
CHEMBL365795,CC(C(=O)O)c1ccc(C(=O)c2ccccc2)s1,1,-7.848392,-22.365944,15.997846,-3.82821,4.579,2.64,-18.044701,0.0,40,-18.044701,-14.183505675000001,2.631794763842128,9.20533,0.8856740000000016,PXR_octant,0.4605680499825333,0.02695245439936599,2.631794763842128
CHEMBL36715,NC(=O)CN1CCCC1=O,1,-8.922325,-14.543846,7.806672,0.65145,0.841,0.84,-15.008049,0.0,20,-15.008049,-9.234720900000003,2.249670314592127,8.222363999999999,2.441958999999999,PXR_octant,0.04038780323881244,0.008755359403609726,2.249670314592127
CHEMBL3695718,Cc1nc(C)c(CNc2cc(C3CC3)nc3ccnn23)s1,1,-1.741559,-28.143986,4.639679,-3.889538,2.773,1.56,-29.135403,0.0,40,-29.135403,-23.620272500000002,2.118909210843067,9.520527000000001,1.6958620000000018,PXR_octant,0.7048745349530903,0.018164536721365115,2.118909210843067
CHEMBL36994,COc1ccc(C(=O)N2CCCC2=O)cc1,1,-5.90151,-20.022747,9.504338,-2.236927,2.765,1.79,-18.656845,0.0,40,-18.656845,-14.92937335,1.4814020939982977,6.7430710000000005,0.10112600000000072,PXR_octant,0.2555349830073477,0.018691333195085306,1.4814020939982977
CHEMBL3707366,C[C@H](N)C(=O)N[C@@H](CCC(N)=O)C(=O)O,1,-4.536694,-13.97102,23.388838,0.945428,5.018,1.65,5.826553,0.0,20,5.826553,11.404659750000002,3.0185010906388596,11.286117999999998,1.1663550000000003,PXR_octant,0.015088049622167065,0.005770551098886327,3.0185010906388596
CHEMBL370805,COC(=O)[C@H]1[C@@H](OC(=O)c2ccccc2)C[C@@H]2CC[C@H]1N2C,1,6.846348,-26.15518,6.142563,-4.219837,1.333,0.97,-17.386106,0.0,22,-17.386106,-13.857307636363636,8.54302538874354,35.323202,0.2120570000000015,PXR_octant,0.5828633454178246,0.028710616974649498,8.54302538874354
CHEMBL371463,C[C@H]1CCC[C@H](O)CCC/C=C/c2cc(O)cc(O)c2C(=O)O1,1,-1.406923,-24.803679,3.88027,-0.56061,0.0,0.0,-22.890942,0.0,20,-22.890942,-21.776733999999998,0.8321680887793862,2.834108999999998,0.07628899999999916,PXR_octant,0.17242636809396367,0.0188808028843116,0.8321680887793862
CHEMBL3752911,O=C(/C=C/N1C[C@H]2C[C@@H]1CN2c1ccccn1)c1ccccc1O,1,-1.154854,-30.441023,6.853886,-3.345586,5.253,2.28,-28.087578,0.0,86,-28.087578,-19.50173827906977,8.249717469504747,23.346881,0.019069999999999254,PXR_octant,0.6977739018816753,0.011585471876166901,8.249717469504747
CHEMBL3764044,CC1(C)CCc2cc(S(=O)(=O)N(CC(=O)O)Cc3cccc(-c4ccccc4)c3)ccc2O1,1,-7.496811,-35.136688,28.051342,-5.870216,6.519,1.78,-20.452374,0.0,1,-20.452374,-20.452374,,,,PXR_octant,0.8274809494779412,0.03262022721983719,
CHEMBL37744,CN(C)C/C=C(/c1ccc(Br)cc1)c1cccnc1,1,7.477331,-27.896458,7.54086,-4.054375,3.955,2.14,-16.93264,0.0,21,-16.93264,-15.794560095238095,2.110719499487862,10.090011,0.12956600000000051,PXR_octant,0.6279431310108402,0.02877183770421781,2.110719499487862
CHEMBL3786182,O=C(O)c1ccc(CN2CCC(CN[C@@H]3C[C@H]3c3ccccc3)CC2)cc1,1,4.249381,-30.521627,38.545841,-6.413836,4.499,2.54,5.859758,0.0,2,5.859758,6.693458,1.1790298469504492,1.6673999999999998,1.6673999999999998,PXR_octant,0.5178965715251403,0.09441285988337232,1.1790298469504492
CHEMBL385517,N#C[C@@H]1C[C@@H]2C[C@@H]2N1C(=O)[C@@H](N)C12CC3CC(CC(O)(C3)C1)C2,1,0.352745,-24.586624,3.958956,-1.470861,1.801,1.26,-21.745785,0.0,60,-21.745785,-8.747362150000003,9.804012377203838,26.217644,0.16536900000000188,PXR_octant,0.2718075332697676,0.01583097039778455,9.804012377203838
CHEMBL388590,CCc1oc2ccccc2c1C(=O)c1cc(Br)c(O)c(Br)c1,1,-9.899957,-31.660847,15.494712,-4.575184,5.446,2.33,-30.641273,0.0,40,-30.641273,-22.9344189,4.712548564112078,18.893604000000003,1.419519000000001,PXR_octant,0.7955635974558898,0.019736013851258904,4.712548564112078
CHEMBL388751,OCC(O)COc1ccc(Cl)cc1,1,-1.05231,-19.894474,2.786434,-0.411506,4.634,2.2,-18.571857,0.0,20,-18.571857,-16.753636,0.8725270746901002,3.342334000000001,0.307226,PXR_octant,0.16367825201410177,0.019015542937898554,0.8725270746901002
CHEMBL395091,CN[C@]1(c2ccccc2Cl)CCCCC1=O,1,0.344412,-20.431023,2.089547,-2.019953,3.116,1.63,-20.017015,0.0,46,-20.017015,-18.09057576086957,0.9973302813176607,3.9687669999999997,0.1159169999999996,PXR_octant,0.31060304995153176,0.02105728059025588,0.9973302813176607
CHEMBL399121,COc1ccc([C@@H]2CC(=O)c3c(O)cc(O)cc3O2)cc1O,1,-0.923136,-27.865381,4.867575,-0.021691,0.61,0.61,-23.942633,0.0,120,-23.942633,-17.467739225,5.095230084828567,17.652841000000002,0.11438599999999965,PXR_octant,0.1634079871634932,0.0188055191757903,5.095230084828567
CHEMBL400585,O=C(O)COn1c(-c2ccccc2)nc2ccc([N+](=O)[O-])cc21,1,-8.748322,-25.786636,18.157301,-4.234481,9.974,4.33,-20.612139,0.0,40,-20.612139,-17.45302585,2.8323487213013268,9.81588,0.07595999999999847,PXR_octant,0.6882292724185903,0.034543522657914445,2.8323487213013268
CHEMBL405,CC(N)Cc1ccccc1,1,7.268791,-13.423771,1.26572,-2.174561,0.353,0.34,-7.06382,0.0,20,-7.06382,-5.6093025,0.696448109309811,2.758717,0.12024200000000018,PXR_octant,0.14414293773722128,0.023017351847007525,0.696448109309811
CHEMBL407,CCOC(=O)c1ncn2c1CN(C)C(=O)c1cc(F)ccc1-2,1,-0.281415,-31.548086,7.0961,-3.599978,2.333,2.33,-28.33338,0.0,20,-28.33338,-27.538592799999996,0.42903798613551797,1.718005999999999,0.3442369999999997,PXR_octant,0.6739360049952593,0.022614865382624687,0.42903798613551797
CHEMBL4071864,CN1C(=O)[C@@H](NC(=O)c2n[nH]c(Cc3ccccc3)n2)COc2ccccc21,1,-3.959547,-33.353275,7.452572,-3.775367,2.128,1.41,-33.635616,0.0,3,-33.635616,-26.91586,8.504092242284063,16.280701999999998,3.8785659999999993,PXR_octant,0.751480887242626,0.020620823307438814,8.504092242284063
CHEMBL409,CC(O)(CS(=O)(=O)c1ccc(F)cc1)C(=O)Nc1ccc(C#N)c(C(F)(F)F)c1,1,-2.12319,-34.740257,4.048438,-2.666959,5.63,1.84,-35.481964,0.0,38,-35.481964,-29.965438131578946,2.500449229248651,12.281562999999998,1.4381899999999987,PXR_octant,0.7570124842392498,0.0192312275680003,2.500449229248651
CHEMBL409450,O=C1Nc2cc(Br)ccc2/C1=C1/Nc2ccccc2/C1=N\O,1,-1.133682,-29.471478,4.355167,-2.336905,1.184,1.16,-28.586897,0.0,118,-28.586897,-19.336692661016944,4.084981484154353,16.24341,0.05585299999999904,PXR_octant,0.48467433898589357,0.020146544666383416,4.084981484154353
CHEMBL4126289,CC1(C)OCCn2c1nc(C(=O)NCc1ccc(F)cc1)c(O)c2=O,1,-2.671672,-28.466791,4.627461,-2.399511,4.701,2.33,-28.910513,0.0,94,-28.910513,-17.611873191489362,10.093907857487453,51.36273,0.18003300000000166,PXR_octant,0.5626000498482767,0.013422810408883793,10.093907857487453
CHEMBL41286,CC(=O)Oc1cccc2c1C(=O)c1c(OC(C)=O)cc(C(=O)O)cc1C2=O,1,-12.529216,-27.160179,29.219913,-4.521014,0.046,0.02,-14.990496,0.0,20,-14.990496,-7.62809915,3.9397740145256694,12.191719,0.218966,PXR_octant,0.3817025514082608,0.048878523355736954,3.9397740145256694
CHEMBL415324,COc1ccc(/C=C/C(=O)Nc2ccccc2C(=O)O)cc1OC,1,-8.194156,-30.058359,21.066389,-3.628775,5.826,2.39,-20.814899,0.0,40,-20.814899,-17.304758099999997,3.903331179523248,14.295953,0.025186000000001485,PXR_octant,0.5606463741262467,0.029063276330353514,3.903331179523248
CHEMBL41632,O=C(O)Cc1cc(I)c(Oc2ccc(O)c(I)c2)c(I)c1,1,-5.014139,-31.978916,27.428364,-4.008391,5.533,2.44,-13.573084,0.0,2,-13.573084,-12.849524500000001,1.0232676580838949,1.447118999999999,1.447118999999999,PXR_octant,0.5118500536186499,0.049653225931367596,1.0232676580838949
CHEMBL4243206,C[Si](C)(O)c1ccc(N(CCc2ccccc2)S(=O)(=O)c2ccccc2)cc1,1,-0.479799,-32.804802,7.908167,-5.825056,8.085,2.62,-31.201492,0.0,1,-31.201492,-31.201492,,,,PXR_octant,0.9349058251124022,0.011027137513471405,
CHEMBL4251290,COC(=O)CN(c1ccc(C(C)(C)O)cc1)S(=O)(=O)c1ccccc1,1,-1.057793,-30.512562,5.064343,-1.566125,5.675,2.2,-28.072138,0.0,20,-28.072138,-21.86351985,3.697521243438896,16.690201,1.7994209999999988,PXR_octant,0.4957791787430817,0.018632925536171876,3.697521243438896
CHEMBL43,COc1cc(NS(C)(=O)=O)ccc1Nc1c2ccccc2nc2ccccc12,1,4.056479,-30.925394,12.014651,-2.832212,4.499,1.67,-17.686476,0.0,20,-17.686476,-7.369910750000001,9.723034323982654,23.709006,0.32548399999999944,PXR_octant,0.49337325248272124,0.03153875145495192,9.723034323982654
CHEMBL4301645,c1ccc([C@@H]2C[C@H]2NC2CCNCC2)cc1,1,15.046347,-18.026348,11.001044,-3.139523,3.448,1.84,4.88152,0.0,60,4.88152,11.9654271,4.829825783478171,22.033386999999998,0.1541990000000002,PXR_octant,0.18901800817185666,0.04080099806412732,4.829825783478171
CHEMBL4303665,C/C(=C(\CCOP(=O)(O)O)SC(=O)c1ccccc1)N(C=O)Cc1cnc(C)nc1N,1,-19.966309,-37.327957,74.769966,-3.34495,11.556,3.51,14.130751,0.0,4,14.130751,35.786999,24.91941832958117,43.514898,0.15273299999999956,PXR_octant,0.133546607404201,0.07577960860444838,24.91941832958117
CHEMBL43064,C(=C/c1ccccc1)\CN1CCN(C(c2ccccc2)c2ccccc2)CC1,1,9.025546,-30.639166,3.720202,-6.582256,1.948,0.91,-24.475674,0.0,2,-24.475674,-22.1970235,3.222498441008236,4.5573010000000025,4.5573010000000025,PXR_octant,0.9065808109192743,0.017527063174328332,3.222498441008236
CHEMBL1087,Cc1cccc(C)c1NC(=O)C1CCCCN1C,1,-3.656477,-22.72172,3.271371,-2.495749,2.867,1.51,-25.602573,0.0,196,-25.602573,-14.862150663265306,5.80337416307805,42.916116,0.1236089999999983,PXR_octant,0.4315618540057185,0.022775685708190555,5.80337416307805
CHEMBL1096882,Nc1nc(F)nc2c1ncn2[C@@H]1O[C@H](COP(=O)(O)O)[C@@H](O)[C@@H]1O,1,-19.45171,-24.746969,62.838383,1.450319,4.692,2.04,20.090025,0.0,40,20.090025,29.17032845,5.4068472542482695,17.254769999999997,0.1620670000000004,PXR_octant,0.0037638661446556094,0.0032072361085027667,5.4068472542482695
CHEMBL112,CC(=O)Nc1ccc(O)cc1,1,-3.077337,-17.53297,5.164966,-0.117257,0.046,0.04,-15.562598,0.0,20,-15.562598,-13.8975347,0.8848200061821138,2.9886029999999995,0.47161399999999887,PXR_octant,0.07405972595632493,0.012244945718174603,0.8848200061821138
CHEMBL1159717,CC(C)(C)NCC(O)c1ccccc1Cl,1,6.09958,-18.211578,0.299958,-2.598147,3.727,1.83,-14.410187,0.0,20,-14.410187,-13.168203199999999,0.5925185015210918,2.2238100000000003,0.36147300000000016,PXR_octant,0.33608073985622033,0.030729253288144756,0.5925185015210918
CHEMBL1231530,O=C(O)CCNC(=O)c1ccccc1,1,-8.789037,-19.508945,19.266258,-1.996681,5.048,1.62,-11.028404,0.0,20,-11.028404,-10.68367485,0.2041275164584691,0.6983090000000001,0.05242100000000072,PXR_octant,0.16800641457062912,0.020417103027455606,0.2041275164584691
CHEMBL130,O=C(N[C@H](CO)[C@H](O)c1ccc([N+](=O)[O-])cc1)C(Cl)Cl,1,-4.417576,-25.150652,3.578895,-1.505197,4.392,1.54,-27.49453,0.0,20,-27.49453,-24.212352700000004,1.0613471647481107,5.225926000000001,2.3655360000000023,PXR_octant,0.3885095990443547,0.021165296141824174,1.0613471647481107
CHEMBL137,Cc1ncc([N+](=O)[O-])n1CCO,1,-0.176596,-23.473061,4.72117,-1.814927,0.49,0.46,-20.743412,0.0,20,-20.743412,-17.63971075,2.4201896349290672,6.769024,0.33389700000000033,PXR_octant,0.26102334483848927,0.017854308405915283,2.4201896349290672
CHEMBL142635,COc1ccccc1N1CCN(CC(O)COc2cccc3ccccc23)CC1,1,4.219051,-34.371361,8.916094,-3.645198,8.014,2.09,-24.881414,0.0,4,-24.881414,-23.47312825,1.5595650351903418,2.822679000000001,0.11819399999999902,PXR_octant,0.7925223953010064,0.027461819253254013,1.5595650351903418
CHEMBL1529540,CCCC(=O)Nc1nn(C)c2nc3cc(C)ccc3cc12,1,-2.601775,-26.995888,7.740857,-3.315587,2.474,1.59,-25.172394,0.0,20,-25.172394,-19.06362155,2.2446633552924795,10.907512,3.640442,PXR_octant,0.5507734466568628,0.013589882652018746,2.2446633552924795
CHEMBL1567449,COc1ccccc1NC(=O)Nc1cccnc1,1,-2.269222,-23.927164,3.994142,-1.80775,3.22,1.53,-24.009995,0.0,40,-24.009995,-21.6205046,1.0771724295005383,4.593717999999999,0.8813999999999993,PXR_octant,0.3490702843820949,0.01590971989593254,1.0771724295005383
CHEMBL1579318,CCOc1ccc(NC(=O)c2cc3ccccc3cc2OC)cc1,1,-1.831243,-28.172235,5.545486,-4.121719,6.472,2.09,-28.579712,0.0,27,-28.579712,-25.562700074074073,2.107835102140691,7.479307000000002,0.14594100000000054,PXR_octant,0.7894014794533538,0.017935018196708105,2.107835102140691
CHEMBL1601528,O=C(Nc1cccc(Cl)c1)c1ccc(O)nn1,1,-3.710943,-24.941845,4.934841,-1.303721,3.654,2.73,-25.021667,0.0,40,-25.021667,-22.58628675,1.3131878917248891,4.691763999999999,0.1710160000000016,PXR_octant,0.30420412001914077,0.022971219353607904,1.3131878917248891
CHEMBL1613234,Nc1c(C(=O)c2ccc(Br)cc2)oc2ccccc12,1,-2.4164,-27.274282,3.065361,-2.848139,3.431,2.33,-29.473459,0.0,40,-29.473459,-26.67868305,2.6673276826490104,6.753751999999999,0.03751499999999908,PXR_octant,0.5904958438964139,0.021183057437997248,2.6673276826490104
CHEMBL1765292,CCC(C(=O)O)c1ccc(N2Cc3ccccc3C2=O)cc1,1,-7.764967,-28.174557,24.582426,-4.552553,2.311,1.07,-15.909649,0.0,20,-15.909649,-10.9019338,4.042835446164898,15.61244,0.24673800000000057,PXR_octant,0.5004308984950263,0.03923797091814466,4.042835446164898
CHEMBL182,Nc1nc2c(ncn2COC(CO)CO)c(=O)[nH]1,1,-7.964849,-19.559519,9.227999,1.163109,5.632,3.09,-17.133261,0.0,20,-17.133261,-15.6528291,1.0265437891762876,3.2641920000000013,0.043381000000000114,PXR_octant,0.06296371068585614,0.012876464588894205,1.0265437891762876
CHEMBL277522,O=C(O)CCC(=O)c1ccc(-c2ccccc2)cc1,1,-8.807342,-27.495831,17.454811,-4.694118,7.089,1.95,-23.54248,0.0,40,-23.54248,-18.595822724999998,3.9245437575893574,14.141326000000001,0.6137230000000002,PXR_octant,0.7393828758183983,0.026700938593346484,3.9245437575893574
CHEMBL285674,Clc1ccc2c(c1)C(c1ccccc1)=NCc1nncn1-2,1,-3.08501,-25.682276,4.408519,-3.992111,2.086,2.08,-28.350876,0.0,1,-28.350876,-28.350876,,,,PXR_octant,0.6609477906084927,0.02821650982679294,
CHEMBL3193884,C#CCn1cc(/C=N/NC(=O)c2cc3ccccc3o2)c2ccccc21,1,0.454666,-34.194336,7.961988,-5.050355,4.55,2.39,-30.828037,0.0,1,-30.828037,-30.828037,,,,PXR_octant,0.876142607362117,0.014336742428612942,
CHEMBL3194048,CCOc1ccc(/C=N/n2cc(-c3ccccc3)nc2S)cc1,1,-2.822877,-34.511753,11.430275,-5.705816,10.515,3.37,-31.61017,0.0,28,-31.61017,-24.639748571428576,3.148852374822546,15.684557,1.516292,PXR_octant,0.9432219211915549,0.010920070212236486,3.148852374822546
CHEMBL3195346,Cc1nc(C)c(C(=O)N/N=C/c2c[nH]c3ccccc23)s1,1,-1.591041,-29.465454,8.552407,-3.005006,5.036,2.64,-25.509094,0.0,40,-25.509094,-21.066729225,2.520304501622226,11.042078000000002,0.09990100000000268,PXR_octant,0.5998879719089232,0.011525712647325442,2.520304501622226
CHEMBL3197908,COc1ccc2nc(C)cc(N/N=C/c3ccc(F)cc3)c2c1,1,-2.325536,-32.777431,4.8521,-3.79968,3.698,2.6,-34.050545,0.0,160,-34.050545,-22.88313908125,6.7126697922255465,27.666333,0.026448000000002025,PXR_octant,0.7896836338477794,0.019397033272052062,6.7126697922255465
CHEMBL3287136,Cc1c(-c2ccc(O)c(O)c2)[nH]c2ccc(OCCCO)cc12,1,-4.486279,-34.703407,6.039494,0.206503,7.746,2.09,-32.943687,0.0,40,-32.943687,-25.7862364,2.846671224173792,10.257632999999998,1.0279309999999988,PXR_octant,0.4081632510562598,0.04313964226221295,2.846671224173792
CHEMBL339323,CC(=N)N1CC[C@H](SC2=C(C(=O)O)N3C(=O)[C@H]([C@@H](C)O)[C@H]3C2)C1,1,-0.637323,-25.324581,28.251003,-0.354548,8.544,3.5,1.934551,0.0,26,1.934551,9.154061192307692,3.6787107621347452,15.940617,0.7361469999999999,PXR_octant,0.07215743585867296,0.0235483070183618,3.6787107621347452
CHEMBL3596279,O=C(O)c1ccc(-c2nc(C(=O)c3c(Cl)cccc3C3CC3)n3cccnc23)cc1O,1,-9.130319,-35.509487,30.60401,-5.288781,4.262,1.87,-19.324575,0.0,10,-19.324575,-11.784362599999998,8.3180121080394,22.574628999999998,0.04510799999999904,PXR_octant,0.7122371066251622,0.0460341978308255,8.3180121080394
CHEMBL3695713,Cn1cc(CNc2cc(OC[C@H]3C[C@@H]3c3ccccn3)nc3ccnn23)cn1,1,-0.768522,-34.351288,8.016949,-3.475299,9.135,3.54,-30.578159,0.0,13,-30.578159,-23.314585846153843,3.849795471206487,14.551136,3.939854999999998,PXR_octant,0.8250149069695633,0.019098305538241715,3.849795471206487
CHEMBL37161,COC(=O)Nc1nc2cc(Sc3ccccc3)ccc2[nH]1,1,-1.135646,-29.813217,3.770986,-4.068399,0.978,0.67,-31.246277,0.0,60,-31.246277,-26.321646916666662,1.7800786159924327,8.258426999999998,0.19156899999999766,PXR_octant,0.7327706413419105,0.02369431421070594,1.7800786159924327
CHEMBL3822867,COc1cccc(-c2nc(SC)c3ccccc3n2)c1,1,-3.016706,-26.092995,4.420764,-3.315444,1.377,0.69,-28.004381,0.0,40,-28.004381,-24.677834400000002,1.6443356369532345,6.050782999999999,1.0248259999999974,PXR_octant,0.5699607225877754,0.023941054914262173,1.6443356369532345
CHEMBL404108,Cc1ccc(Nc2c(F)cccc2Cl)c(CC(=O)O)c1,1,-20.466084,-25.4641,31.161579,-4.433548,3.694,1.53,-19.202152,0.0,40,-19.202152,-15.062822275000002,1.88320764578764,10.747946000000002,0.04881300000000266,PXR_octant,0.44464545366444663,0.051710294406052425,1.88320764578764
CHEMBL404422,CCCCC1(CC)C(=O)NC(=O)NC1=O,1,-1.138761,-16.319298,1.781329,-0.27161,2.573,2.11,-15.948339,0.0,34,-15.948339,-10.684258470588235,3.724598575587704,12.840965,0.0397590000000001,PXR_octant,0.10140243890450686,0.015902649405809592,3.724598575587704
CHEMBL428,N[C@@H]1[C@H]2CN(c3nc4c(cc3F)c(=O)c(C(=O)O)cn4-c3ccc(F)cc3F)C[C@@H]12,1,-3.912876,-25.409063,41.228291,-4.246329,2.257,1.15,7.660022,0.0,8,7.660022,23.162171125,9.320073979137849,24.963586,7.074933,PXR_octant,0.15403006035254574,0.04701645324273171,9.320073979137849
CHEMBL4457647,O=C(Nc1ccnnc1)c1cc(N2CCOCC2)ccc1OCc1ccccc1,1,-1.527123,-35.744751,5.991466,-2.948546,8.698,2.16,-34.228954,0.0,31,-34.228954,-26.111943000000004,5.021103164373416,22.313606,1.5513109999999983,PXR_octant,0.8240398688499293,0.022673794859692346,5.021103164373416
CHEMBL454,C=CCC1(CC(C)C)C(=O)NC(=O)NC1=O,1,-0.555679,-17.68783,1.742264,-0.511445,4.118,2.0,-17.01269,0.0,52,-17.01269,-7.4007834615384605,6.337025745027096,21.190312,0.020179999999999865,PXR_octant,0.14561080404998972,0.018874487192357577,6.337025745027096
CHEMBL4585141,O=S(=O)(Nc1cscn1)c1cc(Cl)c(NCc2cc(CN3CCC3)ccc2F)cc1F,1,-7.880435,-40.525631,24.448572,-2.153862,8.837,3.5,-26.111357,0.0,10,-26.111357,-22.979419200000002,2.3493330004400446,5.753941000000001,0.01881100000000302,PXR_octant,0.6003189672738766,0.05461701118430935,2.3493330004400446
CHEMBL488,CCC1(c2ccc(N)cc2)CCC(=O)NC1=O,1,-3.467621,-19.995756,3.943099,-0.110821,0.528,0.35,-19.631098,0.0,31,-19.631098,-16.051772129032255,1.6471316785718486,6.889940000000001,0.6431200000000032,PXR_octant,0.10304788589830075,0.014562979387812982,1.6471316785718486
CHEMBL493682,COc1ccc(CCNC[C@H](O)c2ccc(O)cc2)cc1OC,1,5.492156,-26.30991,6.552554,-0.937841,2.106,1.62,-15.20304,0.0,40,-15.20304,-10.752987675,2.0934826192989,8.83512,0.3948660000000004,PXR_octant,0.18759928770950893,0.02083055351326814,2.0934826192989
CHEMBL5431005,C[C@@H]1CCCN1c1cc(-c2ccco2)nnc1N,1,-2.3003,-25.567322,4.284015,-1.447513,2.246,1.16,-25.03112,0.0,26,-25.03112,-19.615310615384615,3.3518416988238817,13.789807000000001,0.30138000000000176,PXR_octant,0.31258717028581295,0.016303370596715785,3.3518416988238817
CHEMBL5593488,COc1cnc2c(-c3nc4cc(F)c5c(c4s3)C[C@H](COC(=O)Nc3cnc(C)nc3)O5)cc(C)cc2n1,1,2.659981,-25.648947,8.545407,-2.173321,8.699,4.05,-16.616879,0.0,1,-16.616879,-16.616879,,,,PXR_octant,0.44077163363991545,0.03760770025508416,
CHEMBL569713,CN1[C@@H]2C[C@@H](OC(=O)[C@H](CO)c3ccccc3)C[C@H]1[C@@H]1O[C@@H]12,1,-2.319277,-25.759773,3.790929,-0.87749,8.223,4.05,-25.165609,0.0,120,-25.165609,-15.564096641666668,6.623209069670811,23.790789,1.211041999999999,PXR_octant,0.37373445873832417,0.033658619826668935,6.623209069670811
CHEMBL595,CCc1ccc(CCOc2ccc(CC3SC(=O)NC3=O)cc2)nc1,1,-8.404186,-29.369802,22.517519,-1.510676,7.983,2.09,-16.767143,0.0,40,-16.767143,-14.887518525,2.398156372671777,13.23995,0.005345999999999407,PXR_octant,0.28982310506324077,0.03895141295463875,2.398156372671777
CHEMBL6,COc1ccc2c(c1)c(CC(=O)O)c(C)n2C(=O)c1ccc(Cl)cc1,1,-10.713549,-28.909267,23.097427,-4.574906,4.049,1.87,-21.100296,0.0,20,-21.100296,-13.9019259,11.045700841693906,25.483949,0.06498699999999857,PXR_octant,0.6106343409926646,0.03297244182381445,11.045700841693906
CHEMBL63323,O=C(O)c1cccnc1Nc1cccc(C(F)(F)F)c1,1,-19.315426,-21.489605,26.909363,-3.85644,3.526,1.87,-17.752108,0.0,40,-17.752108,-13.858149375,1.9347876270470603,9.102276999999999,2.139289999999999,PXR_octant,0.3334075656469882,0.042023827179640885,1.9347876270470603
CHEMBL712,COc1ccc(C2C(=O)c3ccccc3C2=O)cc1,1,-10.052374,-27.037952,19.784386,-3.116728,1.071,1.06,-20.422667,0.0,40,-20.422667,-16.686314825,1.3736473002917322,6.928446000000001,0.9365449999999989,PXR_octant,0.34389987205803535,0.02840819179676562,1.3736473002917322
CHEMBL817,Cc1ccc(S(=O)(=O)NC(=O)NN2CCCCCC2)cc1,1,-8.491419,-25.603016,24.436626,-1.835455,1.135,0.91,-11.493265,0.0,24,-11.493265,-6.817366875,3.2795383530834537,13.545103999999998,2.4935769999999984,PXR_octant,0.13188873755617384,0.021167035535535825,3.2795383530834537
CHEMBL855,Cc1ccc(/C(=C\CN2CCCC2)c2ccccn2)cc1,1,6.432982,-26.516411,5.02993,-4.627326,5.237,2.14,-19.680824,0.0,36,-19.680824,-12.79851786111111,5.836227651518305,25.744714000000002,0.33000900000000044,PXR_octant,0.7456669171333545,0.02440678063009782,5.836227651518305
CHEMBL86715,OC(CCN1CCCC1)(c1ccccc1)C1CCCCC1,1,5.337782,-21.607428,5.517567,-3.521695,2.83,1.29,-14.273773,0.0,23,-14.273773,-10.31271656521739,4.76810671680731,16.440511,0.0715520000000005,PXR_octant,0.4370599439148477,0.027113043472622514,4.76810671680731
CHEMBL885,Nc1nc(=O)n([C@@H]2CS[C@H](CO)O2)cc1F,1,-6.145078,-18.935116,5.472561,1.294999,2.418,1.91,-18.312632,0.0,40,-18.312632,-14.794259475,1.8230971619565985,6.877163000000001,0.3878920000000008,PXR_octant,0.05071423635514373,0.010219596646180303,1.8230971619565985
CHEMBL92401,CC(C)NNC(=O)c1ccncc1,1,-1.783783,-20.83526,4.088016,-0.90697,2.204,1.05,-19.438,0.0,20,-19.438,-17.953697999999996,0.7154511384396782,2.8058419999999984,0.19345899999999716,PXR_octant,0.1753802126399194,0.01631317164815117,0.7154511384396782
CHEMBL959,CC(N)C12CC3CC(CC(C3)C1)C2,1,6.939188,-13.497487,4.686039,-2.138518,0.351,0.35,-4.010778,0.0,14,-4.010778,2.1163595714285717,5.797939223271512,16.47743,0.6070890000000002,PXR_octant,0.11660463830419758,0.019822895164845134,5.797939223271512
CHEMBL972,C#CCN(C)[C@H](C)Cc1ccccc1,1,6.307376,-19.664862,4.261325,-4.130838,4.71,2.03,-13.226999,0.0,40,-13.226999,-9.648626225000001,0.8803636769115389,4.723483,2.0979039999999998,PXR_octant,0.5370382737201617,0.0363879080518601,0.8803636769115389
CHEMBL973,C/C(O)=C(\C#N)C(=O)Nc1ccc(C(F)(F)F)cc1,1,-0.736004,-22.631763,5.156821,-3.271844,3.443,1.56,-21.48279,0.0,20,-21.48279,-19.4073974,1.0858695857882943,4.531343,0.6402780000000021,PXR_octant,0.4975185423881349,0.0184480320879313,1.0858695857882943
CHEMBL979,CCCC(C)(COC(N)=O)COC(N)=O,1,-3.410052,-16.182873,4.720831,1.731431,4.143,1.83,-13.140664,0.0,20,-13.140664,-10.865823500000001,1.6544310533898607,7.221311999999999,0.11306699999999914,PXR_octant,0.03625486362630591,0.008675372674454057,1.6544310533898607
CHEMBL98,O=C(CCCCCCC(=O)Nc1ccccc1)NO,1,-0.490043,-25.594749,7.620418,-2.198137,8.89,1.65,-20.662512,0.0,20,-20.662512,-19.8676514,0.24056560927736384,1.4026089999999982,0.718516000000001,PXR_octant,0.5102476243473002,0.04583706715918882,0.24056560927736384
CHEMBL990,CN(Cc1ccc(C(C)(C)C)cc1)Cc1cccc2ccccc12,1,6.580968,-29.953585,5.185964,-6.351935,2.187,1.22,-24.538588,0.0,3,-24.538588,-17.821276,10.724998583827785,19.086178,1.0657580000000024,PXR_octant,0.8884244880304513,0.018293196808548767,10.724998583827785
CHEMBL1800116,Cc1c(Cl)cccc1Oc1cccn2c(C3CCCCCC3)nnc12,1,-1.2461,-28.184717,5.680801,-5.541188,5.131,3.71,-29.291203,0.0,24,-29.291203,-27.479298041666663,3.2595485521889374,15.949707,0.013221999999998957,PXR_octant,0.8699162036242307,0.020992779522205848,3.2595485521889374
CHEMBL3094367,N#Cc1ccc(S(=O)(=O)N(CC(F)(F)F)c2ccc(C(O)(C(F)(F)F)C(F)(F)F)cc2)cc1,1,-0.722649,-33.535892,5.785861,-3.219956,6.177,2.34,-31.692635,0.0,20,-31.692635,-24.5803638,3.2212956140699136,11.669251,3.820938999999999,PXR_octant,0.7709291637871981,0.015411152175787677,3.2212956140699136
CHEMBL3318962,Clc1ccc(C2(c3nnc4c(Oc5ccccc5Cl)cccn34)CC2)cc1,1,-0.760319,-34.310329,7.309889,-6.211419,5.95,3.7,-33.972179,0.0,22,-33.972179,-33.00501145454545,1.9899621947512742,8.534676999999999,0.01656699999999489,PXR_octant,0.9429425614102012,0.011584082302867112,1.9899621947512742
CHEMBL3622898,Cc1nc(C)c(CNc2nc(OCCCc3ccc4ccccc4n3)nc(Cl)c2C)s1,1,-2.603519,-41.364658,5.955192,-4.094559,8.035,3.18,-42.107544,0.0,5,-42.107544,-34.367919,4.559133386129538,11.539067999999997,7.598884999999996,PXR_octant,0.9345157019956183,0.011534526224504339,4.559133386129538
CHEMBL3632931,Cc1cc(-c2onc(C)c2C(=O)Sc2ccccc2)no1,1,-1.129901,-31.955566,5.18897,-3.986082,10.098,3.51,-31.882582,0.0,60,-31.882582,-26.85224368333333,2.5890503350555596,9.617525,0.6249159999999989,PXR_octant,0.8734435925570694,0.017562033299806466,2.5890503350555596
CHEMBL3665949,Cc1c(Cl)nc(OC[C@H]2C[C@@H]2c2ccccn2)nc1NCc1cnn(C)c1,1,-4.014822,-29.948507,6.250715,-2.749114,8.096,3.18,-30.461729,0.0,7,-30.461729,-27.70067657142857,2.1033553633497792,6.394305999999997,0.8362119999999997,PXR_octant,0.7022457971149529,0.020116315820920924,2.1033553633497792
CHEMBL3781062,C[Si](C)(O)c1ccc(N(CC(F)(F)F)S(=O)(=O)c2ccccc2)cc1,1,0.960409,-33.339535,6.07329,-4.163936,2.487,1.15,-30.469772,0.0,11,-30.469772,-26.92536018181818,3.5241803323772416,10.541141,0.05689800000000034,PXR_octant,0.787003851062045,0.017821209003685785,3.5241803323772416
CHEMBL3823873,COc1cccc(-c2nc3ccccc3c(=S)[nH]2)c1,1,-1.190833,-29.302837,12.643613,-3.633367,1.524,1.49,-21.483423,0.0,40,-21.483423,-18.319938875000002,1.3122564302450945,7.545970999999998,1.6905059999999992,PXR_octant,0.526950504389222,0.021941009813536895,1.3122564302450945
CHEMBL3827928,O[C@H](c1ccccn1)C1(c2ccc(OC(F)(F)F)cc2)CC(F)(F)C1,1,0.228331,-25.163963,1.751338,-3.084882,9.444,3.52,-26.269178,0.0,20,-26.269178,-25.28436565,1.2330469592615847,5.04738,0.17617800000000017,PXR_octant,0.7119811443862784,0.03034450702339961,1.2330469592615847
CHEMBL397420,CC(=O)CC(c1ccc([N+](=O)[O-])cc1)c1c(O)c2ccccc2oc1=O,1,-7.139936,-14.558315,21.417006,-4.617573,4.989,1.95,-4.898819,0.0,16,-4.898819,-0.894499125,1.730017463788651,6.335135999999999,0.6297069999999998,PXR_octant,0.31474531565315594,0.04118269473593658,1.730017463788651
CHEMBL4067777,O=C(CC1(c2ccc(F)cc2)C2CC3CC(C2)CC1C3)N1CC(O)C1,1,-0.091892,-23.808514,4.891951,-2.420152,2.847,1.45,-21.428608,0.0,6,-21.428608,-19.345222833333334,1.7788621421432762,4.166342,0.5831340000000012,PXR_octant,0.3879047830628561,0.013440316755237115,1.7788621421432762
CHEMBL4218626,CC(C)(O)CC(=O)NCC1CN(S(=O)(=O)c2ccc(F)cc2)c2ccc(C(O)(C(F)(F)F)C(F)(F)F)cc2S1,1,-4.273149,-31.281624,28.863523,-2.560493,9.362,2.39,-9.251741,0.0,6,-9.251741,-9.062961,0.14064211212009045,0.3256210000000017,0.04878500000000052,PXR_octant,0.36324246694405654,0.06325953973625636,0.14064211212009045
CHEMBL4249586,C[Si](C)(O)c1ccc(NS(=O)(=O)c2ccccc2)cc1,1,-3.723795,-30.814024,6.008697,-1.366767,0.612,0.59,-29.895889,0.0,55,-29.895889,-18.559965054545458,7.601262608797803,25.055119,0.23377599999999887,PXR_octant,0.361787843711561,0.025704644376543993,7.601262608797803
CHEMBL4439746,Clc1ccc(-c2nc3occn3c2/C=N/OCc2ccc(Cl)c(Cl)c2)cc1,1,-1.416783,-35.533569,4.778481,-4.331772,3.439,2.39,-36.503643,0.0,60,-36.503643,-32.13082416666667,2.7222407595278595,12.501021999999995,0.4685519999999954,PXR_octant,0.8628675303603298,0.01698679359765306,2.7222407595278595
CHEMBL4544968,COC[C@H](Nc1cc(F)c(S(=O)(=O)Nc2nccs2)cc1Cl)c1ccccc1,1,-8.672108,-32.949471,27.863041,-3.247998,6.295,3.15,-17.006536,0.0,1,-17.006536,-17.006536,,,,PXR_octant,0.46354129970974756,0.04881208213130423,
CHEMBL457674,O=S(=O)(Nc1ccc2c(c1)ncn2-c1ccc2ccccc2c1)c1ccccc1Cl,1,1.18101,-37.041691,7.189788,-5.579799,3.771,2.06,-34.25069,0.0,67,-34.25069,-19.80405923880597,9.089778859867089,34.485423,0.006392999999995652,PXR_octant,0.9227128788412918,0.012439094920342392,9.089778859867089
CHEMBL457977,Fc1ccc(-c2c3cccc(C(F)(F)F)c3nn2Cc2ccccc2F)cc1,1,-0.313464,-29.52998,3.917392,-5.557535,5.886,3.09,-31.483585,0.0,2,-31.483585,-30.055795500000002,2.019199275113902,2.8555790000000023,2.8555790000000023,PXR_octant,0.903334860787727,0.014738236927663536,2.019199275113902
CHEMBL4580996,C[C@H](Nc1cc(F)c(S(=O)(=O)Nc2cscn2)cc1Cl)c1cc(F)ccc1F,1,-9.008307,-30.11183,22.181181,-3.129522,6.029,3.5,-20.068478,0.0,19,-20.068478,-15.977283842105267,6.1239763817814055,25.356144,0.19334399999999974,PXR_octant,0.4737237814193611,0.03690389946146519,6.1239763817814055
CHEMBL4780781,O=C1c2nc3ccccc3n2CCN1CCCCOc1ccc(OC(F)(F)F)cc1,1,-2.481122,-36.230156,8.183834,-4.296279,8.763,2.93,-34.823723,0.0,20,-34.823723,-32.118924250000006,1.5231738024239447,7.50478,0.8201680000000025,PXR_octant,0.9023029412314838,0.013613786949478856,1.5231738024239447
CHEMBL514421,O=S(=O)(Cc1ccccc1Cl)Nc1ccc2c(ccn2Cc2ccccc2)c1,1,1.961537,-36.459957,6.080094,-5.650415,4.456,2.08,-34.068741,0.0,4,-34.068741,-31.319903,1.883701330428652,4.0402220000000035,3.0538180000000033,PXR_octant,0.9302287783887734,0.011360037803986141,1.883701330428652
CHEMBL5202550,CC(C)(C)c1nc(-c2cc(Cl)cc(NS(=O)(=O)c3cc(F)ccc3F)c2F)c(-c2ccnc(N)n2)s1,1,-9.991816,-25.957897,29.597261,-4.253803,2.464,0.66,-10.606256,0.0,6,-10.606256,-10.039798333333332,0.31250023132962124,0.8194230000000005,0.4098419999999994,PXR_octant,0.34829294837243246,0.044643595435642586,0.31250023132962124
CHEMBL5279980,COc1ccc(OC)c(-n2nnc(C(=O)Nc3cc(C(C)(C)C)ccc3OC)c2C)c1,1,-2.367974,-36.050388,7.248875,-2.799817,5.771,2.34,-33.969303,0.0,40,-33.969303,-29.144549025000003,3.0657219405602136,10.228326999999997,0.2582779999999971,PXR_octant,0.7532340411826354,0.018019506250363918,3.0657219405602136
CHEMBL5419791,Clc1ccc(-c2nc3ccccn3c2-c2cn(Cc3ccccc3)nn2)cc1,1,-3.901989,-36.42823,7.187535,-5.931659,2.66,1.57,-39.074345,0.0,39,-39.074345,-31.816262692307692,5.8080677798504565,23.176216,0.8131029999999981,PXR_octant,0.9363645593437397,0.012426477564471537,5.8080677798504565
CHEMBL5425066,Cn1cc(-c2cc(C(N)=O)nc3cc(CN4CCOC(C5CC5)C4)ccc23)cn1,1,4.281497,-29.703814,9.320493,-2.162295,4.391,2.19,-18.264116,0.0,12,-18.264116,-6.288111749999999,10.135597756398415,25.205285000000003,1.5961130000000026,PXR_octant,0.4078278316619104,0.02618373480259078,10.135597756398415
CHEMBL5427019,CCOc1ccccc1C(=O)Nc1cccc2c1C(=O)N(CC1CC1)C2,1,-0.102939,-33.307648,7.651893,-4.977701,11.186,3.95,-30.736395,0.0,40,-30.736395,-26.1595437,2.005179019286656,10.983778000000001,0.9464000000000006,PXR_octant,0.9248155092039364,0.01369458733294228,2.005179019286656
CHEMBL5428009,C[C@H]1CCCCN1c1cc(-c2ccccc2O)nnc1N,1,-2.808209,-27.474447,4.268703,-1.310584,2.991,1.81,-27.324539,0.0,20,-27.324539,-23.68450215,2.6709882568060888,7.670523000000003,0.28681700000000276,PXR_octant,0.35209982210053326,0.017822326485443997,2.6709882568060888
CHEMBL5441040,CC[C@H]1CCCN1c1cc(-c2ccco2)nnc1N,1,-0.672849,-28.735289,3.826706,-1.85342,3.15,1.56,-27.434853,0.0,45,-27.434853,-20.915938977777778,3.956044365369888,19.123434,0.05796899999999994,PXR_octant,0.4520041290689462,0.013917000095452011,3.956044365369888
CHEMBL91,Clc1ccc(COC(Cn2ccnc2)c2ccc(Cl)cc2Cl)c(Cl)c1,1,0.413463,-34.578964,2.284107,-6.051451,5.153,2.31,-37.932846,0.0,19,-37.932846,-29.73641342105263,8.451175322409936,23.692628999999997,0.3678589999999957,PXR_octant,0.9536368321636788,0.009422046802468135,8.451175322409936
CHEMBL448245,CC(=O)Nc1cc(-c2ccc(Cl)cc2)n[nH]1,1,-2.254051,-26.089653,4.622611,-2.108183,1.384,1.1,-25.829277,0.0,40,-25.829277,-19.3766647,2.3057844002920937,9.767494000000003,0.9901499999999999,PXR_octant,0.38417830803115616,0.017773564353166127,2.3057844002920937
CHEMBL448416,CN=C(N)NC(=O)Nc1c(C)cccc1C,1,0.024619,-21.400198,5.337673,-2.20584,1.355,1.35,-18.243746,0.0,60,-18.243746,-9.278065233333333,4.305667499726662,13.896194000000001,3.3036210000000015,PXR_octant,0.2692240282045703,0.018022816126089244,4.305667499726662
CHEMBL44884,CC[C@@H](CO)NCCN[C@@H](CC)CO,1,6.656694,-16.423946,3.378392,0.781092,4.481,1.59,-5.607768,0.0,40,-5.607768,-2.6762600749999996,1.3203477619640425,5.485025,0.07737999999999978,PXR_octant,0.05156145704640282,0.01230474684828967,1.3203477619640425
CHEMBL45,COc1ccc2[nH]cc(CCNC(C)=O)c2c1,1,-2.036695,-26.913595,6.999051,-1.869675,0.775,0.66,-23.820915,0.0,20,-23.820915,-23.24392035,1.0834581843350763,3.760197999999999,0.004379000000000133,PXR_octant,0.31856867502718894,0.017080354042445386,1.0834581843350763
CHEMBL450,CCC1(CC)C(=O)NC(=O)N(C)C1=O,1,-2.325606,-17.251749,2.214643,-1.070823,1.013,0.55,-18.433537,0.0,17,-18.433537,-10.674898176470588,5.435955476018157,18.131763,0.05341200000000157,PXR_octant,0.14890352226636333,0.01872187889843799,5.435955476018157
CHEMBL4514379,N#Cc1cnc2ccc(-c3c(-c4ccc(F)c(Cl)c4)ncn3CCO)nn12,1,-0.080326,-35.570213,6.751871,-3.932062,2.604,2.33,-32.83073,0.0,55,-32.83073,-29.314349054545456,2.6129175843088692,13.759018000000001,0.7169260000000008,PXR_octant,0.7927405796889266,0.021163860263811403,2.6129175843088692
CHEMBL4515137,O=C(CNc1nonc1/C(=N/O)N[C@H]1Cc2ccc(F)cc21)NCCO,1,-11.654839,-29.155706,31.231764,-0.617128,8.099,2.35,-10.19591,0.0,40,-10.19591,-4.8977732000000005,2.8887184437768103,10.479629,1.1082009999999993,PXR_octant,0.1286621728859625,0.031077160057705895,2.8887184437768103
CHEMBL455,CC(=O)NS(=O)(=O)c1ccc(N)cc1,1,-9.353784,-19.5753,21.145721,0.622806,0.408,0.37,-7.160558,0.0,20,-7.160558,-4.1214413500000004,0.9833054955086454,4.429755,1.5695550000000003,PXR_octant,0.025885372935528377,0.0070596904084932015,0.9833054955086454
CHEMBL456,C=C(CC)C(=O)c1ccc(OCC(=O)O)c(Cl)c1Cl,1,-9.573914,-26.446459,18.349443,-4.021369,12.049,4.52,-21.692297,0.0,20,-21.692297,-18.4203991,1.605662602537293,6.327641999999999,0.25508299999999906,PXR_octant,0.7222725530799657,0.037828912487179615,1.605662602537293
CHEMBL459,C[C@](N)(Cc1ccc(O)c(O)c1)C(=O)O,1,-6.536551,-18.259056,12.202488,1.062068,2.996,1.85,-11.531051,0.0,20,-11.531051,-9.6166541,0.6265604607169039,2.628724,1.240155999999999,PXR_octant,0.037038254176338346,0.008073733832398953,0.6265604607169039
CHEMBL4591417,Cc1cc(Nc2nccc(-c3sc(C4CCNCC4)nc3-c3ccc(F)cc3)n2)ccn1,1,4.620006,-33.645325,26.178621,-5.378852,3.331,1.35,-8.22555,0.0,2,-8.22555,-5.0824795,4.444972928594785,6.286141000000001,6.286141000000001,PXR_octant,0.6329418522522632,0.06217630649522473,4.444972928594785
CHEMBL460,CCc1c(C)[nH]c2c1C(=O)C(CN1CCOCC1)CC2,1,-0.68044,-23.293152,4.526276,-1.985774,2.728,1.5,-21.433092,0.0,8,-21.433092,-19.240673625,1.9804454299035088,5.478308999999998,0.5452750000000002,PXR_octant,0.3264265052093751,0.01469483242046024,1.9804454299035088
CHEMBL460499,CCCCCCNC(=O)n1cc(F)c(=O)[nH]c1=O,1,-1.889699,-24.383545,6.101522,-2.214731,1.961,1.59,-22.386452,0.0,80,-22.386452,-14.817910775000001,6.6404664362681,15.447076999999998,0.014161999999998898,PXR_octant,0.34420746206849423,0.015486337209721196,6.6404664362681
CHEMBL46102,CC(=O)OCC(=O)NCCCOc1cccc(CN2CCCCC2)c1,1,6.669391,-20.627855,8.973794,-3.853574,8.258,2.31,-8.838244,0.0,4,-8.838244,-0.040551000000000226,9.607179425077165,19.354979999999998,1.3418069999999993,PXR_octant,0.5244725241766693,0.05207309863884441,9.607179425077165
CHEMBL462605,Clc1ccc(CCCOCCCN2CCCCC2)cc1,1,7.127275,-26.8337,5.241293,-4.884936,4.901,2.03,-19.350067,0.0,40,-19.350067,-15.170997775,3.3070869585459404,11.306106999999999,0.1337679999999999,PXR_octant,0.76535305137376,0.02470298228661976,3.3070869585459404
CHEMBL4634634,C[C@@H]1C[C@H]1C(=O)N1CCN(c2cnc(C#N)c(-c3cnn(C)c3)n2)C[C@H]1C,1,-0.102959,-29.72917,5.193972,-2.388919,3.374,1.49,-27.027075,0.0,2,-27.027075,-21.559601,7.732175882722275,10.934947999999999,10.934947999999999,PXR_octant,0.5302600121669996,0.011240886643165665,7.732175882722275
CHEMBL4635134,CNC(=O)c1cc(C(=O)NC2CC2)cn(Cc2ccccc2)c1=O,1,-0.583224,-31.851574,4.748382,-2.823276,5.526,2.23,-30.509693,0.0,7,-30.509693,-22.20671257142857,7.317114013599096,21.542961,0.4302349999999997,PXR_octant,0.696178223603664,0.014221957319682201,7.317114013599096
CHEMBL4636169,CCCSc1nc(=O)cc(O)n1-c1ccccc1OC,1,-11.165374,-26.981562,27.733368,-2.566254,1.963,1.15,-12.97982,0.0,61,-12.97982,-8.259426852459015,5.726757869406228,20.51288,0.030521000000000242,PXR_octant,0.19810409565131176,0.029449997108122825,5.726757869406228
CHEMBL4644751,C[C@H](C(=O)Nc1ccc(F)cc1)C12CC(NC(=O)c3ccc(F)c(F)c3)(C1)C2,1,-4.592161,-34.802414,6.536488,-4.318587,5.422,2.69,-37.176678,0.0,30,-37.176678,-28.603071399999994,4.021896584921182,19.342064000000004,2.301456999999999,PXR_octant,0.875157985932737,0.014946100528140282,4.021896584921182
CHEMBL465026,CN1CCOC(c2ccccc2)c2ccccc2C1,1,9.690294,-24.294889,3.881209,-3.903066,0.744,0.74,-14.626453,0.0,16,-14.626453,-9.5791199375,3.9349577942582727,12.112828,0.6773430000000005,PXR_octant,0.4961045635612325,0.03483092687447283,3.9349577942582727
CHEMBL468927,C[C@H](N)C(=O)NCc1cccc(-n2nc(C(F)(F)F)cc2-c2nnc(-c3cccc4ncsc34)o2)c1,1,8.433564,-40.861954,19.612627,-2.096874,7.453,2.33,-14.912637,0.0,6,-14.912637,-13.062851833333333,3.4144460440467594,8.794205,0.42508899999999983,PXR_octant,0.5210805744244459,0.07627387064531438,3.4144460440467594
CHEMBL469,O=C(c1ccccc1)c1ccc2n1CCC2C(=O)O,1,-9.951666,-23.3915,19.752165,-3.583167,3.552,2.64,-17.174168,0.0,40,-17.174168,-11.36110905,2.162193504153867,11.002241000000001,1.919678000000001,PXR_octant,0.37570501691650526,0.031205132586901375,2.162193504153867
CHEMBL471498,O=C(O)[C@H](CC(=O)N1C[C@H]2CCCC[C@H]2C1)Cc1ccccc1,1,-8.477377,-25.243355,24.234875,-4.551591,3.213,1.45,-14.037451,0.0,16,-14.037451,-6.0498835,6.410054260280559,21.563925,0.5583150000000003,PXR_octant,0.4645276507508648,0.037021077789218676,6.410054260280559
CHEMBL473417,CS(=O)(=O)c1ccc(C(=O)Nc2ccc(Cl)c(-c3ccccn3)c2)c(Cl)c1,1,-3.456428,-35.74332,9.828447,-3.919065,4.277,1.78,-33.290367,0.0,4,-33.290367,-27.180934250000004,6.475536449315089,14.306595000000005,1.975279000000004,PXR_octant,0.8092306102380799,0.016559249149601187,6.475536449315089
CHEMBL476,CN(C)/N=N/c1[nH]cnc1C(N)=O,1,-3.434821,-16.777254,6.207786,-0.196936,3.687,3.58,-14.201226,0.0,20,-14.201226,-10.887834200000002,1.1124340521150526,5.903309,1.6662850000000002,PXR_octant,0.08776429836763851,0.01644346601228773,1.1124340521150526
CHEMBL4794578,CCOc1nc(Nc2ccc(C(=O)N3CCOCC3)cc2OC)nc2[nH]ccc12,1,-1.509923,-34.451153,6.810419,-2.751056,4.845,1.78,-31.901711,0.0,26,-31.901711,-25.33368769230769,4.053123253319423,18.570725,0.9399149999999992,PXR_octant,0.7023982708584985,0.01722867835500551,4.053123253319423
CHEMBL483,C[C@H](Cn1cnc2c(N)ncnc21)OCP(=O)(O)O,1,-12.549488,-24.0728,22.922237,-1.08498,4.246,1.5,-14.78503,0.0,100,-14.78503,-7.681946599999999,10.317388428896791,28.371830000000003,0.06095400000000062,PXR_octant,0.12947765415170487,0.019000087655553756,10.317388428896791
CHEMBL490592,c1ccc(Nc2nc(-c3ccccn3)cs2)cc1,1,-1.547211,-25.657734,3.651762,-3.625895,1.391,1.35,-27.179077,0.0,41,-27.179077,-24.897333341463412,1.7753637616641778,5.867016,0.3410200000000003,PXR_octant,0.5999331266275719,0.024601061737075682,1.7753637616641778
CHEMBL499,CC(C)(C)NC[C@H](O)COc1nsnc1N1CCOCC1,1,3.713054,-22.372883,6.54688,0.605422,12.518,3.7,-11.507526,0.0,6,-11.507526,-8.584152333333334,2.237729780557936,5.865732,1.5188500000000005,PXR_octant,0.16872137744165877,0.04119741758665549,2.237729780557936
CHEMBL503160,O=C(O)/C=C/C(=O)O,1,-31.362476,-10.120442,49.902477,-1.546286,0.028,0.02,6.873273,0.0,20,6.873273,13.22178265,2.702584365220334,9.049216000000001,0.427956,PXR_octant,0.011102997277675488,0.005473100423516141,2.702584365220334
CHEMBL506,COc1cc(NC(C)CCCN)c2ncccc2c1,1,6.033849,-26.701637,3.418332,-2.322468,2.438,1.53,-19.571926,0.0,20,-19.571926,-12.320599599999998,3.421448692644795,10.468728,1.6603470000000016,PXR_octant,0.4038904414646894,0.02100910054808118,3.421448692644795
CHEMBL5077683,Cc1cc(C(=O)O)c2oc(CNC(=O)c3cnn4cccnc34)c(Cl)c2c1,1,-12.462916,-27.709251,30.235605,-3.728416,3.92,2.84,-13.66498,0.0,6,-13.66498,-10.0105055,2.3005389220859316,6.008923,2.595407999999999,PXR_octant,0.345002587930556,0.04619541215624276,2.3005389220859316
CHEMBL508102,CCOC(=O)n1ccn(C)c1=S,1,-1.865432,-17.835596,9.395988,-2.828483,3.121,2.13,-13.133524,0.0,20,-13.133524,-11.83380775,0.7279207558859451,3.0174129999999995,0.5513510000000004,PXR_octant,0.2619449960912451,0.022589985582271224,0.7279207558859451
CHEMBL5086642,O=C1c2nc3cccc(C(F)(F)F)c3n2CCN1CC1CCC1,1,0.648994,-27.177563,5.18322,-3.861003,1.676,1.5,-25.206352,0.0,20,-25.206352,-21.5362756,2.380945020819418,11.140598999999998,0.9536169999999977,PXR_octant,0.6285836544625709,0.01994881318396745,2.380945020819418
CHEMBL514800,CCOc1cc([C@@H](CS(C)(=O)=O)N2C(=O)c3cccc(NC(C)=O)c3C2=O)ccc1OC,1,-0.11938,-25.066742,10.135715,-3.234957,7.559,2.31,-18.285364,0.0,2,-18.285364,-16.4819275,2.5504443571786677,3.606873000000002,3.606873000000002,PXR_octant,0.558728009465364,0.029688683545212438,2.5504443571786677
CHEMBL51934,Nc1c2c(nc3ccccc13)CCCC2O,1,5.156866,-16.836487,0.174225,-0.632514,0.0,0.0,-12.13791,0.0,20,-12.13791,-10.408222199999999,1.413151067615751,5.110742,0.017201000000000022,PXR_octant,0.09771171688268704,0.01589273590497142,1.413151067615751
CHEMBL5198290,CNC(=O)c1csc(C(=O)c2c[nH]c3ccccc23)n1,1,-2.832839,-28.103106,7.053929,-2.120439,2.65,2.64,-26.002455,0.0,40,-26.002455,-23.46511245,1.6233934227221023,7.333031000000002,0.200762000000001,PXR_octant,0.4153679158671003,0.02502490355927181,1.6233934227221023
CHEMBL521686,O=C(c1cc(Cc2n[nH]c(=O)c3ccccc23)ccc1F)N1CCN(C(=O)C2CC2)CC1,1,-0.162191,-34.71299,11.168244,-3.941506,3.114,1.79,-27.648441,0.0,3,-27.648441,-10.974260333333334,14.440489076868875,25.091887999999997,24.930653999999997,PXR_octant,0.7365632207308883,0.020066847425226457,14.440489076868875
CHEMBL5279683,NS(=O)(=O)c1nccc(-c2ccc(CO)cc2)c1-c1nn[nH]n1,1,-12.247966,-23.431057,23.466089,2.316872,5.016,2.56,-9.896063,0.0,120,-9.896063,-8.253788566666666,1.4922756386094156,10.734948,0.15767100000000056,PXR_octant,0.020265562938712157,0.006554214334120409,1.4922756386094156
CHEMBL5290029,Nc1ncncc1-c1ccnc2c1cnn2-c1ccc(F)cc1,1,0.084152,-30.190344,3.806317,-3.31335,0.054,0.03,-29.613224,0.0,40,-29.613224,-28.165311799999994,0.7304707319390693,2.9357599999999984,0.1748519999999978,PXR_octant,0.6189320387536045,0.027670821988059157,0.7304707319390693
CHEMBL529888,Cc1ccc(S(=O)(=O)NC(=O)N[C@H]2[C@H]3CC[C@@](C)([C@H]2O)C3(C)C)cc1,1,-9.635033,-30.013912,29.610254,-0.546631,1.093,0.91,-10.585321,0.0,2,-10.585321,-10.519573000000001,0.09298171329890645,0.13149600000000028,0.13149600000000028,PXR_octant,0.07446018627248077,0.019189321519009456,0.09298171329890645
CHEMBL532504,Cc1nc(NC2=NCN(CCCN3CCOCC3)CN2)nc2c(C)cccc12,1,-2.054706,-37.007515,5.677007,-3.556972,6.548,3.64,-36.942188,0.0,48,-36.942188,-21.988108458333333,6.1256069429492115,36.593269,0.9962270000000046,PXR_octant,0.8553476777946808,0.017644282509446312,6.1256069429492115
CHEMBL550,CC[C@@H]1C(=O)OC[C@@H]1Cc1cncn1C,1,-2.850137,-17.8538,4.411723,-2.421112,3.781,2.9,-18.713327,0.0,27,-18.713327,-15.145561962962962,2.3319802169047805,11.501694,1.3475809999999981,PXR_octant,0.3032671232954405,0.030771067747761224,2.3319802169047805
CHEMBL551991,Cc1cc2cc(/N=C(/NC#N)N[C@H]3CCCCN(CC(=O)N4CCCC4)C3=O)ccc2o1,1,1.790045,-23.408482,8.148355,-5.801847,5.749,1.53,-19.271929,0.0,2,-19.271929,-18.48294,1.115798944363187,1.5779780000000017,1.5779780000000017,PXR_octant,0.8123139339671216,0.02644086341992721,1.115798944363187
CHEMBL5570267,NS(=O)(=O)c1cccc(NC(=O)c2cc(C(F)(F)F)cnc2N2CCC(F)(F)CC2)c1,1,-16.888792,-30.215818,8.654497,-1.278689,4.049,1.87,-39.728802,0.0,41,-39.728802,-28.66425543902439,6.205233234605659,22.379257000000003,0.004311000000001286,PXR_octant,0.4784355125620714,0.04697759766996891,6.205233234605659
CHEMBL557555,CC(C)(Oc1ccc(C2CC2(Cl)Cl)cc1)C(=O)O,1,-6.928112,-21.764595,17.785374,-4.113658,7.879,3.54,-15.020991,0.0,30,-15.020991,-9.991506633333332,4.060317349511348,13.376192,0.10012400000000099,PXR_octant,0.528250828203883,0.036285295159817196,4.060317349511348
CHEMBL558,Cc1cccc(C)c1OCC(C)N,1,5.556078,-16.291443,3.194196,-2.51604,4.748,2.09,-10.057209,0.0,20,-10.057209,-7.14438915,1.0792656587585876,5.613701000000001,2.0023610000000005,PXR_octant,0.27003709424404354,0.030805999332407557,1.0792656587585876
CHEMBL562,COC1=CC(=O)C[C@@H](C)[C@]12Oc1c(Cl)c(OC)cc(OC)c1C2=O,1,-0.221669,-24.284782,5.434042,-1.755214,5.303,3.7,-20.827621,0.0,1,-20.827621,-20.827621,,,,PXR_octant,0.34576317890804115,0.028724794711704433,
CHEMBL563,CC(C(=O)O)c1ccc(-c2ccccc2)c(F)c1,1,-9.206869,-24.149096,17.499264,-4.791654,2.87,1.91,-20.648355,0.0,40,-20.648355,-15.910304525,2.1621182308459708,10.966057999999999,1.2254119999999986,PXR_octant,0.5861150157601268,0.03167674391723337,2.1621182308459708
CHEMBL56337,CC(/C=C1\SC(=S)N(CC(=O)O)C1=O)=C\c1ccccc1,1,-10.87431,-28.182522,28.841793,-5.023993,6.43,1.8,-15.239031,0.0,23,-15.239031,-7.071656739130435,5.137444622820166,17.383129,0.48481600000000036,PXR_octant,0.6194894894000362,0.046871376531013434,5.137444622820166
CHEMBL56367,CS(=O)(=O)Nc1ccc([N+](=O)[O-])cc1Oc1ccccc1,1,-7.911177,-26.299385,13.52965,-2.241523,4.873,2.38,-22.922438,0.0,40,-22.922438,-15.194842799999998,3.1731510507564122,19.498148999999998,2.8099029999999985,PXR_octant,0.38049778654029714,0.016113255338728573,3.1731510507564122
CHEMBL564109,CCCCOC(=O)C(=O)Nc1cccc(-c2nnn[nH]2)c1,1,-19.935892,-25.361517,27.301519,-1.986861,1.868,0.97,-19.98275,0.0,80,-19.98275,-15.747236000000001,3.667749483097244,13.444837999999999,0.07893400000000028,PXR_octant,0.1744331706275408,0.02847631428280912,3.667749483097244
CHEMBL56564,CN1[C@@H]2CC[C@H]1C[C@@H](OC(=O)c1c[nH]c3ccccc13)C2,1,4.77459,-25.583487,6.985468,-4.136323,9.049,5.73,-17.959751,0.0,26,-17.959751,-12.26284673076923,8.729022395307316,36.490589,0.0015980000000013206,PXR_octant,0.7105017068214121,0.04643464725608706,8.729022395307316
CHEMBL571,CC(C(=O)O)c1cccc(C(=O)c2ccccc2)c1,1,-9.977402,-26.859007,18.712172,-4.338796,2.731,1.79,-22.463036,0.0,40,-22.463036,-15.380458325000001,2.5524675915967494,13.017857999999999,1.5047229999999985,PXR_octant,0.5673928220214557,0.02966833482430913,2.5524675915967494
CHEMBL585,Nc1nc(N)c2nc(-c3ccccc3)c(N)nc2n1,1,-3.205253,-24.5844,5.456097,-0.582082,0.017,0.01,-22.91564,0.0,40,-22.91564,-21.832076125,0.9352269650037428,3.7192159999999994,0.04713599999999829,PXR_octant,0.16435519898858025,0.0182849769331354,0.9352269650037428
