name,smiles,rank,Electrostatic,Van der Waals,Ligand Polar Desolv,Ligand Apolar Desolv,Total Strain,Max Strain,Total Energy,Ligand Energy,label,n_poses,binding_energy,binding_energy_mean_pose,binding_energy_error_pose,binding_energy_range_pose,best_second_pose_gap,mol_wt,logp,tpsa,hbd,hba,rot_bonds,ring_count,heavy_atoms,fraction_csp3,p_binding,p_binding_bootstrap_mean,p_binding_bootstrap_std,p_binding_ci_low,p_binding_ci_high
CHEMBL1484640,COC(=O)c1ccccc1NC(=O)Cn1ccnc1,1,0.316838,-28.669521,5.920042,-3.387251,2.874,1.08,-25.819893,0.0,0,40,-25.819893,-23.7277554,1.4509224253284583,5.293488,0.27993199999999874,259.265,1.3083999999999998,73.22,1.0,4.0,4.0,2.0,19.0,0.15384615384615385,0.08319191486594983,0.08107129115942945,0.0043365840801735415,0.06969694523042781,0.08720790240398346
CHEMBL1485041,Nc1[nH]ncc1C(=O)Nc1cccc(C(F)(F)F)c1,1,-0.815261,-25.576139,4.079709,-1.937113,0.997,0.88,-24.248804,0.0,0,40,-24.248804,-20.998856075,1.8058341709725658,6.402134,0.2787000000000006,270.214,2.263,83.80000000000001,3.0,3.0,2.0,2.0,19.0,0.09090909090909091,0.0718367457807881,0.07015494781878605,0.005434658730078221,0.05782910326628645,0.07778332951870154
CHEMBL1486581,CCC(=O)NC(=S)Nc1ccc(NC(=O)c2ccco2)c(Cl)c1,1,-5.84625,-25.149826,9.963326,-2.691806,4.542,1.57,-23.724556,0.0,0,5,-23.724556,-20.4119482,4.555228216572381,10.527424,0.362209,351.81500000000005,3.4083000000000006,83.37,3.0,4.0,4.0,2.0,23.0,0.13333333333333333,0.06825372223639893,0.06689666236564806,0.005845394446459197,0.053389647545075934,0.07520958870544968
CHEMBL1487460,Nc1cc2c3c(cccc3c1)C(=O)N(CCN1CCCC1)C2=O,1,4.789441,-26.294743,4.653917,-2.753774,2.922,1.59,-19.60516,0.0,0,39,-19.60516,-11.350687128205127,4.684632044843309,16.856142000000002,0.2868850000000016,309.369,2.1138000000000003,66.64000000000001,1.0,4.0,3.0,4.0,23.0,0.3333333333333333,0.04701569170834338,0.04667611361488559,0.008129123386212331,0.028970700024030533,0.06032327989508254
CHEMBL1488165,O=C1CC[C@@H](C(=O)N2CSC[C@H]2C(=O)O)N1,1,-11.522353,-16.024799,22.337118,-0.670731,3.09,1.92,-5.880766,0.0,0,40,-5.880766,-0.7348799500000001,3.141704606057746,13.540133,0.4454610000000008,244.272,-0.7488999999999997,86.71000000000001,2.0,4.0,2.0,2.0,16.0,0.6666666666666666,0.013439889589874838,0.01704776745491165,0.00840316524498682,0.003994077629492697,0.03558699825945931
CHEMBL1488455,O=C(NC(=S)Nc1ccc(F)c(Cl)c1)C1CC1,1,-2.200408,-23.283321,6.238703,-3.224967,2.9,1.53,-22.469994,0.0,0,20,-22.469994,-20.3652606,2.433642541053861,8.862986,0.06904499999999913,272.7320000000001,2.7021000000000006,41.13,2.0,2.0,2.0,2.0,17.0,0.2727272727272727,0.06363219713362357,0.059792633111021114,0.006740601101626337,0.04406618747377411,0.07016608482419208
CHEMBL1489187,CCOc1ccc(-c2cc(C)n3nc(C(N)=O)cc3n2)cc1,1,0.187376,-33.674248,7.182831,-1.63814,6.946,3.37,-27.942179,0.0,0,17,-27.942179,-18.88143370588235,4.349387015547431,15.188027,0.5066869999999994,296.33,2.2023199999999994,82.51,1.0,4.0,4.0,3.0,22.0,0.1875,0.10297359323126991,0.09898355234066168,0.005389722989750003,0.08708375111740645,0.10823674134779993
CHEMBL1491587,Cc1ccccc1-c1nc(-c2cccnc2)no1,1,-0.010375,-28.003639,3.731758,-2.242625,2.621,2.59,-26.524881,0.0,0,60,-26.524881,-23.392676416666667,1.5472363471579207,5.514827,0.013700000000000045,237.26200000000003,3.1070200000000012,51.81,0.0,4.0,2.0,3.0,18.0,0.07142857142857142,0.08485971180120959,0.08658767920600224,0.004179733197263476,0.07665175934293891,0.09340998602065712
CHEMBL1495,CN1CCCN=C1COC(=O)C(O)(c1ccccc1)C1CCCCC1,1,6.273427,-27.98489,4.992454,-4.377299,3.071,1.56,-21.096308,0.0,0,23,-21.096308,-14.503291608695653,4.059315988209778,15.949222,0.15396300000000096,344.4550000000002,2.731700000000001,62.129999999999995,1.0,5.0,5.0,3.0,25.0,0.6,0.05075032950271214,0.05301518021877655,0.00751941816531082,0.035960263556245195,0.06516782492709382
CHEMBL1501549,O=[N+]([O-])c1cnc(Nc2ccc(Cl)cn2)c([N+](=O)[O-])c1,1,-9.151997,-30.895483,14.590584,-4.324475,2.624,1.35,-29.781368,0.0,0,120,-29.781368,-26.277447966666667,1.6549582464843753,6.7228829999999995,0.18238600000000105,295.64200000000005,2.6900000000000004,124.09,1.0,7.0,4.0,2.0,20.0,0.0,0.10841223273434158,0.11799117912134648,0.010063315784758662,0.09862392594168073,0.1371318438708158
CHEMBL1506607,O=C(Nc1cccc(-c2nc3cc(Cl)ccc3o2)c1)C1CCCO1,1,-2.726026,-31.177883,7.26017,-3.062117,1.827,0.9,-29.705854,0.0,0,42,-29.705854,-22.9515340952381,3.6172595124347113,15.965870999999998,0.11215699999999984,342.78200000000015,4.2657000000000025,64.36,1.0,4.0,3.0,4.0,24.0,0.2222222222222222,0.120611369906871,0.11714020457026493,0.009814007580641094,0.09810463353087616,0.13563077726930686
CHEMBL1509099,CCOCCc1nnc(NC(=O)c2ccc(OC)c(OC)c2)s1,1,-2.03078,-30.280079,7.359035,-2.470621,5.527,1.62,-27.422445,0.0,0,30,-27.422445,-16.301365233333335,4.739966380717947,19.176769,0.796323000000001,337.40100000000007,2.3866000000000005,82.57000000000002,1.0,7.0,8.0,2.0,23.0,0.4,0.09171566627801005,0.09422519616232135,0.004677531400933106,0.08401246149619246,0.1021013734987996
CHEMBL1510252,COC(=O)c1cc(C(=O)Nc2nnc(C3CC3)s2)cc([N+](=O)[O-])c1,1,-9.267624,-35.330734,20.891581,-3.63252,5.719,3.17,-27.339298,0.0,0,43,-27.339298,-20.19777620930233,2.424331904810012,12.895215,2.3057359999999996,348.34000000000003,2.3626000000000005,124.32000000000002,1.0,8.0,5.0,3.0,24.0,0.2857142857142857,0.09211738584483099,0.09348736893415102,0.004592526264374584,0.0835549052137911,0.10122790460750496
CHEMBL1516375,NNc1nc(O)c2c3c(sc2n1)-c1ccccc1CC3,1,-3.538191,-24.412628,3.872815,-3.347206,0.014,0.01,-27.425211,0.0,0,20,-27.425211,-24.40715995,2.397485396664717,8.164167000000003,0.5985359999999993,284.3440000000001,2.4481,84.06,3.0,6.0,1.0,4.0,20.0,0.14285714285714285,0.09705462162740101,0.09424985032072611,0.004680498830437648,0.08402774613026634,0.10213317034401764
CHEMBL1518,CCCc1cc(=O)[nH]c(=S)[nH]1,1,-1.684956,-18.960438,4.187444,-1.453173,0.538,0.53,-17.911123,0.0,0,20,-17.911123,-15.5703015,1.2942593241766343,3.890575,0.18567600000000084,170.237,1.38499,48.65,2.0,2.0,2.0,1.0,11.0,0.42857142857142855,0.037860411027049644,0.04056001071418609,0.008574659685101248,0.02251211612815127,0.0551972048039423
CHEMBL1518278,COc1ccccc1C(=O)Nc1ccc(N2CCCCC2)cc1,1,-2.798479,-26.996054,5.277071,-3.858777,2.077,1.16,-28.37624,0.0,0,40,-28.37624,-18.4945931,5.0504759896870235,21.82187,1.156406999999998,310.39700000000005,3.937800000000003,41.57,1.0,3.0,4.0,3.0,23.0,0.3157894736842105,0.09873058277939872,0.10315677860750114,0.006209878926452039,0.089589907687991,0.11361445840097903
CHEMBL1520832,CSc1ncc(C(=O)Nc2ccc(Cl)cc2)c(C)n1,1,-3.203288,-28.157387,4.758153,-3.146843,2.666,1.1,-29.749365,0.0,0,38,-29.749365,-23.17024655263158,2.3633390604744844,11.029013000000003,2.438593000000001,293.77900000000005,3.4126200000000013,54.88,1.0,4.0,3.0,2.0,19.0,0.15384615384615385,0.12111079013944771,0.11762976541731303,0.009957102077073362,0.09840341134408385,0.13649384941253193
CHEMBL1521,CCN(C(C)=O)c1cccc(-c2ccnc3c(C#N)cnn23)c1,1,-1.927936,-28.585346,7.673896,-3.718242,2.772,1.48,-26.557629,0.0,0,40,-26.557629,-21.475867825,2.290224767558694,8.257055999999999,1.805330999999999,305.341,2.6407800000000003,74.28999999999999,0.0,4.0,3.0,3.0,23.0,0.17647058823529413,0.08741555586413963,0.08685396025711914,0.0041825261845233426,0.07697809757690183,0.09370933930606877
CHEMBL152231,COc1ccccc1OCCNCC(O)c1ccc(C)c(S(N)(=O)=O)c1,1,10.574176,-28.322418,8.701976,-1.027393,8.625,2.43,-10.073658,0.0,0,40,-10.073658,-6.617191199999999,1.7318745917797915,6.026558,0.48870199999999997,380.4660000000001,1.35302,110.88,3.0,6.0,9.0,2.0,26.0,0.3333333333333333,0.02034728943716304,0.02247639770632449,0.008774002623918883,0.007179732791374361,0.040234793620944724
CHEMBL1525,CC1(C)C(C=C(Cl)Cl)C1C(=O)OCc1cccc(Oc2ccccc2)c1,1,0.154292,-28.759035,3.400304,-6.025258,8.825,2.38,-31.229698,0.0,0,7,-31.229698,-25.58244885714286,3.118461978462108,8.020306999999999,2.440270999999999,391.2940000000001,6.113300000000004,35.53,0.0,3.0,6.0,3.0,26.0,0.2857142857142857,0.12242454301680165,0.13556640848916066,0.0157080822839065,0.10852891762320495,0.16531550364880523
CHEMBL152684,CCOC(=O)C(C)(CC)Oc1ccc(Cc2ccc(Cl)cc2)cc1,1,-0.550503,-31.142584,3.695845,-5.878057,8.872,2.89,-33.875298,0.0,0,2,-33.875298,-30.643933500000003,4.5698395008709545,6.4627289999999995,6.4627289999999995,346.85400000000004,5.041400000000005,35.53,0.0,3.0,7.0,2.0,24.0,0.35,0.182052717395322,0.17415886923059357,0.03013467165249306,0.12492367975060543,0.23287780319797205
CHEMBL1527352,Cc1ccc2c(c1)c1nc3ccccc3nc1n2C,1,-1.445585,-28.009953,5.372243,-3.842893,0.0,0.0,-27.926186,0.0,0,20,-27.926186,-26.310087150000005,2.4163103458974993,6.996066000000003,0.01673500000000061,247.30100000000002,3.5831200000000027,30.71,0.0,2.0,0.0,4.0,19.0,0.125,0.10281246346867101,0.09883330282896324,0.005363289176584311,0.08696203883954635,0.10804306977915247
CHEMBL1527608,Cn1c(=O)c2c(ncn2CC2OCCO2)n(C)c1=O,1,-1.131104,-25.231342,5.042178,-2.111906,0.287,0.28,-23.432175,0.0,0,40,-23.432175,-19.651552099999996,2.7038432125183456,10.559418,0.0682910000000021,266.25699999999995,-1.1933999999999994,80.28,0.0,5.0,2.0,3.0,19.0,0.5454545454545454,0.0708502491262905,0.06515620437163819,0.0060674730125258635,0.05105613110707558,0.07400123614552219
CHEMBL1532,CCC1NC(=O)c2cc(S(N)(=O)=O)c(Cl)cc2N1,1,-1.627781,-28.180853,7.538767,0.973615,2.82,2.42,-21.296251,0.0,0,20,-21.296251,-19.330329600000002,1.75549429792965,5.287313000000001,0.038786000000001764,289.74399999999997,0.8788000000000005,101.28999999999999,3.0,4.0,2.0,2.0,18.0,0.3,0.061367024090321874,0.05394220302315315,0.007419625694369785,0.03701703652225928,0.06583029169487192
CHEMBL1533640,Cc1nnc(N2C(=O)c3cccc4c([N+](=O)[O-])ccc(c34)C2=O)s1,1,-0.490402,-31.057909,6.494896,-3.668852,2.141,2.11,-28.722267,0.0,0,24,-28.722267,-21.93391120833333,2.276138136918109,9.419877999999997,2.2343979999999988,340.3200000000001,2.708520000000001,106.30000000000001,0.0,7.0,2.0,4.0,24.0,0.06666666666666667,0.10476827380221194,0.10661826213904695,0.006997411784328245,0.0916611194069403,0.11831907824864842
CHEMBL153479,Nc1c(Br)cc(Br)cc1CN[C@H]1CC[C@H](O)CC1,1,6.741974,-21.43796,-0.428096,-1.461007,1.185,1.16,-16.585089,0.0,0,29,-16.585089,-9.855035448275864,3.7704859720273034,12.31327,1.0301539999999996,378.10800000000023,3.1869000000000014,58.28,3.0,3.0,3.0,2.0,18.0,0.5384615384615384,0.042212725781222676,0.036453112463295544,0.008780441838778482,0.018487938677403736,0.051600846262034955
CHEMBL1535518,CC(=O)Nc1cccc(OCC(=O)Nc2ccc(F)cc2)c1,1,-2.362292,-29.837275,9.458816,-3.053108,7.788,2.31,-25.793858,0.0,0,40,-25.793858,-22.752004925,1.9985647685056187,8.514465999999999,0.40564799999999934,302.305,2.8016000000000005,67.42999999999999,2.0,3.0,5.0,2.0,22.0,0.125,0.08344921460101762,0.08087528358776673,0.004348850646821085,0.06943867492337756,0.08702223307175436
CHEMBL1537068,Cc1ccc[n+](CC(=O)c2ccc(Br)cc2)c1C,1,7.311768,-24.419243,6.721565,-4.373365,2.11,1.1,-14.759275,0.0,0,33,-14.759275,-10.537870060606062,3.094613167660014,10.992714000000001,0.8285440000000008,305.19500000000005,3.236340000000002,20.95,0.0,1.0,3.0,2.0,18.0,0.2,0.031184751687560148,0.03161518278326028,0.00891215610989562,0.014111494411969157,0.04749542180697372
CHEMBL154,COc1ccc2cc([C@H](C)C(=O)O)ccc2c1,1,-17.715179,-21.4144,26.171179,-3.237939,0.912,0.86,-16.196339,0.0,0,20,-16.196339,-15.073644149999998,1.0887856555378452,5.0425299999999975,0.355694999999999,230.26299999999998,3.036500000000001,46.53,1.0,2.0,3.0,2.0,17.0,0.21428571428571427,0.03508772799531805,0.03534872919854056,0.008821560344454839,0.017452694620412487,0.050678463672420834
CHEMBL1542516,Cc1ccc(Nc2ncccc2C(N)=O)cc1,1,-3.44889,-23.72003,5.368483,-1.810743,3.265,1.87,-23.611179,0.0,0,40,-23.611179,-20.5746239,2.2305935971072675,7.0399090000000015,0.05928199999999961,227.26700000000002,2.23252,68.00999999999999,2.0,3.0,3.0,2.0,17.0,0.07692307692307693,0.0642782748933627,0.06621538776362372,0.005932290135893734,0.052472560491771694,0.07473859894329092
CHEMBL1544647,CN1CCN(CCCNC(=O)c2cc3c(-c4ccc(Cl)cc4)nn(C)c3s2)CC1,1,8.715573,-36.40139,16.057598,-3.943493,5.019,2.39,-15.571712,0.0,0,4,-15.571712,-14.283271749999999,1.4513076340885083,2.644679,0.06771299999999947,431.99300000000017,3.3225000000000016,53.4,1.0,5.0,6.0,4.0,29.0,0.42857142857142855,0.03215969027588507,0.03366093994365181,0.008872006352566728,0.01591122270167952,0.049237570066925425
CHEMBL1545718,COc1cc2c(cc1NC(=O)Nc1ccc(C)cc1)oc1ccccc12,1,-2.314651,-38.211525,7.203835,-2.882127,3.23,1.53,-36.204468,0.0,0,1,-36.204468,-36.204468,,,,346.3860000000001,5.547020000000003,63.5,2.0,3.0,3.0,4.0,26.0,0.09523809523809523,0.21022436584482015,0.21506265688391185,0.04666086719171254,0.1409668344076302,0.3088544077983906
CHEMBL1545746,NC(=O)c1oc2ccccc2c1NC(=O)c1ccc(F)cc1,1,-2.891199,-28.460478,4.172729,-2.504844,2.767,1.7,-29.683792,0.0,0,35,-29.683792,-24.63937628571428,2.8916916916686306,11.22098,0.42453899999999933,298.27299999999997,2.9231000000000007,85.33000000000001,2.0,3.0,3.0,3.0,22.0,0.0,0.12207329994394152,0.11689277266191062,0.009742031692479416,0.09795359344714871,0.1351950674433131
CHEMBL1554350,Cc1ccc(C)c2sc(NC(=O)C3CC3)nc12,1,-0.023826,-20.645023,4.636731,-3.502118,0.846,0.82,-19.534239,0.0,0,61,-19.534239,-17.283463180327868,2.7478734185655367,10.629125,0.027446999999998667,246.33499999999998,3.2616400000000016,41.99,1.0,3.0,2.0,3.0,17.0,0.38461538461538464,0.046722084817709675,0.04639825456453355,0.008152632755611587,0.028666107239419168,0.06011588857962887
CHEMBL1557667,Cn1c(N)c(C(=O)Nc2ccccc2F)sc1=S,1,-2.995228,-26.591713,4.626575,-2.873976,0.945,0.88,-27.834341,0.0,0,40,-27.834341,-22.931866324999998,2.164156962401773,8.274777999999998,1.7943929999999995,283.353,2.789690000000001,60.05,2.0,4.0,2.0,2.0,18.0,0.09090909090909091,0.09521996788011537,0.09797520764085636,0.005216901683333611,0.08631595450297586,0.10693690228975344
CHEMBL1561576,O=[N+]([O-])c1cc(-c2nc(-c3ccncc3)no2)cc([N+](=O)[O-])c1,1,-0.83964,-32.763901,3.623438,-2.975511,0.105,0.03,-32.955616,0.0,0,60,-32.955616,-26.77507456666666,1.4858919105063289,8.437207999999998,3.133355999999999,313.22900000000004,2.615,138.09,0.0,8.0,4.0,3.0,23.0,0.0,0.16351814642818316,0.15977136311007548,0.02453411829385944,0.11907129569163999,0.20666075614023802
CHEMBL1566956,COc1cc(C(=O)NC2CCCNC2)cc(OC)c1OC,1,7.256509,-25.122835,17.255747,-1.201513,5.014,1.98,-1.812091,0.0,0,32,-1.812091,6.32251465625,4.413667648431131,15.027409,0.9230399999999999,294.351,1.1941999999999997,68.82000000000001,2.0,5.0,5.0,2.0,21.0,0.5333333333333333,0.017207427329568006,0.013365496616392912,0.008006855867455394,0.0022935474191755675,0.03208307194316129
CHEMBL1569192,CCOC(=O)Cc1cc(-c2ccc(O)cc2)nc2ccc3ccccc3c12,1,-2.840057,-29.532232,6.118431,-4.22357,2.849,1.82,-30.477427,0.0,0,14,-30.477427,-27.396329857142856,2.73629390685402,7.3072649999999975,0.1323989999999995,357.4090000000001,4.866200000000004,59.42,1.0,4.0,4.0,4.0,27.0,0.13043478260869565,0.11353006004910644,0.12613606272885197,0.012573074505175228,0.10347064185160523,0.15025612396411042
CHEMBL1576,C#CC1(OC(N)=O)CCCCC1,1,-1.549897,-16.716743,3.613158,-0.478725,6.839,4.67,-15.132208,0.0,0,20,-15.132208,-10.48951675,2.0967004559313485,8.064219000000001,1.611645000000001,167.20799999999997,1.4178000000000002,52.32,1.0,2.0,1.0,1.0,12.0,0.6666666666666666,0.029509078195153166,0.032534071613822164,0.008897042283961685,0.014910335793275784,0.04825332381705093
CHEMBL1576542,N#C/C(=C/c1ccccc1)c1nn(CCO)c(N)c1C#N,1,-5.453648,-24.501534,5.360335,-1.208842,7.553,3.09,-25.803688,0.0,0,40,-25.803688,-20.336519325,3.138046855708723,10.268264,0.3023760000000024,279.30299999999994,1.3934599999999995,111.65,2.0,5.0,4.0,2.0,21.0,0.13333333333333333,0.07919901007376329,0.08094922688512772,0.004344176573811747,0.06953605226032594,0.08709228541607282
CHEMBL1577703,Cc1c(-c2cc[nH]n2)cc(NC(=O)c2ccc(Cl)cc2)c(=O)n1N,1,-2.739892,-31.681044,7.840191,-2.95234,5.658,2.64,-29.533085,0.0,0,23,-29.533085,-23.515394565217388,5.90265124266418,21.482185,0.17368099999999842,343.7740000000001,2.16632,105.8,3.0,4.0,3.0,3.0,24.0,0.0625,0.12029470692374411,0.11521682818279086,0.00926084580689946,0.09692995513369507,0.1322528135065147
CHEMBL1577852,O=C(CN1CCOCC1)Nc1nc2ccc([N+](=O)[O-])cc2s1,1,-0.332126,-30.814259,5.905042,-2.195801,2.953,1.78,-27.437145,0.0,0,90,-27.437145,-23.613714855555553,3.403196726482308,18.249394000000002,0.03235800000000211,322.34600000000006,1.4752,97.6,1.0,7.0,4.0,3.0,22.0,0.38461538461538464,0.09181722683229805,0.09435630245088113,0.004693404794004545,0.08408400522357064,0.1022704625483901
CHEMBL1578889,CCOCC(=O)Nc1cccc(-c2nc3cccnc3s2)c1C,1,0.163403,-27.693985,6.318862,-2.910664,6.265,2.65,-24.122383,0.0,0,40,-24.122383,-22.917333875,0.674413775948822,2.8104039999999983,0.5352759999999996,327.4090000000001,3.641720000000002,64.11,1.0,5.0,5.0,3.0,23.0,0.23529411764705882,0.07092923685451491,0.06935265642538234,0.005534599229931256,0.05673398182958099,0.0770498632248923
CHEMBL1580,OC[C@H]1O[C@@H](n2cnc3c2N=CNC[C@H]3O)C[C@@H]1O,1,-5.691412,-21.662832,6.790629,3.350568,3.125,1.83,-17.213049,0.0,0,40,-17.213049,-13.431015574999998,1.368457140589018,6.054896000000001,1.3061950000000024,268.273,-1.1798000000000006,112.13000000000001,4.0,7.0,2.0,3.0,19.0,0.6363636363636364,0.04667709181221669,0.038329976434385,0.008696458555687472,0.02029372385694257,0.05321607780788356
CHEMBL1584969,COc1cccc2c(O)c3cccc(N)c3nc12,1,-1.700386,-19.978153,3.811079,-1.9001,0.799,0.79,-19.767561,0.0,0,20,-19.767561,-17.385947899999994,1.7506247820745207,3.7179090000000024,0.005568000000000239,240.26199999999997,2.6844,68.37,2.0,4.0,1.0,3.0,18.0,0.07142857142857142,0.0476962606282015,0.04732006599442247,0.008073527419907953,0.029680492115334894,0.060801509331286696
CHEMBL1589,CC(=O)c1ccc(S(=O)(=O)NC(=O)NC2CCCCC2)cc1,1,-10.469293,-28.771763,25.237577,-1.456498,2.637,1.08,-15.459975,0.0,0,40,-15.459975,-5.671973325000001,5.06928793615186,18.706977000000002,0.9311109999999996,324.4020000000001,2.2098000000000004,92.34,2.0,4.0,4.0,2.0,22.0,0.4666666666666667,0.03915036179877066,0.03336982614805101,0.008879149257875545,0.015650447531909025,0.04898505405319798
CHEMBL1596262,CCCNc1nc(Cl)nc(Nc2ccc(Cl)cc2)n1,1,-0.382557,-31.280121,1.965327,-4.901036,3.369,1.59,-34.598389,0.0,0,40,-34.598389,-30.079996374999997,3.7137993142628503,9.385207999999999,0.18885499999999666,298.1770000000001,3.743900000000002,62.730000000000004,2.0,5.0,5.0,2.0,19.0,0.25,0.1821207937560512,0.18619001376858443,0.034939114280348994,0.12971181937163084,0.25506433458914357
CHEMBL1598608,CN1C(=O)COc2c(C(=O)NC3CN4CCC3CC4)cc(Cl)cc21,1,0.695094,-31.040047,4.543831,-2.074256,2.381,1.78,-27.87538,0.0,0,40,-27.87538,-24.74953985,1.181955285233612,4.714545000000001,0.10535499999999942,349.81800000000004,1.5191999999999999,61.88,1.0,4.0,2.0,5.0,24.0,0.5294117647058824,0.09490127776146502,0.09835762890271045,0.005281166188169354,0.08658403413557411,0.1074298973280241
CHEMBL16,O=C1NC(=O)C(c2ccccc2)(c2ccccc2)N1,1,-1.15348,-27.809542,3.859183,-3.035681,1.138,1.02,-28.139517,0.0,0,50,-28.139517,-21.6809477,3.564366909328816,11.379372,0.009611000000003145,252.27300000000002,1.7696,58.2,2.0,2.0,2.0,3.0,19.0,0.06666666666666667,0.0968136436747913,0.10085789784343882,0.005738420111177143,0.08837666622130361,0.11065237682479766
CHEMBL1600251,Cc1cc(C)nc(Nc2ncc(O)n2-c2ccccc2)n1,1,-0.479363,-27.034508,5.447388,-4.563294,4.153,3.02,-26.629776,0.0,0,32,-26.629776,-22.8340721875,2.0526398612091548,10.772984,0.021537999999999613,281.319,2.72834,75.86000000000001,2.0,5.0,3.0,3.0,21.0,0.13333333333333333,0.08571694132769525,0.0874438288218866,0.004192418231023581,0.07770249345091385,0.0943722390714831
CHEMBL1600434,COCC(=O)Nc1nnc(-c2cccs2)s1,1,-8.854446,-26.2542,18.922756,-1.503064,8.362,3.5,-17.688955,0.0,0,40,-17.688955,-14.777030450000002,1.306206669237711,5.057783000000001,0.19583300000000037,255.324,1.8515,64.11,1.0,6.0,4.0,2.0,16.0,0.2222222222222222,0.03710518902985128,0.03983319728082659,0.008616901292866847,0.0217806465625822,0.05455809760440939
CHEMBL1605416,Cc1csc(NC(=O)CSc2ccc3nnc(-c4ccncc4)n3n2)n1,1,0.504058,-38.361389,6.527341,-2.989732,6.26,2.24,-34.319721,0.0,0,180,-34.319721,-27.91333592777778,5.582271495726246,21.497053,0.0029260000000022046,383.4620000000001,2.6820200000000005,97.96000000000001,1.0,8.0,5.0,4.0,26.0,0.125,0.1459271456573099,0.1814795315696087,0.03304817543454522,0.1278463497273454,0.24635441660834814
CHEMBL1605650,C[C@@H]1CCC[C@H](C)N1NC(=O)c1ccc(Cl)c(S(N)(=O)=O)c1,1,-4.55626,-29.058609,7.095634,-0.839775,1.436,1.04,-27.359009,0.0,0,40,-27.359009,-19.177491975,7.180286097286759,24.183927,0.07794399999999868,345.8520000000001,1.8951000000000002,92.5,2.0,4.0,3.0,2.0,22.0,0.5,0.09644398669054881,0.09366170572783783,0.004611942412681352,0.08366304148215455,0.10142435894766688
CHEMBL163238,Cc1cccc(C)c1NC(=O)CC12CCCN1CCC2,1,7.403401,-24.216726,8.116298,-4.353156,1.737,1.35,-13.050182,0.0,0,4,-13.050182,-10.492550249999999,1.9950500316468882,4.547055,2.0417489999999994,272.392,3.260440000000002,32.34,1.0,2.0,3.0,3.0,20.0,0.5882352941176471,0.025930521346267745,0.027803853079640364,0.00892114789298998,0.010996076938633963,0.044370085618918274
CHEMBL1643895,Cn1cc(C(=O)[C@@H]2CCc3[nH]cnc3C2)c2ccccc21,1,-0.759805,-28.364946,8.210628,-4.360116,2.683,2.39,-25.274239,0.0,0,80,-25.274239,-21.784374050000004,2.81742240082814,12.925404000000002,0.005615999999999843,279.343,2.8892000000000015,50.68,1.0,2.0,2.0,4.0,21.0,0.29411764705882354,0.07932528378868582,0.07707347988318475,0.004655883360487175,0.06567553581332986,0.08365201758851487
CHEMBL165790,CC(C)Oc1ccc2c(=O)c(-c3ccccc3)coc2c1,1,-2.747116,-28.085197,4.575542,-4.55132,5.757,3.05,-30.80809,0.0,0,40,-30.80809,-26.1956213,3.936324279760036,11.895938999999998,0.034773000000001275,280.32300000000004,4.247200000000003,39.44,0.0,3.0,3.0,3.0,21.0,0.16666666666666666,0.1185589986535076,0.13019950655146798,0.013897367502916386,0.1056951315776755,0.15672111150138057
CHEMBL1672352,CC(C)(C)Cc1c[nH]c(CC(C)(O)c2ccc(-c3ccc(F)cn3)cc2)n1,1,5.690192,-32.739853,8.176855,-4.108839,3.47,1.85,-22.981646,0.0,0,58,-22.981646,-12.610321637931033,8.005392270398014,27.369471,0.052839999999999776,367.468,4.649600000000004,61.8,2.0,3.0,5.0,3.0,27.0,0.36363636363636365,0.060564603748101,0.06257712562097764,0.006394796328538367,0.04765610668070126,0.07217884073103582
CHEMBL1697744,O=C(O)CSCC(=O)NC1CCSC1=O,1,-10.127832,-20.341549,23.377836,-1.448886,5.285,2.05,-8.540431,0.0,0,20,-8.540431,-4.684656550000001,1.7102366735361967,7.012961,1.790406,249.313,-0.047499999999999876,83.47,2.0,5.0,5.0,1.0,15.0,0.625,0.016741028878567647,0.020252466273444437,0.008651061540544593,0.005783226581695651,0.03844850810539194
CHEMBL1697754,CC(C)OC(=O)C(C(=O)OC(C)C)=C1SC=CS1,1,-2.414637,-25.003181,4.026455,-4.251999,13.196,5.73,-27.643362,0.0,0,20,-27.643362,-23.14020585,1.8156460093441666,6.784413999999998,1.9107890000000012,288.39,3.0524000000000013,52.60000000000001,0.0,6.0,4.0,1.0,18.0,0.5,0.10000394042121834,0.09621666350073993,0.004942633254930086,0.08505784983871874,0.10466956595333554
CHEMBL17,NS(=O)(=O)c1cc(Cl)c(Cl)c(S(N)(=O)=O)c1,1,-2.152341,-26.533592,5.330239,1.832756,0.042,0.02,-21.522938,0.0,0,20,-21.522938,-18.178311199999996,1.7170238295341647,6.568303,0.002826999999999913,305.16400000000004,0.2882000000000006,120.32,2.0,4.0,2.0,1.0,16.0,0.0,0.059453605059948955,0.055016866417831,0.007300980669285546,0.03825507600297481,0.06659976750482269
CHEMBL1720065,CCCCCCCCCC(CC)c1ccc(S(=O)(=O)[O-])cc1,1,-8.397776,-28.430912,26.16584,-2.876056,2.385,1.62,-13.538905,0.0,0,1,-13.538905,-13.538905,,,,325.4940000000001,5.225000000000005,57.2,0.0,3.0,11.0,1.0,22.0,0.6666666666666666,0.03657819130196649,0.02883052175046227,0.008927539799670838,0.01180289337556247,0.045222086313513134
CHEMBL1730601,Oc1cc(O)c(Cl)cn1,1,-1.93779,-15.258716,4.469712,0.12025,0.0,0.0,-12.606545,0.0,0,20,-12.606545,-11.97827395,0.35696543220191884,1.4316320000000005,0.13624900000000117,145.54500000000002,1.1461999999999997,53.35,2.0,3.0,0.0,1.0,9.0,0.0,0.023654259719748705,0.02691241153031927,0.00891008706750519,0.010313605906156247,0.043628681246119724
CHEMBL1743304,N[C@@H](Cc1ccc(Oc2cc(I)c(O)c(I)c2)c(I)c1)C(=O)O,1,-7.004817,-27.761099,17.016514,-3.188961,5.664,2.44,-20.938362,0.0,0,18,-20.938362,-12.539533166666667,8.54949914311845,24.169674,0.08283400000000185,650.9760000000001,3.952700000000001,92.78000000000002,3.0,4.0,5.0,2.0,23.0,0.13333333333333333,0.05000952338849499,0.05229639669501274,0.007595084459697143,0.03514808707755449,0.06465042934016388
CHEMBL1757,C[C@@H]1O[C@@H]1P(=O)(O)O,1,-10.86382,-12.074674,17.712196,1.162723,2.139,2.13,-4.063575,0.0,0,180,-4.063575,2.0166741833333335,6.744258221764488,27.106214,0.088422,138.059,-0.09110000000000007,70.06,2.0,2.0,1.0,1.0,8.0,1.0,0.014350685835755245,0.01524688179631352,0.008224754112194142,0.003112475881452175,0.03386333045319638
CHEMBL1765291,CC(C(=O)O)c1ccc2c(c1)CC(=O)c1ccccc1S2,1,-11.604609,-23.875166,19.249628,-4.45838,0.896,0.86,-20.688526,0.0,0,20,-20.688526,-18.079795299999997,3.6751083360099326,8.544861,0.024231000000000336,298.363,3.764700000000002,54.37,1.0,3.0,2.0,3.0,21.0,0.17647058823529413,0.04886148510554694,0.0511832668269147,0.007709178669269862,0.03390290442500847,0.06384168336872602
CHEMBL1771,COC(=O)[C@H](c1ccccc1Cl)N1CCc2sccc2C1,1,1.595627,-23.25695,2.828874,-3.241208,1.641,0.74,-22.073658,0.0,0,2,-22.073658,-21.1766255,1.2685955273894431,1.7940649999999998,1.7940649999999998,321.829,3.6739000000000024,29.54,0.0,4.0,3.0,3.0,21.0,0.3125,0.0646607545907522,0.05773622269331788,0.006987891982618539,0.04147131249849274,0.06864879593099077
CHEMBL1773,CCCCCOC(=O)Nc1nc(=O)n([C@@H]2O[C@H](C)[C@@H](O)[C@H]2O)cc1F,1,-1.865899,-32.426071,8.349345,0.472375,4.549,1.59,-25.470249,0.0,0,40,-25.470249,-18.7209157,3.695723081452446,12.619155999999998,0.14720900000000015,359.35400000000004,0.7601999999999995,122.91000000000001,3.0,7.0,6.0,2.0,25.0,0.6666666666666666,0.079258120527396,0.0784832237875752,0.004528067082713236,0.06693553825376977,0.08478907350967009
CHEMBL17860,CC(Oc1c(Cl)cccc1Cl)C1=NCCN1,1,8.962846,-22.59569,4.279793,-2.735842,3.934,1.98,-12.088893,0.0,0,40,-12.088893,-9.793377525,1.948538954891706,6.0269010000000005,0.004674000000001399,259.13599999999997,2.7624000000000004,33.62,1.0,3.0,3.0,2.0,16.0,0.36363636363636365,0.025271039842293955,0.025918502574659583,0.008891544094029084,0.009572931100500287,0.04279517481149216
CHEMBL178862,COc1ccc(-c2cc(=S)ss2)cc1,1,-4.775314,-21.453772,4.674642,-3.508152,0.033,0.01,-25.062595,0.0,0,40,-25.062595,-21.584848975,2.7679277686370773,7.084940000000003,0.0009270000000007883,240.374,4.214690000000002,9.23,0.0,4.0,2.0,2.0,14.0,0.1,0.07755133573106966,0.07558362669752954,0.004805399467594972,0.0640485318578128,0.08245960086969067
CHEMBL181,CC1=Nc2ccc(Cl)cc2S(=O)(=O)N1,1,-5.84215,-20.600342,15.713356,-1.377374,0.0,0.0,-12.10651,0.0,0,20,-12.10651,-10.766967350000002,1.2108331112613624,3.728206,0.013659999999999783,230.676,1.6818,58.53,1.0,3.0,0.0,2.0,14.0,0.125,0.025305166700582377,0.02595153632262206,0.008892267494074435,0.009597200584788058,0.04282299466026955
CHEMBL18116,Cc1cccc(N2CC(CO)OC2=O)c1,1,-1.917259,-21.787117,5.983526,-1.593608,1.135,1.07,-19.314457,0.0,0,40,-19.314457,-17.217566875,1.469303836655954,5.079849000000001,0.09148000000000067,207.22899999999998,1.31252,49.77,1.0,3.0,2.0,2.0,15.0,0.36363636363636365,0.05372138566214735,0.04554992168768008,0.008222584200902884,0.027742486325451617,0.05943310153498973
CHEMBL1835918,Cc1ccc(N2CC(COc3ccc(-c4noc(C)n4)cc3)C2)nn1,1,-3.346055,-33.463882,6.150291,-2.277071,2.687,1.5,-32.936718,0.0,0,38,-32.936718,-26.862099342105264,5.144659179229846,17.518082999999997,0.031020999999995524,337.38300000000004,2.65864,77.17,0.0,7.0,5.0,4.0,25.0,0.3333333333333333,0.1667908965069537,0.15948659174277796,0.024425377918891236,0.11895390081861383,0.20614611036067435
CHEMBL185,O=c1[nH]cc(F)c(=O)[nH]1,1,-5.313659,-11.389221,5.7019,0.334429,0.0,0.0,-10.666553,0.0,0,80,-10.666553,-5.820955125,3.768721681387334,11.954508,0.5420790000000011,130.078,-0.7977000000000001,65.72,2.0,2.0,0.0,1.0,9.0,0.0,0.020026618696034264,0.02342325396090571,0.008814873237123766,0.00781071396491997,0.040894595810602105
CHEMBL1851805,CCN(CC)CC(=O)Oc1ccc(NC(C)=O)cc1,1,-0.505309,-28.718838,5.915352,-2.255893,13.287,6.16,-25.564688,0.0,0,40,-25.564688,-22.701503925,1.5902898097466287,7.131876000000002,0.0637420000000013,264.325,1.8921999999999999,58.64,1.0,4.0,6.0,1.0,19.0,0.42857142857142855,0.0813202032063116,0.07917290439012499,0.004471149307861186,0.06755805814795736,0.08540636091316219
CHEMBL188921,COc1cc(OC)c(C(=O)CCCN2CCCC2)c(OC)c1,1,5.196169,-24.479668,8.519581,-3.409459,6.441,1.87,-14.173376,0.0,0,40,-14.173376,-10.091517275000001,3.4333604669566027,12.368250999999999,0.019408999999999565,307.39,2.7711000000000015,48.0,0.0,5.0,8.0,2.0,22.0,0.5882352941176471,0.038143065481357354,0.030237251105496382,0.008925608441996752,0.012943707219153625,0.04637811600106791
CHEMBL189,Cc1[nH]c(=O)c(C#N)cc1-c1ccncc1,1,-1.51827,-21.219769,6.284954,-2.100582,0.681,0.68,-18.553667,0.0,0,160,-18.553667,-12.53110999375,3.3726162094369947,14.756748000000002,0.4191299999999991,211.22400000000002,1.617,69.53999999999999,1.0,3.0,1.0,2.0,16.0,0.08333333333333333,0.048274175530366725,0.042756463708746265,0.00843265662467206,0.024770587254853763,0.05709019940426634
CHEMBL1080648,CC(C)Oc1cc(-n2nc(C(C)(C)C)oc2=O)c(Cl)cc1Cl,1,-1.818369,-25.763226,3.128112,-3.751503,4.787,2.23,-28.204985,0.0,1,40,-28.204985,-18.505996325,5.314182372296866,18.951588,2.3046539999999993,345.226,4.217000000000004,57.26,0.0,4.0,3.0,2.0,22.0,0.4666666666666667,0.09729396748503633,0.10148813049257792,0.005863120984407425,0.08871013776646491,0.11146443804760027
CHEMBL1091720,CCC(C)(C)Cc1c[nH]c(CCc2ccc(-c3ccccn3)cc2)n1,1,0.095879,-30.388281,4.196138,-5.388376,5.93,1.83,-31.48464,0.0,1,56,-31.48464,-19.580393589285713,6.674130572481196,26.337314,1.0024409999999975,333.479,5.235600000000004,41.57,1.0,2.0,7.0,3.0,25.0,0.36363636363636365,0.12482214065731582,0.13891422912816773,0.01686924198743593,0.11027058083000144,0.1708897038426502
CHEMBL1295,Clc1ccc(CCC(Cn2ccnc2)Sc2c(Cl)cccc2Cl)cc1,1,-2.253097,-29.806952,3.146955,-6.40618,4.973,1.5,-35.319275,0.0,1,7,-35.319275,-28.08823357142857,4.620085636285826,12.342807999999998,2.3330079999999995,411.7850000000001,6.637000000000003,17.82,0.0,2.0,7.0,3.0,25.0,0.21052631578947367,0.19435603147988487,0.1987947258982757,0.040040755692894454,0.13465688199988943,0.2784837695726849
CHEMBL134342,O=C(O)CCCC[C@@H]1CCSS1,1,-8.7541,-16.266724,18.447773,-3.956419,3.308,2.0,-10.52947,0.0,1,20,-10.52947,-8.90833605,1.1852055891619315,3.827158,0.12074100000000065,206.332,2.7851000000000017,37.3,1.0,3.0,5.0,1.0,12.0,0.875,0.019794561355058433,0.023199719799852532,0.008805824502941649,0.0076598392325644875,0.04073886526573549
CHEMBL1480987,CC1CC(OC(=O)C(O)c2ccccc2)CC(C)(C)C1,1,-1.311379,-24.031347,2.400841,-3.903941,6.75,4.05,-26.845825,0.0,1,40,-26.845825,-20.234321599999998,2.539902990676055,10.791118,0.4128450000000008,276.37600000000003,3.4780000000000024,46.53,1.0,3.0,3.0,2.0,20.0,0.5882352941176471,0.09249053807675768,0.08923704029711776,0.004254352910942531,0.07991717612660364,0.09638550605679405
CHEMBL1591365,COc1cccc(N(C)C(=S)Oc2ccc3c(c2)CCCC3)n1,1,-1.043705,-29.050951,5.557524,-3.60509,8.4,3.75,-28.142223,0.0,1,40,-28.142223,-23.68028495,1.2740128342421397,7.077804,2.4207990000000024,328.4370000000002,3.7691000000000026,34.59,0.0,4.0,3.0,3.0,23.0,0.3333333333333333,0.09719968157591752,0.100883863902408,0.005743486715655773,0.08839041856726043,0.11068583617945192
CHEMBL1670,Clc1ccc(C(c2ccccc2Cl)C(Cl)Cl)cc1,1,-1.60233,-24.80743,1.344882,-4.703306,2.597,1.83,-29.768183,0.0,1,14,-29.768183,-27.626907571428575,1.0678192898441137,3.6527390000000004,0.1036059999999992,320.04600000000005,5.929000000000002,0.0,0.0,0.0,3.0,2.0,18.0,0.14285714285714285,0.10831738799116038,0.11784214217223576,0.010019457534710959,0.09853299753438237,0.13686866663857436
CHEMBL2103827,N[C@H](C(=O)O)[C@H](O)c1ccc(O)c(O)c1,1,-3.735984,-18.03249,11.957908,1.632507,2.625,1.5,-8.17806,0.0,1,20,-8.17806,-6.7893045,0.9903350458591221,3.830095,0.12943800000000039,213.189,-0.4569000000000002,124.01000000000002,5.0,5.0,3.0,1.0,15.0,0.2222222222222222,0.018955901036568277,0.01977025170436718,0.008619235801795782,0.005496752953984121,0.03803190078517769
CHEMBL2103870,Cc1ccc(NC(=O)C2(c3ccc4c(c3)OC(F)(F)O4)CC2)nc1-c1cccc(C(=O)O)c1,1,-6.80523,-18.732128,35.531742,-5.769773,2.212,0.9,4.224612,0.0,1,20,4.224612,5.282458700000001,0.48498010933603203,1.8569790000000008,0.3405900000000006,452.41300000000024,4.747020000000004,97.75000000000001,2.0,5.0,5.0,5.0,33.0,0.20833333333333334,0.008708841061161517,0.009719687936371488,0.007493614235826645,0.0010296172105525164,0.02976981477578651
CHEMBL27289,C=C(c1ccccc1OCc1cccc(Cl)c1)n1ccnc1,1,-0.640449,-31.830706,3.374362,-5.507967,4.27,1.74,-34.604755,0.0,1,60,-34.604755,-28.619219466666667,3.9086567339323786,16.054934999999997,0.14007900000000006,310.784,4.634500000000003,27.05,0.0,2.0,5.0,3.0,22.0,0.05555555555555555,0.18979492533219924,0.18629869207322794,0.03498286578352278,0.12975473393552267,0.2552655986669921
CHEMBL29609,Cc1cc(CCCOc2c(C)cc(-c3noc(C(F)(F)F)n3)cc2C)on1,1,-1.368756,-28.627224,3.174292,-3.413245,7.962,2.31,-30.234934,0.0,1,5,-30.234934,-25.0365648,5.796518322362762,13.212267,1.0793169999999996,381.35400000000004,4.680260000000004,74.18,0.0,6.0,6.0,3.0,27.0,0.3888888888888889,0.12681769166648024,0.12323628009505348,0.011655712716560266,0.10181907102141356,0.14568702763955835
CHEMBL306764,CCCn1c(C)c(C(=O)c2cccc3ccccc23)c2ccccc21,1,-1.334418,-32.328579,5.343794,-6.143864,4.218,2.38,-34.463066,0.0,1,35,-34.463066,-24.72797534285714,8.219294863236769,22.491574,0.18148000000000053,327.4270000000001,5.743920000000005,22.0,0.0,1.0,4.0,4.0,25.0,0.17391304347826086,0.18741775348376247,0.1838911043815627,0.03401488773319629,0.12880274113351203,0.2508101409453231
CHEMBL1213603,CCNC1=N[C@@H]2[C@@H](O)[C@H](O)[C@@H](CO)O[C@@H]2S1,1,-3.883494,-18.175722,4.086068,2.906184,0.812,0.65,-15.066964,0.0,0,80,-15.066964,-11.3571124375,1.5512197139958896,6.219708000000001,0.8726440000000011,248.30399999999997,-1.4936999999999994,94.31000000000002,4.0,7.0,2.0,2.0,16.0,0.8888888888888888,0.03197319869147367,0.032370888272420545,0.00890007821766092,0.014767322501983472,0.04810925470454725
CHEMBL1289110,CN1c2ccccc2C(NCCCCCCC(=O)O)c2ccc(Cl)cc2S1(=O)=O,1,-1.560618,-29.53504,28.19256,-4.827518,9.248,1.62,-7.730615,0.0,0,28,-7.730615,-7.365360249999999,0.35111838447828225,1.5884369999999999,0.0019460000000002253,436.96100000000007,4.192600000000003,86.71000000000001,2.0,4.0,8.0,3.0,29.0,0.38095238095238093,0.025049152584469395,0.01919592650335219,0.00857885032990114,0.005163376142291561,0.03752978241267317
CHEMBL1605,Nc1nc(/C(=C/CC(=O)O)C(=O)N[C@@H]2C(=O)N3C(C(=O)O)=CCS[C@H]23)cs1,1,-16.796043,-26.426435,67.510094,-2.351948,9.394,2.73,21.935665,0.0,0,2,21.935665,21.969285,0.04754585996698218,0.06723999999999819,0.06723999999999819,410.4330000000001,-0.0481999999999998,162.92,4.0,8.0,6.0,3.0,27.0,0.26666666666666666,0.004256028165727299,0.00491618426877817,0.006748730978949986,0.0001087875589021415,0.024699726706977395
CHEMBL1614658,NC(=O)OC[C@@H]1[C@H](NC(=O)/C(=N\OCC(=O)O)c2csc(N)n2)C(=O)N1S(=O)(=O)O,1,-16.137436,-33.665199,53.248032,2.918686,23.937,4.05,6.364082,0.0,0,10,6.364082,11.044700299999999,5.4605883852907695,14.713705000000001,0.18352099999999982,466.41000000000014,-2.8756999999999975,253.9,5.0,12.0,9.0,2.0,30.0,0.3333333333333333,0.010433729972806166,0.008782401180815483,0.007344718687897759,0.0007793271283990262,0.029185963283079642
CHEMBL1619,Nc1nc(Cl)nc2c1ncn2[C@H]1C[C@H](O)[C@@H](CO)O1,1,-5.24472,-25.524288,5.628711,1.863101,2.011,1.94,-23.277197,0.0,0,40,-23.277197,-18.290467325,2.2058582155512494,10.019903000000001,0.9059030000000021,285.69100000000003,-0.29740000000000044,119.31000000000002,3.0,7.0,2.0,3.0,19.0,0.5,0.06561004681490662,0.06425518383083659,0.0061822800693684225,0.04986033079329949,0.07336897870731951
CHEMBL1631095,NC(=O)c1cc(C(N)=O)n(-c2cccc(-c3cc(C(F)(F)F)ccc3C(F)(F)F)c2)n1,1,-4.036093,-32.156551,5.022544,-1.844242,5.003,2.4,-33.014339,0.0,0,17,-33.014339,-25.603063470588236,5.814449231904289,17.777352999999998,0.25598500000000257,442.319,3.774700000000002,104.00000000000001,2.0,3.0,4.0,3.0,31.0,0.10526315789473684,0.14018811260907496,0.1606590532748247,0.02487368059055276,0.11943681471077769,0.2082661809165556
CHEMBL1643,NC(=O)c1ncn([C@@H]2O[C@H](CO)[C@@H](O)[C@H]2O)n1,1,-7.589617,-19.393766,6.593973,3.421501,2.462,1.92,-16.967909,0.0,0,40,-16.967909,-14.096274500000002,1.4895447008469331,5.3078129999999994,0.5573959999999971,244.20700000000002,-3.0114999999999994,143.72000000000003,4.0,7.0,3.0,2.0,17.0,0.625,0.03476569241839985,0.03758324287862023,0.008731956419365038,0.019568397219330357,0.052541235022933966
CHEMBL1730,CO/N=C(\C(=O)N[C@@H]1C(=O)N2C(C(=O)O)=C(COC(C)=O)CS[C@H]12)c1csc(N)n1,1,-13.499078,-31.011665,36.434536,-2.572362,14.924,3.98,-10.648568,0.0,0,6,-10.648568,-5.593870666666667,4.095072910745872,10.133866999999999,0.5773759999999992,455.47400000000016,-0.6224999999999987,173.51,3.0,11.0,7.0,3.0,30.0,0.375,0.022668935309840058,0.02339376543164363,0.00881370057438196,0.007790743463167855,0.0408740532672381
CHEMBL174,CC1(C)S[C@@H]2[C@H](NC(=O)[C@H](N)c3ccccc3)C(=O)N2[C@H]1C(=O)O,1,-8.593629,-27.017384,21.750011,-1.667652,2.853,1.51,-15.528651,0.0,0,44,-15.528651,-1.2691573181818177,9.878099641313792,30.349021999999998,0.26576799999999956,349.4120000000001,0.3181000000000002,112.73,3.0,5.0,4.0,3.0,24.0,0.4375,0.041726370922538024,0.03354837209780501,0.008874823627122845,0.015810205451950138,0.04914006989756823
CHEMBL1760,CC(C)(C)NCC(O)c1cc(O)cc(O)c1,1,1.862844,-17.624462,2.061624,1.159411,3.522,1.83,-12.540583,0.0,0,20,-12.540583,-10.33121765,1.5305418566875097,6.542443,0.47044200000000025,225.288,1.5192999999999997,72.72,4.0,4.0,3.0,1.0,16.0,0.5,0.024853858056144998,0.026783043352280843,0.008908047849792567,0.010215981405881768,0.043520603364918635
CHEMBL1760682,Cn1c(-c2ccc(N)cc2)nnc1C1(c2ccc(Cl)cc2)CCC1,1,-0.64598,-30.181738,5.685943,-3.863266,2.817,1.49,-29.005043,0.0,0,20,-29.005043,-27.25964305,2.92519553452338,10.089094,0.005849999999998801,338.8420000000001,4.187700000000002,56.730000000000004,1.0,3.0,3.0,4.0,24.0,0.2631578947368421,0.10764679863767017,0.10953822230230836,0.007722625120539373,0.09345363682156556,0.12289643063661729
CHEMBL2110732,COc1cc2ncnc(Nc3ccc(F)c(Cl)c3)c2cc1NC(=O)/C=C/CN1CCCCC1,1,10.766685,-11.483374,14.329831,-6.452116,2.954,0.87,7.161026,0.0,0,1,7.161026,7.161026,,,,469.9480000000004,5.1551000000000045,79.38000000000001,2.0,6.0,7.0,4.0,33.0,0.2916666666666667,0.006167674119108534,0.008469244329008349,0.00729390202686425,0.0007029650535860885,0.028996651930724943
CHEMBL267930,O=C(CCCN1CCC2(CC1)C(=O)NCN2c1ccccc1)c1ccc(F)cc1,1,6.330691,-19.046391,7.266434,-4.297209,6.108,1.62,-9.746474,0.0,0,1,-9.746474,-9.746474,,,,395.47800000000007,3.217100000000001,52.650000000000006,1.0,4.0,6.0,4.0,29.0,0.391304347826087,0.019827243747327628,0.02197550192111672,0.00874965774664841,0.006854603205358582,0.03988560870023992
CHEMBL277945,CCN1CCCC1CNC(=O)c1cc(S(=O)(=O)CC)ccc1OC,1,6.615684,-24.807861,7.454806,-2.678675,3.177,1.5,-13.416045,0.0,0,40,-13.416045,-9.169964275000002,5.368541883091615,31.05219,0.5740809999999996,354.47200000000015,1.7028999999999999,75.71000000000001,1.0,5.0,7.0,2.0,24.0,0.5882352941176471,0.02673828123451713,0.028567894781586185,0.008926541251865596,0.011594410114294487,0.04500450467805702
CHEMBL297302,O=C(CCCN1CCC(n2c(=O)[nH]c3ccccc32)CC1)c1ccc(F)cc1,1,-1.029316,-36.929607,7.960069,-4.308313,3.941,1.78,-34.307167,0.0,0,106,-34.307167,-25.04460133962264,6.8310522292174065,30.979821,0.0003699999999966508,381.4510000000002,3.7687000000000026,58.1,1.0,3.0,6.0,4.0,28.0,0.36363636363636365,0.1545260002822877,0.18126949118531915,0.032964124710877694,0.12776291164043116,0.24596669215827258
CHEMBL341812,CC(C)Cc1ccc(CC(=O)O)cc1,1,-16.903975,-16.012669,26.063402,-3.469255,1.499,1.04,-10.322495,0.0,0,20,-10.322495,-9.271671300000001,0.6348876255468656,1.997567,0.19796700000000023,192.25799999999998,2.5122,37.3,1.0,1.0,4.0,1.0,14.0,0.4166666666666667,0.028086673362186298,0.022867518369108435,0.008791694434667626,0.007437795977252128,0.04050738679797411
CHEMBL4069598,O=C(CC1(c2ccc(F)cc2)C2CC3CC1CC(C2)C3O)N1CC(O)C1,1,-1.030925,-26.288534,4.643056,-0.950741,2.705,1.3,-23.627144,0.0,0,20,-23.627144,-19.60355645,1.6808365817992472,6.552138000000003,1.5236300000000007,359.4410000000001,2.0835999999999997,60.769999999999996,2.0,3.0,3.0,6.0,26.0,0.6666666666666666,0.06920319229775615,0.06631082844407063,0.005920110284463919,0.052600754066656374,0.07480473413040171
CHEMBL4218423,O=C(O)CC1CN(S(=O)(=O)c2ccc(F)cc2)c2ccc(C(O)(C(F)(F)F)C(F)(F)F)cc2S1,1,-8.949286,-26.590633,26.822863,-3.20049,6.52,2.34,-11.917544,0.0,0,8,-11.917544,-4.7663593749999995,12.462720484250298,27.436326,0.08545799999999915,533.4430000000001,4.282200000000003,94.91000000000001,2.0,5.0,5.0,3.0,34.0,0.3157894736842105,0.031076474338828357,0.02560004299131431,0.008884187662570205,0.009340201415724158,0.042526564361013354
CHEMBL434,CC(C)NCC(O)c1ccc(O)c(O)c1,1,6.386709,-16.861885,1.602377,0.441612,2.778,1.5,-8.431187,0.0,0,20,-8.431187,-8.11551745,0.23056607827063944,0.6509779999999994,0.022482000000000113,211.261,1.1291999999999998,72.72,4.0,4.0,4.0,1.0,15.0,0.45454545454545453,0.026206376345541915,0.020105443806845105,0.008641557894465655,0.005695253898119365,0.03832195470341698
CHEMBL446,Cc1cc(C)nc(NS(=O)(=O)c2ccc(N)cc2)n1,1,-4.405584,-26.662893,6.139082,-0.969864,0.274,0.16,-25.89926,0.0,0,103,-25.89926,-10.156544689320391,6.911339054638726,24.124369,0.2595470000000013,278.337,1.4764399999999998,97.97,2.0,5.0,3.0,2.0,19.0,0.16666666666666666,0.08393958680745657,0.08167213493287814,0.0043015051686795406,0.07049153356356763,0.08777657264285663
CHEMBL449,CCC(C)C1(CC)C(=O)NC(=O)NC1=O,1,-1.253886,-15.441602,1.887817,-0.899192,3.219,2.41,-15.706863,0.0,0,10,-15.706863,-9.7377109,3.7103082793482702,9.040982,1.031778000000001,212.249,0.7948999999999999,75.27000000000001,2.0,3.0,3.0,1.0,15.0,0.7,0.033693802904664304,0.03401735929911818,0.00886262926878603,0.01623256465967659,0.04954510542101928
CHEMBL4563301,OCc1cccn2c(C3(c4ccc(Cl)cc4)CC3)nnc12,1,-5.200749,-23.810165,3.756638,-3.505541,2.399,0.86,-28.759817,0.0,0,55,-28.759817,-25.10815200000001,3.9801547835164373,16.482931,0.07200000000000273,299.7610000000001,2.954900000000001,50.42,1.0,3.0,3.0,4.0,21.0,0.25,0.111550127980598,0.10700123570141865,0.007089591195502578,0.09189642014161073,0.1189394295806478
CHEMBL477,Nc1ncnc2c1ncn2[C@@H]1O[C@H](CO)[C@@H](O)[C@H]1O,1,-14.263847,-19.324997,6.490511,2.968474,2.6,2.1,-24.12986,0.0,0,40,-24.12986,-20.2109993,1.6451458737905469,8.129395000000002,0.3682079999999992,267.245,-1.9800000000000006,139.54000000000002,4.0,8.0,2.0,3.0,19.0,0.5,0.07179514830195159,0.0693998097380079,0.0055286968304372975,0.05679876565640583,0.07709024540533137
CHEMBL4786793,C[C@H](c1ccccc1)N(C(=O)c1ccccc1)[C@@H](C(N)=O)c1ccccc1,1,1.866624,-30.235249,6.994469,-3.93404,5.069,1.87,-25.308197,0.0,0,1,-25.308197,-25.308197,,,,358.4410000000001,4.116600000000002,63.4,1.0,2.0,6.0,3.0,27.0,0.13043478260869565,0.07553685135705467,0.07731563319295169,0.004632911862987289,0.06589078286297177,0.08384773746649568
CHEMBL527,CN1C(C(=O)Nc2ccccn2)=C(O)c2ccccc2S1(=O)=O,1,-10.068583,-29.221552,24.131338,-2.095811,2.384,2.33,-17.254608,0.0,0,36,-17.254608,-13.385967611111111,1.9950154924406016,8.757271000000001,1.1890099999999997,331.35300000000007,1.5809999999999997,99.6,2.0,5.0,2.0,3.0,23.0,0.06666666666666667,0.046806706759738,0.03845840041741859,0.008690081096219335,0.020419366613437257,0.053331394386369524
CHEMBL5279479,COc1ccc(OC)c(-n2nnc(C(=O)Nc3cccc(N(C)C)c3)c2C)c1,1,-0.739323,-36.856747,6.658085,-2.41533,5.555,2.34,-33.353313,0.0,0,41,-33.353313,-29.58639297560975,5.634691793832022,22.133316999999998,0.04085100000000352,381.43600000000015,2.911220000000001,81.51,1.0,6.0,6.0,3.0,28.0,0.25,0.16957491331195218,0.16586595224755885,0.026882584024661586,0.12156841922418428,0.21771717237961566
CHEMBL5314924,Cc1ccc([C@H]2C[C@@H]2COc2cc(NCc3nnc(C)s3)nc(C)n2)nc1,1,-0.458944,-33.896317,5.819217,-1.756436,7.481,3.34,-30.292479,0.0,0,5,-30.292479,-26.896228999999998,5.4095125886523725,12.851320999999999,0.12345499999999987,382.4930000000001,3.442960000000001,85.71,1.0,8.0,7.0,4.0,27.0,0.42105263157894735,0.11399706184207518,0.12391833200119436,0.011869271277109758,0.10223387414559738,0.14675419465045472
CHEMBL5408469,NC(=O)c1cc(Cn2cc(-c3c(-c4ccc(Cl)cc4)nc4ccccn34)nn2)ccc1Cl,1,-1.42974,-42.909279,10.438902,-4.595581,5.199,1.87,-38.495697,0.0,0,15,-38.495697,-33.342428000000005,3.5049975284388672,12.229617999999999,0.8399890000000028,463.3280000000001,4.713800000000003,91.10000000000001,1.0,4.0,5.0,5.0,32.0,0.043478260869565216,0.27244884690130694,0.26066912576598694,0.06488562274458476,0.15853399575039165,0.393681759392423
CHEMBL546,C=CCOc1ccccc1OCC(O)CNC(C)C,1,7.453846,-22.233789,3.241454,-2.55473,7.809,2.32,-14.093221,0.0,0,20,-14.093221,-11.8918884,0.7156739312076782,2.8861089999999994,0.3735540000000004,265.35299999999995,1.9890999999999999,50.72,2.0,4.0,9.0,1.0,19.0,0.4666666666666667,0.029559456961891852,0.03005475028079483,0.00892654198248554,0.012793436166010209,0.04622902622669486
CHEMBL572,O=C1CN(/N=C/c2ccc([N+](=O)[O-])o2)C(=O)N1,1,-5.732046,-24.758127,12.587312,0.119332,0.892,0.74,-17.783529,0.0,0,40,-17.783529,-11.9455407,2.1625948322936,9.67289,1.4510460000000016,238.15899999999996,0.07349999999999995,118.05000000000001,1.0,6.0,3.0,2.0,17.0,0.125,0.03912988180191912,0.040140600525191736,0.008599330618693541,0.02208903630510476,0.05482920130701221
CHEMBL577,C[C@H](N[C@@H](CCc1ccccc1)C(=O)O)C(=O)N1CCC[C@H]1C(=O)O,1,-19.544683,-25.805382,75.166924,-3.563529,4.61,1.03,26.253326,0.0,0,6,26.253326,27.072593833333332,1.1165985332649184,2.8674800000000005,0.014025000000000176,348.39900000000017,1.1261000000000003,106.94000000000001,3.0,4.0,8.0,2.0,25.0,0.5,0.002872183190625677,0.004366248882346153,0.006700337376226925,6.379813846184914e-05,0.024229517588463662
CHEMBL646,Cc1nnc2n1-c1ccc(Cl)cc1C(c1ccccc1Cl)=NC2,1,-2.170253,-27.089249,5.417806,-4.5242,2.09,2.09,-28.365896,0.0,0,2,-28.365896,-27.838459999999998,0.7459071444838155,1.0548719999999996,1.0548719999999996,343.21700000000004,4.233520000000002,43.07,0.0,3.0,1.0,4.0,23.0,0.11764705882352941,0.10733433292140022,0.1030551621047659,0.006188104800478943,0.0895364610956736,0.11348334551834201
CHEMBL686,Cc1cccc(Nc2ccccc2C(=O)O)c1C,1,-19.635286,-23.470406,31.547333,-3.793571,1.611,1.53,-15.351928,0.0,0,40,-15.351928,-11.791051999999999,2.548006240186659,7.389891999999999,0.05786299999999933,241.29,3.7452400000000017,49.33,2.0,2.0,3.0,2.0,18.0,0.13333333333333333,0.03155049880505731,0.0330913493261654,0.008885544181384047,0.015402424416312501,0.048742365943190306
CHEMBL6995,CC(=O)Nc1ccc(OCC(O)CNC(C)C)cc1,1,5.463149,-26.821821,11.310524,-0.684485,9.132,2.09,-10.732634,0.0,0,20,-10.732634,-8.697418549999998,1.7179323808773723,5.831407,0.09949399999999997,266.34099999999995,1.3826999999999992,70.59,3.0,4.0,7.0,1.0,19.0,0.5,0.021446205447528965,0.02353202294330818,0.008819143505988196,0.007884551583567217,0.04097036369166326
CHEMBL700,Nc1ccc(S(=O)(=O)Nc2ccccn2)cc1,1,-10.577034,-21.661951,21.771191,-0.724635,0.994,0.6,-11.192428,0.0,0,40,-11.192428,-9.01655765,2.303052221855391,7.518594,0.05339999999999989,249.29500000000004,1.4646000000000001,85.08,2.0,4.0,3.0,2.0,17.0,0.0,0.02225597930363192,0.024307540200259447,0.008847099273023726,0.008418979416696674,0.041510406998317886
CHEMBL803,Nc1ccn([C@@H]2O[C@H](CO)[C@@H](O)[C@@H]2O)c(=O)n1,1,-6.579155,-17.765341,8.355912,3.315459,2.392,1.94,-12.673124,0.0,0,40,-12.673124,-10.75581455,0.8207654226671574,3.8518679999999996,0.06598400000000026,243.21900000000002,-2.563,130.82999999999998,4.0,7.0,2.0,2.0,17.0,0.5555555555555556,0.026434731131107867,0.027043812126966858,0.00891204487709096,0.010413133969834957,0.043738331273879744
CHEMBL891,Cc1onc(-c2ccccc2Cl)c1C(=O)N[C@@H]1C(=O)N2[C@@H]1SC(C)(C)[C@@H]2C(=O)O,1,-5.101694,-30.921724,30.937868,-3.734847,7.413,2.73,-8.820397,0.0,0,9,-8.820397,2.903956111111111,7.363813210254631,23.665316,8.861820999999999,435.8890000000002,2.5487200000000003,112.74,2.0,6.0,4.0,4.0,29.0,0.3684210526315789,0.018440991243754236,0.020635893671034657,0.008675029212186236,0.006015233820075428,0.03877668796312559
CHEMBL9,CCn1cc(C(=O)O)c(=O)c2cc(F)c(N3CCNCC3)cc21,1,2.307374,-25.552628,55.481739,-2.999045,5.579,4.36,29.237444,0.0,0,1,29.237444,29.237444,,,,319.336,1.2683,74.57000000000001,2.0,4.0,3.0,3.0,23.0,0.375,0.0024998857106387443,0.004058657899055875,0.006687886805613644,4.420654948791571e-05,0.023988257558808086
CHEMBL1006,NCCCNCCSP(=O)(O)O,1,-12.839794,-12.420373,45.219643,-0.906345,4.818,1.62,19.053131,0.0,0,40,19.053131,31.873496350000003,5.919415961222346,30.331452,5.607620000000001,214.22699999999998,-0.2492999999999997,95.58,4.0,4.0,7.0,0.0,12.0,1.0,0.005256770572932755,0.00537084594962252,0.006804319721757944,0.00015570809889310576,0.025104910279178785
CHEMBL101326,N#Cc1nn(-c2c(Cl)cc(C(F)(F)F)cc2Cl)c(N)c1[S+]([O-])C(F)(F)F,1,-1.961405,-28.354269,3.156702,-2.958055,2.032,1.15,-30.117027,0.0,0,22,-30.117027,-28.972831227272728,2.1992716224455715,8.318262,0.014292999999998557,437.15200000000004,4.279179999999999,90.69,1.0,4.0,2.0,2.0,26.0,0.16666666666666666,0.1254092522070949,0.12185053444503308,0.011226211620064076,0.1009758307959482,0.14352207528032485
CHEMBL1016,CCOc1nc2cccc(C(=O)O)c2n1Cc1ccc(-c2ccccc2-c2nnn[nH]2)cc1,1,-9.441388,-37.656654,67.017197,-4.481884,8.886,2.65,15.437271,0.0,0,3,15.437271,29.209789333333333,11.985920740140589,21.842247,19.475308,440.4630000000001,4.028600000000002,118.81,2.0,6.0,7.0,5.0,33.0,0.125,0.006386682683041032,0.006069862726174282,0.006904972255531603,0.000244930213137752,0.025735835171211214
CHEMBL1018,C/C=C(C(=C/C)/c1ccc(O)cc1)\c1ccc(O)cc1,1,-0.386044,-24.843361,2.571856,-2.14605,6.896,2.59,-24.803596,0.0,0,8,-24.803596,-24.32865325,0.280904545569563,0.8935999999999993,0.15885499999999908,266.34,4.604600000000004,40.46,2.0,2.0,3.0,2.0,20.0,0.1111111111111111,0.07577416880706203,0.07380507453587766,0.004999530861536835,0.06209744748305731,0.08101457735661187
CHEMBL1024,O=P1(NCCCl)OCCCN1CCCl,1,-3.089134,-20.026131,3.518955,-1.607557,2.274,1.59,-21.203867,0.0,0,40,-21.203867,-16.676968975,1.740321106963685,6.958848999999999,0.8259469999999993,261.08899999999994,1.884,41.57,1.0,2.0,5.0,1.0,14.0,1.0,0.06098708252121781,0.05351146993319216,0.007466295800441257,0.036524719834335265,0.06552289821648158
CHEMBL1029,CCCCN1C[C@H](O)[C@@H](O)[C@H](O)[C@H]1CO,1,0.960788,-13.5315,2.513019,2.076073,3.115,1.59,-7.981621,0.0,0,20,-7.981621,-5.229007600000001,1.4444980763946456,4.982518,0.14407799999999948,219.28099999999998,-1.4542999999999995,84.16000000000001,4.0,5.0,4.0,1.0,15.0,1.0,0.015979521418405734,0.01951529298898356,0.008601642776651422,0.005347701723668922,0.03780981432569364
CHEMBL1043,Nc1ccc(S(=O)(=O)c2ccc(N)cc2)cc1,1,-2.563576,-21.44838,4.97146,-0.248326,0.048,0.02,-19.28882,0.0,0,4,-19.28882,-18.795916,0.5353482157175834,0.9878500000000017,0.06068400000000196,248.30700000000002,1.6838000000000002,86.18,2.0,4.0,2.0,2.0,17.0,0.0,0.04293599289218192,0.04545220607391486,0.008230462612136153,0.02763671705830299,0.05935028997862087
CHEMBL1055,NS(=O)(=O)c1cc(C2(O)NC(=O)c3ccccc32)ccc1Cl,1,-6.682077,-29.700006,6.387465,0.370459,0.331,0.3,-29.624159,0.0,0,40,-29.624159,-23.37084145,3.2578325470252567,10.854385999999998,0.40183099999999783,338.77200000000005,0.9242000000000001,109.49000000000001,3.0,4.0,2.0,3.0,22.0,0.07142857142857142,0.12136658482767954,0.11622664779507925,0.009549439937686569,0.09754685940695107,0.1340237526484507
CHEMBL1059,CC(C)C[C@H](CN)CC(=O)O,1,-4.424945,-11.770103,12.887443,-1.471589,5.704,1.85,-4.779193,0.0,0,20,-4.779193,0.51420105,3.936447943201833,14.871186000000002,1.3219200000000004,159.229,1.0821,63.32000000000001,2.0,2.0,5.0,0.0,11.0,0.875,0.013620510350103912,0.015922982857615547,0.008295146652856699,0.003432551418520817,0.03452210126162694
CHEMBL1070,COc1ccc2cc(CCC(C)=O)ccc2c1,1,-1.651579,-26.959793,4.05393,-3.348054,1.669,1.65,-27.905495,0.0,0,20,-27.905495,-27.684457349999995,0.12430810462136083,0.4256019999999978,0.026428999999996705,228.29099999999997,3.370000000000002,26.3,0.0,2.0,4.0,2.0,17.0,0.26666666666666666,0.10260437119900494,0.09863928262838485,0.005329503454490758,0.08680503958034877,0.1077929712640275
CHEMBL1075733,CCC(C)C(CC)C(N)=O,1,-0.323265,-16.783051,3.84501,-0.069788,1.573,0.52,-13.331093,0.0,0,20,-13.331093,-9.45251685,1.5212455506294582,5.872297999999999,0.8066169999999993,143.23,1.544,43.09,1.0,1.0,4.0,0.0,10.0,0.875,0.034039744260720164,0.028388098798700363,0.008925606705001834,0.011452508446015664,0.044855223733471526
CHEMBL1076903,c1cnc2cc3c(cc2n1)[C@@H]1CNC[C@H]3C1,1,7.32433,-20.903431,7.383096,-1.568749,0.0,0.0,-7.764755,0.0,0,20,-7.764755,-7.000629600000001,1.189567999076728,4.110956,0.09909500000000016,211.26799999999994,1.8038999999999998,37.81,1.0,3.0,0.0,4.0,16.0,0.38461538461538464,0.015694343709145204,0.019238947467813045,0.00858196982288787,0.005188051171020863,0.0375676264817589
CHEMBL1078261,CCCOC(C(=O)OC1CCN(C)CC1)(c1ccccc1)c1ccccc1,1,7.086854,-30.486629,11.874721,-6.211211,5.736,1.62,-17.736267,0.0,0,1,-17.736267,-17.736267,,,,367.489,3.994200000000003,38.77,0.0,4.0,7.0,3.0,27.0,0.43478260869565216,0.04833646887816543,0.039986613499980894,0.008608186663102337,0.021934374208381117,0.05469354453387944
CHEMBL109037,NC(Cc1cc(O)c(O)cc1O)C(=O)O,1,-3.022922,-17.382582,10.542507,1.767236,2.94,1.75,-8.095761,0.0,0,20,-8.095761,-7.12680735,0.9879075792002469,3.627166,0.007218999999999198,213.18899999999996,-0.24220000000000003,124.01,5.0,5.0,3.0,1.0,15.0,0.2222222222222222,0.025645320756501055,0.019662892334861425,0.008611892581407099,0.005433785017016908,0.0379385398375957
CHEMBL1094,NC(=O)OCC(COC(N)=O)c1ccccc1,1,-0.312206,-22.31805,4.608541,0.38877,15.897,4.05,-17.632948,0.0,0,20,-17.632948,-15.074739699999999,1.1681452196278868,4.680649999999998,1.3097359999999973,238.24300000000002,0.9607999999999993,104.64000000000001,2.0,4.0,5.0,1.0,17.0,0.2727272727272727,0.03960739914689156,0.039652529785076794,0.008627024291967,0.021600076332106206,0.05439821402993314
CHEMBL1095,CCN1C(=O)NC(c2ccccc2)C1=O,1,-0.933064,-21.939388,3.32995,-2.182271,0.12,0.1,-21.724773,0.0,0,40,-21.724773,-17.709389075,1.394673852142967,5.878041,0.6792449999999981,204.22899999999998,1.2993999999999999,49.410000000000004,1.0,2.0,2.0,2.0,15.0,0.2727272727272727,0.05381736514065009,0.055995356121846404,0.007190349151911251,0.03938761047763146,0.06734316860915097
CHEMBL1096,CC(C)c1ccc2oc3nc(N)c(C(=O)O)cc3c(=O)c2c1,1,-10.554088,-29.230726,25.204863,-2.031747,0.068,0.03,-16.611698,0.0,0,20,-16.611698,-10.2774814,4.230899285912523,20.095652,0.32871800000000206,298.298,2.745,106.42000000000002,2.0,5.0,2.0,3.0,22.0,0.1875,0.0422884842433282,0.03653027752646661,0.008777335237258896,0.018561040582673837,0.051664713424235544
CHEMBL1097235,NS(=O)(=O)c1cc(-c2nnn[nH]2)c(NCc2cccs2)cc1Cl,1,-11.27991,-31.583338,18.218893,0.138729,4.36,2.32,-24.505625,0.0,0,60,-24.505625,-15.423642166666667,5.4072038149095984,23.987551,0.012845999999999691,370.8470000000001,1.8410999999999997,126.65,3.0,7.0,5.0,3.0,23.0,0.08333333333333333,0.06997440061076891,0.07181810577516938,0.005231634780163173,0.05990225281324355,0.07929146734140433
CHEMBL110,O=C(Cn1ccnc1[N+](=O)[O-])NCc1ccccc1,1,-3.903512,-27.668331,7.651698,-4.482495,6.801,2.36,-28.402639,0.0,0,40,-28.402639,-24.18098755,1.52662465782622,7.336523,1.716661000000002,260.253,1.1077,90.06,1.0,4.0,5.0,2.0,19.0,0.16666666666666666,0.10653715214977898,0.10341660007565481,0.006265925038316549,0.08972648901136153,0.11394968895591663
CHEMBL1110,Cc1[nH]cnc1CN1CCc2c(c3ccccc3n2C)C1=O,1,-0.635507,-31.145439,9.055465,-3.874739,1.507,0.94,-26.600218,0.0,0,40,-26.600218,-21.4571566,3.37527605845744,15.585219000000002,0.03570800000000318,294.35800000000006,2.4083200000000007,53.92,1.0,2.0,2.0,4.0,22.0,0.29411764705882354,0.08766564498365516,0.08720162693030031,0.0041877357081454005,0.07740480650374883,0.09410008885444264
CHEMBL1114,Cn1cnc2c1c(=O)[nH]c(=O)n2C,1,-0.116621,-20.615316,5.725044,-1.830444,0.0,0.0,-16.837337,0.0,0,20,-16.837337,-16.250869450000003,0.5279701961242925,2.0136480000000017,0.11241100000000159,180.16699999999997,-1.0397,72.68,1.0,3.0,0.0,2.0,13.0,0.2857142857142857,0.0455221151940581,0.037192915428486156,0.008749422981823872,0.019192851886563493,0.05221317307202181
CHEMBL1129,O=c1[nH]c(=O)n([C@H]2C[C@H](O)[C@@H](CO)O2)cc1C(F)(F)F,1,-8.11981,-17.40136,5.865211,1.801532,3.474,2.1,-17.854427,0.0,0,40,-17.854427,-14.74654415,1.669339172056885,5.881330000000002,0.481027000000001,296.20099999999996,-0.8039000000000001,104.55000000000001,3.0,5.0,2.0,2.0,20.0,0.6,0.04871960938028819,0.040372979544522465,0.00858576043883828,0.022323118644912304,0.055033364280975786
CHEMBL1148,Cc1cccc(Nc2ccncc2S(=O)(=O)NC(=O)NC(C)C)c1,1,-7.249992,-28.817493,23.912855,-0.977282,3.094,1.47,-13.131912,0.0,0,24,-13.131912,-11.390978500000001,3.108165473619391,12.443135999999999,0.10436699999999988,348.4280000000001,2.5299199999999997,100.19,3.0,5.0,5.0,2.0,24.0,0.25,0.027396549509429532,0.027972224597190412,0.008922657189608132,0.011126877340644069,0.04450946849067691
CHEMBL11662,O=C(O)/C=C/c1ccc(Cn2ccnc2)cc1,1,-23.758904,-22.352617,34.109947,-4.055206,5.347,2.33,-16.056778,0.0,0,40,-16.056778,-12.880536074999998,2.012782187945669,8.099615,1.2217990000000007,228.251,2.0292,55.12,1.0,2.0,4.0,2.0,17.0,0.07692307692307693,0.03203816310941799,0.03496253472223298,0.008834443184769171,0.0170955888905327,0.050352164951076916
CHEMBL11672,CN(C(=O)c1c(O)c2ccccc2n(C)c1=O)c1ccccc1,1,-8.091471,-27.350636,24.019087,-3.216054,3.766,2.4,-14.639075,0.0,0,40,-14.639075,-12.925258725,1.6827637677088216,5.9856359999999995,0.29910300000000056,308.337,2.5207000000000006,62.540000000000006,1.0,3.0,2.0,3.0,23.0,0.1111111111111111,0.030883332646439526,0.03132606553360221,0.008915905190183345,0.013863432629581889,0.047262202044351574
CHEMBL1169,Nc1ccc(C(=O)O)c(O)c1,1,-12.702936,-14.750536,20.714758,-0.205504,1.87,1.87,-6.944219,0.0,0,20,-6.944219,-3.11713425,1.3746918343357377,6.183261,2.3051000000000004,153.137,0.6726000000000001,83.55000000000001,3.0,3.0,1.0,1.0,11.0,0.0,0.014664993555536994,0.018240041377558726,0.008505540601487765,0.004627714232153294,0.03667865628942121
CHEMBL117287,COCCCN1CCC(NC(=O)c2cc(Cl)c(N)c3c2OCC3)CC1,1,8.116838,-29.367283,7.331015,-2.528583,6.116,1.62,-16.448013,0.0,0,1,-16.448013,-16.448013,,,,367.8770000000003,2.0877999999999997,76.82000000000001,2.0,5.0,6.0,3.0,25.0,0.6111111111111112,0.03473108289343637,0.03605881990399015,0.008795842560173637,0.01811596373123024,0.05127332867398294
CHEMBL1173055,CNCc1ccc(-c2[nH]c3cc(F)cc4c3c2CCNC4=O)cc1,1,0.603725,-29.683207,11.149534,-2.251162,0.231,0.21,-20.181108,0.0,0,6,-20.181108,-15.862770000000003,6.043822871758933,16.24271,0.20607499999999845,323.371,2.979300000000001,56.92,3.0,2.0,3.0,4.0,24.0,0.21052631578947367,0.05693739377037471,0.049009366007887245,0.007920517909010551,0.031515960277774306,0.06208550641757699
CHEMBL1175,CNCC[C@H](Oc1cccc2ccccc12)c1cccs1,1,5.698529,-28.860264,4.080276,-4.494782,5.9,2.64,-23.576241,0.0,0,40,-23.576241,-14.012258350000002,3.219464257227929,17.018092,1.4593050000000005,297.423,4.630900000000003,21.259999999999998,1.0,3.0,6.0,3.0,21.0,0.2222222222222222,0.06746052049269285,0.0660070837621844,0.005958877151235666,0.052193092896181674,0.07459408058810327
CHEMBL117785,COc1cc2c(cc1OC)C1CC(=O)C(CC(C)C)CN1CC2,1,7.549556,-15.049128,10.650764,-3.475874,2.355,0.8,-0.324681,0.0,0,2,-0.324681,-0.25968800000000003,0.09191398205931456,0.129986,0.129986,317.4290000000001,3.238100000000002,38.77,0.0,4.0,4.0,3.0,23.0,0.631578947368421,0.015685313056241924,0.012299995462542332,0.00786898634790131,0.0018785195625830543,0.03141538421573053
CHEMBL1189679,O=C1c2cccc3c2[C@H](CCC3)CN1[C@@H]1CN2CCC1CC2,1,6.152355,-23.385998,12.790339,-4.116695,0.969,0.96,-8.559999,0.0,0,18,-8.559999,-6.109950277777778,1.6654914507750558,4.249071,0.033511999999999986,296.414,2.656500000000001,23.550000000000004,0.0,2.0,1.0,6.0,22.0,0.631578947368421,0.016768410213029845,0.020278953543240344,0.00865275516495782,0.005799134018367831,0.03847126503131186
CHEMBL1194,CCCNC(C)C(=O)Nc1ccccc1C,1,9.23247,-22.208426,3.556395,-2.711128,3.574,1.47,-12.13069,0.0,0,20,-12.13069,-11.252312100000001,0.23540611410896733,1.200277999999999,0.6875970000000002,220.316,2.3216200000000002,41.13,2.0,2.0,5.0,1.0,16.0,0.46153846153846156,0.033342185022436376,0.025996965653837675,0.008893250208038632,0.009630616272581409,0.0428612404240242
CHEMBL1199080,CC[N+](C)(C)Cc1ccccc1Br,1,5.62814,-16.199425,3.88294,-3.177957,1.183,1.16,-9.866302,0.0,0,20,-9.866302,-9.2133571,0.8656136577481895,3.028604999999999,0.019726999999999606,243.16799999999998,3.0454000000000017,0.0,0.0,0.0,3.0,1.0,13.0,0.45454545454545453,0.02139900960606793,0.022157215517997583,0.00875871011447158,0.006971852400334266,0.04001229504254355
CHEMBL1200368,O=C(O)c1ccc(NC(=O)[C@H](Cc2ccc(O)cc2)NC(=O)c2ccccc2)cc1,1,-7.287169,-31.151598,37.306114,-4.040405,3.718,1.05,-5.173057,0.0,0,2,-5.173057,-3.7129595,2.0648896868870503,2.920195,2.920195,404.4220000000001,3.0702000000000016,115.73000000000002,4.0,4.0,7.0,3.0,30.0,0.08695652173913043,0.020472371470610658,0.016313011297879373,0.008333879571359996,0.0036232023982709703,0.03489554528086506
CHEMBL1200596,Oc1c(Cl)cc(Cl)c2cccnc12,1,-0.757005,-23.602533,3.161038,-1.480251,0.0,0.0,-22.678753,0.0,0,60,-22.678753,-14.819573033333333,4.059213452799041,12.930567,0.29702800000000096,214.051,3.2472000000000003,33.120000000000005,1.0,2.0,0.0,2.0,13.0,0.0,0.05885976836356723,0.060910679551682924,0.00660304259389492,0.04549728475370309,0.07098010170427059
CHEMBL1200604,CCN(Cc1ccncc1)C(=O)C(CO)c1ccccc1,1,-1.434192,-27.244524,4.205704,-3.001794,3.677,1.5,-27.474804,0.0,0,26,-27.474804,-21.94147453846154,3.403103755827568,10.754182999999998,0.4465079999999979,284.359,2.2062,53.43000000000001,1.0,3.0,6.0,2.0,21.0,0.29411764705882354,0.09836655191282778,0.09469308638394808,0.004735224962461617,0.08426055254549578,0.10270480747202934
CHEMBL1200714,CN1C(=O)CCS(=O)(=O)C1c1ccc(Cl)cc1,1,0.342797,-25.311794,4.96208,-1.625575,0.111,0.11,-21.632492,0.0,0,38,-21.632492,-17.53147484210526,1.8209237241495828,6.606691,0.040385999999998035,273.741,1.6155000000000002,54.45,0.0,3.0,1.0,2.0,17.0,0.36363636363636365,0.053354780604652846,0.05554541934606032,0.007241518408750443,0.038866373530759675,0.06700220243393919
CHEMBL1200790,CCC1(CC)C(=O)NCC(C)C1=O,1,-5.621891,-13.462674,3.456908,-0.631843,0.741,0.37,-16.259501,0.0,0,20,-16.259501,-12.454344650000001,1.8563423421536938,6.735956,0.39573900000000073,183.25099999999998,1.1278,46.17,1.0,2.0,2.0,1.0,13.0,0.8,0.04380353487836339,0.03552527512422091,0.008815410683946015,0.017616797074376737,0.05082697357485457
CHEMBL1201039,NS(=O)(=O)c1cc2c(cc1Cl)N=C(CSCc1ccccc1)NS2(=O)=O,1,-8.423979,-32.657249,19.626751,-0.155732,1.92,0.82,-21.61021,0.0,0,21,-21.61021,-18.93083076190476,3.9007901068115403,12.602616999999999,0.002898999999999319,431.9480000000001,2.2427,118.69,2.0,6.0,5.0,3.0,26.0,0.13333333333333333,0.055756546069891805,0.05543742727767496,0.007253725111839345,0.038741616290902,0.06692014541377601
CHEMBL1201117,COc1ccccc1OCC(O)COC(N)=O,1,-5.691422,-21.639297,5.47482,0.226236,4.755,1.94,-21.629663,0.0,0,20,-21.629663,-21.383030849999994,0.1688708919781696,0.673961000000002,0.04166400000000081,241.24299999999994,0.5302000000000002,91.00999999999999,2.0,5.0,6.0,1.0,17.0,0.36363636363636365,0.05585935146819012,0.055531694359662494,0.007243071411542941,0.038850510328681406,0.06699177833541965
CHEMBL1201168,Cc1cc(C(=O)NNCc2ccccc2)no1,1,-3.643781,-25.390369,3.848193,-1.987422,3.606,2.64,-27.173378,0.0,0,40,-27.173378,-24.268872525,2.335933502358132,6.728400999999998,0.17021199999999936,231.25500000000002,1.4176199999999997,67.16,2.0,4.0,4.0,2.0,17.0,0.16666666666666666,0.09109940138158205,0.0920339006974978,0.004447219207676556,0.08265280167503439,0.09960030098257718
CHEMBL1201198,Cc1cccn2c(=O)c(-c3nnn[nH]3)cnc12,1,-23.551085,-24.033337,36.129784,-1.075005,2.644,2.64,-12.529641,0.0,0,80,-12.529641,-8.917363925,3.1418622223429558,9.51453,0.0035009999999999764,228.21500000000003,0.1830199999999999,88.83,1.0,5.0,1.0,3.0,17.0,0.1,0.03232107353899302,0.026761661332195506,0.008907700106198782,0.01019988085828171,0.043502728367722836
CHEMBL1201220,CC(=O)Nc1c(I)c(NC(C)=O)c(I)c(C(=O)O)c1I,1,-7.397241,-28.507292,23.864054,-2.613575,4.94,1.87,-14.654055,0.0,0,2,-14.654055,-13.8289575,1.1668640747801349,1.650195,1.650195,613.9150000000002,3.1154,95.50000000000001,3.0,3.0,3.0,1.0,20.0,0.18181818181818182,0.02828806900664092,0.03136191275860448,0.008915466790610305,0.013894103190369758,0.04729115331742172
CHEMBL1201260,C/N=C(\NC)NCc1ccccc1,1,6.855742,-18.377209,1.469513,-2.806862,3.379,2.34,-12.858816,0.0,0,20,-12.858816,-10.465902400000001,0.8123274666536499,3.4721889999999984,0.9624939999999995,177.251,0.9813999999999995,36.42,2.0,1.0,2.0,1.0,13.0,0.3,0.0330144103818967,0.027414710335863783,0.008916958029605428,0.01069606849992091,0.04404715279748437
CHEMBL1201284,C[C@@H](NCCCc1cccc(C(F)(F)F)c1)c1cccc2ccccc12,1,7.030205,-29.647011,4.631236,-6.373784,5.392,2.12,-24.359352,0.0,0,22,-24.359352,-21.887334863636365,1.5924840141135093,4.88138,0.0563280000000006,357.41900000000004,6.142000000000005,12.03,1.0,1.0,6.0,3.0,26.0,0.2727272727272727,0.06900768683400234,0.07086532976798338,0.005347163685041885,0.05878354802747356,0.07850126085427038
CHEMBL1201319,C[C@H](N)[C@H](O)c1cccc(O)c1,1,5.376215,-15.237781,0.274253,0.059413,0.958,0.6,-9.527901,0.0,0,20,-9.527901,-8.55111365,0.7847844099710493,3.296024,0.0414860000000008,167.20799999999997,0.7728000000000002,66.48,3.0,3.0,2.0,1.0,12.0,0.3333333333333333,0.026722570456225028,0.02164911233284477,0.008732762160163783,0.006646019841680318,0.03964448548288247
CHEMBL1201323,NCCc1cc[nH]n1,1,5.489545,-10.13756,2.286366,-0.255265,0.001,0.0,-2.616914,0.0,0,40,-2.616914,0.31536025,1.4102223775892853,5.985631,0.5062799999999998,111.14799999999998,-0.08910000000000035,54.7,2.0,2.0,2.0,1.0,8.0,0.4,0.017586408075107564,0.013998122987171163,0.008083764467062653,0.002556885854567594,0.03260396833716182
CHEMBL1201338,CN(C)CCOC(=O)C(c1ccccc1)C1(O)CCCC1,1,5.203862,-23.027683,7.501432,-3.112661,2.643,1.39,-13.435051,0.0,0,40,-13.435051,-2.98176085,8.876740758222478,22.294243,1.0580369999999988,291.39100000000013,2.1801000000000004,49.769999999999996,1.0,4.0,6.0,2.0,21.0,0.5882352941176471,0.026781064158717626,0.02860832039642096,0.008926723233525053,0.011626408239870833,0.04503803300801306
CHEMBL1201356,CC[C@@H](CO)NC(=O)[C@@H]1C=C2c3cccc4[nH]cc(c34)C[C@H]2N(C)C1,1,6.758757,-26.874941,3.476241,-1.634391,2.787,1.5,-18.274336,0.0,0,16,-18.274336,-11.2277345625,5.982408342601074,23.333621,0.04226300000000194,339.4390000000002,1.9247,68.36,3.0,3.0,4.0,4.0,25.0,0.45,0.04735482629265574,0.041783991106448454,0.008498138621375013,0.023761903901822937,0.05625903851084179
CHEMBL1201754,NC(=O)c1cn(Cc2c(F)cccc2F)nn1,1,-2.50114,-20.788717,4.015708,-1.167381,1.346,1.28,-20.441532,0.0,0,40,-20.441532,-17.529112875000003,0.9879519495673913,4.143502999999999,0.6793060000000004,238.197,0.7035000000000001,73.80000000000001,1.0,3.0,3.0,2.0,17.0,0.1,0.047754487895160604,0.05011081067002493,0.00781539661105693,0.0327178619536689,0.06300371513574342
CHEMBL1208,CCn1nc(C(=O)O)c(=O)c2cc3c(cc21)OCO3,1,-22.041054,-23.394602,35.535618,-2.362445,5.5,3.09,-12.262481,0.0,0,20,-12.262481,-9.08877175,2.293201551501901,5.929377,0.061662000000000106,262.22099999999995,0.8432999999999997,90.65,1.0,5.0,2.0,3.0,19.0,0.25,0.033631766801561325,0.02624640109842623,0.008898396334535765,0.009814898637962702,0.043070961374439026
CHEMBL1240977,CN1CCCN=C1/C=C/c1cccc(O)c1,1,6.530415,-22.26091,4.592745,-2.25614,3.276,2.33,-13.393891,0.0,0,40,-13.393891,-10.065005925,1.752617490807954,6.214024,0.23783399999999943,216.28400000000002,2.1394,35.83,1.0,3.0,2.0,2.0,16.0,0.3076923076923077,0.03417886666631112,0.028520866146217308,0.008926316560405443,0.011557228291419013,0.04496548318855103
CHEMBL1256391,Cc1ccc(=O)n(-c2ccccc2)c1,1,-2.385976,-23.899736,6.201009,-3.757414,1.168,1.16,-23.842117,0.0,0,40,-23.842117,-19.732377274999997,1.948513320579051,7.132353999999999,0.15843399999999974,185.22600000000003,2.1459200000000003,22.0,0.0,1.0,1.0,2.0,14.0,0.08333333333333333,0.06570048043422906,0.06761173210646355,0.005754387990129409,0.05435723236320965,0.07570122740929794
CHEMBL1257030,O=C(O)c1nn(Cc2ccc(Cl)cc2Cl)c2ccccc12,1,-9.888484,-28.757038,23.124081,-4.714659,3.426,2.11,-20.236101,0.0,0,32,-20.236101,-13.090246937500002,3.9436573415521687,19.633884000000002,0.8148860000000013,321.16300000000007,4.089600000000002,55.12,1.0,2.0,3.0,3.0,21.0,0.06666666666666667,0.04972568918652339,0.049239489949119156,0.007898896012240806,0.03176579119492882,0.0622782948930757
CHEMBL126,CC(=O)NC[C@H]1CN(c2ccc(N3CCOCC3)c(F)c2)C(=O)O1,1,-3.29282,-29.676422,9.369682,-0.735005,4.555,1.61,-24.334564,0.0,0,25,-24.334564,-17.255077,2.9554817512793776,11.913541,1.132677000000001,337.35100000000006,1.1235999999999997,71.11,1.0,5.0,4.0,3.0,24.0,0.5,0.0724168197107224,0.07070532057186037,0.005366779294709612,0.05856821194577298,0.07834419891655094
CHEMBL589,CCCN(CCC)CCc1cccc2c1CC(=O)N2,1,7.033978,-27.569351,5.922115,-3.333813,4.519,1.16,-17.947071,0.0,0,20,-17.947071,-12.4682432,3.1344632713006715,10.614869000000002,1.2652,260.3809999999999,2.845700000000001,32.34,1.0,2.0,7.0,2.0,19.0,0.5625,0.03798418507833846,0.04067915396330325,0.008567505543118692,0.0226327876597114,0.05530135289957592
CHEMBL590,CC1=CC(=O)c2ccccc2C1=O,1,-0.650462,-21.258377,3.104029,-2.788136,0.0,0.0,-21.592947,0.0,0,20,-21.592947,-20.1704957,1.0108514086184501,3.1089379999999984,0.08260299999999887,172.18299999999996,2.0119000000000002,34.14,0.0,2.0,0.0,2.0,13.0,0.09090909090909091,0.06260354358269564,0.05535393299684692,0.007263142627023733,0.038645252576926144,0.06685664423838326
CHEMBL597452,Cc1cc(Nc2ccc(Br)cc2)n2nc(C)nc2n1,1,-0.026417,-27.695076,6.192604,-4.319757,3.757,2.28,-25.848646,0.0,0,40,-25.848646,-23.161735450000002,2.2469170616306857,14.847007999999999,0.797820999999999,318.17800000000005,3.2472400000000015,55.11,1.0,4.0,2.0,3.0,19.0,0.15384615384615385,0.08353765977563958,0.08128838565371135,0.004323465101538924,0.06998354117178399,0.08741345594491935
CHEMBL600,CC(=O)N[C@@H](CS)C(=O)O,1,-10.852997,-11.269692,19.250101,-0.802695,3.422,1.83,-3.675282,0.0,0,20,-3.675282,-2.01561795,1.1642917129200314,4.075737,0.1146910000000001,163.198,-0.4945,66.4,3.0,3.0,3.0,0.0,10.0,0.6,0.012583011780692432,0.014896758417833871,0.008186667140539568,0.0029519907840572274,0.03351609581928186
CHEMBL601,NCC(=O)CCC(=O)O,1,-3.028717,-8.079549,15.901848,-0.553262,6.361,1.65,4.24032,0.0,0,40,4.24032,6.9995855,2.021961407591179,9.082113,0.05832400000000071,131.131,-0.6210000000000004,80.39,2.0,3.0,4.0,0.0,9.0,0.6,0.011847313737667732,0.009712248262587533,0.00749245465733244,0.0010275044437073613,0.02976498392506304
CHEMBL607,CCOC(=O)C1(c2ccccc2)CCN(C)CC1,1,6.389144,-19.180229,4.884634,-3.57232,1.333,0.92,-11.478771,0.0,0,40,-11.478771,-7.012989350000001,4.180664294520433,13.596844,0.5746490000000009,247.33799999999994,2.2131,29.54,0.0,3.0,3.0,2.0,18.0,0.5333333333333333,0.021464730132061804,0.024807509758610194,0.008862837117478787,0.008770849393090066,0.04185838904020931
CHEMBL614,NC(=O)c1cnccn1,1,-1.348769,-17.290998,5.170094,1.250557,0.025,0.02,-12.219114,0.0,0,20,-12.219114,-11.131465649999999,0.5806201926859421,1.6781249999999996,0.08028899999999872,123.11499999999998,-0.4245000000000001,68.87,1.0,3.0,1.0,1.0,9.0,0.0,0.02287543488686843,0.026163979977457084,0.008896742512713721,0.009753854863576186,0.043001714057122595
CHEMBL622,CCc1cccc2c3c([nH]c12)C(CC)(CC(=O)O)OCC3,1,-10.197075,-23.342407,22.859737,-3.970307,3.632,1.77,-14.650051,0.0,0,20,-14.650051,-12.490303149999999,0.5509598236554548,2.5727269999999987,1.7517219999999991,287.35900000000004,3.383000000000002,62.32000000000001,2.0,2.0,4.0,3.0,21.0,0.47058823529411764,0.029694803497117523,0.03135232604870622,0.0089155847678999,0.01388589849087314,0.04728341177254066
CHEMBL626,CN(C/C=C/c1ccccc1)Cc1cccc2ccccc12,1,3.753034,-32.655346,7.804605,-6.573537,2.191,1.22,-27.671246,0.0,0,80,-27.671246,-22.2003558125,6.401465101971517,20.600861000000002,0.15885199999999955,287.406,4.985000000000004,3.24,0.0,1.0,5.0,3.0,22.0,0.14285714285714285,0.10027741558506771,0.09647126884755164,0.0049801024729103725,0.0852242282345746,0.10499786590439564
CHEMBL628,CC(=O)CCCCn1c(=O)c2c(ncn2C)n(C)c1=O,1,-1.583373,-26.331495,7.296754,-3.412623,5.212,1.95,-24.030737,0.0,0,20,-24.030737,-20.529248250000002,3.2745089014936486,13.175674999999998,0.07254199999999855,278.31200000000007,0.19300000000000006,78.89,0.0,4.0,5.0,2.0,20.0,0.5384615384615384,0.07127548677835362,0.06877770741194282,0.005606815123816441,0.05594578432187743,0.07655673213763407
CHEMBL631,CCCNCC(O)COc1ccccc1C(=O)CCc1ccccc1,1,3.518139,-32.881168,8.462896,-4.79635,11.327,2.92,-25.696484,0.0,0,29,-25.696484,-15.419014413793107,4.581673016405708,17.083672,1.855791,341.4510000000001,3.2414000000000023,58.559999999999995,2.0,4.0,11.0,2.0,25.0,0.38095238095238093,0.08234154818538392,0.0801469289815018,0.004397819519770393,0.06852079241082788,0.08633161296437154
CHEMBL637,COc1ccc(C(CN(C)C)C2(O)CCCCC2)cc1,1,7.342939,-18.870674,3.122169,-2.834535,1.068,0.35,-11.240101,0.0,0,1,-11.240101,-11.240101,,,,277.4079999999999,3.0356000000000014,32.7,1.0,3.0,5.0,2.0,20.0,0.6470588235294118,0.03145334860107129,0.024389857710176918,0.008849812580675506,0.008476520659464361,0.04156771064312304
CHEMBL639,CN1CCCC(n2nc(Cc3ccc(Cl)cc3)c3ccccc3c2=O)CC1,1,8.183691,-29.203022,10.174201,-5.450109,3.501,2.16,-16.295238,0.0,0,6,-16.295238,-3.580263,8.55568869635802,22.33012,6.983325000000001,381.9070000000002,4.297500000000004,38.13,0.0,3.0,3.0,4.0,27.0,0.36363636363636365,0.043907833957610616,0.03562565571618887,0.00881184169388323,0.01771034023121915,0.050911231782403026
CHEMBL641,CNCC[C@@H](Oc1ccccc1C)c1ccccc1,1,6.937743,-23.432661,4.099972,-3.95079,4.092,2.64,-16.345737,0.0,0,37,-16.345737,-13.483472945945946,3.709240258908052,14.362195,0.0035319999999998686,255.361,3.7246200000000034,21.259999999999998,1.0,2.0,6.0,2.0,19.0,0.29411764705882354,0.03441878394443779,0.03576810927899948,0.00880668704826013,0.017843385290049252,0.05103058075814942
CHEMBL652,O=C(NCC1CCCCN1)c1cc(OCC(F)(F)F)ccc1OCC(F)(F)F,1,1.58642,-23.780291,8.743054,-3.416301,9.27,2.31,-16.867117,0.0,0,24,-16.867117,-11.991958875,4.123106223410423,16.309666,0.13888000000000034,414.34600000000006,3.4407000000000014,59.59,2.0,4.0,7.0,2.0,28.0,0.5882352941176471,0.04561256747649575,0.037281490882345725,0.008745525553618733,0.01927785468656356,0.052286110901993484
CHEMBL660,NC12CC3CC(CC(C3)C1)C2,1,7.753653,-11.926343,0.726306,-2.133922,0.0,0.0,-5.580306,0.0,0,20,-5.580306,-0.8915167499999997,4.9146046318459184,16.596477,0.030682000000000542,151.253,1.9139,26.02,1.0,1.0,0.0,4.0,11.0,1.0,0.013114478798632761,0.016730354679534678,0.008373820629444905,0.003831997816869206,0.03529015689393244
CHEMBL668,CNCCCC1c2ccccc2C=Cc2ccccc21,1,8.386467,-25.434229,4.464419,-4.613489,2.044,1.62,-17.196833,0.0,0,19,-17.196833,-14.602270631578948,5.281273781193629,15.077703000000001,0.020823000000000036,263.384,4.301900000000003,12.03,1.0,1.0,4.0,3.0,20.0,0.2631578947368421,0.038163993054836254,0.03828001143079771,0.008698918315538286,0.02024491192332475,0.05317115395997669
CHEMBL671,S=P(N1CC1)(N1CC1)N1CC1,1,-5.917546,-13.788459,7.937632,-1.319937,1.827,0.63,-13.08831,0.0,0,60,-13.08831,-7.15636105,1.9909123659554906,11.147812,1.0154479999999992,189.22399999999996,0.15770000000000017,9.03,0.0,1.0,3.0,3.0,11.0,1.0,0.024663844296410786,0.02788223712227611,0.008921873241238555,0.011056895542095766,0.04443499982932912
CHEMBL681,CCOC(=O)c1cncn1[C@H](C)c1ccccc1,1,-0.43161,-24.154161,3.241986,-3.851252,9.354,5.73,-25.195038,0.0,0,40,-25.195038,-23.353562450000002,1.4560664193313109,5.403233,0.06628200000000106,244.294,2.669100000000001,44.12,0.0,3.0,4.0,2.0,18.0,0.2857142857142857,0.07852698343345371,0.07651205561659022,0.004710632409646557,0.06507864745080091,0.08320185123610163
CHEMBL695,CN1C(=O)OC(C)(C)C1=O,1,-2.927361,-12.423503,2.652397,-0.870287,0.0,0.0,-13.568754,0.0,0,20,-13.568754,-11.507370400000001,1.451665389834992,4.892013,0.4604949999999999,143.142,0.37359999999999993,46.61,0.0,3.0,0.0,1.0,10.0,0.6666666666666666,0.034569775251741576,0.028894795679904637,0.008927718215123748,0.011854134160176012,0.045275251002456385
CHEMBL696,CCC1(C)CC(=O)NC1=O,1,-3.407424,-13.057539,3.122891,-0.397327,0.44,0.44,-13.739399,0.0,0,20,-13.739399,-10.17875605,1.8091164652033433,6.597346000000001,0.5699970000000008,141.17,0.4491999999999999,46.17,1.0,2.0,1.0,1.0,10.0,0.7142857142857143,0.02610465309059484,0.029265802965506457,0.008928244419139718,0.012151575288408949,0.04558148185269417
CHEMBL697,CN1C(=O)CC(C)(c2ccccc2)C1=O,1,-3.161761,-16.314653,3.531523,-2.809955,0.804,0.8,-18.754847,0.0,0,37,-18.754847,-15.62331110810811,0.9690380406151589,4.772252000000002,1.629443000000002,203.241,1.333,37.38,0.0,2.0,1.0,2.0,15.0,0.3333333333333333,0.04894926057656924,0.043474179802140925,0.008381742458566814,0.02552374727479956,0.057696769891511075
CHEMBL701,NCC(CC(=O)O)c1ccc(Cl)cc1,1,-8.761309,-18.363321,20.100771,-2.477964,4.83,1.51,-9.501823,0.0,0,20,-9.501823,-3.334856649999999,3.1200001497610335,10.555614,1.6226899999999995,213.664,1.857,63.32000000000001,2.0,2.0,4.0,1.0,14.0,0.3,0.020838589203369492,0.021610602172864635,0.008730714500729292,0.006621581132661417,0.03961160667843952
CHEMBL70418,CN1C(=O)CC(=O)N(c2ccccc2)c2cc(Cl)ccc21,1,-11.35938,-23.825598,20.740208,-3.21218,1.155,1.15,-17.65695,0.0,0,40,-17.65695,-14.4296519,2.587131341560376,8.370408999999999,0.030629999999998603,300.74500000000006,3.3712000000000018,40.620000000000005,0.0,2.0,1.0,3.0,21.0,0.125,0.03968874320073696,0.039729830596295215,0.00862271156803926,0.02167727397424657,0.054466672282193346
CHEMBL709,COc1cc2nc(N(C)CCCNC(=O)C3CCCO3)nc(N)c2cc1OC,1,2.182687,-21.635727,8.622468,-2.513791,3.692,1.0,-13.344364,0.0,0,2,-13.344364,-13.011029,0.47140687781363555,0.6666699999999999,0.6666699999999999,389.4560000000002,1.3507000000000002,111.83,2.0,8.0,8.0,3.0,28.0,0.5263157894736842,0.027856926340572314,0.028416089876680446,0.008925765654845718,0.011474555723473947,0.04487848147377341
CHEMBL70927,Cc1c(O)c(=O)ccn1C,1,-9.410696,-13.429902,7.431969,-0.756008,0.0,0.0,-16.164639,0.0,0,20,-16.164639,-11.491332750000002,1.8848843952259797,7.233797000000001,1.6690030000000018,139.154,0.39931999999999984,42.23,1.0,2.0,0.0,1.0,10.0,0.2857142857142857,0.04352793093952719,0.03526053941915088,0.008824571257386898,0.017370920952241933,0.050604125371598745
CHEMBL70972,CC1=C(C)C(=O)C(C(CCCCCC(=O)O)c2ccccc2)=C(C)C1=O,1,-5.510919,-32.598057,28.110537,-5.551695,6.47,1.59,-15.550133,0.0,0,10,-15.550133,-12.4169927,5.650382179504322,14.929772,0.048065000000001135,354.446,4.610000000000003,71.44,1.0,3.0,8.0,2.0,26.0,0.4090909090909091,0.03326197566568131,0.03360446963596977,0.008873428345243404,0.015860518387206583,0.049188680960440545
CHEMBL715,Cc1cc2c(s1)Nc1ccccc1N=C2N1CCN(C)CC1,1,-0.257231,-27.939497,3.063399,-2.959908,2.347,2.34,-28.093237,0.0,0,72,-28.093237,-9.251517777777776,20.17529258765954,44.36377,0.08159799999999962,312.4420000000001,3.4392200000000033,30.870000000000005,1.0,5.0,0.0,4.0,22.0,0.35294117647058826,0.09647562269877534,0.10041491781269288,0.005652947736058302,0.08814187759665383,0.11008153788035376
CHEMBL73451,c1ccc2c(c1)Sc1ccccc1N2CC1CN2CCC1CC2,1,3.997695,-24.759909,14.430802,-4.906024,1.372,1.02,-11.237436,0.0,0,2,-11.237436,-11.155133,0.11639401882399349,0.16460600000000092,0.16460600000000092,322.47700000000015,4.631100000000005,6.48,0.0,3.0,2.0,6.0,23.0,0.4,0.02233722932275259,0.024385246388122974,0.008849661863044906,0.008473293168738814,0.04156450066921613
CHEMBL744,Nc1nc2ccc(OC(F)(F)F)cc2s1,1,-2.317401,-22.077854,2.137862,-1.233032,5.066,2.93,-23.490427,0.0,0,20,-23.490427,-21.16373215,1.1705841573399998,4.091858000000002,0.3360820000000011,234.20199999999994,2.7771,48.14,1.0,4.0,1.0,2.0,15.0,0.125,0.0635476446942529,0.06549869599894612,0.006023770161827706,0.05151288148137416,0.07424035382682566
CHEMBL750,NS(=O)(=O)Cc1noc2ccccc12,1,-1.958982,-20.618273,7.02167,-0.629894,2.134,1.35,-16.185478,0.0,0,20,-16.185478,-14.056712899999999,1.0228892312131252,3.3782440000000005,0.05785900000000055,212.23000000000002,0.6163,86.19000000000001,1.0,4.0,2.0,2.0,14.0,0.125,0.035056035826184835,0.03531848255663277,0.008822597593043923,0.017424633468754072,0.05065297924460523
CHEMBL753,CC(COc1ccccc1)N(CCCl)Cc1ccccc1,1,-0.455599,-29.733809,2.180018,-4.641358,7.419,2.07,-32.650749,0.0,0,18,-32.650749,-25.34073588888889,4.954208151198284,15.109675999999997,2.2380979999999973,303.83299999999997,4.194900000000003,12.47,0.0,2.0,8.0,2.0,21.0,0.3333333333333333,0.1589960229507903,0.15523095573568124,0.022811991883070263,0.11719137502679787,0.19875017472273088
CHEMBL770,c1ccc(CC2=NCCN2)cc1,1,7.238184,-17.429373,4.061547,-2.44044,0.098,0.09,-8.570082,0.0,0,40,-8.570082,-5.1010655499999995,1.900678851439663,7.178325999999999,0.3284899999999986,160.22000000000003,1.2308,24.39,1.0,2.0,2.0,2.0,12.0,0.3,0.02517881501013483,0.02029262005806018,0.008653626807594274,0.005807348673619172,0.038483001755465596
CHEMBL777,O=C(O)[C@H]1/C(=C/CO)O[C@@H]2CC(=O)N21,1,-12.386236,-12.608578,18.278316,1.107016,1.327,0.77,-5.609481,0.0,0,20,-5.609481,-1.5359233499999998,2.026603692915428,7.798158,1.4566849999999993,199.16199999999998,-1.0956,87.07000000000001,2.0,4.0,2.0,2.0,14.0,0.5,0.014470791679598208,0.01676081685639737,0.008376675416023804,0.0038474303008149196,0.035318765453220206
CHEMBL77921,Cc1cccc(C(C)c2c[nH]cn2)c1C,1,-3.830015,-17.654411,3.179023,-3.129446,1.684,0.93,-21.434849,0.0,0,40,-21.434849,-18.12918095,1.577925086619799,8.131543,0.3937279999999994,200.28500000000003,3.1783400000000013,28.68,1.0,1.0,2.0,2.0,15.0,0.3076923076923077,0.0553935214940021,0.05459623725231527,0.0073477860530671195,0.03776885403164373,0.06629662095442732
CHEMBL781,OC1(c2ccc(Cl)cc2)c2ccccc2C2=NCCN21,1,-1.796032,-24.009399,3.725269,-1.832317,0.754,0.75,-23.912479,0.0,0,26,-23.912479,-20.4442165,2.9552298559013,10.2299,0.27400400000000147,284.74600000000004,2.6092000000000004,35.830000000000005,1.0,3.0,1.0,4.0,20.0,0.1875,0.07066107322461956,0.0680439722095248,0.005699536792068449,0.05494457046587876,0.07599708045475778
CHEMBL797,CN1C(=O)CC(c2ccccc2)C1=O,1,0.008605,-21.260838,4.016388,-2.519237,0.377,0.37,-19.755081,0.0,0,40,-19.755081,-15.85940545,2.0609757978130223,6.420471000000001,0.15622899999999973,189.214,1.1588999999999998,37.38,0.0,2.0,1.0,2.0,14.0,0.2727272727272727,0.04764355086548782,0.04727019760150956,0.008077887775321238,0.029625332485659222,0.06076459397755264
CHEMBL799,O=C1CCc2cc(OCCCCc3nnnn3C3CCCCC3)ccc2N1,1,-3.248182,-30.367123,6.480993,-3.135351,10.025,2.09,-30.269661,0.0,0,29,-30.269661,-20.874448310344828,5.39183077106625,24.054965,1.5612829999999995,369.4690000000002,3.4647000000000014,81.93,1.0,5.0,7.0,4.0,27.0,0.6,0.11197951477946329,0.12364743051106801,0.01178428148043309,0.10206913829723874,0.1463302060932014
CHEMBL802,Nc1cc(N2CCCCC2)nc(N)[n+]1[O-],1,-6.296809,-21.058569,6.745678,-1.520871,1.195,1.19,-22.130571,0.0,0,40,-22.130571,-16.193122449999997,2.6834155255552146,11.341992,1.5614869999999996,209.25300000000001,-0.13029999999999975,95.11,2.0,5.0,1.0,2.0,15.0,0.5555555555555556,0.05590328740969969,0.05802628977066422,0.006953510759073692,0.041834351914642826,0.06886428560776484
CHEMBL806,CC(C)C(=O)Nc1ccc([N+](=O)[O-])c(C(F)(F)F)c1,1,-0.100378,-27.255426,4.736047,-3.080949,2.674,1.43,-25.700706,0.0,0,20,-25.700706,-23.237381250000002,1.6556902169066872,5.848728000000001,0.6002420000000015,276.21399999999994,3.2081000000000017,72.24,1.0,3.0,3.0,1.0,19.0,0.36363636363636365,0.08062674996079755,0.08017835499458323,0.004395599589559248,0.06855543889559576,0.08636143310825467
CHEMBL810,Cn1nnc2c(C(N)=O)ncn2c1=O,1,-2.031799,-24.935818,5.650749,0.476258,2.408,2.4,-20.840611,0.0,0,20,-20.840611,-20.5218848,0.2571478219379502,1.2766610000000007,0.11290799999999734,194.154,-2.078099999999999,108.17000000000002,1.0,5.0,1.0,2.0,14.0,0.16666666666666666,0.056639107847132136,0.051857428649120435,0.007640533992736777,0.03465520881736535,0.06433259590157157
CHEMBL814,COCCCC/C(=N\OCCN)c1ccc(C(F)(F)F)cc1,1,4.178855,-24.349152,6.551566,-2.680645,7.601,1.59,-16.299374,0.0,0,20,-16.299374,-15.3196023,1.729902659743578,7.388666000000001,0.2850570000000019,318.339,3.201500000000001,56.84,1.0,4.0,9.0,1.0,22.0,0.5333333333333333,0.04391992167206404,0.03563729620435559,0.00881142443329746,0.01772119894863939,0.050920994174605376
CHEMBL830,NCCCC(N)(C(=O)O)C(F)F,1,-2.069136,-9.639509,12.943157,-0.182774,4.175,2.68,1.051738,0.0,0,40,1.051738,5.415602825000001,2.813691348204629,14.072949,0.482046,182.17,-0.22749999999999942,89.34,3.0,3.0,5.0,0.0,12.0,0.8333333333333334,0.014207408869330479,0.011420832097368525,0.007747463413466378,0.0015638459918177134,0.03086028443389758
CHEMBL83063,CC(NCCc1ccc(O)cc1)C(O)c1ccc(O)cc1,1,7.127363,-26.329504,5.375313,-0.189991,5.059,2.12,-14.016819,0.0,0,20,-14.016819,-13.469827500000003,0.3796239014420097,1.4394240000000007,0.11975200000000008,287.35900000000004,2.3520000000000003,72.72,4.0,4.0,6.0,2.0,21.0,0.29411764705882354,0.028131314885839604,0.029882104736656926,0.008927239528362416,0.012651897868203433,0.04608774598061771
CHEMBL833,Clc1ccccc1CN1CCc2sccc2C1,1,0.290866,-25.88364,1.180388,-3.424581,1.486,0.78,-27.836967,0.0,0,134,-27.836967,-17.379832186567164,5.584758708366489,24.020626,0.36298299999999983,263.793,3.959800000000002,3.24,0.0,2.0,2.0,3.0,17.0,0.2857142857142857,0.10191814794062554,0.09799962970044,0.005220958075563453,0.08633306834899938,0.1069683865769529
CHEMBL836,CCOc1ccccc1OCCN[C@H](C)Cc1ccc(OC)c(S(N)(=O)=O)c1,1,10.278892,-32.678913,11.045889,-1.623442,10.435,2.42,-12.977574,0.0,0,2,-12.977574,-8.0904465,6.911441991546518,9.774255,9.774255,408.5200000000001,2.3409000000000004,99.88,2.0,6.0,11.0,2.0,28.0,0.4,0.025773729002947197,0.027655369694631674,0.008919665089196335,0.01088122450072294,0.04424699577871727
CHEMBL844,Brc1c(NC2=NCCN2)ccc2nccnc12,1,7.803943,-25.674982,5.077624,-1.760401,3.514,2.32,-14.553818,0.0,0,40,-14.553818,-10.7246196,3.6443055765499013,11.82214,0.03402299999999947,292.14000000000004,1.7633999999999999,62.2,2.0,5.0,1.0,3.0,17.0,0.18181818181818182,0.03911507372830527,0.03112303622651681,0.008918246268218005,0.013690185388324951,0.04709804358986606
CHEMBL847,CC(C)NCC1CCc2cc(CO)c([N+](=O)[O-])cc2N1,1,5.899914,-25.00024,4.095384,-1.633022,2.244,1.16,-16.637966,0.0,0,20,-16.637966,-15.981514050000001,0.6308476832704817,2.0851679999999995,0.012696999999999292,279.34,1.8117999999999996,87.42999999999999,3.0,5.0,5.0,2.0,20.0,0.5714285714285714,0.03374957403815489,0.03660665459977731,0.008774230657929746,0.018633493702973014,0.05172797045621166
CHEMBL85,Cc1nc2n(c(=O)c1CCN1CCC(c3noc4cc(F)ccc34)CC1)CCCC2,1,7.373591,-27.397179,6.246994,-4.983957,4.282,1.59,-18.760551,0.0,0,1,-18.760551,-18.760551,,,,410.4930000000003,3.5904200000000026,64.16,0.0,5.0,4.0,5.0,30.0,0.5217391304347826,0.05176421289989122,0.04349474431306368,0.008380251802920027,0.02554543503754603,0.05771406568009217
CHEMBL856,CCC1(c2ccccc2)C(=O)NCNC1=O,1,-0.861635,-19.4625,4.741501,-1.36086,0.782,0.4,-16.943493,0.0,0,26,-16.943493,-13.5316255,1.602300976049138,6.259462000000001,0.07772999999999897,218.25599999999994,0.5378999999999999,58.2,2.0,2.0,2.0,2.0,16.0,0.3333333333333333,0.04584540426022757,0.0375098667002003,0.008735297365561943,0.019497610363012906,0.05247452009345229
CHEMBL857,O=C(O)CCCC[C@@H]1SC[C@@H]2NC(=O)N[C@@H]21,1,-23.417572,-17.022736,32.428864,-1.26652,3.347,1.59,-9.277964,0.0,0,20,-9.277964,-1.9306598499999996,2.857124633183017,12.998999000000001,2.981134000000001,244.31600000000003,0.7968000000000001,78.43,3.0,3.0,5.0,2.0,16.0,0.8,0.019110557634959422,0.021283745423815406,0.008712871325909442,0.006415624264373202,0.039331540385210154
CHEMBL858,O=C(O)CN(CCN(CC(=O)O)CC(=O)O)CC(=O)O,1,-33.783817,-18.316612,94.923691,-2.349475,12.375,2.36,40.473785,0.0,0,76,40.473785,65.27327178947371,17.748176983066127,59.390983999999996,0.11143899999999718,292.244,-2.0711999999999957,155.68,4.0,6.0,11.0,0.0,20.0,0.6,0.0015797769774301097,0.0032597388484241676,0.006759758881372762,1.1222778015394102e-05,0.02378764001567513
CHEMBL861,CCC1(c2ccccc2)NC(=O)N(C)C1=O,1,-0.243028,-22.666729,3.676695,-2.444131,0.847,0.65,-21.677195,0.0,0,40,-21.677195,-16.980809725,2.5313683883978335,12.436018,0.24612300000000076,218.25599999999994,1.4735000000000003,49.410000000000004,1.0,2.0,2.0,2.0,16.0,0.3333333333333333,0.056628141884430085,0.055762836936542895,0.0072168547446987445,0.03911795304551274,0.06716714720508984
CHEMBL862,N=C(N)NC(=O)Cc1c(Cl)cccc1Cl,1,7.800329,-21.415277,0.902534,-2.71977,3.802,2.57,-15.432184,0.0,0,20,-15.432184,-11.573095050000001,3.501011946024966,7.9665859999999995,0.07405299999999926,246.097,1.5455700000000003,78.97,3.0,2.0,2.0,1.0,15.0,0.1111111111111111,0.04145999924564458,0.03329791603514904,0.008880841743093055,0.015586266844849416,0.04892249225081581
CHEMBL86304,O=C(NCCN1CCOCC1)c1ccc(Cl)cc1,1,-0.86811,-26.220619,3.337791,-1.626162,4.154,1.62,-25.377098,0.0,0,40,-25.377098,-22.39613085,3.0549286988438995,11.480305,0.002392000000000394,268.74399999999997,1.4020000000000006,41.57000000000001,1.0,3.0,4.0,2.0,18.0,0.46153846153846156,0.08075322344593981,0.07780963353959393,0.004587319833345773,0.0663314151531832,0.08424648731651459
CHEMBL865,Cc1onc(-c2ccccc2)c1-c1ccc(S(N)(=O)=O)cc1,1,-5.697392,-25.475113,5.822767,-1.36059,2.282,1.98,-26.710327,0.0,0,42,-26.710327,-24.028116666666666,2.307773843751568,8.302685,0.4717009999999995,314.36600000000004,2.9644200000000005,86.19,1.0,4.0,3.0,3.0,22.0,0.0625,0.0912718730236321,0.08810768155159121,0.004209723913556504,0.0785201892992011,0.09511790169264045
CHEMBL877,NC[C@H]1CC[C@H](C(=O)O)CC1,1,-14.161881,-12.622437,30.089336,-1.770761,1.21,0.86,1.534257,0.0,0,20,1.534257,4.84061055,3.4779798636974295,12.2081,0.6938030000000002,157.21299999999997,0.8361000000000001,63.32000000000001,2.0,2.0,2.0,1.0,11.0,0.875,0.00745865928704614,0.01113452039815924,0.007706412821271979,0.0014669398908969803,0.030678453498720032
CHEMBL878,Cc1ccccc1N1C(=O)c2cc(S(N)(=O)=O)c(Cl)cc2NC1C,1,-0.916611,-19.737305,7.36545,-1.606007,1.177,1.15,-14.894473,0.0,0,2,-14.894473,-14.013309,1.246154079474926,1.7623280000000001,1.7623280000000001,365.8420000000001,2.714120000000001,92.5,2.0,4.0,2.0,3.0,24.0,0.1875,0.030325907096180132,0.03194444556614599,0.008907296603447799,0.014395925416259567,0.047760250678041315
CHEMBL887,C#CCN[C@@H]1CCc2ccccc21,1,5.587984,-14.369464,2.927489,-2.704091,1.324,1.31,-8.558082,0.0,0,20,-8.558082,-6.556406900000001,1.0544752820163512,3.216405000000001,0.1999019999999998,171.243,1.8967,12.03,1.0,1.0,2.0,2.0,13.0,0.3333333333333333,0.02516013703933141,0.020276356635904536,0.008652589365696857,0.005797573608055649,0.038469034432979096
CHEMBL89598,C=CC(N)CCC(=O)O,1,-3.015119,-10.353436,13.866971,-1.396319,5.045,1.59,-0.897902,0.0,0,20,-0.897902,3.5421813,1.8510548690761823,7.6586430000000005,1.8557649999999999,129.159,0.36450000000000005,63.32000000000001,2.0,2.0,4.0,0.0,9.0,0.5,0.01590309248039579,0.012695540246570736,0.007921383342504347,0.0020283514470100295,0.031663798369296704
CHEMBL897,CCCN(CCC)S(=O)(=O)c1ccc(C(=O)O)cc1,1,-11.55156,-23.447872,25.333952,-2.049003,8.503,2.34,-11.714483,0.0,0,20,-11.714483,-9.2361803,1.782805144491801,5.352164999999999,0.010149000000000186,285.36499999999995,2.1955,74.68,1.0,3.0,7.0,1.0,19.0,0.46153846153846156,0.02322096202086092,0.025229216461440055,0.008874741833598699,0.009072046256713437,0.04221283449687831
CHEMBL898,O=C(O)c1cc(-c2ccc(F)cc2F)ccc1O,1,-11.034661,-20.273647,18.843178,-3.429924,0.5,0.47,-15.895054,0.0,0,40,-15.895054,-14.706629275000001,1.1993767523377317,6.008552999999999,0.00400699999999965,250.19999999999996,3.035600000000001,57.53,2.0,2.0,2.0,2.0,18.0,0.0,0.04030261523955865,0.03452163136796052,0.008848186562285407,0.016691057303834626,0.04997720401851149
CHEMBL911,Cc1ccc(-c2nc3ccc(C)cn3c2CC(=O)N(C)C)cc1,1,-1.881042,-28.042414,6.874367,-4.25333,0.983,0.57,-27.30242,0.0,0,22,-27.30242,-23.4889065,2.8934702696118535,13.095928,0.9911220000000007,307.39700000000005,3.2488400000000013,37.61000000000001,0.0,2.0,3.0,3.0,23.0,0.2631578947368421,0.09189018350111182,0.09316215078876286,0.004557428617751623,0.0833531432556744,0.1008613006291526
CHEMBL918,NC(=O)NC(=O)Cc1ccccc1,1,-4.622658,-19.145561,7.606529,-1.36281,3.907,1.64,-17.5245,0.0,0,20,-17.5245,-14.737525700000003,0.93434243330884,3.6861370000000004,1.2448039999999985,178.191,0.42399999999999954,72.19,2.0,2.0,2.0,1.0,13.0,0.1111111111111111,0.04765759827559316,0.03930558329282459,0.008646037992214606,0.02125473157308378,0.054090026439971364
CHEMBL926,CC(CCc1ccc(O)cc1)NCCc1ccc(O)c(O)c1,1,1.937802,-26.545412,6.892795,-0.830105,6.013,1.62,-18.544922,0.0,0,40,-18.544922,-13.404062475,2.354527940822196,10.08479,0.4963279999999983,301.386,2.956800000000002,72.72,4.0,4.0,7.0,2.0,22.0,0.3333333333333333,0.04010894811964337,0.04272559790266714,0.008434797411313592,0.024738362024562973,0.05706398436424267
CHEMBL9298,N#Cc1ccc(C2CCCc3cncn32)cc1,1,-2.396263,-23.517057,4.420979,-4.020607,0.19,0.19,-25.512949,0.0,0,46,-25.512949,-15.556808739130432,7.190276617988254,21.667656,0.5392130000000002,223.279,2.680480000000001,41.61,0.0,2.0,1.0,3.0,17.0,0.2857142857142857,0.08092294359750359,0.07879420958055312,0.004501914440321195,0.0672157425334561,0.08504610311545381
CHEMBL93,CC(c1cc2ccccc2s1)N(O)C(N)=O,1,-1.331843,-24.482367,3.941928,-1.241514,1.388,0.83,-23.113794,0.0,0,20,-23.113794,-21.654424400000003,0.858086932685077,3.136574999999997,0.03986699999999743,236.29599999999996,2.7321999999999997,66.56,2.0,3.0,2.0,2.0,16.0,0.18181818181818182,0.06435562332502687,0.06332097621815665,0.006300864380908276,0.048629490743899446,0.07270846325668802
CHEMBL93077,O=C(C[S+]([O-])C(c1ccccc1)c1ccccc1)NO,1,-7.316093,-25.585659,7.922443,-0.628058,1.34,0.77,-25.607367,0.0,0,40,-25.607367,-19.206404875,1.8765553326040445,9.571428999999998,1.7730350000000001,289.356,2.0301,72.39,2.0,3.0,5.0,2.0,20.0,0.13333333333333333,0.08194401716496569,0.07948684171477606,0.004446579632952172,0.06784275855108746,0.0857047904776145
CHEMBL934,CC(C)(C(=O)c1cccnc1)c1cccnc1,1,-2.346891,-23.639366,4.22021,-1.646494,3.471,1.87,-23.412542,0.0,0,40,-23.412542,-20.256204325,1.4545480186182669,6.545987999999998,0.8378389999999989,226.279,2.637100000000001,42.85,0.0,3.0,3.0,2.0,17.0,0.21428571428571427,0.06644047633774318,0.0650412453696827,0.006082136591368056,0.05090309203433356,0.0739208262899116
CHEMBL940,NCC1(CC(=O)O)CCCCC1,1,-1.132753,-12.665145,10.937729,-1.727688,3.658,1.85,-4.587858,0.0,0,20,-4.587858,2.4011668,5.607701273193131,19.012191,0.5250469999999998,171.23999999999992,1.3702999999999994,63.32000000000001,2.0,2.0,3.0,1.0,12.0,0.8888888888888888,0.01976721340223711,0.01573818035564634,0.008276316751954952,0.0033437440407669277,0.03434351260981577
CHEMBL945,N=C(N)NC(=O)c1nc(Cl)c(N)nc1N,1,-1.04646,-22.824253,3.419974,0.58893,0.038,0.03,-19.861809,0.0,0,80,-19.861809,-14.9516551625,2.4963147883993875,9.641248000000001,0.09188900000000189,229.63099999999997,-1.0823299999999998,156.79,5.0,6.0,1.0,1.0,15.0,0.0,0.05573017162963866,0.047698745539938976,0.008040119300944146,0.030100397741372742,0.06108118217057087
CHEMBL956,CC(C(=O)O)c1ccc(C(=O)c2cccs2)cc1,1,-9.130889,-23.436172,16.277761,-3.812373,5.098,2.39,-20.101673,0.0,0,40,-20.101673,-17.166127725000003,1.7577243225533667,5.496197000000002,0.11003100000000288,260.31399999999996,3.167200000000001,54.37,1.0,3.0,4.0,2.0,18.0,0.14285714285714285,0.04913323534442762,0.04867926254354333,0.007951213275292131,0.031158777305945667,0.06180845977636755
CHEMBL95889,C[N+](C)(C)CC(=O)O,1,-5.359847,-9.998455,12.745476,-2.422048,1.791,1.78,-5.034873,0.0,0,20,-5.034873,-1.1472964500000002,1.6420022927285574,7.010718000000001,0.5328059999999999,118.15599999999998,-0.22280000000000016,37.3,1.0,1.0,2.0,0.0,8.0,0.8,0.01254564625292637,0.016174677771418334,0.008320298019988267,0.0035550851136734417,0.034763622011099074
CHEMBL19,CC(=O)/N=c1/sc(S(N)(=O)=O)nn1C,1,-20.671734,-19.248455,18.71706,2.103687,4.828,3.58,-19.099442,0.0,0,80,-19.099442,-11.994795550000001,2.542926947997946,12.651895,0.15645999999999916,236.278,-1.4237999999999997,107.41,1.0,5.0,1.0,1.0,14.0,0.4,0.044968771536833374,0.04473828743691766,0.008286880974419849,0.026867882990377578,0.05875143298330362
CHEMBL1902981,CCc1ccc(C(=O)C(C)CN2CCCCC2)cc1,1,4.854538,-23.338829,5.792714,-4.216528,4.549,1.51,-16.908104,0.0,0,31,-16.908104,-9.502157580645163,6.536265556333151,24.168109,0.373541000000003,259.3929999999999,3.5537000000000027,20.310000000000002,0.0,2.0,5.0,2.0,19.0,0.5882352941176471,0.04314325702767066,0.037403831431539615,0.00874007841489729,0.019395471652932327,0.05238669502186836
CHEMBL1909285,Cc1nc([N+](=O)[O-])cn1-c1ccc([N+](=O)[O-])cc1,1,-3.955629,-25.719048,6.31168,-4.380287,1.143,1.07,-27.743284,0.0,0,39,-27.743284,-22.722653282051283,2.645903907924612,9.171184,0.1717759999999977,248.198,1.9971199999999998,104.1,0.0,5.0,3.0,2.0,18.0,0.1,0.09537733093514172,0.09713243598949103,0.005081001277330739,0.0857051380749036,0.1058503585970149
CHEMBL19224,COc1ccc(Cc2nccc3cc(OC)c(OC)cc23)cc1OC,1,0.213434,-20.357374,5.600314,-3.058897,3.791,0.8,-17.602524,0.0,0,6,-17.602524,-16.58029516666667,1.0079551756885652,2.7127989999999986,0.05147399999999891,339.3910000000001,3.860000000000003,49.81,0.0,5.0,6.0,3.0,25.0,0.25,0.04522642064508043,0.039554814628600256,0.008632436208077408,0.021502623626458765,0.05431156907133085
CHEMBL19236,COc1nc(C)nc(Cl)c1NC1=NCCN1,1,-0.361099,-25.089645,3.757917,-0.602522,5.015,3.64,-22.295349,0.0,0,160,-22.295349,-12.393415162499998,5.425839048565993,19.347779000000003,0.9049570000000031,241.68200000000002,0.8181199999999997,71.43,2.0,6.0,2.0,2.0,16.0,0.4444444444444444,0.0656323604450658,0.05887593438247971,0.006851827979008516,0.04290340690292989,0.06949262653897055
CHEMBL19299,CC(C(=O)O)c1ccc(CC2CCCC2=O)cc1,1,-19.449108,-19.706385,34.139282,-3.401338,2.516,1.61,-8.417551,0.0,0,39,-8.417551,-1.3644241025641026,3.9823887501947985,16.132525,0.7290789999999996,246.30599999999993,2.7864000000000013,54.37,1.0,2.0,4.0,2.0,18.0,0.4666666666666667,0.01657020675867064,0.02008719300014688,0.008640365961731919,0.005684371738311201,0.038306216645014504
CHEMBL193,COC(=O)C1=C(C)NC(C)=C(C(=O)OC)C1c1ccccc1[N+](=O)[O-],1,-1.089397,-31.652016,6.678992,-4.557411,5.513,2.4,-30.619833,0.0,0,1,-30.619833,-30.619833,,,,346.33900000000006,2.1756,107.77000000000001,1.0,7.0,4.0,2.0,25.0,0.29411764705882354,0.13368191539818852,0.1278704956544184,0.013133050825229305,0.10443379584180534,0.15301098302467586
CHEMBL193240,O=C(Nc1c(Cl)cncc1Cl)c1ccc(OC(F)F)c(OCC2CC2)c1,1,-0.021122,-30.812183,4.309212,-3.711245,9.933,2.33,-30.235338,0.0,0,20,-30.235338,-28.334335699999997,1.3793980046041097,4.948468999999999,0.3338949999999983,403.21200000000016,5.030900000000003,60.45,1.0,4.0,7.0,3.0,26.0,0.29411764705882354,0.12108808460276473,0.1232410553663662,0.011657203030404966,0.1018219757240112,0.14569449559879738
CHEMBL19449,CC(C)C(=O)c1c(C(C)C)nn2ccccc12,1,-1.795856,-17.820177,3.900473,-3.151788,3.729,2.4,-18.86735,0.0,0,20,-18.86735,-18.30351435,0.32094019660108714,1.3898719999999969,0.21096299999999957,230.311,3.296400000000002,34.370000000000005,0.0,2.0,3.0,2.0,17.0,0.42857142857142855,0.04130852353577811,0.043882002541785516,0.008351853325574735,0.025954956177458896,0.0580389056160506
CHEMBL19490,Cc1cc(CC(=O)O)n(C)c1C(=O)c1ccc(Cl)cc1,1,-10.908524,-24.079006,20.23284,-3.987146,6.271,2.33,-18.741837,0.0,0,40,-18.741837,-11.1841794,5.096812858055375,17.952443,0.5774770000000018,291.73400000000004,2.8450200000000017,59.3,1.0,2.0,4.0,2.0,20.0,0.2,0.04358510155469417,0.04342731985820883,0.008385132607030658,0.025474350093423883,0.05765734095235572
CHEMBL1964748,O=C(N/N=C/c1c[nH]c2ccccc12)C1COc2ccccc2O1,1,-0.80934,-34.412041,10.123547,-3.303073,4.136,3.16,-28.400909,0.0,0,20,-28.400909,-23.744413650000002,3.3183960978599485,13.939922,0.12983699999999843,321.336,2.458,75.71000000000001,2.0,4.0,3.0,4.0,24.0,0.1111111111111111,0.10651957764911302,0.10339955188190253,0.006262231283604452,0.08971753053726989,0.11392769322309
CHEMBL1979558,O=C1/C(=N/c2ccc(O)cc2)C(Cl)=C(O)c2ccccc21,1,-1.408117,-28.035463,4.197393,-2.813926,3.804,2.26,-28.060112,0.0,0,28,-28.060112,-25.40385217857143,3.2778858302983225,11.834164000000001,0.6903800000000011,299.713,3.8266000000000018,69.89,2.0,4.0,1.0,3.0,21.0,0.0,0.10311298830162563,0.10009913958676421,0.005593148818429308,0.08795430091192614,0.1096745887636546
CHEMBL198362,O=C(NC[C@H]1CN(c2ccc(N3CCOCC3=O)cc2)C(=O)O1)c1ccc(Cl)s1,1,-1.537009,-30.975365,10.510491,-2.885981,5.283,2.39,-24.887865,0.0,0,6,-24.887865,-11.788407333333334,13.657638954162916,28.321892000000002,0.07539000000000229,435.8890000000001,2.5199000000000007,88.18,1.0,6.0,5.0,4.0,29.0,0.3157894736842105,0.07591351153381189,0.07437842924426602,0.004935332151456925,0.062723222629209,0.08149199822966087
CHEMBL20,CC(=O)Nc1nnc(S(N)(=O)=O)s1,1,-10.425311,-19.797489,16.76123,3.276434,4.616,3.16,-10.185137,0.0,0,60,-10.185137,2.8362636999999995,7.956562869960094,22.672207,0.11965899999999863,222.251,-0.8561000000000003,115.03999999999999,2.0,6.0,2.0,1.0,13.0,0.25,0.020528277551334982,0.02265051670758987,0.008782020414640178,0.007294166275797551,0.040356154160306704
CHEMBL2006030,CCN(/N=C/c1ccc(Cl)cc1)c1cc(=O)n(C)c(=O)[nH]1,1,-2.181944,-26.514629,4.653026,-2.956551,7.82,3.21,-27.000099,0.0,0,40,-27.000099,-23.894192850000003,2.1196170398212115,10.122149999999998,0.8355539999999984,306.753,1.5874,70.46000000000001,1.0,4.0,4.0,2.0,21.0,0.21428571428571427,0.09320104313133239,0.09054246205539515,0.004329870115705767,0.08132541289299698,0.09786965973552572
CHEMBL2037345,COc1ccc(/C=N/Nc2nc3ccccc3[nH]2)cc1OC,1,0.016156,-30.207766,6.447544,-3.61136,5.564,2.6,-27.355427,0.0,0,40,-27.355427,-24.44977,3.0373152222284934,15.330939999999998,0.11881699999999995,296.3300000000001,3.0261000000000013,71.53,2.0,5.0,5.0,3.0,22.0,0.125,0.09189348619845843,0.09362999773894011,0.004608379991283476,0.08364337495935409,0.10138863178560728
CHEMBL2088586,O=c1ccn2nc(Oc3ccc(F)cc3F)ccc2c1-c1c(F)cccc1F,1,-0.003993,-26.923937,8.723701,-4.437757,0.791,0.55,-22.641985,0.0,0,20,-22.641985,-21.83765295,0.5660857313286962,1.6156459999999981,0.03988499999999817,386.3040000000001,4.710200000000002,43.60000000000001,0.0,3.0,3.0,4.0,28.0,0.0,0.067181128061077,0.06071197870371805,0.006627629868920029,0.045241922077084246,0.07083601538241716
CHEMBL2103837,O=C(O)c1ccc2nc(-c3cc(Cl)cc(Cl)c3)oc2c1,1,-11.269257,-27.210905,23.029186,-3.027955,0.034,0.02,-18.478931,0.0,0,28,-18.478931,-12.604891357142858,3.93095487174314,11.823046999999999,0.09191900000000075,308.12000000000006,4.4998000000000005,63.33,1.0,3.0,2.0,3.0,20.0,0.0,0.0398681541728946,0.04249356365298707,0.008450760705405043,0.024496546854892352,0.05686656759757945
CHEMBL2104523,CCOc1cc(N)c([N+](=O)[O-])cc1C(=O)NC1CCN(CC2CC=CCC2)CC1,1,8.869864,-34.354855,7.304115,-4.33179,7.203,2.09,-22.512665,0.0,0,20,-22.512665,-21.2769482,1.042183736037769,3.2705689999999983,0.11051199999999994,402.4950000000003,3.1262000000000016,110.73,2.0,6.0,7.0,3.0,29.0,0.5714285714285714,0.06659907192169008,0.060019176307679695,0.0067128887236948,0.044355023305314475,0.07033167151480135
CHEMBL2105022,C1=Cc2cccc(OCC3CNCCO3)c2C1,1,5.674482,-21.743942,4.772962,-2.506867,5.549,2.92,-13.803366,0.0,0,40,-13.803366,-7.962112325000001,3.396015770895211,12.93347,0.4229010000000013,231.29499999999993,1.6231,30.49,1.0,3.0,3.0,3.0,17.0,0.42857142857142855,0.026251145392345947,0.02940645192067219,0.008928220681265704,0.012265074114551633,0.04569728523495982
CHEMBL2105115,COc1ccccc1OC1(C)OC(=O)c2ccccc2O1,1,-1.253282,-28.487631,6.121838,-3.900138,4.875,2.92,-27.519215,0.0,0,40,-27.519215,-25.57033615,1.1615353054758821,5.022092999999998,0.012695999999998264,286.283,2.9971000000000014,53.99000000000001,0.0,5.0,3.0,3.0,21.0,0.1875,0.09334879612859533,0.09509194221080834,0.0047866729574916125,0.0844694946423831,0.10321918862534112
CHEMBL2105420,O=S1(=O)CCN(CN2CCS(=O)(=O)NC2)CN1,1,-2.316579,-21.916389,9.135125,3.935131,1.191,0.6,-11.162713,0.0,0,21,-11.162713,-6.001277476190476,3.0997108516078176,13.49694,2.201798,284.363,-2.6710999999999965,98.82000000000001,2.0,6.0,2.0,2.0,17.0,1.0,0.020891988708945156,0.02425641522889185,0.008845389747228264,0.00838332046134742,0.04147481544586026
CHEMBL2105617,CCC1C2CC3C4N(C)c5ccccc5C45CC(C2[C@H]5O)N3C1O,1,8.024291,-24.236395,1.824835,-1.446697,0.345,0.34,-15.833967,0.0,0,40,-15.833967,-11.700327999999999,4.014354884200098,15.547208,0.08425999999999867,326.44,1.5545,46.94,2.0,4.0,1.0,7.0,24.0,0.7,0.04013845683156409,0.03435691650811681,0.008853054664157515,0.01654080272658138,0.049836448025263075
CHEMBL2105918,Cc1ccccc1-n1c(CF)nc2ccc(N)cc2c1=O,1,-2.097227,-26.429419,5.108152,-2.909414,1.683,1.15,-26.327908,0.0,0,20,-26.327908,-23.572592550000003,1.0904863599781849,5.135813000000002,1.8645409999999991,283.30600000000004,2.74582,60.910000000000004,1.0,3.0,2.0,3.0,21.0,0.125,0.08327360802391985,0.08500515173628345,0.004184076046334023,0.07472098212266927,0.09136622160780566
CHEMBL2106561,CCOC(=O)NNc1ccc(N(CC)CC(C)O)nn1,1,-2.222091,-14.707682,5.475526,-1.337261,3.45,1.57,-12.791507,0.0,0,20,-12.791507,-7.765915699999998,2.1588943443686044,6.872113,0.2591669999999997,283.332,0.7566999999999997,99.61,3.0,7.0,7.0,1.0,20.0,0.5833333333333334,0.03482127378009192,0.0272795123029107,0.00891527160268634,0.01059259317014032,0.04393469922111381
CHEMBL2106613,CC(=O)OCC(=O)[C@@]1(O)CC[C@H]2[C@@H]3CCC4=CC(=O)CC[C@]4(C)C3=CC[C@@]21C,1,-4.879027,-21.310865,5.833439,-3.381953,3.099,2.05,-23.738407,0.0,0,9,-23.738407,-21.208343666666668,1.5530442845158983,4.586943999999999,0.6341129999999993,386.4880000000002,3.301700000000002,80.67000000000002,1.0,5.0,3.0,4.0,28.0,0.6956521739130435,0.06834503024507615,0.06698045169694707,0.005834717414654773,0.05350276173650899,0.07526734013308926
CHEMBL2107094,C#CCOc1ccc(N)cc1C(=O)NCCCC,1,-1.537143,-27.592979,6.546048,-2.248522,7.327,2.09,-24.832598,0.0,0,20,-24.832598,-24.269413450000002,0.46960678184093285,1.501963,0.015292999999999779,246.30999999999995,1.8107,64.35,2.0,3.0,6.0,1.0,18.0,0.35714285714285715,0.07785045150942826,0.07400182536253994,0.004977341803741413,0.06231184347309387,0.08118867796081063
CHEMBL2107333,COC(=O)/C=C/C(=O)OC,1,-0.491696,-18.105289,3.453545,-1.823928,5.126,2.73,-16.967369,0.0,0,20,-16.967369,-14.194843800000001,1.4931652662341024,5.198398000000001,0.4082680000000032,144.12599999999998,-0.11140000000000017,52.60000000000001,0.0,4.0,2.0,0.0,10.0,0.3333333333333333,0.043316586964546634,0.037581618105222085,0.008732030685227125,0.01956682883451085,0.05253975853809679
CHEMBL2107455,CS(=O)(=O)Nc1cc2occ(NC=O)c(=O)c2cc1Oc1ccccc1,1,-2.30962,-35.670677,11.508851,-1.727523,7.87,2.44,-28.198969,0.0,0,16,-28.198969,-22.409978187500002,7.648315069276598,25.000976,0.3928360000000026,374.37400000000014,2.5251,114.71,2.0,6.0,6.0,3.0,26.0,0.058823529411764705,0.09724972376422653,0.10143004098792127,0.005851478098773989,0.08867942877696906,0.11138959302957771
CHEMBL223228,O=C1Nc2ccc(Cl)cc2[C@@](C#CC2CC2)(C(F)(F)F)O1,1,-1.935206,-20.0152,4.350255,-3.127115,0.38,0.38,-20.727264,0.0,0,2,-20.727264,-19.510531,1.7207203103869049,2.433466000000003,2.433466000000003,315.67799999999994,4.073100000000001,38.33,1.0,2.0,0.0,3.0,21.0,0.35714285714285715,0.0513052716068374,0.051353975232418386,0.007691931084928695,0.034092864802512834,0.06396631236465562
CHEMBL225071,Cc1nc(=O)c2cc(CN(C)c3ccc(C(=O)N[C@@H](CCC(=O)O)C(=O)O)s3)ccc2[nH]1,1,-20.139584,-30.744879,79.087456,-3.529568,9.892,3.2,24.673428,0.0,0,19,24.673428,27.289649999999998,1.8269047671994287,5.713753999999998,0.6347859999999983,458.4960000000002,1.9772199999999995,152.69,4.0,7.0,9.0,3.0,32.0,0.2857142857142857,0.0022587677600517876,0.004551559002990656,0.006713591148757928,7.752286630316543e-05,0.02437979526126725
CHEMBL226345,Nc1[nH]cnc2ncnc1-2,1,-4.18934,-17.398659,5.66326,-1.644835,0.0,0.0,-17.569574,0.0,0,60,-17.569574,-14.2568252,1.6428658713187527,5.7245349999999995,0.374683000000001,135.13,-0.11330000000000012,80.48,2.0,4.0,0.0,2.0,10.0,0.0,0.036706204215048895,0.039449323818115965,0.008638228816005322,0.021397582025915723,0.05421789404240499
CHEMBL232148,NS(=O)(=O)c1ccc(-c2ccc(/C=C3\SC(=O)NC3=O)o2)cc1,1,-22.100872,-29.127396,29.643187,1.574005,3.849,2.69,-20.011076,0.0,0,60,-20.011076,-7.138475833333334,3.825872508606428,24.525423,6.375613999999999,350.37700000000007,1.9179000000000002,119.47000000000001,2.0,6.0,3.0,3.0,23.0,0.0,0.047986902089402456,0.04830606484292619,0.00798545579866358,0.03075916617912541,0.06153053935787557
CHEMBL24441,CNCCc1ccccn1,1,6.018593,-14.84665,3.568459,-1.764396,1.033,1.02,-7.023994,0.0,0,20,-7.023994,-5.0408288,1.2375511240956387,4.950743,0.8507420000000003,136.19799999999995,0.8434999999999999,24.92,1.0,2.0,3.0,1.0,10.0,0.375,0.01607525509410429,0.01833402183671441,0.008513090193502127,0.004679301798014949,0.036763238954663886
CHEMBL244683,CC(=O)Nc1ccc2cc3ccc(NC(C)=O)cc3nc2c1,1,-2.71792,-30.04137,7.247367,-2.329469,3.069,1.53,-27.841389,0.0,0,1,-27.841389,-27.841389,,,,293.326,3.304800000000001,71.09,2.0,3.0,2.0,3.0,22.0,0.11764705882352941,0.09526485382366782,0.09804076963977555,0.005227806022288303,0.08636189920929215,0.1070214228772989
CHEMBL245416,N[C@@H](Cn1ccc(=O)c(O)c1)C(=O)O,1,-7.755672,-14.183215,10.781099,-0.254563,5.269,2.49,-11.412351,0.0,0,20,-11.412351,-9.0143032,1.146855717568123,3.937174999999999,0.06953899999999891,198.17799999999997,-1.0342000000000002,105.55,3.0,4.0,3.0,1.0,14.0,0.25,0.031809608334759494,0.02469034610795186,0.008859307967408794,0.008687880933204115,0.04177685579164023
CHEMBL24646,COc1ccc(-c2nc3cc(C4=NNC(=O)CC4C)ccc3[nH]2)cc1,1,0.803475,-33.142612,5.48858,-1.934479,2.02,1.99,-28.785038,0.0,0,5,-28.785038,-24.899245200000003,2.4425642582856857,6.065849,3.511365999999999,334.379,3.098600000000001,79.37,2.0,4.0,3.0,4.0,25.0,0.21052631578947367,0.11049266578196155,0.10725928094105823,0.007152223102297892,0.09205493010258683,0.11940441190187821
CHEMBL249856,CSc1ccc(C(=O)c2[nH]c(=O)[nH]c2C)cc1,1,-2.014198,-26.242285,4.465241,-2.235282,5.055,2.64,-26.026524,0.0,0,40,-26.026524,-22.84824455,1.637571494522158,6.234472999999998,0.31191499999999905,248.307,1.9643199999999998,65.72,2.0,3.0,3.0,2.0,17.0,0.16666666666666666,0.08495923360114503,0.08264609733743698,0.00425314415858329,0.07177065380923453,0.08869684470154984
CHEMBL256997,O=C(O)c1cccc(-c2noc(-c3ccccc3F)n2)c1,1,-7.022944,-27.735615,21.870897,-3.710969,1.024,0.95,-16.598631,0.0,0,60,-16.598631,-13.862327566666668,1.7011431601011702,9.695851000000001,0.21551000000000187,284.246,3.240900000000001,76.22,1.0,4.0,3.0,3.0,21.0,0.0,0.03519708161500302,0.03649235817897123,0.008778865611843179,0.0185251054823229,0.05163333808211025
CHEMBL259209,CCN(CC)C(=O)C1(c2ccccc2)CC1CN,1,3.138608,-16.961742,9.520319,-1.981201,4.269,2.31,-6.284017,0.0,0,8,-6.284017,-3.5010812500000004,2.5651085345845503,7.4119530000000005,1.2440310000000006,246.35399999999998,1.7713999999999999,46.33,1.0,2.0,5.0,2.0,18.0,0.5333333333333333,0.022829464688302284,0.017486935402346745,0.008442308049122152,0.004222946256588598,0.035993258883545924
CHEMBL259972,COc1ccc(-c2noc(CC(=O)O)c2-c2ccc(OC)cc2)cc1,1,-18.92857,-33.460266,31.723724,-3.907747,2.759,1.45,-24.572859,0.0,0,40,-24.572859,-16.49426755,8.732165464840186,21.867721000000003,0.03485900000000086,339.34700000000004,3.6529000000000025,81.79,1.0,5.0,6.0,3.0,25.0,0.15789473684210525,0.07042350621011699,0.07226100356628073,0.00517876629506477,0.060388789755941655,0.07966162657063369
CHEMBL26138,Cn1c(=O)c2c(nc(/C=C/c3cccc(Cl)c3)n2C)n(C)c1=O,1,-0.904664,-35.191387,4.447948,-4.595645,3.649,2.73,-36.243748,0.0,0,25,-36.243748,-32.508540759999995,1.9749252608537757,8.506656999999997,0.22273299999999807,330.7750000000001,1.7944999999999995,61.82,0.0,3.0,2.0,3.0,23.0,0.1875,0.17837616677063584,0.21580373942342645,0.04696226760098072,0.1412529558368812,0.31023961480175455
CHEMBL264374,CC(C)(Oc1ccc(CCNC(=O)c2ccc(Cl)cc2)cc1)C(=O)O,1,-7.711493,-28.268276,23.745697,-4.220137,6.008,1.93,-16.454206,0.0,0,11,-16.454206,-8.912296454545453,5.726365824726086,19.237538,3.0472269999999995,361.82500000000005,3.554500000000001,75.63,2.0,3.0,7.0,2.0,25.0,0.2631578947368421,0.04184239848106528,0.036076518036019384,0.008795168321980055,0.01813260412000766,0.05128807189725717
CHEMBL273575,CN1Cc2c(N)cccc2C(c2ccccc2)C1,1,6.616458,-23.559464,6.069116,-3.332049,0.373,0.37,-14.205938,0.0,0,25,-14.205938,-9.351698599999999,3.8645875704922252,11.33911,0.11725799999999964,238.334,2.8461000000000016,29.259999999999998,1.0,2.0,1.0,3.0,18.0,0.25,0.03603916800740611,0.030311794694166627,0.008925169369262183,0.013005869439639809,0.04643893740114766
CHEMBL277062,O=C1CN=C(c2ccccn2)c2cc(Br)ccc2N1,1,-1.26187,-25.171926,3.859927,-1.677539,2.131,2.13,-24.251408,0.0,0,22,-24.251408,-21.046255636363636,1.6766310905414874,5.879185,0.5869910000000012,316.15799999999996,2.6336000000000004,54.35,1.0,3.0,1.0,3.0,19.0,0.07142857142857142,0.0683032930452025,0.07017158602702268,0.00543259794224392,0.057851411335221106,0.07780029895622952
CHEMBL277535,c1ccc(-c2ccc(C(c3ccccc3)n3ccnc3)cc2)cc1,1,0.322369,-31.202011,3.048146,-6.327487,3.331,2.06,-34.158985,0.0,0,8,-34.158985,-31.929591375,2.318318837356559,5.842077,0.27100700000000444,310.40000000000003,5.187800000000005,17.82,0.0,1.0,4.0,4.0,24.0,0.045454545454545456,0.18687884075165717,0.178804477294623,0.03197960818168486,0.12678195062313727,0.241420871322087
CHEMBL278398,CN1CCC2=C(C1)C(c1ccccc1)c1ccccc12,1,7.498668,-22.827682,8.238264,-5.082252,0.061,0.06,-12.173002,0.0,0,17,-12.173002,-8.364883176470588,1.8794527285712799,7.452161,0.9396050000000002,261.36800000000005,3.9212000000000033,3.24,0.0,1.0,1.0,4.0,20.0,0.2631578947368421,0.024110666138224008,0.02607671057667663,0.008894941297365885,0.009689382886190073,0.04292833862307398
CHEMBL279085,C=CCN1CCc2nc(N)sc2CC1,1,2.832356,-17.45472,4.584295,-1.706219,0.244,0.22,-11.744287,0.0,0,40,-11.744287,-8.142499075,2.4207696995218475,8.620384999999999,0.3660899999999998,209.31799999999996,1.3119,42.150000000000006,1.0,4.0,2.0,2.0,14.0,0.5,0.030734389596731884,0.025283203179985985,0.008876176240241002,0.009110894308079197,0.04225857244480468
CHEMBL279229,COc1ccccc1N1CCN(CCCNc2cc(=O)n(C)c(=O)n2C)CC1,1,-0.602122,-12.101645,7.255149,-2.44723,5.002,1.7,-7.895848,0.0,0,1,-7.895848,-7.895848,,,,387.48400000000015,0.7168000000000008,71.74000000000001,1.0,6.0,7.0,3.0,28.0,0.5,0.017173687618909524,0.01940535837316186,0.008593892103991843,0.005283952226425536,0.03771365407070776
CHEMBL284906,O=C(NCCO[N+](=O)[O-])c1cccnc1,1,-2.552398,-22.747444,3.441213,-1.686296,1.238,1.05,-23.544926,0.0,0,20,-23.544926,-22.4394067,0.3239221499399118,1.3782640000000015,0.6432360000000017,211.17700000000002,0.01969999999999983,94.36,1.0,5.0,5.0,1.0,15.0,0.25,0.06387630462282484,0.06582103129773466,0.005982626411499553,0.05194385226133205,0.0744647962567334
CHEMBL287275,O=C(O)c1ccccc1OP(=O)(O)O,1,-27.579237,-15.573548,96.56694,-1.946273,0.321,0.29,51.46788,0.0,0,40,51.46788,56.985910575000005,1.4360128584355722,9.202004000000002,3.9122389999999996,218.10099999999997,0.8562999999999998,104.06,3.0,3.0,3.0,1.0,14.0,0.0,0.00022499564667207114,0.0028154433112183653,0.0069625298596905924,2.92453227414642e-06,0.02383497919925105
CHEMBL287631,NC(=O)CCC/N=C(\c1ccc(Cl)cc1)c1cc(F)ccc1O,1,-3.230165,-29.811655,5.126462,-0.727368,7.601,2.13,-28.642727,0.0,0,20,-28.642727,-24.985026350000002,1.9258842832759429,7.2796400000000006,0.27547500000000014,334.7780000000001,3.2876000000000025,75.68,2.0,3.0,6.0,2.0,23.0,0.17647058823529413,0.10050175210810926,0.10581181143868428,0.006806418180778628,0.09116543275606638,0.11717825146311403
CHEMBL29292,CC(C)C[C@H](NC(=O)[C@@H](O)[C@H](N)Cc1ccccc1)C(=O)O,1,-1.512898,-29.258272,18.99641,-2.931262,9.043,2.56,-14.706021,0.0,0,20,-14.706021,-11.6663697,2.124646060340877,8.714245,0.28828999999999994,308.37800000000004,0.5328000000000004,112.64999999999999,4.0,4.0,8.0,1.0,22.0,0.5,0.03724378934513101,0.03148667344041733,0.008913882578789457,0.014001037886323248,0.04739183706602451
CHEMBL294199,COc1cc(CNC(=O)CCCC/C=C/C(C)C)ccc1O,1,-1.024194,-25.474693,4.207037,-2.73281,7.292,2.34,-25.02466,0.0,0,20,-25.02466,-24.85325885,0.12511146837763507,0.39688300000000254,0.002898999999999319,305.418,3.789600000000003,58.56,2.0,3.0,9.0,1.0,22.0,0.5,0.0774208425502501,0.0753200804831951,0.004833184340647578,0.06375757217876765,0.08224840766274201
CHEMBL301265,CCCN[C@H]1CCc2nc(N)sc2C1,1,6.063724,-18.007162,4.116118,-1.479371,1.224,1.21,-9.306691,0.0,0,20,-9.306691,-8.0172814,0.6599535947312308,2.4805730000000006,0.38301600000000136,211.33399999999997,1.5822,50.94,2.0,4.0,3.0,2.0,14.0,0.7,0.019153579695400297,0.02132531965907997,0.008715187057911276,0.006441674572840972,0.039367264096523163
CHEMBL30707,O=c1oc2cc(O)ccc2c2oc3cc(O)ccc3c12,1,-0.719078,-29.241013,6.464037,-1.423826,0.0,0.0,-24.91988,0.0,0,80,-24.91988,-18.431089462499997,4.2122967126260855,11.545765999999999,0.4091169999999984,268.224,3.1036,83.81,2.0,5.0,0.0,4.0,20.0,0.0,0.07651459281027091,0.07459759399391715,0.004911177040497502,0.06296322957997988,0.08166830369991451
CHEMBL3094381,O=C(O)c1ccc(N(CC(F)(F)F)S(=O)(=O)c2ccccc2)cc1,1,-9.149472,-24.559198,25.406441,-2.77101,6.87,2.34,-11.073241,0.0,0,21,-11.073241,-8.35375776190476,3.453985359977904,13.052795999999999,0.23084099999999985,359.32500000000005,3.142400000000002,74.68,1.0,3.0,5.0,2.0,24.0,0.13333333333333333,0.023398995844454318,0.02410332712050478,0.008840158766911445,0.008276902849153452,0.04136823164114898
CHEMBL3103437,c1ccc(-c2ccc(C3(Cc4nnn[nH]4)C4CC5CC(C4)CC3C5)cc2)cc1,1,-7.002945,-27.811571,18.374201,-4.731299,2.177,0.84,-21.171612,0.0,0,2,-21.171612,-21.158089,0.019124410003970353,0.02704599999999857,0.02704599999999857,370.5000000000001,4.803300000000004,54.46,1.0,3.0,4.0,7.0,28.0,0.4583333333333333,0.05349365560589672,0.05336205751842483,0.007482362839176596,0.03635447020410315,0.0654161845864727
CHEMBL313972,C[C@H](Cc1ccc(O)c(O)c1)[C@@H](C)Cc1ccc(O)c(O)c1,1,-3.087176,-26.467554,4.649939,-0.037244,4.886,1.83,-24.942034,0.0,0,40,-24.942034,-23.216391650000002,1.1885342772301102,3.5123180000000005,0.028033999999998116,302.37,3.5664000000000033,80.92,4.0,4.0,5.0,2.0,22.0,0.3333333333333333,0.07667454498926753,0.07474968712298061,0.004894545868568396,0.0631300479314599,0.08179056270083258
CHEMBL316561,CCCN(CCC)C(=O)C(CCC(=O)O)NC(=O)c1ccccc1,1,-14.50774,-24.150047,28.367239,-3.84427,5.831,1.59,-14.134818,0.0,0,1,-14.134818,-14.134818,,,,334.41600000000005,2.2984,86.71000000000001,2.0,3.0,10.0,1.0,24.0,0.5,0.027024886978941075,0.03014928391339067,0.008926083524615595,0.01287119144479586,0.04630628595585062
CHEMBL3183075,CNC(=C[N+](=O)[O-])NCCSCc1csc(CN(C)C)n1,1,-0.445537,-29.949541,5.041228,-1.933276,7.451,2.34,-27.287125,0.0,0,20,-27.287125,-24.228754600000002,2.381454478242333,8.203796999999998,0.4267909999999979,331.4670000000001,1.3224999999999998,83.33,2.0,8.0,10.0,1.0,21.0,0.5833333333333334,0.09657494581568908,0.09302763214987393,0.004543341973936715,0.08326967473315339,0.1007096155465639
CHEMBL3183440,CC=CC(=O)N(CC)c1ccccc1C,1,-1.087784,-17.463808,3.329762,-3.429126,3.787,2.4,-18.650955,0.0,0,20,-18.650955,-17.834099799999997,0.4012160081945097,1.5946539999999985,0.06059099999999873,203.28500000000003,2.9240200000000014,20.310000000000002,0.0,1.0,3.0,1.0,15.0,0.3076923076923077,0.04324158712091126,0.0431017051595318,0.008408436117052817,0.02513196334886681,0.05738269222936834
CHEMBL3187365,CN1CC2c3ccccc3Oc3ccc(Cl)cc3C2C1,1,0.733057,-24.555748,1.863228,-2.757643,0.0,0.0,-24.717106,0.0,0,62,-24.717106,-10.559381629032256,6.803701003462546,37.110727,0.3531630000000021,285.77400000000006,4.258500000000003,12.47,0.0,2.0,0.0,4.0,20.0,0.29411764705882354,0.07506719518665106,0.07322188362823125,0.005066214184576491,0.061450481369724926,0.08046201222651839
CHEMBL3187723,Cn1cnc2c(F)c(Nc3ccc(Br)cc3F)c(C(=O)NOCCO)cc21,1,-0.76015,-32.794411,11.30624,-2.8369,4.849,1.47,-25.08522,0.0,0,32,-25.08522,-21.9919936875,4.094541511827072,13.525063,0.2447279999999985,441.2320000000002,3.0113000000000003,88.41000000000001,3.0,5.0,6.0,3.0,27.0,0.17647058823529413,0.07702890261859678,0.07574131205306607,0.004788955160966976,0.06422292633317779,0.08258585691081921
CHEMBL3190223,CCc1cc(/C(Cc2ccc3ccccc3n2)=N\O)c(O)cc1O,1,-11.794096,-26.805019,29.389341,-1.343554,4.88,2.23,-10.553327,0.0,0,40,-10.553327,-4.021365675,3.4876551080470435,12.994266,0.5441439999999993,322.3640000000001,3.6294000000000017,85.94000000000001,3.0,5.0,4.0,3.0,24.0,0.15789473684210525,0.02250923249502877,0.023238419419694366,0.008807417420656483,0.007685875524464189,0.04076582798652672
CHEMBL1274,CC1(C)NC(=O)N(c2ccc([N+](=O)[O-])c(C(F)(F)F)c2)C1=O,1,-0.104867,-29.421993,3.599124,-2.825561,2.474,1.43,-28.7533,0.0,0,40,-28.7533,-23.98058915,3.365025889508632,13.695162999999999,0.1710630000000002,317.223,2.4484000000000004,92.55000000000001,1.0,4.0,2.0,2.0,22.0,0.3333333333333333,0.1012454508260802,0.10693466453012851,0.0070735010307244085,0.09185552286936562,0.11881956820552346
CHEMBL12856,Nc1cc(-c2ccncc2)c[nH]c1=O,1,-2.209698,-25.989071,4.355686,-0.655582,1.082,1.08,-24.498665,0.0,0,40,-24.498665,-18.440661975,3.12207799533793,8.890217,0.044299999999999784,187.202,1.0191,71.77,2.0,3.0,1.0,2.0,14.0,0.0,0.07376660570807923,0.07177243659694356,0.005237118439483489,0.059852185411848634,0.07925325372135354
CHEMBL1286,CC[C@@H](C(N)=O)N1CCCC1=O,1,-4.319295,-13.017417,6.205703,-0.786695,4.294,2.59,-11.917704,0.0,0,20,-11.917704,-9.836406299999998,0.9549007696332199,3.3458170000000003,0.13678600000000074,170.212,-0.12729999999999997,63.400000000000006,1.0,2.0,3.0,1.0,12.0,0.75,0.02494245230876306,0.025600337973716986,0.008884194798520853,0.00934041594699845,0.04252681351757076
CHEMBL1288810,OC[C@@H](O)CN1CCN(c2ccccc2)CC1,1,-3.230745,-21.519953,2.541306,-0.220139,3.533,1.48,-22.429531,0.0,0,160,-22.429531,-14.5236924875,4.419608956595099,14.860755000000001,0.12751400000000146,236.31500000000003,0.16179999999999972,46.940000000000005,2.0,4.0,4.0,2.0,17.0,0.5384615384615384,0.06027382591110172,0.059578747833238216,0.006766685633445165,0.04379402563147482,0.07000944480910373
CHEMBL1289,Clc1cc(Cl)c(OCC#CI)cc1Cl,1,-1.029953,-24.295824,1.784291,-3.765338,5.334,4.52,-27.306824,0.0,0,20,-27.306824,-24.702869,1.0871650419251948,5.30819,0.7218209999999985,361.39300000000003,4.421500000000001,9.23,0.0,1.0,2.0,1.0,14.0,0.1111111111111111,0.09191728783298597,0.09320092327612374,0.0045615357822222004,0.0833771999170149,0.10090501578497847
CHEMBL1300615,CCOc1ccccc1NC(=O)c1ccc2nccnc2c1,1,-1.854491,-33.919735,7.146319,-2.295034,6.507,2.32,-30.922943,0.0,0,40,-30.922943,-25.7722568,1.2240000961252309,7.690586,2.5687619999999995,293.326,3.280800000000001,64.11,1.0,4.0,4.0,3.0,22.0,0.11764705882352941,0.13533117485279608,0.13164075650109897,0.014377084766621457,0.10645785853474138,0.15902307649791347
CHEMBL1303,CCCN(CCc1cccs1)[C@H]1CCc2c(O)cccc2C1,1,9.998784,-25.926222,5.280293,-3.957894,4.056,1.2,-14.60504,0.0,0,8,-14.60504,-11.66689875,1.9638572845423914,5.649609,1.657978,315.482,4.265700000000003,23.47,1.0,3.0,6.0,3.0,22.0,0.47368421052631576,0.028166086352139793,0.031244813433643506,0.008916871069062731,0.013794004762127807,0.04719654399915954
CHEMBL1307677,CC(=O)c1noc(C)c1C(=O)Nc1nccs1,1,-4.276972,-21.644753,6.577961,-1.747799,4.946,2.34,-21.091562,0.0,0,40,-21.091562,-17.479540550000003,1.4810636025511335,6.3437339999999995,0.3807079999999985,251.26700000000002,1.89442,85.09,1.0,6.0,3.0,2.0,17.0,0.2,0.0507278977102421,0.05299340941717262,0.007521732264978286,0.03593557115585253,0.06515220863040502
CHEMBL1308,Cc1cn[nH]c1,1,0.394125,-14.193568,2.677985,-1.037153,0.0,0.0,-12.158612,0.0,0,20,-12.158612,-11.033810500000001,0.7861750103221962,3.2273300000000003,0.08253000000000021,82.106,0.7181199999999999,28.68,1.0,1.0,0.0,1.0,6.0,0.25,0.022756388768540334,0.02604955425468335,0.008894370263714745,0.00966935479045022,0.042905494300870796
CHEMBL1311023,Cc1nccc(-c2ccc(-n3cnc4ccccc43)cc2)n1,1,0.093109,-31.881824,4.471951,-4.901011,1.453,1.07,-32.217777,0.0,0,29,-32.217777,-28.97348334482759,5.207701351506332,26.716019,0.05813599999999752,286.338,3.7909200000000025,43.6,0.0,3.0,2.0,4.0,22.0,0.05555555555555555,0.127309400652885,0.1489788771645508,0.020485247438471306,0.11457218782854046,0.18801406410587523
CHEMBL1314,CC(S)C(=O)NCC(=O)O,1,-11.586744,-13.636388,17.121117,-0.792749,1.508,1.03,-8.894765,0.0,0,20,-8.894765,-6.910095949999999,0.8412891665325289,3.9345099999999995,0.7825209999999991,163.198,-0.49450000000000044,66.4,3.0,3.0,3.0,0.0,10.0,0.6,0.02569029842558908,0.020739377071713097,0.008681296605019788,0.006078485634017451,0.03886480866260739
CHEMBL1316,CC(C(=O)O)c1ccc2c(c1)[nH]c1ccc(Cl)cc12,1,-8.54499,-26.222038,17.340588,-4.0951,1.279,0.92,-21.521542,0.0,0,20,-21.521542,-20.14284415,0.8308045998166177,3.6485139999999987,0.541402999999999,273.719,4.162600000000002,53.089999999999996,2.0,1.0,2.0,3.0,19.0,0.13333333333333333,0.05280426800373187,0.05501017024060775,0.007301729403348918,0.03824731911151705,0.06659465586630592
CHEMBL1318939,Cn1c(=O)c2c(ncn2CCOC(=O)C(C)(C)Oc2ccc(Cl)cc2)n(C)c1=O,1,0.12482,-36.978695,6.74945,-4.612159,8.361,2.89,-34.716583,0.0,0,6,-34.716583,-34.052856166666665,1.3307808872963898,3.368887000000001,0.013542000000001053,420.8530000000001,1.487899999999999,97.35,0.0,6.0,6.0,3.0,29.0,0.3684210526315789,0.15933034465039547,0.18821552494088892,0.035755363026485576,0.130510774238059,0.2588175752785436
CHEMBL1319897,O=C(Nc1ccc2c(c1)OCO2)c1ccncc1,1,-5.879424,-25.0758,6.257255,-1.327731,3.341,1.87,-26.025698,0.0,0,40,-26.025698,-21.4616287,1.7600839752648636,8.298292,1.2637199999999993,242.23399999999998,2.0625999999999998,60.45,1.0,4.0,2.0,3.0,18.0,0.07692307692307693,0.08536049678175518,0.08263973383591287,0.00425342454228175,0.07176239244767707,0.08869083813336738
CHEMBL13209,O=C1CN=C(c2ccccc2)c2cc([N+](=O)[O-])ccc2N1,1,-3.842134,-24.888651,4.309321,-2.885912,2.125,2.09,-27.307375,0.0,0,13,-27.307375,-24.68142115384615,1.9833439527537344,4.829508000000001,0.049906000000000006,281.27099999999996,2.3842999999999996,84.6,1.0,4.0,2.0,3.0,21.0,0.06666666666666667,0.09092484451936918,0.09320577548481623,0.004562051252069719,0.08338021045404428,0.10091048638221468
CHEMBL1321,CNNCc1ccc(C(=O)NC(C)C)cc1,1,-2.901937,-21.966465,2.989035,-0.788345,2.326,1.05,-22.667713,0.0,0,20,-22.667713,-20.5798308,1.7887715380539682,6.999008,0.1031569999999995,221.304,1.0487999999999995,53.16,3.0,3.0,5.0,1.0,16.0,0.4166666666666667,0.06729753570071646,0.06085093674365169,0.006610441209916297,0.045420459266223664,0.07093680589626397
CHEMBL1324157,COc1ccccc1-c1nnc(NC(C)=O)s1,1,-3.265422,-23.289331,8.053311,-1.963607,2.327,2.05,-20.46505,0.0,0,120,-20.46505,-14.480500058333332,3.1434419169665184,12.331870000000002,0.022073999999999927,249.295,2.1720999999999995,64.11000000000001,1.0,5.0,3.0,2.0,17.0,0.18181818181818182,0.05803338890034799,0.05021174792345264,0.007805559439184556,0.03282877747698136,0.06308729229714051
CHEMBL1329455,CCOC(=O)[N-]c1c[n+](N2CCOCC2)no1,1,7.880287,-24.189566,6.724442,-0.671507,2.754,1.15,-10.256344,0.0,0,40,-10.256344,-5.874137675,2.2749359288283757,8.418306000000001,0.46212500000000034,242.23499999999993,0.09200000000000008,82.78000000000002,0.0,6.0,3.0,2.0,17.0,0.6666666666666666,0.019341006537542185,0.02276266982435428,0.008787064236732341,0.007368258480731204,0.040434318250796304
CHEMBL1331513,O=C(NC1CCCC1)c1cc2c(ccc3ccccc32)o1,1,-4.246273,-27.013763,4.136892,-3.378596,2.791,2.73,-30.50174,0.0,0,40,-30.50174,-25.299896725000004,3.943262010383425,17.090184,0.6124580000000002,279.33900000000006,4.2584000000000035,42.24,1.0,2.0,2.0,4.0,21.0,0.2777777777777778,0.13216312050957146,0.12643052443197297,0.01266756850913531,0.10363431345659498,0.15072332903097302
CHEMBL1334692,O=C(O)Cc1cn(-c2ccccc2)nc1-c1ccc(Cl)cc1,1,-8.089295,-31.967388,18.416697,-5.414818,4.211,2.11,-27.054804,0.0,0,5,-27.054804,-19.3033694,5.2691686357145375,14.413020000000001,6.906244000000001,312.75600000000003,3.8198000000000025,55.12,1.0,2.0,4.0,3.0,22.0,0.058823529411764705,0.08921482502350596,0.09101041754591935,0.004363154775349125,0.08177426485886664,0.09843362196823384
CHEMBL1336615,O=c1nc(Nc2ccc(Br)cc2)sc2ccc([N+](=O)[O-])cc12,1,-1.536399,-29.657536,7.505109,-3.856755,0.923,0.89,-27.545582,0.0,0,20,-27.545582,-26.16128845,0.6625334517228845,2.524809000000001,0.12254400000000132,378.2070000000001,4.070800000000002,85.13,1.0,6.0,3.0,3.0,22.0,0.0,0.09339826844483123,0.09532961210604869,0.00481830467733559,0.0845939248979641,0.10352568840262459
CHEMBL1337776,COc1cccc(C(=O)O/N=C(\N)c2ccc([N+](=O)[O-])cc2)c1,1,-2.162593,-34.308388,4.824272,-4.134253,6.664,4.01,-35.780964,0.0,0,40,-35.780964,-33.24365005,2.372309689891839,7.046300999999996,0.0827069999999992,315.285,2.0807,117.05000000000001,1.0,6.0,5.0,2.0,23.0,0.06666666666666667,0.17241773518033643,0.2071745416281972,0.04345017451218126,0.13791506373875984,0.29411596815033836
CHEMBL1340000,COc1cc2nc(-c3cccc(F)c3)cc(O)c2cc1OC,1,-1.677898,-27.077625,6.174867,-3.196403,1.908,1.1,-25.77706,0.0,0,27,-25.77706,-24.06958588888889,1.7581553886855688,6.211337,0.1457090000000001,299.30100000000004,3.763700000000002,51.58,1.0,4.0,3.0,3.0,22.0,0.11764705882352941,0.08108597255402915,0.08074910225276806,0.00435695571364803,0.06927265656231353,0.08690266595864939
CHEMBL1344938,CC(=O)Nc1cccc2c1C(=O)N(c1ccc(C)cc1)C2=O,1,-2.091418,-27.432039,4.721874,-3.033981,1.87,1.53,-27.835564,0.0,0,18,-27.835564,-22.748847722222223,1.7470979485451534,8.423794000000001,3.0652260000000027,294.31,2.7540200000000015,66.48,1.0,3.0,2.0,3.0,22.0,0.11764705882352941,0.09461653020530429,0.09798658084144138,0.005218789905133334,0.08632392420964252,0.10695156433906634
CHEMBL1346834,Cc1nc(Cl)sc1C(=O)Nc1ccc(C(F)(F)F)cc1,1,-2.814509,-24.245073,2.472569,-2.94411,3.341,2.39,-27.531122,0.0,0,40,-27.531122,-22.78755155,3.4539781744495643,14.940423,0.6292860000000005,320.723,4.376020000000001,41.99,1.0,3.0,2.0,2.0,20.0,0.16666666666666666,0.0933079275496032,0.09519919072881301,0.004800857359916189,0.08452565060666113,0.1033574975027672
CHEMBL1351173,CC(=O)Nc1sc2c(c1-c1nc3ccccc3s1)CCN(C(C)C)C2,1,7.800529,-32.446018,9.859735,-4.680991,6.636,2.82,-19.466745,0.0,0,60,-19.466745,-13.14349535,3.469920995905574,14.842769,1.9673990000000003,371.5310000000002,4.749700000000003,45.230000000000004,1.0,5.0,3.0,4.0,25.0,0.3684210526315789,0.04364390085828538,0.04613569603673049,0.00817457824936197,0.028379223493266676,0.05992247024931063
CHEMBL1351761,Nc1ccc(C(=O)Nc2ccccc2N)cc1,1,-4.880709,-22.048424,4.561812,-1.757174,3.341,1.87,-24.124495,0.0,0,40,-24.124495,-19.835771949999998,1.8930502120667445,7.135778999999999,0.2863369999999996,227.26700000000002,2.1033,81.14,3.0,3.0,2.0,2.0,17.0,0.0,0.07422908770141355,0.06936597187476243,0.005532932141033683,0.05675227373071715,0.07706126753279512
CHEMBL135400,CN1CCN(C(=O)OC2c3nccnc3C(=O)N2c2ccc(Cl)cn2)CC1,1,-2.994089,-30.372272,13.078952,-1.412897,4.598,3.06,-21.700304,0.0,0,124,-21.700304,-10.533100467741935,9.073467296132133,31.757340999999997,0.0354770000000002,388.8150000000001,1.5679999999999998,91.75999999999999,0.0,7.0,2.0,4.0,27.0,0.35294117647058826,0.06305716292431966,0.055875628847895174,0.007204013741137467,0.03924868242763458,0.06725258174259421
CHEMBL1363,COc1ccc(C[C@@H](C)NC[C@H](O)c2ccc(O)c(NC=O)c2)cc1,1,5.690116,-31.772352,3.079757,-0.796546,4.202,1.5,-23.799025,0.0,0,40,-23.799025,-19.629290275,1.8458811859689124,7.498657999999999,0.7413619999999987,344.41100000000006,2.2233,90.82,4.0,5.0,9.0,2.0,25.0,0.3157894736842105,0.07262111278455348,0.06734859345109301,0.005787844830673334,0.05400057845365276,0.07552062964674304
CHEMBL136497,Nc1nc(N)nc(-c2cc(Cl)ccc2Cl)n1,1,-0.354219,-26.532272,2.687915,-4.005996,0.015,0.01,-28.204573,0.0,0,40,-28.204573,-25.304708025000004,2.001759904732519,5.6013850000000005,0.12936399999999892,256.096,2.0098,90.71,2.0,5.0,1.0,2.0,16.0,0.0,0.10565306852138173,0.10148415115012695,0.005862322451655964,0.08870803426704042,0.11145931091713195
CHEMBL1369106,COc1ccccc1Nc1nc(NCCO)nc(N)c1[N+](=O)[O-],1,-6.935679,-25.116652,4.708171,-0.704691,1.848,0.88,-28.048849,0.0,0,40,-28.048849,-23.29217225,1.2117500401469314,6.219229000000002,3.521582000000002,320.3090000000001,1.1233999999999997,148.46,4.0,9.0,7.0,2.0,23.0,0.23076923076923078,0.1030022734265839,0.09999201396282655,0.005573080017921752,0.08787073081838577,0.10953652908843196
CHEMBL1369293,O=C(Nc1ccon1)c1cnc2sccn2c1=O,1,-1.785397,-26.296959,7.343927,-1.947656,0.035,0.02,-22.686085,0.0,0,40,-22.686085,-18.808154124999998,1.4607759536805403,6.044025999999999,0.1308999999999969,262.25,0.9962999999999997,89.5,1.0,6.0,2.0,3.0,18.0,0.0,0.05890042654536077,0.06095039488949297,0.006598121369532137,0.04554837818966964,0.0710088710942066
CHEMBL1371,O=c1[nH]c2cc(Cl)ccc2o1,1,-0.521414,-20.594711,3.517937,-1.336668,0.0,0.0,-18.934856,0.0,0,20,-18.934856,-17.7002774,0.8155329826923584,2.3927359999999993,0.2336899999999993,169.56699999999998,1.7745,46.0,1.0,2.0,0.0,2.0,11.0,0.0,0.04956268025826013,0.04412896931806605,0.008333420188091693,0.02621721657241191,0.05824521596286785
CHEMBL1371770,c1cnc(N2CCN(Cc3ccc4c(c3)OCO4)CC2)nc1,1,-1.26276,-28.905762,4.637432,-2.495792,1.81,1.07,-28.026882,0.0,0,49,-28.026882,-23.86680895918368,4.101058453659677,16.40155,0.12232600000000105,298.34600000000006,1.5274999999999999,50.720000000000006,0.0,6.0,3.0,4.0,22.0,0.375,0.09800820031346517,0.09978343474988352,0.005534325456516512,0.08770815971098515,0.109267712577837
CHEMBL1372341,O=C(O)c1cc(O)c2c3nc4ccccc4oc-3cc(=O)c2n1,1,-5.43155,-31.189909,27.246902,-2.892049,0.003,0.0,-12.266606,0.0,0,20,-12.266606,-4.56136955,4.671376268430361,17.199727,0.17513499999999915,308.249,2.2447999999999997,113.52,2.0,6.0,1.0,4.0,23.0,0.0,0.033640873493514606,0.0262542584302255,0.008898551599737261,0.00982072581219756,0.04307756020553283
CHEMBL1373822,Clc1ccc(Nc2nc(-c3cccs3)cs2)nc1,1,-1.199084,-30.02442,2.950997,-4.342084,1.295,1.24,-32.61459,0.0,0,60,-32.61459,-27.701932216666666,3.1693728836938977,9.866225,0.05809399999999698,293.80400000000003,4.6636000000000015,37.81,1.0,5.0,3.0,3.0,18.0,0.0,0.13065482980383836,0.154700016219723,0.022612304239851364,0.11697036877834341,0.19783596493278424
CHEMBL1375468,Cc1ccc(N=C(S)c2nc3ccccc3[nH]2)c(C)c1,1,-2.155506,-28.260412,4.218058,-4.368855,4.198,2.64,-30.566715,0.0,0,25,-30.566715,-24.262123199999998,2.7799819735073372,9.73686,2.186602999999998,281.38400000000007,4.187840000000002,41.04,2.0,2.0,2.0,3.0,20.0,0.125,0.12497369328613683,0.12722080302300273,0.012922343236420842,0.10407326599493459,0.151978229330513
CHEMBL1382475,CC(=O)c1ccc(NC(=O)c2cc(Cl)nc3ccccc23)cc1,1,-0.403504,-31.189159,5.398601,-3.524935,5.141,1.87,-29.718996,0.0,0,23,-29.718996,-25.710237913043482,2.549952109816555,7.149853,0.0289129999999993,324.767,4.343100000000002,59.06,1.0,3.0,3.0,3.0,23.0,0.05555555555555555,0.12249232280018792,0.11728785076258177,0.009857067944358129,0.09819475076129679,0.13589093206194028
CHEMBL1383935,Cn1c(C(=O)N2CCC(C(N)=O)CC2)cc2cc(Cl)ccc21,1,-1.521035,-30.429276,6.082503,-1.978042,2.918,2.4,-27.845848,0.0,0,40,-27.845848,-22.792289399999998,4.946756953831246,16.947495,0.010794000000000636,319.792,2.1692,68.33000000000001,1.0,2.0,2.0,3.0,22.0,0.375,0.09529326188204457,0.0980822727486867,0.005234733190023954,0.08639098699585905,0.10707492705190176
CHEMBL1383970,Cc1csc(SCC(=O)Nc2ccc(Cl)cn2)n1,1,-1.024279,-26.14152,4.845027,-2.682703,5.082,2.62,-25.003473,0.0,0,40,-25.003473,-22.237147525,1.3403390114913618,6.3098279999999995,0.3824539999999992,299.808,3.2307200000000016,54.88,1.0,5.0,4.0,2.0,18.0,0.18181818181818182,0.07726140133422267,0.07517334588624074,0.004848812706730716,0.06359585297892881,0.0821307257962223
CHEMBL1386446,CN(C)c1nc(N)nc(-c2nc3ccccc3s2)n1,1,-2.584572,-26.996395,5.504616,-3.326104,0.064,0.03,-27.402454,0.0,0,40,-27.402454,-24.92058005,1.4402592909677479,6.334996999999998,0.4642540000000004,272.33700000000005,1.7965,80.82000000000001,1.0,7.0,2.0,3.0,19.0,0.16666666666666666,0.09157774553973581,0.09404722026318917,0.0046563515951710665,0.0839021148268701,0.10187183339916012
CHEMBL1392445,O=C1c2ccccc2-c2nc3ccccc3nc21,1,-0.479062,-28.161545,6.548703,-2.746611,0.0,0.0,-24.838514,0.0,0,20,-24.838514,-21.7286281,1.1434823435541976,4.110916,1.0060380000000002,232.242,2.8412000000000006,42.85,0.0,3.0,0.0,4.0,18.0,0.0,0.07222776573318322,0.0740420337167345,0.004972827242077145,0.06235570197301865,0.08122108416476924
CHEMBL1393674,Cc1cc(C)n2cc(-c3ccc(Cl)cc3)c(C(=O)O)c2n1,1,-8.199843,-23.169722,31.172932,-3.90317,2.423,2.4,-4.099802,0.0,0,5,-4.099802,1.680424,4.3650319331072485,9.661919000000001,2.3682830000000004,300.74500000000006,3.9697400000000025,54.6,1.0,2.0,2.0,3.0,21.0,0.125,0.01920009130743804,0.015280134483537454,0.00822831322649047,0.003127906024497611,0.03389608615431034
CHEMBL1398824,O=C(/C=C\c1cccs1)c1c(O)ccc2ccc(=O)oc12,1,-11.455317,-25.180859,19.809097,-3.798054,7.464,2.73,-20.625134,0.0,0,40,-20.625134,-16.9418769,2.766182871754976,8.72411,0.26460499999999954,298.3190000000001,3.4562000000000017,67.50999999999999,1.0,5.0,3.0,3.0,21.0,0.0,0.058660771161920165,0.05090539082459285,0.0077370563611755165,0.0335944695180528,0.0636383429114344
CHEMBL1401,CC(=O)Oc1ccccc1C(=O)Nc1ncc([N+](=O)[O-])s1,1,-1.999552,-29.531013,6.761513,-3.703017,7.555,4.01,-28.472069,0.0,0,40,-28.472069,-24.44366175,1.475428094500933,7.427561000000001,0.7014330000000015,307.28700000000003,2.2289000000000003,111.43,1.0,7.0,4.0,2.0,21.0,0.08333333333333333,0.10228450921373504,0.10410327453911762,0.0064165682265318255,0.0901143731506739,0.11483559122482898
CHEMBL1402878,O=C(Nc1ccccc1OC(=O)c1ccc(Cl)cc1)c1ccc(Cl)cc1,1,1.054974,-36.387314,4.400969,-5.700928,10.561,5.21,-36.632301,0.0,0,44,-36.632301,-33.37345215909092,1.9710085759674307,9.894848999999997,0.9481010000000012,386.23400000000004,5.464900000000004,55.4,1.0,3.0,4.0,3.0,26.0,0.0,0.23308000891273797,0.22321813923249778,0.0499729299147316,0.14411139016331026,0.32409802750373934
CHEMBL1404230,COc1ccc(C)cc1N=C(N)Nc1nc(C)cc(C)n1,1,-2.592847,-26.399626,5.092692,-4.345671,0.942,0.88,-28.245453,0.0,0,31,-28.245453,-24.587298096774195,3.2592700190437465,17.796164,0.4289510000000014,285.351,2.4687600000000005,85.42,2.0,4.0,3.0,2.0,21.0,0.26666666666666666,0.09787219346688336,0.10187981132466006,0.0059423986144714535,0.08891705427693196,0.11196907536163123
CHEMBL1405973,CCCCCCOc1ccccc1C(N)=O,1,-1.557353,-23.587404,6.123608,-2.728991,7.28,2.31,-21.750139,0.0,0,20,-21.750139,-18.0127101,1.848655607566636,6.063847000000001,0.03984400000000221,221.29999999999998,2.7446,52.32,1.0,2.0,7.0,1.0,16.0,0.46153846153846156,0.06326886179682904,0.05611979621732611,0.007176109868006799,0.03953218191754982,0.06743721149850458
CHEMBL1407509,Cc1cccc2cc3c(N)c(C(=O)N4CCOCC4)sc3nc12,1,-0.611345,-27.634172,5.191234,-2.236846,2.604,2.4,-25.291128,0.0,0,21,-25.291128,-23.530823190476195,3.3675198226687786,14.981294,0.20213700000000046,327.409,2.812520000000001,68.45,1.0,5.0,1.0,4.0,23.0,0.29411764705882354,0.07924307296942949,0.07719380647282298,0.0046444188842663615,0.06578243137982173,0.08374929251948014
CHEMBL1407943,Clc1ccc(Cn2c(CN3CCCC3)nc3ccccc32)cc1,1,-1.99692,-27.555601,3.097556,-3.718376,4.442,2.13,-30.17334,0.0,0,156,-30.17334,-17.666145891025643,7.950315982664446,29.307821999999998,0.0735209999999995,325.84299999999996,4.333800000000003,21.060000000000002,0.0,2.0,4.0,4.0,23.0,0.3157894736842105,0.1280225399050511,0.12251040868497651,0.011429988582302578,0.10137745049017975,0.14455245101028127
CHEMBL1413,Cc1cc(C2CCCCC2)n(O)c(=O)c1,1,-0.67977,-19.174135,3.059768,-2.98526,0.324,0.32,-19.779396,0.0,0,120,-19.779396,-8.520345133333333,5.458421666889604,21.158918999999997,0.5452729999999981,207.273,2.4417199999999992,42.230000000000004,1.0,2.0,1.0,2.0,15.0,0.5833333333333334,0.04491881357825592,0.04736741629911018,0.008069378770012613,0.02973289624035357,0.06083654224977909
CHEMBL1413196,COc1ccc(NC(=O)c2cccc3c(Br)cccc23)cc1,1,-1.678721,-30.740812,4.079726,-4.264088,3.281,1.79,-32.603897,0.0,0,38,-32.603897,-27.912909789473684,5.182093540036582,21.155656000000004,0.041031000000003814,356.21900000000005,4.8632000000000035,38.33,1.0,2.0,3.0,3.0,22.0,0.05555555555555555,0.1583103521129154,0.15454331370844052,0.02255343889208142,0.11690509194720373,0.19756622563828966
CHEMBL1414242,COc1ccc(Cl)cc1C(=O)Nc1ccc(N(C)C(C)=O)cc1,1,-1.530683,-30.232901,7.925623,-3.707184,4.139,1.15,-27.545145,0.0,0,20,-27.545145,-26.781714349999998,0.849376989078359,3.1831190000000014,0.02438900000000288,332.7870000000001,3.5836000000000015,58.64,1.0,3.0,4.0,2.0,23.0,0.17647058823529413,0.09904657269895922,0.0953256677469799,0.004817773838119705,0.08459186030834208,0.10352060180439931
CHEMBL1421125,Cc1ccc(-c2cc(-c3cccs3)[nH]n2)c(O)c1,1,-1.694432,-29.436293,3.326598,-2.625516,3.833,2.73,-30.429644,0.0,0,120,-30.429644,-23.62850563333333,2.85454691409022,14.971176999999999,0.4515269999999987,256.33000000000004,3.8192200000000014,48.91,2.0,3.0,2.0,3.0,18.0,0.07142857142857142,0.12335240680656667,0.12555933239684788,0.012388697397926472,0.10314989218897232,0.14934165870665936
CHEMBL1422,N[C@@H](CC(=O)N1CCn2c(nnc2C(F)(F)F)C1)Cc1cc(F)c(F)cc1F,1,7.077424,-25.521347,11.064578,-3.818011,5.826,1.93,-11.197357,0.0,0,19,-11.197357,-4.211251736842106,4.864920564658263,14.528427,1.2806510000000006,407.31800000000015,2.0164999999999997,77.04,1.0,4.0,4.0,3.0,28.0,0.4375,0.022264859762034364,0.024316034258384404,0.008847381488513393,0.00842490971270908,0.04151632014261044
CHEMBL1425667,[O-][n+]1onc2c3cc(-c4ccccc4)nnc3ccc21,1,-2.208828,-30.904778,5.378296,-3.619514,0.375,0.37,-31.354824,0.0,0,40,-31.354824,-26.02590325,2.6119640026537825,8.430332,0.07793399999999906,264.244,2.0713999999999997,78.75,0.0,5.0,1.0,4.0,20.0,0.0,0.12359557963762173,0.1371998044617272,0.016271752827585126,0.10938482394742957,0.1679958723848404
CHEMBL1427162,CCCc1nn(C)c(C(=O)Nc2cccc3ccccc23)c1Cl,1,-1.062511,-31.61219,4.408468,-4.09853,4.729,2.73,-32.364765,0.0,0,40,-32.364765,-27.69346005,2.811583268379515,12.433934999999998,0.3050269999999955,327.81500000000005,4.431500000000003,46.92,1.0,2.0,4.0,3.0,23.0,0.2222222222222222,0.14814394120794974,0.15107559102338258,0.021259352960139994,0.11545473453899972,0.19160715708619452
CHEMBL1427854,Cc1cnc(NC(=O)c2c(Cl)cnn2C)s1,1,2.407685,-29.091913,5.995429,-2.138758,2.646,2.64,-22.827559,0.0,0,40,-22.827559,-18.2000973,2.2884084643443647,8.577153000000001,0.7815800000000017,256.718,2.0907199999999997,59.81,1.0,4.0,2.0,2.0,16.0,0.2222222222222222,0.06529696510661215,0.06172274294073159,0.006501990036154303,0.04654547450820646,0.07156639068407819
CHEMBL1430231,Cc1nc(N)nc(Nc2ccc(Cl)cc2)c1Br,1,-0.729793,-24.404127,2.286518,-3.384561,1.517,1.47,-26.231962,0.0,0,24,-26.231962,-25.30452733333333,1.1473725002360697,4.1965499999999984,0.0033399999999979,313.586,3.526720000000001,63.83,2.0,4.0,2.0,2.0,17.0,0.09090909090909091,0.08663279649165471,0.0842460404264618,0.004198452295335544,0.07380012623564651,0.09047405152975473
CHEMBL1430347,[O-][n+]1onc2c1CCc1nnc(-c3ccccc3)cc1-2,1,-2.953331,-25.345364,5.07728,-3.078485,0.37,0.37,-26.2999,0.0,0,40,-26.2999,-22.698060625,2.54413979208793,9.400186000000001,0.03515600000000063,266.26000000000005,1.5306000000000002,78.75,0.0,5.0,1.0,4.0,20.0,0.14285714285714285,0.08430941093494775,0.08478276716196921,0.004187484694756863,0.07445085603414402,0.0911048594023772
CHEMBL1432238,COc1ccc(N2CCN(c3cc(C)c4ccc(O)cc4n3)CC2)cc1,1,-1.74617,-32.324543,18.166876,-3.193905,3.551,2.34,-19.097742,0.0,0,20,-19.097742,-18.436003149999998,0.6212361641930482,1.7959309999999995,0.014212000000000558,349.43400000000014,3.5840200000000024,48.83,1.0,5.0,3.0,4.0,26.0,0.2857142857142857,0.052946729483841604,0.04473194125320113,0.008287373403276111,0.02686107980799876,0.05874618091348667
CHEMBL1435,Cc1nnc(SCC2=C(C(=O)O)N3C(=O)[C@@H](NC(=O)Cn4cnnn4)[C@H]3SC2)s1,1,-13.549274,-32.224808,34.132404,-2.324377,7.42,2.4,-13.966055,0.0,0,16,-13.966055,-8.047986375,5.188890602888263,15.899861000000001,0.05331700000000161,454.5190000000002,-0.6360799999999995,156.08999999999997,2.0,11.0,7.0,4.0,29.0,0.42857142857142855,0.026627827828488812,0.029768095183210476,0.00892760081154349,0.012558760992477776,0.045994319892497006
CHEMBL14370,CCOc1ccccc1OC(c1ccccc1)C1CNCCO1,1,0.585118,-30.439991,4.224931,-3.274461,8.285,2.88,-28.904404,0.0,0,146,-28.904404,-14.789200828767123,6.770173508573487,25.022994,2.7003880000000002,313.39700000000005,3.1938000000000004,39.72,1.0,4.0,6.0,3.0,23.0,0.3684210526315789,0.11175656483916437,0.10848948937691003,0.007456389573375588,0.09281023648792404,0.12142001998122248
CHEMBL1439973,CC(C)(O)C(Cl)(Cl)Cl,1,-2.911747,-9.933008,1.077054,-0.848906,0.351,0.35,-12.616608,0.0,0,20,-12.616608,-10.7318873,1.0237408618367352,3.777032,0.5384529999999987,177.458,2.127500000000001,20.23,1.0,1.0,0.0,0.0,8.0,1.0,0.023674875061060797,0.026932218767277725,0.008910389493893762,0.010328584867822363,0.04364521792743101
CHEMBL1441,CCc1cc(C(N)=S)ccn1,1,-7.706094,-13.731565,4.341042,-1.525995,2.45,1.42,-18.622614,0.0,0,20,-18.622614,-15.28656175,1.3686646127349973,5.221076999999999,0.8218629999999969,166.24900000000002,1.2782,38.91,1.0,2.0,2.0,1.0,11.0,0.25,0.042225191220498594,0.0430007794461549,0.008415568723848183,0.02502614486676376,0.05729732465791283
CHEMBL1447,smilestoolong,1,9.262184,-24.689394,8.393884,0.012577,5.401,1.94,-7.020749,0.0,0,36,-7.020749,-4.4226155277777774,1.9449007395428763,9.308937,0.2824600000000004,,,,,,,,,,0.017486870494227095,0.018330186153907933,0.008512783538399448,0.004677191685479354,0.036759790810955116
CHEMBL1448,O=C(Nc1ccc([N+](=O)[O-])cc1Cl)c1cc(Cl)ccc1O,1,-0.236687,-30.413532,2.734447,-3.500058,2.727,1.78,-31.415829,0.0,0,120,-31.415829,-23.1805913,4.253175428251107,15.863527999999999,0.013206999999997748,327.12300000000005,3.859500000000001,92.47,2.0,4.0,3.0,2.0,21.0,0.0,0.1417449581379808,0.1380029540203869,0.0165509246668893,0.10979999370449309,0.16935061111227245
CHEMBL1454,c1ccc([C@H]2CN3CCSC3=N2)cc1,1,-3.748163,-20.629696,3.982001,-3.137279,0.111,0.11,-23.533138,0.0,0,120,-23.533138,-14.136133449999999,5.35503945426688,20.785364,2.0730230000000027,204.298,2.1460999999999997,15.6,0.0,3.0,1.0,3.0,14.0,0.36363636363636365,0.07133327800782632,0.06575115395016234,0.00599154620120141,0.05185033408006538,0.07441618995881913
CHEMBL1455,CN(C)c1nc(N(C)C)nc(N(C)C)n1,1,5.031174,-17.262863,4.16641,-4.513999,1.149,1.07,-12.579277,0.0,0,39,-12.579277,-9.028272384615386,2.48582506192204,9.342068999999999,1.0658269999999987,210.285,0.0696000000000001,48.39000000000001,0.0,6.0,3.0,1.0,15.0,0.6666666666666666,0.03433881323669619,0.026858834089592137,0.008909255999716672,0.010273131123099808,0.0435839360348353
CHEMBL1459296,Brc1ccc2ncnc(Nc3ccc(N4CCOCC4)cc3)c2c1,1,-0.529907,-31.185387,3.30704,-3.265652,2.09,1.15,-31.673906,0.0,0,30,-31.673906,-27.514236999999998,5.2912809017335105,29.973544999999998,0.9055689999999998,385.2650000000002,3.972500000000002,50.28,1.0,5.0,3.0,4.0,24.0,0.2222222222222222,0.12663176710578275,0.14145010365868882,0.017763480819767842,0.11136537736051427,0.1751832814604178
CHEMBL1460,O=c1[nH]cnc2c1ncn2[C@H]1CC[C@@H](CO)O1,1,-1.723114,-24.198093,9.801837,-0.216911,2.274,1.92,-16.336281,0.0,0,40,-16.336281,-14.213761975,2.017796637806446,6.519717999999999,0.009599999999998943,236.23099999999997,-0.21050000000000008,93.03,2.0,5.0,2.0,3.0,17.0,0.5,0.03439007735452737,0.03574138029612914,0.008807662240817136,0.01781839534564126,0.05100820699534937
CHEMBL146095,O=C(OCC(O)CO)c1ccccc1Nc1ccnc2cc(Cl)ccc12,1,-1.360916,-35.974464,5.874368,-1.949253,4.835,1.53,-33.410267,0.0,0,29,-33.410267,-28.684823413793104,4.129836030573512,12.121514999999999,0.23441700000000054,372.80800000000005,3.141800000000001,91.68,3.0,6.0,6.0,3.0,26.0,0.15789473684210525,0.1444455242000004,0.1667546344168275,0.02722818734027477,0.12193020830529404,0.2193357440706399
CHEMBL1463,Nc1nc(=O)[nH]cc1F,1,-4.205732,-12.316366,5.668728,0.904686,0.0,0.0,-9.948685,0.0,0,20,-9.948685,-8.605229150000001,1.0252023124143927,2.952850999999999,0.051848999999998924,129.09399999999997,-0.5088000000000001,71.77,2.0,3.0,0.0,1.0,9.0,0.0,0.020146705025768572,0.02228330343277754,0.008764843501230746,0.007053679029395675,0.040100193967773874
CHEMBL1464,CC(=O)CC(c1ccccc1)c1c(O)c2ccccc2oc1=O,1,-9.377649,-28.381195,24.251835,-4.170135,2.459,1.65,-17.677143,0.0,0,22,-17.677143,-9.359592999999998,3.9194197872280974,22.416682,4.297707000000001,308.3330000000001,3.609600000000003,67.50999999999999,1.0,4.0,4.0,3.0,23.0,0.15789473684210525,0.038756536264729004,0.03979500917228769,0.008619053622220684,0.02174243712058483,0.05452433672839888
CHEMBL1466,O=c1oc2ccccc2c(O)c1Cc1c(O)c2ccccc2oc1=O,1,-15.14751,-26.730087,56.847351,-4.060582,1.813,0.91,10.909171,0.0,0,38,10.909171,14.199984368421054,1.8620690354051226,4.942309,0.001885999999998944,336.29900000000004,2.9014000000000006,100.88,2.0,6.0,2.0,4.0,25.0,0.05263157894736842,0.008174139701217427,0.007213314818535817,0.0070876782571083485,0.0004345685282639181,0.02739182516414362
CHEMBL1474889,CC(CN(C)C)C(C)(O)Cc1ccc(Cl)cc1,1,4.755667,-19.502274,6.754363,-2.687727,6.4,2.68,-10.679971,0.0,0,3,-10.679971,-10.150039666666666,0.5018726100927734,0.9980119999999992,0.5917820000000003,255.789,2.831200000000001,23.47,1.0,2.0,5.0,1.0,17.0,0.5714285714285714,0.022721911484333678,0.023445286258139814,0.008815745225678939,0.007825648185036298,0.040909943856734236
CHEMBL1475,Cc1cc2cc3c(C)cc(=O)oc3c(C)c2o1,1,-1.487553,-24.31645,5.178638,-3.83413,0.0,0.0,-24.459496,0.0,0,20,-24.459496,-18.866628749999997,4.332628757678279,9.888729000000001,0.03251700000000213,228.24699999999996,3.4644600000000025,43.35,0.0,3.0,0.0,3.0,17.0,0.21428571428571427,0.07327101892308703,0.07151604726368047,0.00526800980564962,0.05957145707994781,0.07903856392686846
CHEMBL1476893,O=S(=O)(NNc1ncc(C(F)(F)F)cc1Cl)c1ccc(F)cc1F,1,-0.857824,-28.953682,3.832043,-2.832077,1.173,0.49,-28.811541,0.0,0,40,-28.811541,-25.687109025,1.589863769352622,7.782136999999999,0.8393809999999995,387.71700000000004,3.3374000000000006,71.09,2.0,4.0,4.0,2.0,24.0,0.08333333333333333,0.10163925863925,0.10753115054015001,0.007218657077043839,0.09222190226884933,0.11990058819188658
CHEMBL1481360,CCCCc1cc2c(c(NC(C)=O)n1)c(=O)oc1ccccc12,1,-0.664958,-25.661301,5.897209,-3.611889,2.003,1.62,-24.040939,0.0,0,1,-24.040939,-24.040939,,,,310.353,3.6422000000000017,72.2,1.0,4.0,4.0,3.0,23.0,0.2777777777777778,0.07045175470603171,0.06884143592871561,0.005598789520693019,0.056032992232535966,0.07661145976775932
CHEMBL1481388,Nc1cccc(Nc2ncnc3ccccc23)c1,1,-2.24737,-27.946892,4.415775,-2.910338,1.515,1.47,-28.688824,0.0,0,40,-28.688824,-23.229462849999997,2.368739466773572,9.192001999999999,0.24181199999999947,236.27800000000005,2.9556000000000004,63.83,2.0,4.0,2.0,3.0,18.0,0.0,0.1107786499600904,0.10627839600879392,0.0069163983078479865,0.09145225304828124,0.11783814497923581
CHEMBL3190491,Oc1oc(-c2ccccc2)nc1/C=N/c1nccs1,1,-3.352323,-27.578854,4.380753,-2.037686,5.545,3.59,-28.58811,0.0,0,60,-28.58811,-24.797769533333334,1.481145407778202,7.518903999999999,0.14818200000000203,271.301,3.2543000000000006,71.51,1.0,6.0,3.0,3.0,19.0,0.0,0.10015608879324689,0.10526179754234695,0.006678664361294637,0.09082720928327515,0.11640089739492913
CHEMBL3190804,CCc1ccc2[nH]c3nc(N/N=C/c4ccc(O)cc4O)nnc3c2c1,1,-2.961499,-31.780031,6.073551,-2.023995,3.044,1.41,-30.691975,0.0,0,62,-30.691975,-26.934249193548382,4.180261601095793,23.253315,0.2457579999999986,348.3660000000001,2.925700000000001,119.31,4.0,7.0,4.0,4.0,26.0,0.1111111111111111,0.12647274890026589,0.12875811668203913,0.01342271295414127,0.1049258748297612,0.15442352063982523
CHEMBL3192859,COc1cc(/C=N/NC(=O)c2cccnc2)cc2c1OCO2,1,-2.737383,-31.535995,6.84234,-1.31381,5.825,2.48,-28.744846,0.0,0,40,-28.744846,-23.630521025,1.9604113091095945,11.086786,0.20610399999999984,299.2860000000001,1.5828,82.04,1.0,6.0,4.0,3.0,22.0,0.13333333333333333,0.10118840733263261,0.1068483720801348,0.00705268595988888,0.09180250731399352,0.11866425735535947
CHEMBL3195512,O=C(N/N=C/c1ccco1)c1ccc(C(=O)N/N=C/c2ccco2)o1,1,0.606566,-33.39238,9.325114,-1.869673,8.434,3.48,-25.33037,0.0,0,2,-25.33037,-23.465719999999997,2.6370133190789904,3.7292999999999985,3.7292999999999985,340.2950000000001,1.9934,122.34,2.0,7.0,6.0,3.0,25.0,0.0,0.07976032865951065,0.07747421617769158,0.0046180870037720095,0.06603201095750359,0.0839758199220871
CHEMBL3198275,O=C(N/N=C/c1ccc(-c2ccccc2[N+](=O)[O-])o1)c1cncc(Br)c1,1,-1.502134,-35.421173,11.083008,-3.912065,6.421,3.16,-29.752365,0.0,0,41,-29.752365,-24.49783936585366,4.5383340984261045,19.070230000000002,0.008108000000000004,415.20300000000003,3.776200000000002,110.63,1.0,6.0,5.0,3.0,26.0,0.0,0.10820370500504044,0.11766359668977427,0.009967023953847453,0.09842405529840033,0.13655354073239961
CHEMBL3210930,CC(/C=C/c1cccc([N+](=O)[O-])c1)=N/NC(=O)c1cccnc1,1,-1.740234,-30.422363,6.871075,-3.491454,9.1,3.16,-28.782976,0.0,0,40,-28.782976,-24.0465808,3.3735877511108696,17.021492000000002,0.15243099999999998,310.313,2.8089000000000004,97.49,1.0,5.0,5.0,2.0,23.0,0.0625,0.1118029188560062,0.10723815923084101,0.007147080906419456,0.09204195666096553,0.11936632963528523
CHEMBL3213524,C/C(=N\NC(=O)c1cccnc1)c1ccc(-n2ccnc2)cc1,1,-1.88589,-23.876816,7.169213,-3.811892,5.886,2.48,-22.405384,0.0,0,5,-22.405384,-12.7858464,8.255651172579986,20.271592000000002,5.519384000000002,305.341,2.4213000000000005,72.17,1.0,4.0,4.0,3.0,23.0,0.058823529411764705,0.060531234182006594,0.05945154024680687,0.006782161841570999,0.043632405749058245,0.06991614232479751
CHEMBL3213880,Cc1cc(O)nc(N/N=C/c2ccc(Br)s2)n1,1,-2.209348,-27.076906,5.400772,-3.161481,5.457,3.07,-27.046965,0.0,0,120,-27.046965,-21.431528766666666,4.725383398608638,16.229277,0.04021699999999839,313.18,2.7606200000000003,70.4,2.0,6.0,3.0,2.0,17.0,0.1,0.08921458038378649,0.09094319791988026,0.00435817335819978,0.08170974557633572,0.09834683382514861
CHEMBL3214386,C/C(=N/Nc1ccc(F)cc1)c1ccc(Cl)s1,1,-0.617012,-27.951569,2.17068,-4.011476,3.776,2.6,-30.409376,0.0,0,40,-30.409376,-28.426423,1.515022850612441,5.007505000000002,0.02369500000000002,268.74399999999997,4.376700000000001,24.39,1.0,3.0,3.0,2.0,17.0,0.08333333333333333,0.1289284010783114,0.12531549484485283,0.012311025272793269,0.10301420782686238,0.14895526923753769
CHEMBL325109,COc1cc(N)c(Cl)cc1C(=O)NC1CCN(Cc2ccccc2)CC1,1,7.75235,-32.732048,7.099501,-4.064796,1.827,1.16,-21.944994,0.0,0,20,-21.944994,-18.1941805,1.4238759326893806,5.431267000000002,0.1698190000000004,373.8840000000002,3.3252000000000024,67.58999999999999,2.0,4.0,5.0,3.0,26.0,0.35,0.05755549665057016,0.057086803536749144,0.007064216767642436,0.04066212664645993,0.06816423563836721
CHEMBL328560,NS(=O)(=O)c1ccc(N2CCCCS2(=O)=O)cc1,1,-13.307495,-20.365356,9.273746,1.573018,1.081,1.05,-22.826086,0.0,0,40,-22.826086,-13.183284025,3.371205019208075,20.133187,5.227298999999999,290.36599999999993,0.2639999999999998,97.53999999999999,1.0,4.0,2.0,2.0,18.0,0.4,0.05968255168633566,0.06171464207422658,0.006503002340936192,0.04653498218170317,0.07156056230344592
CHEMBL3301612,COC(=O)N[C@@H](C)CNc1nccc(-c2cn(C(C)C)nc2-c2cc(Cl)cc(NS(C)(=O)=O)c2F)n1,1,0.792632,-45.933472,9.667739,-2.44223,9.681,2.23,-37.915329,0.0,0,2,-37.915329,-37.786395999999996,0.1823387972374502,0.25786599999999993,0.25786599999999993,540.0210000000002,3.908400000000002,140.13,3.0,8.0,9.0,3.0,36.0,0.36363636363636365,0.2513287946310084,0.24869916970280323,0.0601910591730787,0.1539149342593773,0.3715686843515465
CHEMBL340978,CC(C(=O)O)c1ccc2oc(-c3ccc(Cl)cc3)nc2c1,1,-10.705319,-33.889488,27.434502,-3.912333,2.554,1.27,-21.072638,0.0,0,23,-21.072638,-17.216264565217394,5.098228640233789,15.462238000000001,0.0616940000000028,301.729,4.336300000000002,63.33,1.0,3.0,3.0,3.0,21.0,0.125,0.05757850170005238,0.05290670831687543,0.007530934376182808,0.035837292348809016,0.06508998377230059
CHEMBL349803,NS(=O)(=O)c1cc(C(=O)O)cc(N2CCCC2)c1Oc1ccccc1,1,-15.283247,-30.029606,29.025602,-0.652571,5.6,2.45,-16.939819,0.0,0,7,-16.939819,-2.574554285714286,11.519038971862884,24.72673,2.570086999999999,362.40700000000004,2.4247000000000005,109.93,2.0,5.0,5.0,3.0,25.0,0.23529411764705882,0.0346778886039893,0.03749884091360612,0.008735797095649625,0.01948698122204178,0.05246468277567818
CHEMBL35,NS(=O)(=O)c1cc(C(=O)O)c(NCc2ccco2)cc1Cl,1,-10.840198,-29.382544,24.82148,-0.519525,2.721,2.42,-15.920786,0.0,0,40,-15.920786,-3.6320314750000002,7.074086460646024,21.805505,1.954400999999999,330.749,1.8907,122.63000000000001,3.0,5.0,5.0,2.0,21.0,0.08333333333333333,0.03429445087467631,0.034591313092405346,0.008846083402187902,0.016754764966875824,0.05003663877877057
CHEMBL3545185,O=C(/C=C\n1cnc(-c2cc(C(F)(F)F)cc(C(F)(F)F)c2)n1)NNc1cnccn1,1,-0.19851,-33.60191,5.780777,-4.763179,3.805,2.33,-32.782822,0.0,0,1,-32.782822,-32.782822,,,,443.311,3.386700000000001,97.62,2.0,6.0,5.0,3.0,31.0,0.11764705882352941,0.1540556220703396,0.15718390040544616,0.023549616398579973,0.11800214607998713,0.20211648632758955
CHEMBL358150,CC(C)(Oc1ccc(Cl)cc1)C(=O)OCCOC(=O)c1cccnc1,1,-1.698316,-31.900108,4.312838,-4.359025,8.919,2.89,-33.644611,0.0,0,40,-33.644611,-29.246646475,1.7759073121859967,8.460415999999999,0.6763529999999989,363.7970000000001,3.292600000000001,74.72,0.0,6.0,7.0,2.0,25.0,0.2777777777777778,0.17820122484374945,0.17045294550446033,0.028674197705111943,0.1234299074571384,0.22608763343586097
CHEMBL3589557,O=C(c1cc(S(=O)(=O)Nc2ccccc2F)c(F)cc1Cl)N1CCN2CCC[C@@H]2C1,1,3.142028,-30.081259,14.196236,-3.315181,2.718,1.87,-16.058178,0.0,0,28,-16.058178,2.80027025,12.285019872442756,40.486614,0.14069200000000137,455.9140000000003,3.3392000000000017,69.72,1.0,4.0,4.0,4.0,30.0,0.35,0.032042169176686154,0.034966382373713085,0.008834318708229469,0.01709913402211685,0.05035542563751933
CHEMBL36,CCc1nc(N)nc(N)c1-c1ccc(Cl)cc1,1,-1.891283,-19.555496,1.92495,-2.386146,0.872,0.85,-21.907974,0.0,0,120,-21.907974,-15.65295025,3.603520003738355,11.10376,0.18640900000000116,248.71700000000004,2.5238000000000005,77.82,2.0,4.0,2.0,2.0,17.0,0.16666666666666666,0.05474853585989597,0.056901563854827045,0.00708581744328871,0.04044447810123926,0.06802548019970281
CHEMBL360328,C[C@H]1CNCCc2ccc(Cl)cc21,1,7.04001,-18.103323,4.741784,-3.186733,0.0,0.0,-9.508262,0.0,0,20,-9.508262,-6.826397949999999,1.5596005110989994,3.8503420000000004,0.010319000000000855,195.69299999999998,2.589200000000001,12.03,1.0,1.0,0.0,2.0,13.0,0.45454545454545453,0.028098557879556275,0.021620102355138383,0.008731220710009232,0.0066276066106296955,0.03961971994202651
CHEMBL3622879,Cc1nc(C)c(CNc2nc(C3CC3)nc(Cl)c2C)s1,1,-0.589457,-26.337772,2.455511,-3.5635,3.356,2.93,-28.035217,0.0,0,40,-28.035217,-24.444907825,1.3721924386195845,5.821621,0.5486639999999987,308.838,4.001260000000003,50.7,1.0,5.0,4.0,3.0,20.0,0.5,0.1028684301014736,0.09986252128729158,0.00554896985819922,0.08776977901711651,0.10936964025752227
CHEMBL364713,COc1ccc2c(c1OC)C(=O)O[C@@H]2[C@H]1c2c(cc3c(c2OC)OCO3)CCN1C,1,5.75814,-24.304852,12.50418,-2.572714,3.786,1.98,-8.615245,0.0,0,4,-8.615245,-8.04709325,0.5684327913039352,1.1094159999999995,0.1613439999999997,413.4260000000003,2.881800000000001,75.69000000000001,0.0,8.0,4.0,5.0,30.0,0.4090909090909091,0.018150137065939115,0.020353985952086987,0.008657522173526912,0.005844292839634038,0.03853566010818015
CHEMBL365795,CC(C(=O)O)c1ccc(C(=O)c2ccccc2)s1,1,-7.848392,-22.365944,15.997846,-3.82821,4.579,2.64,-18.044701,0.0,0,40,-18.044701,-14.183505675000001,2.631794763842128,9.20533,0.8856740000000016,260.31399999999996,3.167200000000001,54.37,1.0,3.0,4.0,2.0,18.0,0.14285714285714285,0.04103125753319947,0.04100492577399986,0.00854761742184851,0.022963828181126685,0.0555852475824236
CHEMBL36715,NC(=O)CN1CCCC1=O,1,-8.922325,-14.543846,7.806672,0.65145,0.841,0.84,-15.008049,0.0,0,20,-15.008049,-9.234720900000003,2.249670314592127,8.222363999999999,2.441958999999999,142.158,-0.9059000000000004,63.400000000000006,1.0,2.0,2.0,1.0,10.0,0.6666666666666666,0.029186537337551836,0.032224426343710755,0.008902674369451904,0.014639384049739338,0.04798479687364607
CHEMBL3695718,Cc1nc(C)c(CNc2cc(C3CC3)nc3ccnn23)s1,1,-1.741559,-28.143986,4.639679,-3.889538,2.773,1.56,-29.135403,0.0,0,40,-29.135403,-23.620272500000002,2.118909210843067,9.520527000000001,1.6958620000000018,299.40299999999996,3.2921400000000016,55.11,1.0,5.0,4.0,4.0,21.0,0.4,0.10439961036008875,0.11091248523005076,0.008080544378941705,0.09429608310365471,0.1249444756381058
CHEMBL36994,COc1ccc(C(=O)N2CCCC2=O)cc1,1,-5.90151,-20.022747,9.504338,-2.236927,2.765,1.79,-18.656845,0.0,0,40,-18.656845,-14.92937335,1.4814020939982977,6.7430710000000005,0.10112600000000072,219.23999999999995,1.4578,46.61,0.0,3.0,2.0,2.0,16.0,0.3333333333333333,0.043263751759664376,0.04312271675469661,0.008406945791101959,0.02515401180616904,0.05740045052189984
CHEMBL3707366,C[C@H](N)C(=O)N[C@@H](CCC(N)=O)C(=O)O,1,-4.536694,-13.97102,23.388838,0.945428,5.018,1.65,5.826553,0.0,0,20,5.826553,11.404659750000002,3.0185010906388596,11.286117999999998,1.1663550000000003,217.22499999999997,-1.8314999999999984,135.51,4.0,4.0,6.0,0.0,15.0,0.625,0.010775537105286162,0.009004137688183735,0.0073804137241122465,0.0008356183102192605,0.02931987457051171
CHEMBL370805,COC(=O)[C@H]1[C@@H](OC(=O)c2ccccc2)C[C@@H]2CC[C@H]1N2C,1,6.846348,-26.15518,6.142563,-4.219837,1.333,0.97,-17.386106,0.0,0,22,-17.386106,-13.857307636363636,8.54302538874354,35.323202,0.2120570000000015,303.35800000000006,1.8677,55.84,0.0,5.0,3.0,3.0,22.0,0.5294117647058824,0.04456479311293012,0.038868298282886,0.008669197088121503,0.02082213675757016,0.05369940528029819
CHEMBL371463,C[C@H]1CCC[C@H](O)CCC/C=C/c2cc(O)cc(O)c2C(=O)O1,1,-1.406923,-24.803679,3.88027,-0.56061,0.0,0.0,-22.890942,0.0,0,20,-22.890942,-21.776733999999998,0.8321680887793862,2.834108999999998,0.07628899999999916,320.38500000000005,3.3714000000000026,86.99,3.0,5.0,0.0,2.0,23.0,0.5,0.06559724762958032,0.062072513653601696,0.0064582063976372445,0.0469991872440054,0.07181765721663104
CHEMBL3752911,O=C(/C=C/N1C[C@H]2C[C@@H]1CN2c1ccccn1)c1ccccc1O,1,-1.154854,-30.441023,6.853886,-3.345586,5.253,2.28,-28.087578,0.0,0,86,-28.087578,-19.50173827906977,8.249717469504747,23.346881,0.019069999999999254,321.38000000000005,2.446700000000001,56.67,1.0,5.0,4.0,4.0,24.0,0.2631578947368421,0.10338347618056894,0.10036089511625669,0.005642650068970748,0.0881132218735689,0.11001191941037823
CHEMBL3764044,CC1(C)CCc2cc(S(=O)(=O)N(CC(=O)O)Cc3cccc(-c4ccccc4)c3)ccc2O1,1,-7.496811,-35.136688,28.051342,-5.870216,6.519,1.78,-20.452374,0.0,0,1,-20.452374,-20.452374,,,,465.5710000000002,4.732700000000004,83.91000000000001,1.0,4.0,7.0,4.0,33.0,0.2692307692307692,0.057984004051045375,0.05015731305961754,0.007810868752766001,0.03276894536392968,0.06304223134504858
CHEMBL37744,CN(C)C/C=C(/c1ccc(Br)cc1)c1cccnc1,1,7.477331,-27.896458,7.54086,-4.054375,3.955,2.14,-16.93264,0.0,0,21,-16.93264,-15.794560095238095,2.110719499487862,10.090011,0.12956600000000051,317.22999999999996,3.8374000000000024,16.130000000000003,0.0,2.0,4.0,2.0,19.0,0.1875,0.04581224299163733,0.03747730820192241,0.008736771309703168,0.019466228839343715,0.052447017433553435
CHEMBL3786182,O=C(O)c1ccc(CN2CCC(CN[C@@H]3C[C@H]3c3ccccc3)CC2)cc1,1,4.249381,-30.521627,38.545841,-6.413836,4.499,2.54,5.859758,0.0,0,2,5.859758,6.693458,1.1790298469504492,1.6673999999999998,1.6673999999999998,364.4890000000001,3.7425000000000033,52.57,2.0,3.0,7.0,4.0,27.0,0.43478260869565216,0.005361925119923499,0.008990185444470477,0.007378175442789651,0.0008320224139924311,0.029311451745444392
CHEMBL385517,N#C[C@@H]1C[C@@H]2C[C@@H]2N1C(=O)[C@@H](N)C12CC3CC(CC(O)(C3)C1)C2,1,0.352745,-24.586624,3.958956,-1.470861,1.801,1.26,-21.745785,0.0,0,60,-21.745785,-8.747362150000003,9.804012377203838,26.217644,0.16536900000000188,315.4170000000001,1.157979999999999,90.35000000000001,2.0,4.0,2.0,6.0,23.0,0.8888888888888888,0.06040763641978789,0.0560984129652703,0.007178559341478627,0.039507326717737296,0.06742105951535145
CHEMBL388590,CCc1oc2ccccc2c1C(=O)c1cc(Br)c(O)c(Br)c1,1,-9.899957,-31.660847,15.494712,-4.575184,5.446,2.33,-30.641273,0.0,0,40,-30.641273,-22.9344189,4.712548564112078,18.893604000000003,1.419519000000001,424.088,5.456800000000003,50.44,1.0,3.0,3.0,3.0,22.0,0.11764705882352941,0.11706332317433454,0.12813365766546883,0.013218716270332836,0.10457974534928165,0.15342958408055488
CHEMBL388751,OCC(O)COc1ccc(Cl)cc1,1,-1.05231,-19.894474,2.786434,-0.411506,4.634,2.2,-18.571857,0.0,0,20,-18.571857,-16.753636,0.8725270746901002,3.342334000000001,0.307226,202.63700000000003,1.072,49.69,2.0,3.0,4.0,1.0,13.0,0.3333333333333333,0.04020768734164859,0.042820754067778924,0.00842818457603075,0.02483775302875376,0.05714476824492034
CHEMBL395091,CN[C@]1(c2ccccc2Cl)CCCCC1=O,1,0.344412,-20.431023,2.089547,-2.019953,3.116,1.63,-20.017015,0.0,0,46,-20.017015,-18.09057576086957,0.9973302813176607,3.9687669999999997,0.1159169999999996,237.7299999999999,2.897800000000001,29.1,1.0,2.0,2.0,2.0,16.0,0.46153846153846156,0.05344544067541035,0.048330422702388104,0.00798323587735876,0.030785056391697208,0.06154871238848016
CHEMBL399121,COc1ccc([C@@H]2CC(=O)c3c(O)cc(O)cc3O2)cc1O,1,-0.923136,-27.865381,4.867575,-0.021691,0.61,0.61,-23.942633,0.0,0,120,-23.942633,-17.467739225,5.095230084828567,17.652841000000002,0.11438599999999965,302.28200000000004,2.518500000000001,96.22000000000001,3.0,6.0,2.0,3.0,22.0,0.1875,0.07081716722196663,0.0682301951233193,0.005675952943168178,0.0551981813860385,0.07612423797856102
CHEMBL400585,O=C(O)COn1c(-c2ccccc2)nc2ccc([N+](=O)[O-])cc21,1,-8.748322,-25.786636,18.157301,-4.234481,9.974,4.33,-20.612139,0.0,0,40,-20.612139,-17.45302585,2.8323487213013268,9.81588,0.07595999999999847,313.2690000000001,2.1247000000000007,107.49000000000001,1.0,5.0,5.0,3.0,23.0,0.06666666666666667,0.055731442216219985,0.050848653196047325,0.007742718199263892,0.03353161119593887,0.06359675199855229
CHEMBL405,CC(N)Cc1ccccc1,1,7.268791,-13.423771,1.26572,-2.174561,0.353,0.34,-7.06382,0.0,0,20,-7.06382,-5.6093025,0.696448109309811,2.758717,0.12024200000000018,135.20999999999998,1.5763,26.02,1.0,1.0,2.0,1.0,10.0,0.3333333333333333,0.01753883985502798,0.01838118641732625,0.008516850685560098,0.004705280521847688,0.036805610709917704
CHEMBL407,CCOC(=O)c1ncn2c1CN(C)C(=O)c1cc(F)ccc1-2,1,-0.281415,-31.548086,7.0961,-3.599978,2.333,2.33,-28.33338,0.0,0,20,-28.33338,-27.538592799999996,0.42903798613551797,1.718005999999999,0.3442369999999997,303.293,1.7736999999999998,64.43,0.0,4.0,2.0,3.0,22.0,0.26666666666666666,0.10583580754307788,0.10273643007320704,0.006120346383446467,0.08936871170266612,0.11307260208935073
CHEMBL4071864,CN1C(=O)[C@@H](NC(=O)c2n[nH]c(Cc3ccccc3)n2)COc2ccccc21,1,-3.959547,-33.353275,7.452572,-3.775367,2.128,1.41,-33.635616,0.0,0,3,-33.635616,-26.91586,8.504092242284063,16.280701999999998,3.8785659999999993,377.4040000000001,1.5492999999999992,100.21000000000001,2.0,5.0,4.0,4.0,28.0,0.2,0.14692114565925957,0.17030975383510738,0.0286179887557068,0.12337201378765987,0.2258257465125572
CHEMBL409,CC(O)(CS(=O)(=O)c1ccc(F)cc1)C(=O)Nc1ccc(C#N)c(C(F)(F)F)c1,1,-2.12319,-34.740257,4.048438,-2.666959,5.63,1.84,-35.481964,0.0,0,38,-35.481964,-29.965438131578946,2.500449229248651,12.281562999999998,1.4381899999999987,430.3790000000001,2.8795800000000007,107.25999999999999,2.0,5.0,5.0,2.0,29.0,0.2222222222222222,0.21068439032802036,0.20172085728506076,0.04123048528421609,0.13579683659509642,0.2839381744741765
CHEMBL409450,O=C1Nc2cc(Br)ccc2/C1=C1/Nc2ccccc2/C1=N\O,1,-1.133682,-29.471478,4.355167,-2.336905,1.184,1.16,-28.586897,0.0,0,118,-28.586897,-19.336692661016944,4.084981484154353,16.24341,0.05585299999999904,356.17900000000003,3.4163000000000023,73.72,3.0,4.0,0.0,4.0,22.0,0.0,0.10014688773215803,0.10524961665691461,0.006675858711201682,0.09081971737406457,0.11638368832410395
CHEMBL4126289,CC1(C)OCCn2c1nc(C(=O)NCc1ccc(F)cc1)c(O)c2=O,1,-2.671672,-28.466791,4.627461,-2.399511,4.701,2.33,-28.910513,0.0,0,94,-28.910513,-17.611873191489362,10.093907857487453,51.36273,0.18003300000000166,347.3460000000001,1.2832999999999999,93.45000000000002,2.0,5.0,3.0,3.0,25.0,0.35294117647058826,0.11182162685749218,0.10855284805872918,0.007472297166935485,0.09284911983757026,0.12150916872732873
CHEMBL41286,CC(=O)Oc1cccc2c1C(=O)c1c(OC(C)=O)cc(C(=O)O)cc1C2=O,1,-12.529216,-27.160179,29.219913,-4.521014,0.046,0.02,-14.990496,0.0,0,20,-14.990496,-7.62809915,3.9397740145256694,12.191719,0.218966,368.2970000000001,2.0107999999999997,124.04000000000002,1.0,7.0,3.0,3.0,27.0,0.10526315789473684,0.03795008646224746,0.03218095260401814,0.008903421468325576,0.014601485317345073,0.047949969383445916
CHEMBL415324,COc1ccc(/C=C/C(=O)Nc2ccccc2C(=O)O)cc1OC,1,-8.194156,-30.058359,21.066389,-3.628775,5.826,2.39,-20.814899,0.0,0,40,-20.814899,-17.304758099999997,3.903331179523248,14.295953,0.025186000000001485,327.33600000000007,3.0539000000000014,84.86,2.0,4.0,6.0,2.0,24.0,0.1111111111111111,0.059413439727212046,0.0517427032821248,0.007652315315910728,0.03452678672431033,0.06424929465677846
CHEMBL41632,O=C(O)Cc1cc(I)c(Oc2ccc(O)c(I)c2)c(I)c1,1,-5.014139,-31.978916,27.428364,-4.008391,5.533,2.44,-13.573084,0.0,0,2,-13.573084,-12.849524500000001,1.0232676580838949,1.447118999999999,1.447118999999999,621.9340000000001,4.625400000000002,66.76,2.0,3.0,4.0,2.0,21.0,0.07142857142857142,0.027094260563313613,0.02890413477357459,0.008927741987702652,0.01186158662503461,0.045282973130250224
CHEMBL4243206,C[Si](C)(O)c1ccc(N(CCc2ccccc2)S(=O)(=O)c2ccccc2)cc1,1,-0.479799,-32.804802,7.908167,-5.825056,8.085,2.62,-31.201492,0.0,0,1,-31.201492,-31.201492,,,,411.59900000000005,3.5290000000000026,57.61,1.0,3.0,7.0,3.0,28.0,0.18181818181818182,0.1413965327954332,0.13520078650518486,0.015582678974414762,0.10833641267907797,0.16472810764403975
CHEMBL4251290,COC(=O)CN(c1ccc(C(C)(C)O)cc1)S(=O)(=O)c1ccccc1,1,-1.057793,-30.512562,5.064343,-1.566125,5.675,2.2,-28.072138,0.0,0,20,-28.072138,-21.86351985,3.697521243438896,16.690201,1.7994209999999988,363.4350000000001,2.2823,83.91,1.0,5.0,6.0,2.0,25.0,0.2777777777777778,0.10429221304584062,0.100213658788114,0.005614725139681843,0.08803509703809809,0.10982217426053205
CHEMBL43,COc1cc(NS(C)(=O)=O)ccc1Nc1c2ccccc2nc2ccccc12,1,4.056479,-30.925394,12.014651,-2.832212,4.499,1.67,-17.686476,0.0,0,20,-17.686476,-7.369910750000001,9.723034323982654,23.709006,0.32548399999999944,393.46800000000013,4.511700000000003,80.32,2.0,5.0,5.0,4.0,28.0,0.09523809523809523,0.045486171596009234,0.039825178920351485,0.008617353777287229,0.021772621862711165,0.05455101034266554
CHEMBL4301645,c1ccc([C@@H]2C[C@H]2NC2CCNCC2)cc1,1,15.046347,-18.026348,11.001044,-3.139523,3.448,1.84,4.88152,0.0,0,60,4.88152,11.9654271,4.829825783478171,22.033386999999998,0.1541990000000002,216.32799999999995,1.8840999999999999,24.06,2.0,2.0,3.0,3.0,16.0,0.5714285714285714,0.005773125123823251,0.009415914283321263,0.007445957741769933,0.0009449761627929554,0.02957203167419607
CHEMBL4303665,C/C(=C(\CCOP(=O)(O)O)SC(=O)c1ccccc1)N(C=O)Cc1cnc(C)nc1N,1,-19.966309,-37.327957,74.769966,-3.34495,11.556,3.51,14.130751,0.0,0,4,14.130751,35.786999,24.91941832958117,43.514898,0.15273299999999956,466.45600000000024,2.630119999999999,155.94000000000003,3.0,8.0,10.0,2.0,31.0,0.2631578947368421,0.005155400549011772,0.006365212752922884,0.006950796760522214,0.00028877705648614735,0.02617985637460255
CHEMBL43064,C(=C/c1ccccc1)\CN1CCN(C(c2ccccc2)c2ccccc2)CC1,1,9.025546,-30.639166,3.720202,-6.582256,1.948,0.91,-24.475674,0.0,0,2,-24.475674,-22.1970235,3.222498441008236,4.5573010000000025,4.5573010000000025,368.5240000000001,5.1070000000000055,6.48,0.0,2.0,6.0,4.0,28.0,0.23076923076923078,0.07364193641090655,0.07162181551678833,0.005255244742632869,0.05968719329656837,0.07912716208533317
CHEMBL1087,Cc1cccc(C)c1NC(=O)C1CCCCN1C,1,-3.656477,-22.72172,3.271371,-2.495749,2.867,1.51,-25.602573,0.0,0,196,-25.602573,-14.862150663265306,5.80337416307805,42.916116,0.1236089999999983,246.35399999999996,2.7262400000000007,32.34,1.0,2.0,2.0,2.0,18.0,0.5333333333333333,0.07769088561636633,0.07945150778107686,0.004449301646051913,0.06781067348694524,0.08567121205412513
CHEMBL1096882,Nc1nc(F)nc2c1ncn2[C@@H]1O[C@H](COP(=O)(O)O)[C@@H](O)[C@@H]1O,1,-19.45171,-24.746969,62.838383,1.450319,4.692,2.04,20.090025,0.0,0,40,20.090025,29.17032845,5.4068472542482695,17.254769999999997,0.1620670000000004,365.21400000000006,-1.7239000000000007,186.07,5.0,9.0,4.0,3.0,24.0,0.5,0.0019033438597390506,0.005197989529222161,0.006781974262152794,0.0001368323993828717,0.024950218300521826
CHEMBL112,CC(=O)Nc1ccc(O)cc1,1,-3.077337,-17.53297,5.164966,-0.117257,0.046,0.04,-15.562598,0.0,0,20,-15.562598,-13.8975347,0.8848200061821138,2.9886029999999995,0.47161399999999887,151.165,1.3505999999999998,49.33,2.0,2.0,1.0,1.0,11.0,0.125,0.03329606805538656,0.03363707479876642,0.00887260943962502,0.015889787368524682,0.049216914342860296
CHEMBL1159717,CC(C)(C)NCC(O)c1ccccc1Cl,1,6.09958,-18.211578,0.299958,-2.598147,3.727,1.83,-14.410187,0.0,0,20,-14.410187,-13.168203199999999,0.5925185015210918,2.2238100000000003,0.36147300000000016,227.735,2.7615000000000007,32.26,2.0,2.0,3.0,1.0,15.0,0.5,0.038745077739852474,0.030784775385890306,0.008921608065109686,0.013403299727137967,0.046823839014457636
CHEMBL1231530,O=C(O)CCNC(=O)c1ccccc1,1,-8.789037,-19.508945,19.266258,-1.996681,5.048,1.62,-11.028404,0.0,0,20,-11.028404,-10.68367485,0.2041275164584691,0.6983090000000001,0.05242100000000072,193.20200000000003,0.8911,66.4,2.0,2.0,4.0,1.0,14.0,0.2,0.03102130203791861,0.024027087144133253,0.008837490860046062,0.008224106764134459,0.041315146593489546
CHEMBL130,O=C(N[C@H](CO)[C@H](O)c1ccc([N+](=O)[O-])cc1)C(Cl)Cl,1,-4.417576,-25.150652,3.578895,-1.505197,4.392,1.54,-27.49453,0.0,0,20,-27.49453,-24.212352700000004,1.0613471647481107,5.225926000000001,2.3655360000000023,323.13199999999995,0.9089999999999998,112.70000000000002,3.0,5.0,6.0,1.0,20.0,0.36363636363636365,0.09307968804680566,0.0948700198642405,0.004757792524811822,0.08435325905517195,0.10293299062454576
CHEMBL137,Cc1ncc([N+](=O)[O-])n1CCO,1,-0.176596,-23.473061,4.72117,-1.814927,0.49,0.46,-20.743412,0.0,0,20,-20.743412,-17.63971075,2.4201896349290672,6.769024,0.33389700000000033,171.15599999999998,0.09201999999999994,81.19,1.0,4.0,3.0,1.0,12.0,0.5,0.04911123043782376,0.05142533830017841,0.007684693715681198,0.03417238370860919,0.0640183473262486
CHEMBL142635,COc1ccccc1N1CCN(CC(O)COc2cccc3ccccc23)CC1,1,4.219051,-34.371361,8.916094,-3.645198,8.014,2.09,-24.881414,0.0,0,4,-24.881414,-23.47312825,1.5595650351903418,2.822679000000001,0.11819399999999902,392.4990000000001,3.410300000000002,45.17,1.0,5.0,7.0,4.0,29.0,0.3333333333333333,0.07810644391947281,0.07433435719759349,0.004940215980862935,0.06267501312620688,0.08145652601081399
CHEMBL1529540,CCCC(=O)Nc1nn(C)c2nc3cc(C)ccc3cc12,1,-2.601775,-26.995888,7.740857,-3.315587,2.474,1.59,-25.172394,0.0,0,20,-25.172394,-19.06362155,2.2446633552924795,10.907512,3.640442,282.34700000000004,3.168520000000002,59.81,1.0,3.0,3.0,3.0,21.0,0.3125,0.07854226950115029,0.07635240073821611,0.004726566018729003,0.06490093947577402,0.08307440470692773
CHEMBL1567449,COc1ccccc1NC(=O)Nc1cccnc1,1,-2.269222,-23.927164,3.994142,-1.80775,3.22,1.53,-24.009995,0.0,0,40,-24.009995,-21.6205046,1.0771724295005383,4.593717999999999,0.8813999999999993,243.26600000000002,2.7342000000000004,63.25,2.0,3.0,3.0,2.0,18.0,0.07692307692307693,0.07365940778870549,0.06864835028238572,0.0056231203854146,0.0557688895962545,0.07644559280290626
CHEMBL1579318,CCOc1ccc(NC(=O)c2cc3ccccc3cc2OC)cc1,1,-1.831243,-28.172235,5.545486,-4.121719,6.472,2.09,-28.579712,0.0,0,27,-28.579712,-25.562700074074073,2.107835102140691,7.479307000000002,0.14594100000000054,321.3760000000001,4.499400000000003,47.56,1.0,3.0,5.0,3.0,24.0,0.15,0.1000802354803414,0.10517749592075148,0.00665926825128183,0.09077535790324713,0.11628180254515776
CHEMBL1601528,O=C(Nc1cccc(Cl)c1)c1ccc(O)nn1,1,-3.710943,-24.941845,4.934841,-1.303721,3.654,2.73,-25.021667,0.0,0,40,-25.021667,-22.58628675,1.3131878917248891,4.691763999999999,0.1710160000000016,249.65699999999998,2.0879,75.11,2.0,4.0,2.0,2.0,17.0,0.0,0.07666772837691277,0.07529933200728862,0.004835387425442694,0.06373469276956739,0.08223177145223476
CHEMBL1613234,Nc1c(C(=O)c2ccc(Br)cc2)oc2ccccc12,1,-2.4164,-27.274282,3.065361,-2.848139,3.431,2.33,-29.473459,0.0,0,40,-29.473459,-26.67868305,2.6673276826490104,6.753751999999999,0.03751499999999908,316.154,4.0085000000000015,56.230000000000004,1.0,3.0,2.0,3.0,19.0,0.0,0.10711426738929157,0.11456059747751639,0.009075552941985745,0.09652885696720223,0.13110506218133033
CHEMBL1765292,CCC(C(=O)O)c1ccc(N2Cc3ccccc3C2=O)cc1,1,-7.764967,-28.174557,24.582426,-4.552553,2.311,1.07,-15.909649,0.0,0,20,-15.909649,-10.9019338,4.042835446164898,15.61244,0.24673800000000057,295.33799999999997,3.425200000000002,57.61,1.0,2.0,4.0,3.0,22.0,0.2222222222222222,0.04034195270339526,0.03456113258279236,0.008846997508106235,0.016727161499327233,0.05001090452891776
CHEMBL182,Nc1nc2c(ncn2COC(CO)CO)c(=O)[nH]1,1,-7.964849,-19.559519,9.227999,1.163109,5.632,3.09,-17.133261,0.0,0,20,-17.133261,-15.6528291,1.0265437891762876,3.2641920000000013,0.043381000000000114,255.23399999999998,-1.970899999999999,139.28,4.0,7.0,5.0,2.0,18.0,0.4444444444444444,0.04642929203635208,0.03808491406185165,0.008708407314251649,0.020054698921045562,0.05299542568802201
CHEMBL277522,O=C(O)CCC(=O)c1ccc(-c2ccccc2)cc1,1,-8.807342,-27.495831,17.454811,-4.694118,7.089,1.95,-23.54248,0.0,0,40,-23.54248,-18.595822724999998,3.9245437575893574,14.141326000000001,0.6137230000000002,254.28500000000003,3.4011000000000022,54.37,1.0,2.0,5.0,2.0,19.0,0.125,0.06706559480409639,0.06580652466794697,0.005984478177912837,0.05192443365772828,0.07445470776773812
CHEMBL285674,Clc1ccc2c(c1)C(c1ccccc1)=NCc1nncn1-2,1,-3.08501,-25.682276,4.408519,-3.992111,2.086,2.08,-28.350876,0.0,0,1,-28.350876,-28.350876,,,,294.745,3.2717000000000027,43.07,0.0,3.0,1.0,4.0,21.0,0.0625,0.10717669888503373,0.10290780022668726,0.006156675456019402,0.08945892457405902,0.11329334497226809
CHEMBL3193884,C#CCn1cc(/C=N/NC(=O)c2cc3ccccc3o2)c2ccccc21,1,0.454666,-34.194336,7.961988,-5.050355,4.55,2.39,-30.828037,0.0,0,1,-30.828037,-30.828037,,,,341.37000000000006,3.784600000000002,59.53,1.0,3.0,4.0,4.0,26.0,0.047619047619047616,0.13412657088239643,0.13044870416649734,0.013979952934219613,0.10582710356510096,0.15711880467290976
CHEMBL3194048,CCOc1ccc(/C=N/n2cc(-c3ccccc3)nc2S)cc1,1,-2.822877,-34.511753,11.430275,-5.705816,10.515,3.37,-31.61017,0.0,0,28,-31.61017,-24.639748571428576,3.148852374822546,15.684557,1.516292,323.421,4.119700000000003,39.41,1.0,4.0,5.0,3.0,23.0,0.1111111111111111,0.13798129775775522,0.1405913144061543,0.017459281657661,0.11099557688330043,0.17372752365138908
CHEMBL3195346,Cc1nc(C)c(C(=O)N/N=C/c2c[nH]c3ccccc23)s1,1,-1.591041,-29.465454,8.552407,-3.005006,5.036,2.64,-25.509094,0.0,0,40,-25.509094,-21.066729225,2.520304501622226,11.042078000000002,0.09990100000000268,298.37100000000004,3.005140000000001,70.14,2.0,4.0,3.0,3.0,21.0,0.13333333333333333,0.08089342715478133,0.07876607602665536,0.00450424790870802,0.06719036004009728,0.08501932747055227
CHEMBL3197908,COc1ccc2nc(C)cc(N/N=C/c3ccc(F)cc3)c2c1,1,-2.325536,-32.777431,4.8521,-3.79968,3.698,2.6,-34.050545,0.0,0,160,-34.050545,-22.88313908125,6.7126697922255465,27.666333,0.026448000000002025,309.34400000000005,4.1369200000000035,46.51,1.0,4.0,4.0,3.0,23.0,0.1111111111111111,0.17323847866998365,0.17701723972536432,0.03126811675657308,0.12606863584812908,0.2381303502439236
CHEMBL3287136,Cc1c(-c2ccc(O)c(O)c2)[nH]c2ccc(OCCCO)cc12,1,-4.486279,-34.703407,6.039494,0.206503,7.746,2.09,-32.943687,0.0,0,40,-32.943687,-25.7862364,2.846671224173792,10.257632999999998,1.0279309999999988,313.35300000000007,3.3157200000000016,85.71000000000001,4.0,4.0,5.0,3.0,23.0,0.2222222222222222,0.13348833144006877,0.15959155555049814,0.024465447584339356,0.1189971791205282,0.20633578215835915
CHEMBL339323,CC(=N)N1CC[C@H](SC2=C(C(=O)O)N3C(=O)[C@H]([C@@H](C)O)[C@H]3C2)C1,1,-0.637323,-25.324581,28.251003,-0.354548,8.544,3.5,1.934551,0.0,0,26,1.934551,9.154061192307692,3.6787107621347452,15.940617,0.7361469999999999,339.4170000000001,0.6987700000000001,104.92999999999999,3.0,5.0,4.0,3.0,23.0,0.6666666666666666,0.0072315697233116495,0.010905039294218601,0.007673001786924386,0.0013912804897641669,0.030532278781088617
CHEMBL3596279,O=C(O)c1ccc(-c2nc(C(=O)c3c(Cl)cccc3C3CC3)n3cccnc23)cc1O,1,-9.130319,-35.509487,30.60401,-5.288781,4.262,1.87,-19.324575,0.0,0,10,-19.324575,-11.784362599999998,8.3180121080394,22.574628999999998,0.04510799999999904,433.85100000000017,4.561900000000003,104.78999999999999,2.0,5.0,5.0,5.0,31.0,0.13043478260869565,0.045866690666357963,0.045588557271629186,0.008219458882694814,0.02778434168499491,0.05946581585806946
CHEMBL3695713,Cn1cc(CNc2cc(OC[C@H]3C[C@@H]3c3ccccn3)nc3ccnn23)cn1,1,-0.768522,-34.351288,8.016949,-3.475299,9.135,3.54,-30.578159,0.0,0,13,-30.578159,-23.314585846153843,3.849795471206487,14.551136,3.939854999999998,375.43600000000004,2.652400000000001,82.16,1.0,6.0,7.0,5.0,28.0,0.3,0.11650239141253001,0.12736049973916308,0.012967554774074208,0.10415081243532583,0.15220020895662736
CHEMBL37161,COC(=O)Nc1nc2cc(Sc3ccccc3)ccc2[nH]1,1,-1.135646,-29.813217,3.770986,-4.068399,0.978,0.67,-31.246277,0.0,0,60,-31.246277,-26.321646916666662,1.7800786159924327,8.258426999999998,0.19156899999999766,299.355,3.892400000000001,67.00999999999999,2.0,4.0,3.0,3.0,21.0,0.06666666666666667,0.1395086366887035,0.1357817570164931,0.01578207720974638,0.10864226530668046,0.1656616009555082
CHEMBL3822867,COc1cccc(-c2nc(SC)c3ccccc3n2)c1,1,-3.016706,-26.092995,4.420764,-3.315444,1.377,0.69,-28.004381,0.0,0,40,-28.004381,-24.677834400000002,1.6443356369532345,6.050782999999999,1.0248259999999974,282.368,4.027300000000003,35.010000000000005,0.0,4.0,3.0,3.0,20.0,0.125,0.09583015897599761,0.09957027130212442,0.005495161464345219,0.08754221250998409,0.10899297838128498
CHEMBL404108,Cc1ccc(Nc2c(F)cccc2Cl)c(CC(=O)O)c1,1,-20.466084,-25.4641,31.161579,-4.433548,3.694,1.53,-19.202152,0.0,0,40,-19.202152,-15.062822275000002,1.88320764578764,10.747946000000002,0.04881300000000266,293.725,4.158220000000002,49.33,2.0,2.0,4.0,2.0,20.0,0.13333333333333333,0.04259570684654935,0.045123765244849165,0.00825666873102582,0.027282151759192786,0.05907118676764758
CHEMBL404422,CCCCC1(CC)C(=O)NC(=O)NC1=O,1,-1.138761,-16.319298,1.781329,-0.27161,2.573,2.11,-15.948339,0.0,0,34,-15.948339,-10.684258470588235,3.724598575587704,12.840965,0.0397590000000001,212.249,0.9389999999999998,75.27000000000001,2.0,3.0,4.0,1.0,15.0,0.7,0.033236316169872014,0.0346661227251601,0.008843796606306192,0.016823255479837058,0.050100374030824686
CHEMBL428,N[C@@H]1[C@H]2CN(c3nc4c(cc3F)c(=O)c(C(=O)O)cn4-c3ccc(F)cc3F)C[C@@H]12,1,-3.912876,-25.409063,41.228291,-4.246329,2.257,1.15,7.660022,0.0,0,8,7.660022,23.162171125,9.320073979137849,24.963586,7.074933,416.3590000000001,1.8944999999999996,101.44999999999999,2.0,5.0,3.0,5.0,30.0,0.25,0.005982079381035898,0.008282160251029921,0.0072633542895719615,0.0006591161786589327,0.028781504759578233
CHEMBL4457647,O=C(Nc1ccnnc1)c1cc(N2CCOCC2)ccc1OCc1ccccc1,1,-1.527123,-35.744751,5.991466,-2.948546,8.698,2.16,-34.228954,0.0,0,31,-34.228954,-26.111943000000004,5.021103164373416,22.313606,1.5513109999999983,390.4430000000001,3.1445000000000016,76.58000000000001,1.0,6.0,6.0,4.0,29.0,0.22727272727272727,0.1760916059964586,0.17996514496913052,0.032442729723647507,0.12724424667693304,0.2435602572438145
CHEMBL454,C=CCC1(CC(C)C)C(=O)NC(=O)NC1=O,1,-0.555679,-17.68783,1.742264,-0.511445,4.118,2.0,-17.01269,0.0,0,52,-17.01269,-7.4007834615384605,6.337025745027096,21.190312,0.020179999999999865,224.26,0.9609999999999999,75.27000000000001,2.0,3.0,4.0,1.0,16.0,0.5454545454545454,0.043449686712232934,0.03771828765848437,0.008725738370119003,0.019698904863340035,0.052663830203733296
CHEMBL4585141,O=S(=O)(Nc1cscn1)c1cc(Cl)c(NCc2cc(CN3CCC3)ccc2F)cc1F,1,-7.880435,-40.525631,24.448572,-2.153862,8.837,3.5,-26.111357,0.0,0,10,-26.111357,-22.979419200000002,2.3493330004400446,5.753941000000001,0.01881100000000302,484.9810000000003,4.6933000000000025,74.33,2.0,6.0,8.0,4.0,31.0,0.25,0.08564615767775334,0.08330259690735595,0.004226836999527815,0.07262541232281838,0.08937054944303226
CHEMBL488,CCC1(c2ccc(N)cc2)CCC(=O)NC1=O,1,-3.467621,-19.995756,3.943099,-0.110821,0.528,0.35,-19.631098,0.0,0,31,-19.631098,-16.051772129032255,1.6471316785718486,6.889940000000001,0.6431200000000032,232.28299999999996,1.3532,72.19,2.0,3.0,2.0,2.0,17.0,0.38461538461538464,0.04632545322610602,0.046778242313230356,0.008120409249877256,0.02908290974020737,0.06039934934192914
CHEMBL493682,COc1ccc(CCNC[C@H](O)c2ccc(O)cc2)cc1OC,1,5.492156,-26.30991,6.552554,-0.937841,2.106,1.62,-15.20304,0.0,0,40,-15.20304,-10.752987675,2.0934826192989,8.83512,0.3948660000000004,317.3850000000001,2.2751,70.95,3.0,5.0,8.0,2.0,23.0,0.3333333333333333,0.032329793707396484,0.0327124147851046,0.008893552247409897,0.015067197118724906,0.048410325529501634
CHEMBL5431005,C[C@@H]1CCCN1c1cc(-c2ccco2)nnc1N,1,-2.3003,-25.567322,4.284015,-1.447513,2.246,1.16,-25.03112,0.0,0,26,-25.03112,-19.615310615384615,3.3518416988238817,13.789807000000001,0.30138000000000176,244.298,2.3074999999999997,68.18,1.0,5.0,2.0,3.0,18.0,0.38461538461538464,0.07889669202683103,0.07536488568230847,0.004828434600358387,0.06380699259447825,0.08228432797076926
CHEMBL5593488,COc1cnc2c(-c3nc4cc(F)c5c(c4s3)C[C@H](COC(=O)Nc3cnc(C)nc3)O5)cc(C)cc2n1,1,2.659981,-25.648947,8.545407,-2.173321,8.699,4.05,-16.616879,0.0,0,1,-16.616879,-16.616879,,,,532.5570000000002,5.013240000000004,121.24000000000001,1.0,10.0,5.0,6.0,38.0,0.23076923076923078,0.04485828986763746,0.03654532602823374,0.0087767258804673,0.018575308267771366,0.05167715990399224
CHEMBL569713,CN1[C@@H]2C[C@@H](OC(=O)[C@H](CO)c3ccccc3)C[C@H]1[C@@H]1O[C@@H]12,1,-2.319277,-25.759773,3.790929,-0.87749,8.223,4.05,-25.165609,0.0,0,120,-25.165609,-15.564096641666668,6.623209069670811,23.790789,1.211041999999999,303.358,0.9180999999999995,62.3,1.0,5.0,4.0,4.0,22.0,0.5882352941176471,0.07830906013983749,0.07630463622363384,0.004731363207569457,0.06484781968499521,0.08303626059602542
CHEMBL595,CCc1ccc(CCOc2ccc(CC3SC(=O)NC3=O)cc2)nc1,1,-8.404186,-29.369802,22.517519,-1.510676,7.983,2.09,-16.767143,0.0,0,40,-16.767143,-14.887518525,2.398156372671777,13.23995,0.005345999999999407,356.44700000000006,3.159600000000001,68.28999999999999,1.0,5.0,7.0,3.0,25.0,0.3157894736842105,0.04530964954034548,0.03698517481198071,0.008758410548305949,0.018993995433815896,0.052041729864893804
CHEMBL6,COc1ccc2c(c1)c(CC(=O)O)c(C)n2C(=O)c1ccc(Cl)cc1,1,-10.713549,-28.909267,23.097427,-4.574906,4.049,1.87,-21.100296,0.0,0,20,-21.100296,-13.9019259,11.045700841693906,25.483949,0.06498699999999857,357.793,3.9273200000000026,68.53,1.0,3.0,4.0,3.0,25.0,0.15789473684210525,0.057691679509919214,0.053033482249838074,0.007517471710310401,0.03598102615859729,0.0651809504292124
CHEMBL63323,O=C(O)c1cccnc1Nc1cccc(C(F)(F)F)c1,1,-19.315426,-21.489605,26.909363,-3.85644,3.526,1.87,-17.752108,0.0,0,40,-17.752108,-13.858149375,1.9347876270470603,9.102276999999999,2.139289999999999,282.221,3.542200000000001,62.22,2.0,3.0,3.0,2.0,20.0,0.07692307692307693,0.0373181738161956,0.040038144157759026,0.008605235184154967,0.021986090410153782,0.05473897382519455
CHEMBL712,COc1ccc(C2C(=O)c3ccccc3C2=O)cc1,1,-10.052374,-27.037952,19.784386,-3.116728,1.071,1.06,-20.422667,0.0,0,40,-20.422667,-16.686314825,1.3736473002917322,6.928446000000001,0.9365449999999989,252.269,2.8580000000000005,43.370000000000005,0.0,3.0,2.0,3.0,19.0,0.125,0.057868435546522025,0.050030021239786816,0.007823245895958232,0.03262917899861668,0.0629367525529434
CHEMBL817,Cc1ccc(S(=O)(=O)NC(=O)NN2CCCCCC2)cc1,1,-8.491419,-25.603016,24.436626,-1.835455,1.135,0.91,-11.493265,0.0,0,24,-11.493265,-6.817366875,3.2795383530834537,13.545103999999998,2.4935769999999984,311.4070000000001,1.7739199999999995,78.50999999999999,2.0,4.0,3.0,2.0,21.0,0.5,0.02149140799430706,0.024833173548078326,0.00886359723271678,0.008789064555092634,0.041876639899003705
CHEMBL855,Cc1ccc(/C(=C\CN2CCCC2)c2ccccn2)cc1,1,6.432982,-26.516411,5.02993,-4.627326,5.237,2.14,-19.680824,0.0,0,36,-19.680824,-12.79851786111111,5.836227651518305,25.744714000000002,0.33000900000000044,278.399,3.917520000000003,16.130000000000003,0.0,2.0,4.0,3.0,21.0,0.3157894736842105,0.04653911386835557,0.04697479781146026,0.008103528224598474,0.029299250950431725,0.06054551325542072
CHEMBL86715,OC(CCN1CCCC1)(c1ccccc1)C1CCCCC1,1,5.337782,-21.607428,5.517567,-3.521695,2.83,1.29,-14.273773,0.0,0,23,-14.273773,-10.31271656521739,4.76810671680731,16.440511,0.0715520000000005,287.4470000000001,3.940400000000003,23.47,1.0,2.0,5.0,3.0,21.0,0.6842105263157895,0.027356721003945293,0.030467844271911,0.008924142155890057,0.013136511296470029,0.04656612007085301
CHEMBL885,Nc1nc(=O)n([C@@H]2CS[C@H](CO)O2)cc1F,1,-6.145078,-18.935116,5.472561,1.294999,2.418,1.91,-18.312632,0.0,0,40,-18.312632,-14.794259475,1.8230971619565985,6.877163000000001,0.3878920000000008,247.25099999999998,-0.4550000000000003,90.37,2.0,6.0,2.0,2.0,16.0,0.5,0.04199096014401271,0.04191568933302211,0.008489510339795621,0.023897700439373393,0.056372236309228135
CHEMBL92401,CC(C)NNC(=O)c1ccncc1,1,-1.783783,-20.83526,4.088016,-0.90697,2.204,1.05,-19.438,0.0,0,20,-19.438,-17.953697999999996,0.7154511384396782,2.8058419999999984,0.19345899999999716,179.223,0.7243999999999996,54.019999999999996,2.0,3.0,3.0,1.0,13.0,0.3333333333333333,0.05132548796623441,0.046024426528899515,0.008183798994937501,0.028257921069087765,0.05983377705781313
CHEMBL959,CC(N)C12CC3CC(CC(C3)C1)C2,1,6.939188,-13.497487,4.686039,-2.138518,0.351,0.35,-4.010778,0.0,0,14,-4.010778,2.1163595714285717,5.797939223271512,16.47743,0.6070890000000002,179.30699999999996,2.5500000000000007,26.02,1.0,1.0,1.0,4.0,13.0,1.0,0.012887719284377555,0.015198600862291073,0.008219568555042073,0.003090130151950228,0.03381570337818127
CHEMBL972,C#CCN(C)[C@H](C)Cc1ccccc1,1,6.307376,-19.664862,4.261325,-4.130838,4.71,2.03,-13.226999,0.0,0,40,-13.226999,-9.648626225000001,0.8803636769115389,4.723483,2.0979039999999998,187.286,2.1826,3.24,0.0,1.0,4.0,1.0,14.0,0.38461538461538464,0.024963232732194817,0.02816977198443747,0.008924195953932651,0.011281105069932008,0.04467359656200304
CHEMBL973,C/C(O)=C(\C#N)C(=O)Nc1ccc(C(F)(F)F)cc1,1,-0.736004,-22.631763,5.156821,-3.271844,3.443,1.56,-21.48279,0.0,0,20,-21.48279,-19.4073974,1.0858695857882943,4.531343,0.6402780000000021,270.21,2.99948,73.11999999999999,2.0,3.0,2.0,1.0,19.0,0.16666666666666666,0.0556352833512127,0.05482467802958126,0.007322423917809153,0.0380326560249202,0.06645879479493218
CHEMBL979,CCCC(C)(COC(N)=O)COC(N)=O,1,-3.410052,-16.182873,4.720831,1.731431,4.143,1.83,-13.140664,0.0,0,20,-13.140664,-10.865823500000001,1.6544310533898607,7.221311999999999,0.11306699999999914,218.25299999999996,0.9834000000000005,104.63999999999999,2.0,4.0,6.0,0.0,15.0,0.7777777777777778,0.026127523077318412,0.027990332447992882,0.008922808650687088,0.011140980167835867,0.04452444644745818
CHEMBL98,O=C(CCCCCCC(=O)Nc1ccccc1)NO,1,-0.490043,-25.594749,7.620418,-2.198137,8.89,1.65,-20.662512,0.0,0,20,-20.662512,-19.8676514,0.24056560927736384,1.4026089999999982,0.718516000000001,264.32500000000005,2.4711,78.43,3.0,3.0,8.0,1.0,19.0,0.42857142857142855,0.05099484234662335,0.05106901443939708,0.007720670710507094,0.03377597035076273,0.0637581481904292
CHEMBL990,CN(Cc1ccc(C(C)(C)C)cc1)Cc1cccc2ccccc12,1,6.580968,-29.953585,5.185964,-6.351935,2.187,1.22,-24.538588,0.0,0,3,-24.538588,-17.821276,10.724998583827785,19.086178,1.0657580000000024,317.476,5.769300000000006,3.24,0.0,1.0,4.0,3.0,24.0,0.30434782608695654,0.07398365468367125,0.07203485397386564,0.005205689713875301,0.06014013425660916,0.07947271661524999
CHEMBL1800116,Cc1c(Cl)cccc1Oc1cccn2c(C3CCCCCC3)nnc12,1,-1.2461,-28.184717,5.680801,-5.541188,5.131,3.71,-29.291203,0.0,1,24,-29.291203,-27.479298041666663,3.2595485521889374,15.949707,0.013221999999998957,355.8690000000002,5.921220000000004,39.42,0.0,3.0,3.0,4.0,25.0,0.4,0.10493789379594183,0.1125785726291277,0.008527278110662024,0.09531642436381643,0.1277151250447342
CHEMBL3094367,N#Cc1ccc(S(=O)(=O)N(CC(F)(F)F)c2ccc(C(O)(C(F)(F)F)C(F)(F)F)cc2)cc1,1,-0.722649,-33.535892,5.785861,-3.219956,6.177,2.34,-31.692635,0.0,1,20,-31.692635,-24.5803638,3.2212956140699136,11.669251,3.820938999999999,506.346,4.628080000000002,81.4,1.0,4.0,5.0,2.0,33.0,0.2777777777777778,0.12681222416628266,0.14170339448973954,0.01785346101269215,0.111474282406307,0.17561296846622945
CHEMBL3318962,Clc1ccc(C2(c3nnc4c(Oc5ccccc5Cl)cccn34)CC2)cc1,1,-0.760319,-34.310329,7.309889,-6.211419,5.95,3.7,-33.972179,0.0,1,22,-33.972179,-33.00501145454545,1.9899621947512742,8.534676999999999,0.01656699999999489,396.2770000000001,5.908300000000003,39.42,0.0,3.0,4.0,5.0,27.0,0.14285714285714285,0.15068980861998413,0.17573446749669455,0.030758746720109063,0.12555553748201562,0.23577155163063698
CHEMBL3622898,Cc1nc(C)c(CNc2nc(OCCCc3ccc4ccccc4n3)nc(Cl)c2C)s1,1,-2.603519,-41.364658,5.955192,-4.094559,8.035,3.18,-42.107544,0.0,1,5,-42.107544,-34.367919,4.559133386129538,11.539067999999997,7.598884999999996,453.999,5.683660000000004,72.82000000000001,1.0,7.0,8.0,4.0,31.0,0.30434782608695654,0.34178521246758037,0.33909494428115233,0.09308239691814123,0.18983580140676726,0.5320197164267011
CHEMBL3632931,Cc1cc(-c2onc(C)c2C(=O)Sc2ccccc2)no1,1,-1.129901,-31.955566,5.18897,-3.986082,10.098,3.51,-31.882582,0.0,1,60,-31.882582,-26.85224368333333,2.5890503350555596,9.617525,0.6249159999999989,300.33900000000006,3.8789400000000027,69.13,0.0,6.0,3.0,3.0,21.0,0.13333333333333333,0.12865654787986489,0.14429624583326764,0.01878116170874357,0.11258491217001902,0.18001980220608887
CHEMBL3665949,Cc1c(Cl)nc(OC[C@H]2C[C@@H]2c2ccccn2)nc1NCc1cnn(C)c1,1,-4.014822,-29.948507,6.250715,-2.749114,8.096,3.18,-30.461729,0.0,1,7,-30.461729,-27.70067657142857,2.1033553633497792,6.394305999999997,0.8362119999999997,384.87100000000015,3.3615200000000005,77.75,1.0,6.0,7.0,4.0,27.0,0.3684210526315789,0.12373012733954185,0.12594630154956155,0.012512306498374313,0.1033651327454429,0.14995515032683426
CHEMBL3781062,C[Si](C)(O)c1ccc(N(CC(F)(F)F)S(=O)(=O)c2ccccc2)cc1,1,0.960409,-33.339535,6.07329,-4.163936,2.487,1.15,-30.469772,0.0,1,11,-30.469772,-26.92536018181818,3.5241803323772416,10.541141,0.05689800000000034,389.471,2.848600000000001,57.61,1.0,3.0,5.0,2.0,25.0,0.25,0.12382498408777154,0.12604349181221675,0.012543417637871018,0.10341917479037326,0.1501092897147421
CHEMBL3823873,COc1cccc(-c2nc3ccccc3c(=S)[nH]2)c1,1,-1.190833,-29.302837,12.643613,-3.633367,1.524,1.49,-21.483423,0.0,1,40,-21.483423,-18.319938875000002,1.3122564302450945,7.545970999999998,1.6905059999999992,268.341,3.967990000000002,37.91,1.0,3.0,2.0,3.0,19.0,0.06666666666666667,0.05563848360888903,0.054827701952999665,0.00732208727239433,0.038036152209707144,0.06646093909842671
CHEMBL3827928,O[C@H](c1ccccn1)C1(c2ccc(OC(F)(F)F)cc2)CC(F)(F)C1,1,0.228331,-25.163963,1.751338,-3.084882,9.444,3.52,-26.269178,0.0,1,20,-26.269178,-25.28436565,1.2330469592615847,5.04738,0.17617800000000017,359.29400000000004,4.380700000000002,42.35000000000001,1.0,3.0,4.0,3.0,25.0,0.35294117647058826,0.08411614068010269,0.08453958257256136,0.004191977615329835,0.07415580374731993,0.09081904903982663
CHEMBL397420,CC(=O)CC(c1ccc([N+](=O)[O-])cc1)c1c(O)c2ccccc2oc1=O,1,-7.139936,-14.558315,21.417006,-4.617573,4.989,1.95,-4.898819,0.0,1,16,-4.898819,-0.894499125,1.730017463788651,6.335135999999999,0.6297069999999998,353.33000000000004,3.517800000000003,110.65,1.0,6.0,5.0,3.0,26.0,0.15789473684210525,0.012408015099917416,0.016040061790681796,0.008306916890947228,0.0034893233604654825,0.03463468962642309
CHEMBL4067777,O=C(CC1(c2ccc(F)cc2)C2CC3CC(C2)CC1C3)N1CC(O)C1,1,-0.091892,-23.808514,4.891951,-2.420152,2.847,1.45,-21.428608,0.0,1,6,-21.428608,-19.345222833333334,1.7788621421432762,4.166342,0.5831340000000012,343.4420000000001,3.112800000000002,40.540000000000006,1.0,2.0,3.0,6.0,25.0,0.6666666666666666,0.054806900671674486,0.05456658263492205,0.0073510682673703165,0.03773465478669759,0.06627554202993838
CHEMBL4218626,CC(C)(O)CC(=O)NCC1CN(S(=O)(=O)c2ccc(F)cc2)c2ccc(C(O)(C(F)(F)F)C(F)(F)F)cc2S1,1,-4.273149,-31.281624,28.863523,-2.560493,9.362,2.39,-9.251741,0.0,1,6,-9.251741,-9.062961,0.14064211212009045,0.3256210000000017,0.04878500000000052,604.5660000000001,4.084700000000003,106.94000000000001,3.0,6.0,7.0,3.0,39.0,0.43478260869565216,0.01907138886177354,0.02124588933098583,0.008710750947208464,0.006391940911961588,0.03929898568821558
CHEMBL4249586,C[Si](C)(O)c1ccc(NS(=O)(=O)c2ccccc2)cc1,1,-3.723795,-30.814024,6.008697,-1.366767,0.612,0.59,-29.895889,0.0,1,55,-29.895889,-18.559965054545458,7.601262608797803,25.055119,0.23377599999999887,307.447,1.8918,66.4,2.0,3.0,4.0,2.0,20.0,0.14285714285714285,0.11722664715098975,0.11929377993430737,0.010450071560917916,0.09941831507914259,0.1394371416937407
CHEMBL4439746,Clc1ccc(-c2nc3occn3c2/C=N/OCc2ccc(Cl)c(Cl)c2)cc1,1,-1.416783,-35.533569,4.778481,-4.331772,3.439,2.39,-36.503643,0.0,1,60,-36.503643,-32.13082416666667,2.7222407595278595,12.501021999999995,0.4685519999999954,420.6830000000001,6.1052000000000035,52.03,0.0,4.0,5.0,4.0,27.0,0.05263157894736842,0.22374392060439718,0.22074644803221916,0.048970423968029156,0.14315923415165094,0.3194785902715323
CHEMBL4544968,COC[C@H](Nc1cc(F)c(S(=O)(=O)Nc2nccs2)cc1Cl)c1ccccc1,1,-8.672108,-32.949471,27.863041,-3.247998,6.295,3.15,-17.006536,0.0,1,1,-17.006536,-17.006536,,,,441.93700000000007,4.536000000000003,80.32,2.0,6.0,8.0,3.0,28.0,0.16666666666666666,0.04603852625114028,0.03769969333182704,0.00872659985002604,0.019680917714017872,0.052646964640225516
CHEMBL457674,O=S(=O)(Nc1ccc2c(c1)ncn2-c1ccc2ccccc2c1)c1ccccc1Cl,1,1.18101,-37.041691,7.189788,-5.579799,3.771,2.06,-34.25069,0.0,1,67,-34.25069,-19.80405923880597,9.089778859867089,34.485423,0.006392999999995652,433.9200000000001,5.632900000000004,63.99,1.0,3.0,4.0,5.0,30.0,0.0,0.14528005932349228,0.18032690041490643,0.032587238672677085,0.1273881863729291,0.2442274413345218
CHEMBL457977,Fc1ccc(-c2c3cccc(C(F)(F)F)c3nn2Cc2ccccc2F)cc1,1,-0.313464,-29.52998,3.917392,-5.557535,5.886,3.09,-31.483585,0.0,1,2,-31.483585,-30.055795500000002,2.019199275113902,2.8555790000000023,2.8555790000000023,388.33900000000006,6.048600000000004,17.82,0.0,1.0,3.0,4.0,28.0,0.09523809523809523,0.13633948405182997,0.1389002146629654,0.01686433420818729,0.11026334747730299,0.17086601856851003
CHEMBL4580996,C[C@H](Nc1cc(F)c(S(=O)(=O)Nc2cscn2)cc1Cl)c1cc(F)ccc1F,1,-9.008307,-30.11183,22.181181,-3.129522,6.029,3.5,-20.068478,0.0,1,19,-20.068478,-15.977283842105267,6.1239763817814055,25.356144,0.19334399999999974,447.89100000000013,5.187700000000002,71.09,2.0,5.0,6.0,3.0,28.0,0.11764705882352941,0.053638753819431305,0.04854211645908173,0.00796385410251471,0.031010794061116398,0.06170645529043776
CHEMBL4780781,O=C1c2nc3ccccc3n2CCN1CCCCOc1ccc(OC(F)(F)F)cc1,1,-2.481122,-36.230156,8.183834,-4.296279,8.763,2.93,-34.823723,0.0,1,20,-34.823723,-32.118924250000006,1.5231738024239447,7.50478,0.8201680000000025,419.403,4.249900000000004,56.59,0.0,4.0,7.0,4.0,30.0,0.3333333333333333,0.19857410799055142,0.1900656825145006,0.036502364287134485,0.13123900192428062,0.2622496775644747
CHEMBL514421,O=S(=O)(Cc1ccccc1Cl)Nc1ccc2c(ccn2Cc2ccccc2)c1,1,1.961537,-36.459957,6.080094,-5.650415,4.456,2.08,-34.068741,0.0,1,4,-34.068741,-31.319903,1.883701330428652,4.0402220000000035,3.0538180000000033,410.92600000000016,5.284900000000004,51.1,1.0,2.0,6.0,4.0,28.0,0.09090909090909091,0.1435862850034987,0.17731614784535651,0.03138696736133777,0.12618806019948506,0.2386803489761453
CHEMBL5202550,CC(C)(C)c1nc(-c2cc(Cl)cc(NS(=O)(=O)c3cc(F)ccc3F)c2F)c(-c2ccnc(N)n2)s1,1,-9.991816,-25.957897,29.597261,-4.253803,2.464,0.66,-10.606256,0.0,1,6,-10.606256,-10.039798333333332,0.31250023132962124,0.8194230000000005,0.4098419999999994,554.0190000000002,6.018300000000003,110.86,2.0,7.0,5.0,4.0,36.0,0.17391304347826086,0.01992417849549867,0.02332458258229456,0.008810924325798507,0.0077439708508271875,0.040825856897719885
CHEMBL5279980,COc1ccc(OC)c(-n2nnc(C(=O)Nc3cc(C(C)(C)C)ccc3OC)c2C)c1,1,-2.367974,-36.050388,7.248875,-2.799817,5.771,2.34,-33.969303,0.0,1,40,-33.969303,-29.144549025000003,3.0657219405602136,10.228326999999997,0.2582779999999971,424.50100000000026,4.151320000000004,87.50000000000001,1.0,6.0,6.0,3.0,31.0,0.34782608695652173,0.1836409799423495,0.17568753113763036,0.030740130350345184,0.1255367450863023,0.23568529163930044
CHEMBL5419791,Clc1ccc(-c2nc3ccccn3c2-c2cn(Cc3ccccc3)nn2)cc1,1,-3.901989,-36.42823,7.187535,-5.931659,2.66,1.57,-39.074345,0.0,1,39,-39.074345,-31.816262692307692,5.8080677798504565,23.176216,0.8131029999999981,385.85800000000006,4.9615000000000045,48.010000000000005,0.0,3.0,4.0,5.0,28.0,0.045454545454545456,0.19658424218136453,0.27283535118851654,0.06956741346960689,0.16325373694002188,0.4159652903719638
CHEMBL5425066,Cn1cc(-c2cc(C(N)=O)nc3cc(CN4CCOC(C5CC5)C4)ccc23)cn1,1,4.281497,-29.703814,9.320493,-2.162295,4.391,2.19,-18.264116,0.0,1,12,-18.264116,-6.288111749999999,10.135597756398415,25.205285000000003,1.5961130000000026,391.47500000000014,2.3449999999999998,86.27,1.0,5.0,5.0,5.0,29.0,0.4090909090909091,0.04086929953934357,0.041748931427602824,0.008500422795899949,0.023725796072264924,0.05622886984914857
CHEMBL5427019,CCOc1ccccc1C(=O)Nc1cccc2c1C(=O)N(CC1CC1)C2,1,-0.102939,-33.307648,7.651893,-4.977701,11.186,3.95,-30.736395,0.0,1,40,-30.736395,-26.1595437,2.005179019286656,10.983778000000001,0.9464000000000006,350.4180000000002,3.703400000000003,58.64,1.0,3.0,6.0,4.0,26.0,0.3333333333333333,0.11549039704097637,0.12930766435603844,0.013603064869922899,0.10522249799515349,0.15529895555286188
CHEMBL5428009,C[C@H]1CCCCN1c1cc(-c2ccccc2O)nnc1N,1,-2.808209,-27.474447,4.268703,-1.310584,2.991,1.81,-27.324539,0.0,1,20,-27.324539,-23.68450215,2.6709882568060888,7.670523000000003,0.28681700000000276,284.36300000000006,2.8102000000000005,75.27,2.0,5.0,2.0,3.0,21.0,0.375,0.09104233505260938,0.09335706370450378,0.004578287538466564,0.08347407117661702,0.10108103708668789
CHEMBL5441040,CC[C@H]1CCCN1c1cc(-c2ccco2)nnc1N,1,-0.672849,-28.735289,3.826706,-1.85342,3.15,1.56,-27.434853,0.0,1,45,-27.434853,-20.915938977777778,3.956044365369888,19.123434,0.05796899999999994,258.32500000000005,2.6975999999999996,68.18,1.0,5.0,3.0,3.0,19.0,0.42857142857142855,0.09798240633248645,0.09433584744822754,0.004690913164449384,0.08407327878880126,0.10224408165357726
CHEMBL91,Clc1ccc(COC(Cn2ccnc2)c2ccc(Cl)cc2Cl)c(Cl)c1,1,0.413463,-34.578964,2.284107,-6.051451,5.153,2.31,-37.932846,0.0,1,19,-37.932846,-29.73641342105263,8.451175322409936,23.692628999999997,0.3678589999999957,416.1350000000001,6.454800000000002,27.05,0.0,2.0,6.0,3.0,25.0,0.16666666666666666,0.26018126739176367,0.2490567390578972,0.06033244212962431,0.15405266636418863,0.3722315099782425
CHEMBL448245,CC(=O)Nc1cc(-c2ccc(Cl)cc2)n[nH]1,1,-2.254051,-26.089653,4.622611,-2.108183,1.384,1.1,-25.829277,0.0,0,40,-25.829277,-19.3766647,2.3057844002920937,9.767494000000003,0.9901499999999999,235.674,2.6885000000000003,57.78,2.0,2.0,2.0,2.0,16.0,0.09090909090909091,0.08324436929753233,0.08114207131199995,0.004332252460236483,0.06979032282527091,0.0872749302573255
CHEMBL448416,CN=C(N)NC(=O)Nc1c(C)cccc1C,1,0.024619,-21.400198,5.337673,-2.20584,1.355,1.35,-18.243746,0.0,0,60,-18.243746,-9.278065233333333,4.305667499726662,13.896194000000001,3.3036210000000015,220.27599999999998,1.3694400000000002,79.50999999999999,3.0,2.0,1.0,1.0,16.0,0.2727272727272727,0.05000439831849504,0.04167916055909207,0.00850495241647822,0.023653993051651976,0.056168789716778
CHEMBL44884,CC[C@@H](CO)NCCN[C@@H](CC)CO,1,6.656694,-16.423946,3.378392,0.781092,4.481,1.59,-5.607768,0.0,0,40,-5.607768,-2.6762600749999996,1.3203477619640425,5.485025,0.07737999999999978,204.314,-0.292599999999999,64.52,4.0,4.0,9.0,0.0,14.0,1.0,0.015887589500362325,0.016759026166132906,0.008376507827184122,0.003846522396097822,0.03531708444353491
CHEMBL45,COc1ccc2[nH]cc(CCNC(C)=O)c2c1,1,-2.036695,-26.913595,6.999051,-1.869675,0.775,0.66,-23.820915,0.0,0,20,-23.820915,-23.24392035,1.0834581843350763,3.760197999999999,0.004379000000000133,232.28299999999996,1.8550999999999997,54.12,2.0,2.0,4.0,2.0,17.0,0.3076923076923077,0.0701894730794753,0.06748211395120822,0.0057708628929712845,0.05418146410778703,0.07561231408288809
CHEMBL450,CCC1(CC)C(=O)NC(=O)N(C)C1=O,1,-2.325606,-17.251749,2.214643,-1.070823,1.013,0.55,-18.433537,0.0,0,17,-18.433537,-10.674898176470588,5.435955476018157,18.131763,0.05341200000000157,198.22199999999998,0.5009999999999999,66.48,1.0,3.0,2.0,1.0,14.0,0.6666666666666666,0.04243284991983871,0.0423348532218898,0.008461546713533026,0.024331593641666635,0.05673118320671347
CHEMBL4514379,N#Cc1cnc2ccc(-c3c(-c4ccc(F)c(Cl)c4)ncn3CCO)nn12,1,-0.080326,-35.570213,6.751871,-3.932062,2.604,2.33,-32.83073,0.0,0,55,-32.83073,-29.314349054545456,2.6129175843088692,13.759018000000001,0.7169260000000008,382.78600000000006,2.9162800000000018,92.03,1.0,5.0,4.0,4.0,27.0,0.1111111111111111,0.13250971481296436,0.15789760940879158,0.02382037252828433,0.11829761756145943,0.20334806862370453
CHEMBL4515137,O=C(CNc1nonc1/C(=N/O)N[C@H]1Cc2ccc(F)cc21)NCCO,1,-11.654839,-29.155706,31.231764,-0.617128,8.099,2.35,-10.19591,0.0,0,40,-10.19591,-4.8977732000000005,2.8887184437768103,10.479629,1.1082009999999993,364.33700000000016,-0.24810000000000076,144.9,5.0,8.0,7.0,3.0,26.0,0.3333333333333333,0.021922641809411048,0.022667437506097857,0.008782787428021655,0.00730532551587537,0.0403679472821212
CHEMBL455,CC(=O)NS(=O)(=O)c1ccc(N)cc1,1,-9.353784,-19.5753,21.145721,0.622806,0.408,0.37,-7.160558,0.0,0,20,-7.160558,-4.1214413500000004,0.9833054955086454,4.429755,1.5695550000000003,214.246,0.0935999999999998,89.26,2.0,4.0,2.0,1.0,14.0,0.125,0.024147947403368453,0.01849643950018469,0.008525960538032028,0.00476901339010991,0.03690893894198977
CHEMBL456,C=C(CC)C(=O)c1ccc(OCC(=O)O)c(Cl)c1Cl,1,-9.573914,-26.446459,18.349443,-4.021369,12.049,4.52,-21.692297,0.0,0,20,-21.692297,-18.4203991,1.605662602537293,6.327641999999999,0.25508299999999906,303.14099999999996,3.6057000000000023,63.60000000000001,1.0,3.0,6.0,1.0,19.0,0.23076923076923078,0.06302321612342589,0.05583651690927578,0.0072084700463737935,0.03920333384630649,0.06722296675702134
CHEMBL459,C[C@](N)(Cc1ccc(O)c(O)c1)C(=O)O,1,-6.536551,-18.259056,12.202488,1.062068,2.996,1.85,-11.531051,0.0,0,20,-11.531051,-9.6166541,0.6265604607169039,2.628724,1.240155999999999,211.21699999999998,0.4423000000000001,103.78000000000002,4.0,4.0,3.0,1.0,15.0,0.3,0.02156112978351385,0.024900242774507215,0.008865561829082151,0.008836738098026873,0.0419336561795875
CHEMBL4591417,Cc1cc(Nc2nccc(-c3sc(C4CCNCC4)nc3-c3ccc(F)cc3)n2)ccn1,1,4.620006,-33.645325,26.178621,-5.378852,3.331,1.35,-8.22555,0.0,0,2,-8.22555,-5.0824795,4.444972928594785,6.286141000000001,6.286141000000001,446.5550000000001,5.320220000000004,75.62,2.0,7.0,5.0,5.0,32.0,0.25,0.025860873205339516,0.019832562063474765,0.008623454538788078,0.005533435092990613,0.03808598345211755
CHEMBL460,CCc1c(C)[nH]c2c1C(=O)C(CN1CCOCC1)CC2,1,-0.68044,-23.293152,4.526276,-1.985774,2.728,1.5,-21.433092,0.0,0,8,-21.433092,-19.240673625,1.9804454299035088,5.478308999999998,0.5452750000000002,276.38,1.96282,45.33,1.0,3.0,3.0,3.0,20.0,0.6875,0.05236977648378044,0.054587886770999516,0.007348710532411821,0.037759222759051456,0.06629068593361928
CHEMBL460499,CCCCCCNC(=O)n1cc(F)c(=O)[nH]c1=O,1,-1.889699,-24.383545,6.101522,-2.214731,1.961,1.59,-22.386452,0.0,0,80,-22.386452,-14.817910775000001,6.6404664362681,15.447076999999998,0.014161999999998898,257.265,0.8136999999999999,83.96000000000001,2.0,3.0,5.0,1.0,18.0,0.5454545454545454,0.06603589227477717,0.05935203077082335,0.006794248422230258,0.04350610592307601,0.06984308170459592
CHEMBL46102,CC(=O)OCC(=O)NCCCOc1cccc(CN2CCCCC2)c1,1,6.669391,-20.627855,8.973794,-3.853574,8.258,2.31,-8.838244,0.0,0,4,-8.838244,-0.040551000000000226,9.607179425077165,19.354979999999998,1.3418069999999993,348.44300000000015,2.1206999999999994,67.87,1.0,5.0,9.0,2.0,25.0,0.5789473684210527,0.0171631478834393,0.020660664704385,0.008676537207672398,0.006030350042466716,0.03879779883483312
CHEMBL462605,Clc1ccc(CCCOCCCN2CCCCC2)cc1,1,7.127275,-26.8337,5.241293,-4.884936,4.901,2.03,-19.350067,0.0,0,40,-19.350067,-15.170997775,3.3070869585459404,11.306106999999999,0.1337679999999999,295.8539999999999,4.165200000000003,12.47,0.0,2.0,8.0,2.0,20.0,0.6470588235294118,0.04513874957865354,0.04568607641906262,0.008211544475182157,0.027890077001225304,0.05954831795900812
CHEMBL4634634,C[C@@H]1C[C@H]1C(=O)N1CCN(c2cnc(C#N)c(-c3cnn(C)c3)n2)C[C@H]1C,1,-0.102959,-29.72917,5.193972,-2.388919,3.374,1.49,-27.027075,0.0,0,2,-27.027075,-21.559601,7.732175882722275,10.934947999999999,10.934947999999999,365.4410000000001,1.4418799999999996,90.94000000000001,0.0,6.0,3.0,4.0,27.0,0.5263157894736842,0.09414654073318608,0.09077288637875792,0.004345852472101382,0.08154634149332586,0.0981319112268423
CHEMBL4635134,CNC(=O)c1cc(C(=O)NC2CC2)cn(Cc2ccccc2)c1=O,1,-0.583224,-31.851574,4.748382,-2.823276,5.526,2.23,-30.509693,0.0,0,7,-30.509693,-22.20671257142857,7.317114013599096,21.542961,0.4302349999999997,325.368,1.1483999999999992,80.2,2.0,3.0,5.0,3.0,24.0,0.2777777777777778,0.13226490581084624,0.12652699342634122,0.012698577695505671,0.10368792041366642,0.1508764354028413
CHEMBL4636169,CCCSc1nc(=O)cc(O)n1-c1ccccc1OC,1,-11.165374,-26.981562,27.733368,-2.566254,1.963,1.15,-12.97982,0.0,0,61,-12.97982,-8.259426852459015,5.726757869406228,20.51288,0.030521000000000242,292.36000000000007,2.4488000000000003,64.35,1.0,5.0,5.0,2.0,20.0,0.2857142857142857,0.02577856194086678,0.027659947394709356,0.008919712935265736,0.0108847583828378,0.04425079299975585
CHEMBL4644751,C[C@H](C(=O)Nc1ccc(F)cc1)C12CC(NC(=O)c3ccc(F)c(F)c3)(C1)C2,1,-4.592161,-34.802414,6.536488,-4.318587,5.422,2.69,-37.176678,0.0,0,30,-37.176678,-28.603071399999994,4.021896584921182,19.342064000000004,2.301456999999999,388.3890000000001,4.031200000000003,58.2,2.0,2.0,5.0,5.0,28.0,0.3333333333333333,0.24420329166470678,0.23385109009701097,0.0542668718456211,0.14820241927096225,0.34395151044300365
CHEMBL465026,CN1CCOC(c2ccccc2)c2ccccc2C1,1,9.690294,-24.294889,3.881209,-3.903066,0.744,0.74,-14.626453,0.0,0,16,-14.626453,-9.5791199375,3.9349577942582727,12.112828,0.6773430000000005,253.345,3.238000000000002,12.47,0.0,2.0,1.0,3.0,19.0,0.29411764705882354,0.03930359527903056,0.03129590153099775,0.008916268269259587,0.01383764355348612,0.047237833081546395
CHEMBL468927,C[C@H](N)C(=O)NCc1cccc(-n2nc(C(F)(F)F)cc2-c2nnc(-c3cccc4ncsc34)o2)c1,1,8.433564,-40.861954,19.612627,-2.096874,7.453,2.33,-14.912637,0.0,0,6,-14.912637,-13.062851833333333,3.4144460440467594,8.794205,0.42508899999999983,513.5050000000002,4.181200000000002,124.75,2.0,8.0,6.0,5.0,36.0,0.17391304347826086,0.02894131565687978,0.0319890141063159,0.008906590856122306,0.014434582146161015,0.04779603445065402
CHEMBL469,O=C(c1ccccc1)c1ccc2n1CCC2C(=O)O,1,-9.951666,-23.3915,19.752165,-3.583167,3.552,2.64,-17.174168,0.0,0,40,-17.174168,-11.36110905,2.162193504153867,11.002241000000001,1.919678000000001,255.27299999999997,2.291,59.3,1.0,2.0,3.0,3.0,19.0,0.2,0.043927833989586024,0.038210311681711906,0.008702329470896431,0.020176887244916744,0.05310843161343318
CHEMBL471498,O=C(O)[C@H](CC(=O)N1C[C@H]2CCCC[C@H]2C1)Cc1ccccc1,1,-8.477377,-25.243355,24.234875,-4.551591,3.213,1.45,-14.037451,0.0,0,16,-14.037451,-6.0498835,6.410054260280559,21.563925,0.5583150000000003,315.41299999999995,2.9686000000000012,57.61,1.0,2.0,5.0,3.0,23.0,0.5789473684210527,0.029428232748398647,0.02992860143115685,0.008927069470806213,0.012689957554655124,0.04612581856536638
CHEMBL473417,CS(=O)(=O)c1ccc(C(=O)Nc2ccc(Cl)c(-c3ccccn3)c2)c(Cl)c1,1,-3.456428,-35.74332,9.828447,-3.919065,4.277,1.78,-33.290367,0.0,0,4,-33.290367,-27.180934250000004,6.475536449315089,14.306595000000005,1.975279000000004,421.30500000000006,4.7112000000000025,76.13,1.0,4.0,4.0,3.0,27.0,0.05263157894736842,0.14314387281122917,0.16488839588424015,0.026503301197163143,0.1211697880641192,0.21593853820470554
CHEMBL476,CN(C)/N=N/c1[nH]cnc1C(N)=O,1,-3.434821,-16.777254,6.207786,-0.196936,3.687,3.58,-14.201226,0.0,0,20,-14.201226,-10.887834200000002,1.1124340521150526,5.903309,1.6662850000000002,182.18699999999998,0.0688999999999999,99.72999999999999,2.0,4.0,3.0,1.0,13.0,0.3333333333333333,0.02981568090380156,0.030300993067358988,0.008925235063248872,0.012996844138864925,0.046430126866215476
CHEMBL4794578,CCOc1nc(Nc2ccc(C(=O)N3CCOCC3)cc2OC)nc2[nH]ccc12,1,-1.509923,-34.451153,6.810419,-2.751056,4.845,1.78,-31.901711,0.0,0,26,-31.901711,-25.33368769230769,4.053123253319423,18.570725,0.9399149999999992,397.4350000000001,2.5812,101.6,2.0,7.0,6.0,4.0,29.0,0.35,0.14832938311087307,0.14455979153614462,0.018876112903589735,0.11269738033605464,0.18046854719923472
CHEMBL483,C[C@H](Cn1cnc2c(N)ncnc21)OCP(=O)(O)O,1,-12.549488,-24.0728,22.922237,-1.08498,4.246,1.5,-14.78503,0.0,0,100,-14.78503,-7.681946599999999,10.317388428896791,28.371830000000003,0.06095400000000062,287.21599999999995,-0.051200000000000134,136.38000000000002,3.0,6.0,5.0,2.0,19.0,0.4444444444444444,0.03743839651358662,0.03167757272074836,0.008911283390515973,0.01416523257359106,0.047545665756985954
CHEMBL490592,c1ccc(Nc2nc(-c3ccccn3)cs2)cc1,1,-1.547211,-25.657734,3.651762,-3.625895,1.391,1.35,-27.179077,0.0,0,41,-27.179077,-24.897333341463412,1.7753637616641778,5.867016,0.3410200000000003,253.33000000000004,3.9487000000000014,37.81,1.0,4.0,3.0,3.0,18.0,0.0,0.09113418674743,0.09208341040742347,0.004451673368069298,0.08268354661038053,0.0996554492145936
CHEMBL499,CC(C)(C)NC[C@H](O)COc1nsnc1N1CCOCC1,1,3.713054,-22.372883,6.54688,0.605422,12.518,3.7,-11.507526,0.0,0,6,-11.507526,-8.584152333333334,2.237729780557936,5.865732,1.5188500000000005,316.4270000000002,0.5024999999999997,79.74,2.0,8.0,6.0,2.0,21.0,0.8461538461538461,0.03200829295962341,0.02485845868306164,0.008864341600404845,0.00880702555129415,0.04189813900977001
CHEMBL503160,O=C(O)/C=C/C(=O)O,1,-31.362476,-10.120442,49.902477,-1.546286,0.028,0.02,6.873273,0.0,0,20,6.873273,13.22178265,2.702584365220334,9.049216000000001,0.427956,116.07199999999999,-0.28819999999999985,74.6,2.0,2.0,2.0,0.0,8.0,0.0,0.010219551741954052,0.008580231999275448,0.007311961513829637,0.0007296061669667009,0.029063772364791254
CHEMBL506,COc1cc(NC(C)CCCN)c2ncccc2c1,1,6.033849,-26.701637,3.418332,-2.322468,2.438,1.53,-19.571926,0.0,0,20,-19.571926,-12.320599599999998,3.421448692644795,10.468728,1.6603470000000016,259.35299999999995,2.782700000000001,60.17,2.0,4.0,6.0,2.0,19.0,0.4,0.051806978682032566,0.04654565498970914,0.008140197688963027,0.028827563029330643,0.060225985519959155
CHEMBL5077683,Cc1cc(C(=O)O)c2oc(CNC(=O)c3cnn4cccnc34)c(Cl)c2c1,1,-12.462916,-27.709251,30.235605,-3.728416,3.92,2.84,-13.66498,0.0,0,6,-13.66498,-10.0105055,2.3005389220859316,6.008923,2.595407999999999,384.77900000000005,3.065520000000001,109.72999999999999,2.0,5.0,4.0,4.0,27.0,0.1111111111111111,0.03478711994570772,0.029103257225975145,0.008928119284806944,0.012020911725823206,0.04544745224993777
CHEMBL508102,CCOC(=O)n1ccn(C)c1=S,1,-1.865432,-17.835596,9.395988,-2.828483,3.121,2.13,-13.133524,0.0,0,20,-13.133524,-11.83380775,0.7279207558859451,3.0174129999999995,0.5513510000000004,186.236,1.56069,36.16,0.0,3.0,1.0,1.0,12.0,0.42857142857142855,0.03360634933036335,0.027975558682640293,0.00892268523533579,0.011129473486929796,0.04451222646688965
CHEMBL5086642,O=C1c2nc3cccc(C(F)(F)F)c3n2CCN1CC1CCC1,1,0.648994,-27.177563,5.18322,-3.861003,1.676,1.5,-25.206352,0.0,0,20,-25.206352,-21.5362756,2.380945020819418,11.140598999999998,0.9536169999999977,323.3180000000001,3.3110000000000017,38.13,0.0,2.0,2.0,4.0,23.0,0.5,0.07983168811778842,0.0765919694914252,0.004702716257528019,0.06516768600591626,0.08326561363285429
CHEMBL514800,CCOc1cc([C@@H](CS(C)(=O)=O)N2C(=O)c3cccc(NC(C)=O)c3C2=O)ccc1OC,1,-0.11938,-25.066742,10.135715,-3.234957,7.559,2.31,-18.285364,0.0,0,2,-18.285364,-16.4819275,2.5504443571786677,3.606873000000002,3.606873000000002,460.5080000000002,2.4342000000000006,119.08,1.0,7.0,8.0,3.0,32.0,0.3181818181818182,0.03917091874952546,0.0418218634367313,0.008495665156661766,0.023800928738618582,0.05629161135218843
CHEMBL51934,Nc1c2c(nc3ccccc13)CCCC2O,1,5.156866,-16.836487,0.174225,-0.632514,0.0,0.0,-12.13791,0.0,0,20,-12.13791,-10.408222199999999,1.413151067615751,5.110742,0.017201000000000022,214.26799999999994,2.1867000000000005,59.14,2.0,3.0,0.0,3.0,16.0,0.3076923076923077,0.02536613894058791,0.02601055063205598,0.008893541347493482,0.009640617584029326,0.04287267429209459
CHEMBL5198290,CNC(=O)c1csc(C(=O)c2c[nH]c3ccccc23)n1,1,-2.832839,-28.103106,7.053929,-2.120439,2.65,2.64,-26.002455,0.0,0,40,-26.002455,-23.46511245,1.6233934227221023,7.333031000000002,0.200762000000001,285.32800000000003,2.215,74.85,2.0,4.0,3.0,3.0,20.0,0.07142857142857142,0.08071925200704594,0.08246089585600863,0.004261499676949345,0.0715304052203082,0.08852199835259447
CHEMBL521686,O=C(c1cc(Cc2n[nH]c(=O)c3ccccc23)ccc1F)N1CCN(C(=O)C2CC2)CC1,1,-0.162191,-34.71299,11.168244,-3.941506,3.114,1.79,-27.648441,0.0,0,3,-27.648441,-10.974260333333334,14.440489076868875,25.091887999999997,24.930653999999997,434.47100000000034,2.3474000000000004,86.37,1.0,4.0,4.0,5.0,32.0,0.3333333333333333,0.09404331791032537,0.0962629847073247,0.004949391916773114,0.08508205483156352,0.10472929538659208
CHEMBL5279683,NS(=O)(=O)c1nccc(-c2ccc(CO)cc2)c1-c1nn[nH]n1,1,-12.247966,-23.431057,23.466089,2.316872,5.016,2.56,-9.896063,0.0,0,120,-9.896063,-8.253788566666666,1.4922756386094156,10.734948,0.15767100000000056,332.345,0.0683999999999999,147.74,3.0,7.0,4.0,3.0,23.0,0.07692307692307693,0.018760177586358954,0.02220265556712206,0.008760934421656118,0.007001297154212032,0.040043973030695845
CHEMBL5290029,Nc1ncncc1-c1ccnc2c1cnn2-c1ccc(F)cc1,1,0.084152,-30.190344,3.806317,-3.31335,0.054,0.03,-29.613224,0.0,0,40,-29.613224,-28.165311799999994,0.7304707319390693,2.9357599999999984,0.1748519999999978,306.30400000000003,2.5988000000000007,82.50999999999999,1.0,5.0,2.0,4.0,23.0,0.0,0.11955465011263018,0.11610492257916763,0.009514434842062837,0.0974725167639851,0.13380997759608054
CHEMBL529888,Cc1ccc(S(=O)(=O)NC(=O)N[C@H]2[C@H]3CC[C@@](C)([C@H]2O)C3(C)C)cc1,1,-9.635033,-30.013912,29.610254,-0.546631,1.093,0.91,-10.585321,0.0,0,2,-10.585321,-10.519573000000001,0.09298171329890645,0.13149600000000028,0.13149600000000028,366.4830000000001,2.16852,95.5,3.0,4.0,3.0,3.0,25.0,0.6111111111111112,0.021194383325420063,0.02329045221141049,0.008809541735364407,0.007720937646579309,0.040802079067948506
CHEMBL532504,Cc1nc(NC2=NCN(CCCN3CCOCC3)CN2)nc2c(C)cccc12,1,-2.054706,-37.007515,5.677007,-3.556972,6.548,3.64,-36.942188,0.0,0,48,-36.942188,-21.988108458333333,6.1256069429492115,36.593269,0.9962270000000046,383.50000000000006,1.5570400000000002,77.91000000000001,2.0,8.0,5.0,4.0,28.0,0.55,0.239371901268322,0.22923701682339054,0.052407796939357515,0.14642784814088622,0.33534128893076365
CHEMBL550,CC[C@@H]1C(=O)OC[C@@H]1Cc1cncn1C,1,-2.850137,-17.8538,4.411723,-2.421112,3.781,2.9,-18.713327,0.0,0,27,-18.713327,-15.145561962962962,2.3319802169047805,11.501694,1.3475809999999981,208.261,1.1618000000000002,44.12,0.0,3.0,3.0,2.0,15.0,0.6363636363636364,0.040730672173597576,0.04332484850248739,0.008392514123198405,0.025366438530878496,0.05757103512569843
CHEMBL551991,Cc1cc2cc(/N=C(/NC#N)N[C@H]3CCCCN(CC(=O)N4CCCC4)C3=O)ccc2o1,1,1.790045,-23.408482,8.148355,-5.801847,5.749,1.53,-19.271929,0.0,0,2,-19.271929,-18.48294,1.115798944363187,1.5779780000000017,1.5779780000000017,436.5160000000003,2.3925,113.97000000000001,2.0,5.0,4.0,4.0,32.0,0.4782608695652174,0.050735666296361955,0.04538796611605517,0.008235621654501795,0.027567252620158834,0.059295792046993354
CHEMBL5570267,NS(=O)(=O)c1cccc(NC(=O)c2cc(C(F)(F)F)cnc2N2CCC(F)(F)CC2)c1,1,-16.888792,-30.215818,8.654497,-1.278689,4.049,1.87,-39.728802,0.0,0,41,-39.728802,-28.66425543902439,6.205233234605659,22.379257000000003,0.004311000000001286,464.41600000000017,3.2356000000000025,105.38999999999999,2.0,5.0,4.0,3.0,31.0,0.3333333333333333,0.30032569839032724,0.28683328732505137,0.07482752936614681,0.1687289538720527,0.44130260411239736
CHEMBL557555,CC(C)(Oc1ccc(C2CC2(Cl)Cl)cc1)C(=O)O,1,-6.928112,-21.764595,17.785374,-4.113658,7.879,3.54,-15.020991,0.0,0,30,-15.020991,-9.991506633333332,4.060317349511348,13.376192,0.10012400000000099,289.158,3.589800000000003,46.53,1.0,2.0,4.0,2.0,18.0,0.46153846153846156,0.03065884952604068,0.03225652774627094,0.008902115790970827,0.014667391390357781,0.04801050469726648
CHEMBL558,Cc1cccc(C)c1OCC(C)N,1,5.556078,-16.291443,3.194196,-2.51604,4.748,2.09,-10.057209,0.0,0,20,-10.057209,-7.14438915,1.0792656587585876,5.613701000000001,2.0023610000000005,179.26299999999998,2.0294399999999997,35.25,1.0,2.0,3.0,1.0,13.0,0.45454545454545453,0.021700306228905137,0.022450856203632977,0.008772807283533642,0.007163007637702886,0.040216990272419435
CHEMBL562,COC1=CC(=O)C[C@@H](C)[C@]12Oc1c(Cl)c(OC)cc(OC)c1C2=O,1,-0.221669,-24.284782,5.434042,-1.755214,5.303,3.7,-20.827621,0.0,0,1,-20.827621,-20.827621,,,,352.7700000000001,2.8103000000000007,71.06,0.0,6.0,3.0,3.0,24.0,0.4117647058823529,0.05179060231121931,0.051799429758681556,0.007646495051638588,0.03459026521873926,0.06429049554850624
CHEMBL563,CC(C(=O)O)c1ccc(-c2ccccc2)c(F)c1,1,-9.206869,-24.149096,17.499264,-4.791654,2.87,1.91,-20.648355,0.0,0,40,-20.648355,-15.910304525,2.1621182308459708,10.966057999999999,1.2254119999999986,244.265,3.6808000000000023,37.3,1.0,1.0,3.0,2.0,18.0,0.13333333333333333,0.055874186942416915,0.05100696696788038,0.0077268943480874935,0.0337071042140401,0.06371274096219127
CHEMBL56337,CC(/C=C1\SC(=S)N(CC(=O)O)C1=O)=C\c1ccccc1,1,-10.87431,-28.182522,28.841793,-5.023993,6.43,1.8,-15.239031,0.0,0,23,-15.239031,-7.071656739130435,5.137444622820166,17.383129,0.48481600000000036,319.407,2.918700000000001,57.61000000000001,1.0,4.0,4.0,2.0,21.0,0.13333333333333333,0.031242899104898064,0.03280350921974321,0.008891700539864366,0.015147544636974652,0.048490338352255934
CHEMBL56367,CS(=O)(=O)Nc1ccc([N+](=O)[O-])cc1Oc1ccccc1,1,-7.911177,-26.299385,13.52965,-2.241523,4.873,2.38,-22.922438,0.0,0,40,-22.922438,-15.194842799999998,3.1731510507564122,19.498148999999998,2.8099029999999985,308.315,2.7586000000000013,98.54,1.0,5.0,5.0,2.0,21.0,0.07692307692307693,0.06574705046467962,0.06224718934861102,0.006436287726634097,0.04722627216408169,0.07194285923476984
CHEMBL564109,CCCCOC(=O)C(=O)Nc1cccc(-c2nnn[nH]2)c1,1,-19.935892,-25.361517,27.301519,-1.986861,1.868,0.97,-19.98275,0.0,0,80,-19.98275,-15.747236000000001,3.667749483097244,13.444837999999999,0.07893400000000028,289.295,1.1484999999999996,109.86000000000001,2.0,6.0,5.0,2.0,21.0,0.3076923076923077,0.04861600564626153,0.048190095460451235,0.007995996053614375,0.030635993157264046,0.061443951455008104
CHEMBL56564,CN1[C@@H]2CC[C@H]1C[C@@H](OC(=O)c1c[nH]c3ccccc13)C2,1,4.77459,-25.583487,6.985468,-4.136323,9.049,5.73,-17.959751,0.0,0,26,-17.959751,-12.26284673076923,8.729022395307316,36.490589,0.0015980000000013206,284.3590000000001,2.9499000000000013,45.33,1.0,3.0,2.0,4.0,21.0,0.47058823529411764,0.04073250285227475,0.04072128299882229,0.00856496048671027,0.022675508302869223,0.05533813844455929
CHEMBL571,CC(C(=O)O)c1cccc(C(=O)c2ccccc2)c1,1,-9.977402,-26.859007,18.712172,-4.338796,2.731,1.79,-22.463036,0.0,0,40,-22.463036,-15.380458325000001,2.5524675915967494,13.017857999999999,1.5047229999999985,254.285,3.1057000000000015,54.37,1.0,2.0,4.0,2.0,19.0,0.125,0.06360028828942184,0.059755788775161196,0.006745100042369678,0.04401926715152784,0.07013912287163392
CHEMBL585,Nc1nc(N)c2nc(-c3ccccc3)c(N)nc2n1,1,-3.205253,-24.5844,5.456097,-0.582082,0.017,0.01,-22.91564,0.0,0,40,-22.91564,-21.832076125,0.9352269650037428,3.7192159999999994,0.04713599999999829,253.26900000000003,0.8334000000000001,129.62,3.0,7.0,1.0,3.0,19.0,0.0,0.06571468437410295,0.06220943889143418,0.006441027620087638,0.04717716700105152,0.0719158166703618
