name,smiles,rank,Electrostatic,Van der Waals,Ligand Polar Desolv,Ligand Apolar Desolv,Total Strain,Max Strain,Total Energy,Ligand Energy,label,n_poses,binding_energy,binding_energy_mean_pose,binding_energy_error_pose,binding_energy_range_pose,best_second_pose_gap,mol_wt,logp,tpsa,hbd,hba,rot_bonds,ring_count,heavy_atoms,fraction_csp3,p_binding,p_binding_bootstrap_mean,p_binding_bootstrap_std,p_binding_ci_low,p_binding_ci_high
CHEMBL5419791,Clc1ccc(-c2nc3ccccn3c2-c2cn(Cc3ccccc3)nn2)cc1,1,0.001754,-40.000164,8.096771,-6.0529,3.978,2.1,-37.954536,0.0,1,1,-37.954536,-37.954536,,,,385.85800000000006,4.9615000000000045,48.010000000000005,0.0,3.0,4.0,5.0,28.0,0.045454545454545456,0.8042552427684727,0.25443750830358675,0.06772385948404117,0.13839084711995467,0.39860467226659263
CHEMBL4644751,C[C@H](C(=O)Nc1ccc(F)cc1)C12CC(NC(=O)c3ccc(F)c(F)c3)(C1)C2,1,-4.852852,-34.999092,6.514504,-4.321637,5.422,2.69,-37.659077,0.0,0,1,-37.659077,-37.659077,,,,388.3890000000001,4.031200000000003,58.2,2.0,2.0,5.0,5.0,28.0,0.3333333333333333,0.8474348921307217,0.24899348766706472,0.0655025132825201,0.13660296158453375,0.3888360820848208
CHEMBL91,Clc1ccc(COC(Cn2ccnc2)c2ccc(Cl)cc2Cl)c(Cl)c1,1,-0.156213,-33.941986,2.615074,-6.135962,6.461,2.34,-37.619087,0.0,1,1,-37.619087,-37.619087,,,,416.1350000000001,6.454800000000002,27.05,0.0,2.0,6.0,3.0,25.0,0.16666666666666666,0.6366993075812041,0.24826051006956928,0.06520204922229489,0.1363775421482879,0.38755668244860886
CHEMBL3301612,COC(=O)N[C@@H](C)CNc1nccc(-c2cn(C(C)C)nc2-c2cc(Cl)cc(NS(C)(=O)=O)c2F)n1,1,0.848424,-45.207878,9.713416,-2.469526,9.681,2.23,-37.115562,0.0,0,1,-37.115562,-37.115562,,,,540.0210000000002,3.908400000000002,140.13,3.0,8.0,9.0,3.0,36.0,0.36363636363636365,0.6503369203042623,0.2391148680471275,0.06142728662040867,0.13355711048615732,0.3707188002389256
CHEMBL5408469,NC(=O)c1cc(Cn2cc(-c3c(-c4ccc(Cl)cc4)nc4ccccn34)nn2)ccc1Cl,1,-0.982,-42.369694,10.874418,-4.082984,3.751,1.87,-36.560257,0.0,0,1,-36.560257,-36.560257,,,,463.3280000000001,4.713800000000003,91.10000000000001,1.0,4.0,5.0,5.0,32.0,0.043478260869565216,0.803035012866755,0.22922082397390517,0.05729554939075347,0.13055010701739306,0.3515378828924055
CHEMBL1631095,NC(=O)c1cc(C(N)=O)n(-c2cccc(-c3cc(C(F)(F)F)ccc3C(F)(F)F)c2)n1,1,-3.578942,-34.933117,4.44608,-2.444199,5.003,2.4,-36.510178,0.0,0,1,-36.510178,-36.510178,,,,442.319,3.774700000000002,104.00000000000001,2.0,3.0,4.0,3.0,31.0,0.10526315789473684,0.787681917300968,0.22833909999672056,0.056925231176747144,0.1302789721935652,0.3498012813220692
CHEMBL26138,Cn1c(=O)c2c(nc(/C=C/c3cccc(Cl)c3)n2C)n(C)c1=O,1,-0.695843,-35.200012,4.432866,-4.623169,3.649,2.73,-36.086159,0.0,0,1,-36.086159,-36.086159,,,,330.7750000000001,1.7944999999999995,61.82,0.0,3.0,2.0,3.0,23.0,0.1875,0.7424207004279841,0.22094728822565307,0.05380919519083083,0.127922723972343,0.33530967449326465
CHEMBL1545718,COc1cc2c(cc1NC(=O)Nc1ccc(C)cc1)oc1ccccc12,1,-1.920963,-38.149559,7.152069,-2.95929,3.23,1.53,-35.877743,0.0,0,1,-35.877743,-35.877743,,,,346.3860000000001,5.547020000000003,63.5,2.0,3.0,3.0,4.0,26.0,0.09523809523809523,0.598290314547033,0.21736396213863182,0.052292174966580444,0.12685834160463258,0.3281412331595067
CHEMBL5570267,NS(=O)(=O)c1cccc(NC(=O)c2cc(C(F)(F)F)cnc2N2CCC(F)(F)CC2)c1,1,-7.118805,-35.604916,8.373521,-1.459192,4.035,1.87,-35.809391,0.0,0,1,-35.809391,-35.809391,,,,464.41600000000017,3.2356000000000025,105.38999999999999,2.0,5.0,4.0,3.0,31.0,0.3333333333333333,0.5815558161748562,0.21619616936710362,0.05179701700600672,0.1265111494418789,0.3259935820070322
CHEMBL1337776,COc1cccc(C(=O)O/N=C(\N)c2ccc([N+](=O)[O-])cc2)c1,1,-2.123382,-34.119678,4.792986,-4.134251,6.664,4.01,-35.584328,0.0,0,1,-35.584328,-35.584328,,,,315.285,2.0807,117.05000000000001,1.0,6.0,5.0,2.0,23.0,0.06666666666666667,0.5863248798053978,0.21237732155185673,0.050175522740341004,0.1253850243557522,0.31868281293504763
CHEMBL1295,Clc1ccc(CCC(Cn2ccnc2)Sc2c(Cl)cccc2Cl)cc1,1,-2.285045,-29.78474,3.144455,-6.399983,4.973,1.5,-35.325314,0.0,1,1,-35.325314,-35.325314,,,,411.7850000000001,6.637000000000003,17.82,0.0,2.0,7.0,3.0,25.0,0.21052631578947367,0.5680353098386655,0.2080335195917502,0.048327724950185835,0.12405741607737168,0.3103879681214686
CHEMBL1402878,O=C(Nc1ccccc1OC(=O)c1ccc(Cl)cc1)c1ccc(Cl)cc1,1,0.85891,-34.911263,4.686724,-5.63416,8.325,5.75,-34.99979,0.0,0,1,-34.99979,-34.99979,,,,386.23400000000004,5.464900000000004,55.4,1.0,3.0,4.0,3.0,26.0,0.0,0.5593000566491644,0.20265421538879844,0.04603621826469034,0.12246941505776125,0.3000051649979669
CHEMBL1596262,CCCNc1nc(Cl)nc(Nc2ccc(Cl)cc2)n1,1,-0.475492,-31.348297,2.058859,-4.859679,3.369,1.59,-34.624611,0.0,0,1,-34.624611,-34.624611,,,,298.1770000000001,3.743900000000002,62.730000000000004,2.0,5.0,5.0,2.0,19.0,0.25,0.6979430486508974,0.1965682971175287,0.04344243364959558,0.12057047116727275,0.2884745809503496
CHEMBL4439746,Clc1ccc(-c2nc3occn3c2/C=N/OCc2ccc(Cl)c(Cl)c2)cc1,1,1.016175,-35.877274,4.568479,-4.215219,7.11,2.53,-34.507839,0.0,1,1,-34.507839,-34.507839,,,,420.6830000000001,6.1052000000000035,52.03,0.0,4.0,5.0,4.0,27.0,0.05263157894736842,0.6946219645720629,0.19469960563292546,0.042646316044037694,0.12003551746365586,0.2849808709276883
CHEMBL1318939,Cn1c(=O)c2c(ncn2CCOC(=O)C(C)(C)Oc2ccc(Cl)cc2)n(C)c1=O,1,0.039467,-36.802071,6.831486,-4.519207,8.361,2.89,-34.450325,0.0,0,1,-34.450325,-34.450325,,,,420.8530000000001,1.487899999999999,97.35,0.0,6.0,6.0,3.0,29.0,0.3684210526315789,0.5434001284962369,0.19378373316562617,0.04225624973528415,0.1197540439661086,0.28330942666315384
CHEMBL1605416,Cc1csc(NC(=O)CSc2ccc3nnc(-c4ccncc4)n3n2)n1,1,0.45836,-38.228996,6.465563,-2.976522,6.26,2.24,-34.281597,0.0,0,1,-34.281597,-34.281597,,,,383.4620000000001,2.6820200000000005,97.96000000000001,1.0,8.0,5.0,4.0,26.0,0.125,0.6882920579736916,0.19111421056708786,0.041119936794810595,0.11887975249956043,0.2780557295520397
CHEMBL457674,O=S(=O)(Nc1ccc2c(c1)ncn2-c1ccc2ccccc2c1)c1ccccc1Cl,1,1.235244,-37.027161,7.177388,-5.618416,3.771,2.06,-34.232944,0.0,1,1,-34.232944,-34.232944,,,,433.9200000000001,5.632900000000004,63.99,1.0,3.0,4.0,5.0,30.0,0.0,0.5399160371120703,0.19034929121068017,0.04079454907519478,0.1186444086841409,0.27656597474775085
CHEMBL4457647,O=C(Nc1ccnnc1)c1cc(N2CCOCC2)ccc1OCc1ccccc1,1,-1.498585,-35.736992,5.991525,-2.960586,8.698,2.16,-34.204639,0.0,0,1,-34.204639,-34.204639,,,,390.4430000000001,3.1445000000000016,76.58000000000001,1.0,6.0,6.0,4.0,29.0,0.22727272727272727,0.7105084345290478,0.18990528485857922,0.04060572357447476,0.11849257358683381,0.2757387466967006
CHEMBL306764,CCCn1c(C)c(C(=O)c2cccc3ccccc23)c2ccccc21,1,-1.217548,-32.183353,5.413037,-6.182191,4.218,2.38,-34.170055,0.0,1,1,-34.170055,-34.170055,,,,327.4270000000001,5.743920000000005,22.0,0.0,1.0,4.0,4.0,25.0,0.17391304347826086,0.7236955381667473,0.18936378704859697,0.04037548968112924,0.1183212755494888,0.27473007978240616
CHEMBL3318962,Clc1ccc(C2(c3nnc4c(Oc5ccccc5Cl)cccn34)CC2)cc1,1,-0.801913,-34.155766,7.288575,-6.201839,5.95,3.7,-33.870945,0.0,1,1,-33.870945,-33.870945,,,,396.2770000000001,5.908300000000003,39.42,0.0,3.0,4.0,5.0,27.0,0.14285714285714285,0.6771545822569696,0.18472692631547977,0.03840681288317517,0.11690916089883517,0.2656648631338674
CHEMBL409,CC(O)(CS(=O)(=O)c1ccc(F)cc1)C(=O)Nc1ccc(C#N)c(C(F)(F)F)c1,1,-1.879985,-33.93428,5.39777,-3.171765,7.693,2.58,-33.588261,0.0,0,1,-33.588261,-33.588261,,,,430.3790000000001,2.8795800000000007,107.25999999999999,2.0,5.0,5.0,2.0,29.0,0.2222222222222222,0.6697471686293119,0.18042219219709188,0.036584963543668324,0.11553940705104122,0.2575051772256014
CHEMBL4071864,CN1C(=O)[C@@H](NC(=O)c2n[nH]c(Cc3ccccc3)n2)COc2ccccc21,1,-3.996677,-33.304764,7.49291,-3.770271,2.128,1.41,-33.578804,0.0,0,1,-33.578804,-33.578804,,,,377.4040000000001,1.5492999999999992,100.21000000000001,2.0,5.0,4.0,4.0,28.0,0.2,0.669502932565693,0.18027949634882365,0.03652468873213887,0.11549669290950779,0.2572352470316839
CHEMBL277535,c1ccc(-c2ccc(C(c3ccccc3)n3ccnc3)cc2)cc1,1,0.943819,-30.881304,2.853512,-6.300433,2.817,1.81,-33.384407,0.0,0,1,-33.384407,-33.384407,,,,310.40000000000003,5.187800000000005,17.82,0.0,1.0,4.0,4.0,24.0,0.045454545454545456,0.5204505104672571,0.17736528869593668,0.03529561496911696,0.11461379894104184,0.25179200668029933
CHEMBL532504,Cc1nc(NC2=NCN(CCCN3CCOCC3)CN2)nc2c(C)cccc12,1,-2.443552,-32.919971,5.719323,-3.546831,6.548,3.64,-33.191036,0.0,0,1,-33.191036,-33.191036,,,,383.50000000000006,1.5570400000000002,77.91000000000001,2.0,8.0,5.0,4.0,28.0,0.55,0.6596811399869096,0.17450268921535664,0.03409219601825842,0.1136425356545837,0.2462776063490609
CHEMBL5279479,COc1ccc(OC)c(-n2nnc(C(=O)Nc3cccc(N(C)C)c3)c2C)c1,1,-0.6551,-36.790771,6.649345,-2.390666,5.555,2.34,-33.187191,0.0,0,1,-33.187191,-33.187191,,,,381.43600000000015,2.911220000000001,81.51,1.0,6.0,6.0,3.0,28.0,0.25,0.6773335644117106,0.17444613752077998,0.03406846468567567,0.11362245650932566,0.24617186129626273
CHEMBL3622898,Cc1nc(C)c(CNc2nc(OCCCc3ccc4ccccc4n3)nc(Cl)c2C)s1,1,-0.434598,-34.271908,5.557756,-3.905719,5.884,3.18,-33.054466,0.0,1,1,-33.054466,-33.054466,,,,453.999,5.683660000000004,72.82000000000001,1.0,7.0,8.0,4.0,31.0,0.30434782608695654,0.6991688591400304,0.17250288150052567,0.033254078138519064,0.11294354780763009,0.2424427034909087
CHEMBL1561576,O=[N+]([O-])c1cc(-c2nc(-c3ccncc3)no2)cc([N+](=O)[O-])c1,1,-0.918411,-32.775227,3.602207,-2.962576,0.105,0.03,-33.054005,0.0,0,1,-33.054005,-33.054005,,,,313.22900000000004,2.615,138.09,0.0,8.0,4.0,3.0,23.0,0.0,0.673353654176864,0.172496161904079,0.03325126581868892,0.1129410454544394,0.24243045051116133
CHEMBL1091720,CCC(C)(C)Cc1c[nH]c(CCc2ccc(-c3ccccn3)cc2)n1,1,0.319852,-31.85812,4.110587,-5.404821,5.93,1.83,-32.832504,0.0,1,1,-32.832504,-32.832504,,,,333.479,5.235600000000004,41.57,1.0,2.0,7.0,3.0,25.0,0.36363636363636365,0.49447100398085325,0.1692916586887161,0.03191326950081974,0.11178043607310081,0.23647675898550843
CHEMBL514421,O=S(=O)(Cc1ccccc1Cl)Nc1ccc2c(ccn2Cc2ccccc2)c1,1,1.916436,-35.110985,5.966475,-5.563807,4.456,2.08,-32.791882,0.0,1,1,-32.791882,-32.791882,,,,410.92600000000016,5.284900000000004,51.1,1.0,2.0,6.0,4.0,28.0,0.09090909090909091,0.5080504671558265,0.1687092105346335,0.03167079108554685,0.11155457031892337,0.2353956292057115
CHEMBL1835918,Cc1ccc(N2CC(COc3ccc(-c4noc(C)n4)cc3)C2)nn1,1,-3.200808,-33.344021,6.142578,-2.315753,2.687,1.5,-32.718006,0.0,0,1,-32.718006,-32.718006,,,,337.38300000000004,2.65864,77.17,0.0,7.0,5.0,4.0,25.0,0.3333333333333333,0.4915872277713156,0.1676541339714988,0.031232149218622753,0.11118908667710892,0.23327554055488403
CHEMBL146095,O=C(OCC(O)CO)c1ccccc1Nc1ccnc2cc(Cl)ccc12,1,-0.289476,-35.91988,5.77306,-1.965267,4.835,1.53,-32.401562,0.0,0,1,-32.401562,-32.401562,,,,372.80800000000005,3.141800000000001,91.68,3.0,6.0,6.0,3.0,26.0,0.15789473684210525,0.4839868456726116,0.16319595901120257,0.02938783274854072,0.1095974244303002,0.22499709577051635
CHEMBL473417,CS(=O)(=O)c1ccc(C(=O)Nc2ccc(Cl)c(-c3ccccn3)c2)c(Cl)c1,1,-3.846199,-34.446007,9.788134,-3.836618,4.277,1.78,-32.340691,0.0,0,1,-32.340691,-32.340691,,,,421.30500000000006,4.7112000000000025,76.13,1.0,4.0,4.0,3.0,27.0,0.05263157894736842,0.6533239064757856,0.16234980246539688,0.02903958242190228,0.10929292979343071,0.22327431016847826
CHEMBL1413196,COc1ccc(NC(=O)c2cccc3c(Br)cccc23)cc1,1,0.405622,-33.71595,4.862923,-3.615752,2.67,1.78,-32.063156,0.0,0,1,-32.063156,-32.063156,,,,356.21900000000005,4.8632000000000035,38.33,1.0,2.0,3.0,3.0,22.0,0.05555555555555555,0.4940133343167197,0.15853869541059093,0.027478923930496488,0.10810098717710848,0.21595810392702708
CHEMBL799,O=C1CCc2cc(OCCCCc3nnnn3C3CCCCC3)ccc2N1,1,-3.556714,-31.769299,6.51036,-3.180728,10.025,2.09,-31.996378,0.0,0,1,-31.996378,-31.996378,,,,369.4690000000002,3.4647000000000014,81.93,1.0,5.0,7.0,4.0,27.0,0.6,0.49278676538222904,0.157633191209713,0.02711012508347939,0.10773740680357537,0.21425951752869454
CHEMBL1427162,CCCc1nn(C)c(C(=O)Nc2cccc3ccccc23)c1Cl,1,-1.057008,-30.788862,4.49585,-4.311944,4.038,2.64,-31.661964,0.0,0,1,-31.661964,-31.661964,,,,327.81500000000005,4.431500000000003,46.92,1.0,2.0,4.0,3.0,23.0,0.2222222222222222,0.4681532150084305,0.15316573747274817,0.02530297180447961,0.1063675335657509,0.20576330946101665
CHEMBL1311023,Cc1nccc(-c2ccc(-n3cnc4ccccc43)cc2)n1,1,0.174098,-31.279545,4.466017,-4.921222,1.453,1.07,-31.560652,0.0,0,1,-31.560652,-31.560652,,,,286.338,3.7909200000000025,43.6,0.0,3.0,2.0,4.0,22.0,0.05555555555555555,0.6334483562139474,0.1518344206140614,0.02476867997282069,0.10595073171518113,0.2032702869371939
CHEMBL27289,C=C(c1ccccc1OCc1cccc(Cl)c1)n1ccnc1,1,-1.578694,-28.103605,3.425367,-5.284553,4.465,2.16,-31.541485,0.0,1,1,-31.541485,-31.541485,,,,310.784,4.634500000000003,27.05,0.0,2.0,5.0,3.0,22.0,0.05555555555555555,0.6329796872843744,0.15158370861161827,0.024668293538627803,0.10585893522538194,0.2027638480975709
CHEMBL4243206,C[Si](C)(O)c1ccc(N(CCc2ccccc2)S(=O)(=O)c2ccccc2)cc1,1,-0.499986,-33.036755,7.934724,-5.829478,8.085,2.62,-31.431494,0.0,0,1,-31.431494,-31.431494,,,,411.59900000000005,3.5290000000000026,57.61,1.0,3.0,7.0,3.0,28.0,0.18181818181818182,0.48274600079449675,0.1501520987479641,0.02409650965540628,0.10534055396818685,0.20010590306567885
CHEMBL3197908,COc1ccc2nc(C)cc(N/N=C/c3ccc(F)cc3)c2c1,1,-2.592561,-29.763016,4.82954,-3.871923,3.698,2.6,-31.397959,0.0,0,1,-31.397959,-31.397959,,,,309.34400000000005,4.1369200000000035,46.51,1.0,4.0,4.0,3.0,23.0,0.1111111111111111,0.6682341659576044,0.14971802775150977,0.023923635733892962,0.10519948966372983,0.19930360444625847
CHEMBL152684,CCOC(=O)C(C)(CC)Oc1ccc(Cc2ccc(Cl)cc2)cc1,1,0.164413,-29.509888,3.655872,-5.669743,8.872,2.89,-31.359344,0.0,0,1,-31.359344,-31.359344,,,,346.85400000000004,5.041400000000005,35.53,0.0,3.0,7.0,2.0,24.0,0.35,0.46234648411599716,0.14921959702715418,0.02372541919823843,0.10503729609813009,0.19838207966299073
CHEMBL3194048,CCOc1ccc(/C=N/n2cc(-c3ccccc3)nc2S)cc1,1,-2.60746,-34.533928,11.491986,-5.703452,10.515,3.37,-31.352856,0.0,0,1,-31.352856,-31.352856,,,,323.421,4.119700000000003,39.41,1.0,4.0,5.0,3.0,23.0,0.1111111111111111,0.6674408367319004,0.1491359983719527,0.02369220415616202,0.10501015196482173,0.1982277922622368
CHEMBL1373822,Clc1ccc(Nc2nc(-c3cccs3)cs2)nc1,1,-0.662449,-29.870125,3.390161,-4.203705,1.295,1.24,-31.346117,0.0,0,1,-31.346117,-31.346117,,,,293.80400000000003,4.6636000000000015,37.81,1.0,5.0,3.0,3.0,18.0,0.0,0.4812736012516157,0.14904921016667744,0.023657731203179322,0.10498198142197865,0.198067517079173
CHEMBL5314924,Cc1ccc([C@H]2C[C@@H]2COc2cc(NCc3nnc(C)s3)nc(C)n2)nc1,1,-0.760821,-34.435616,5.893072,-1.718609,5.209,3.14,-31.021975,0.0,0,1,-31.021975,-31.021975,,,,382.4930000000001,3.442960000000001,85.71,1.0,8.0,7.0,4.0,27.0,0.42105263157894735,0.6616270036312778,0.14492837769191444,0.022032287960061285,0.10363859067311999,0.19034292040782402
CHEMBL4514379,N#Cc1cnc2ccc(-c3c(-c4ccc(F)c(Cl)c4)ncn3CCO)nn12,1,-2.765374,-33.053383,7.928123,-3.090656,7.631,4.36,-30.981289,0.0,0,1,-30.981289,-30.981289,,,,382.78600000000006,2.9162800000000018,92.03,1.0,5.0,4.0,4.0,27.0,0.1111111111111111,0.6091788882274211,0.14441854708155205,0.02183280240052051,0.10346929045888935,0.18930050983143168
CHEMBL3190804,CCc1ccc2[nH]c3nc(N/N=C/c4ccc(O)cc4O)nnc3c2c1,1,-2.749098,-32.033245,6.051673,-2.051126,3.044,1.41,-30.781797,0.0,0,1,-30.781797,-30.781797,,,,348.3660000000001,2.925700000000001,119.31,4.0,7.0,4.0,4.0,26.0,0.1111111111111111,0.6573809264749119,0.1419426060886879,0.020869392562225732,0.10262419511090684,0.18477154476945187
CHEMBL3193884,C#CCn1cc(/C=N/NC(=O)c2cc3ccccc3o2)c2ccccc21,1,0.400554,-34.096863,7.967227,-5.050759,4.55,2.39,-30.779839,0.0,0,1,-30.779839,-30.779839,,,,341.37000000000006,3.784600000000002,59.53,1.0,3.0,4.0,4.0,26.0,0.047619047619047616,0.614758749743329,0.14191850110744994,0.020860058022151896,0.1026159724306954,0.1847306084596198
CHEMBL1525,CC1(C)C(C=C(Cl)Cl)C1C(=O)OCc1cccc(Oc2ccccc2)c1,1,0.34203,-28.483992,3.422866,-6.040152,8.825,2.38,-30.759247,0.0,0,1,-30.759247,-30.759247,,,,391.2940000000001,6.113300000000004,35.53,0.0,3.0,6.0,3.0,26.0,0.2857142857142857,0.6569796499917373,0.14166522321722508,0.02076203093641536,0.10252692870492736,0.1842593652478843
CHEMBL193,COC(=O)C1=C(C)NC(C)=C(C(=O)OC)C1c1ccccc1[N+](=O)[O-],1,-1.006544,-31.592081,6.700106,-4.582379,5.513,2.4,-30.4809,0.0,0,1,-30.4809,-30.4809,,,,346.33900000000006,2.1756,107.77000000000001,1.0,7.0,4.0,2.0,25.0,0.29411764705882354,0.44704516791585397,0.138282856997451,0.019462612462775548,0.10130507671187443,0.17802582081842538
CHEMBL14370,CCOc1ccccc1OC(c1ccccc1)C1CNCCO1,1,0.594487,-31.901476,4.357316,-3.29953,8.285,2.88,-30.249205,0.0,0,1,-30.249205,-30.249205,,,,313.39700000000005,3.1938000000000004,39.72,1.0,4.0,6.0,3.0,23.0,0.3684210526315789,0.593135679328185,0.135525737575612,0.018417441023118177,0.1002781556522438,0.17296692948871673
CHEMBL1569192,CCOC(=O)Cc1cc(-c2ccc(O)cc2)nc2ccc3ccccc3c12,1,-2.35227,-30.099564,6.469018,-4.265404,2.849,1.82,-30.248222,0.0,0,1,-30.248222,-30.248222,,,,357.4090000000001,4.866200000000004,59.42,1.0,4.0,4.0,4.0,27.0,0.13043478260869565,0.46283740110810595,0.13551415253790347,0.018413077350212505,0.10027438091079169,0.17294689477187314
CHEMBL4249586,C[Si](C)(O)c1ccc(NS(=O)(=O)c2ccccc2)cc1,1,-3.598845,-31.07605,6.007506,-1.394927,0.612,0.59,-30.062317,0.0,1,1,-30.062317,-30.062317,,,,307.447,1.8918,66.4,2.0,3.0,4.0,2.0,20.0,0.14285714285714285,0.5889250186553247,0.13334020232460034,0.01759854787722048,0.09955069299581847,0.16911431988132933
CHEMBL4780781,O=C1c2nc3ccccc3n2CCN1CCCCOc1ccc(OC(F)(F)F)cc1,1,0.079867,-33.537029,7.740291,-4.342118,11.094,2.93,-30.058987,0.0,1,1,-30.058987,-30.058987,,,,419.403,4.249900000000004,56.59,0.0,4.0,7.0,4.0,30.0,0.3333333333333333,0.4401288668286896,0.1333015696798464,0.017584152293279854,0.09952853404101152,0.16904433799994528
CHEMBL1520832,CSc1ncc(C(=O)Nc2ccc(Cl)cc2)c(C)n1,1,-3.285596,-28.417746,4.826918,-3.182396,2.666,1.1,-30.058821,0.0,0,1,-30.058821,-30.058821,,,,293.77900000000005,3.4126200000000013,54.88,1.0,4.0,3.0,2.0,19.0,0.15384615384615385,0.5974105264022297,0.13329964413136375,0.017583434854751983,0.09952739321749983,0.1690408500245103
CHEMBL3214386,C/C(=N/Nc1ccc(F)cc1)c1ccc(Cl)s1,1,-0.671185,-27.474159,2.168611,-4.007954,3.776,2.6,-29.984686,0.0,0,1,-29.984686,-29.984686,,,,268.74399999999997,4.376700000000001,24.39,1.0,3.0,3.0,2.0,17.0,0.08333333333333333,0.5871516918459371,0.13244238554288432,0.017264729883679473,0.09914838450562118,0.16750268557379205
CHEMBL3545185,O=C(/C=C\n1cnc(-c2cc(C(F)(F)F)cc(C(F)(F)F)c2)n1)NNc1cnccn1,1,-1.511574,-29.296753,5.799978,-4.878669,3.805,2.33,-29.887018,0.0,0,1,-29.887018,-29.887018,,,,443.311,3.386700000000001,97.62,2.0,6.0,5.0,3.0,31.0,0.11764705882352941,0.45667461349650074,0.131321165339257,0.01685003606885692,0.09878668789925717,0.16551574491608168
CHEMBL5427019,CCOc1ccccc1C(=O)Nc1cccc2c1C(=O)N(CC1CC1)C2,1,0.067542,-32.522518,7.519598,-4.917661,7.27,2.31,-29.853039,0.0,1,1,-29.853039,-29.853039,,,,350.4180000000002,3.703400000000003,58.64,1.0,3.0,6.0,4.0,26.0,0.3333333333333333,0.5922346529046507,0.130933260071341,0.016707143100237885,0.09866185265988973,0.16483035951822164
CHEMBL3632931,Cc1cc(-c2onc(C)c2C(=O)Sc2ccccc2)no1,1,-2.163548,-28.577055,4.675965,-3.766654,5.798,2.73,-29.831291,0.0,1,1,-29.831291,-29.831291,,,,300.33900000000006,3.8789400000000027,69.13,0.0,6.0,3.0,3.0,21.0,0.13333333333333333,0.6395042342499809,0.13068557132453307,0.01661605942545954,0.09858203279369165,0.1643596520822586
CHEMBL1501549,O=[N+]([O-])c1cnc(Nc2ccc(Cl)cn2)c([N+](=O)[O-])c1,1,-9.150449,-30.749676,14.467128,-4.315945,2.624,1.35,-29.74894,0.0,0,1,-29.74894,-29.74894,,,,295.64200000000005,2.6900000000000004,124.09,1.0,7.0,4.0,2.0,20.0,0.0,0.45425005619451836,0.12975181850171497,0.016273805883379837,0.09822905317575861,0.1626463183247548
CHEMBL4794578,CCOc1nc(Nc2ccc(C(=O)N3CCOCC3)cc2OC)nc2[nH]ccc12,1,2.686889,-36.405769,6.940161,-2.872616,6.687,3.18,-29.651335,0.0,0,1,-29.651335,-29.651335,,,,397.4350000000001,2.5812,101.6,2.0,7.0,6.0,4.0,29.0,0.35,0.43336879900705316,0.1286535781068727,0.01587357149795468,0.09780157237120396,0.16057318492098113
CHEMBL1448,O=C(Nc1ccc([N+](=O)[O-])cc1Cl)c1cc(Cl)ccc1O,1,-0.452435,-28.556301,2.751867,-3.340076,2.727,1.78,-29.596945,0.0,0,1,-29.596945,-29.596945,,,,327.12300000000005,3.859500000000001,92.47,2.0,4.0,3.0,2.0,21.0,0.0,0.4324435631116977,0.12804556396871883,0.015653090078476317,0.09756351026812289,0.15944342961382615
CHEMBL358150,CC(C)(Oc1ccc(Cl)cc1)C(=O)OCCOC(=O)c1cccnc1,1,-0.500654,-29.342167,4.339375,-4.054824,8.902,2.93,-29.55827,0.0,0,1,-29.55827,-29.55827,,,,363.7970000000001,3.292600000000001,74.72,0.0,6.0,7.0,2.0,25.0,0.2777777777777778,0.6337238305803616,0.12761495117903518,0.015497421495227587,0.09738295506749296,0.15863838012647072
CHEMBL1382475,CC(=O)c1ccc(NC(=O)c2cc(Cl)nc3ccccc23)cc1,1,0.084435,-32.983086,6.987716,-3.601978,3.745,1.78,-29.512913,0.0,0,1,-29.512913,-29.512913,,,,324.767,4.343100000000002,59.06,1.0,3.0,3.0,3.0,23.0,0.05555555555555555,0.4309973812011827,0.12711176519558282,0.015316031327077942,0.09717708271804516,0.15776854147998112
CHEMBL1577703,Cc1c(-c2cc[nH]n2)cc(NC(=O)c2ccc(Cl)cc2)c(=O)n1N,1,-3.40221,-31.001278,7.853582,-2.93705,6.238,2.39,-29.486956,0.0,0,1,-29.486956,-29.486956,,,,343.7740000000001,2.16632,105.8,3.0,4.0,3.0,3.0,24.0,0.0625,0.5825490844909732,0.12682468592781374,0.015212794906384814,0.09705984603009918,0.1572859663192755
CHEMBL5279980,COc1ccc(OC)c(-n2nnc(C(=O)Nc3cc(C(C)(C)C)ccc3OC)c2C)c1,1,-0.984544,-32.711773,6.88025,-2.667339,5.354,2.39,-29.483404,0.0,1,1,-29.483404,-29.483404,,,,424.50100000000026,4.151320000000004,87.50000000000001,1.0,6.0,6.0,3.0,31.0,0.34782608695652173,0.4304841429935243,0.12678545157714108,0.015198700125591375,0.09704381687723912,0.1572201704845256
CHEMBL5290029,Nc1ncncc1-c1ccnc2c1cnn2-c1ccc(F)cc1,1,0.219392,-30.119884,3.856018,-3.351398,0.054,0.03,-29.395874,0.0,0,1,-29.395874,-29.395874,,,,306.30400000000003,2.5988000000000007,82.50999999999999,1.0,5.0,2.0,4.0,23.0,0.0,0.5730078400704928,0.12582242255700907,0.014853823763579176,0.09667778777159648,0.15552373333073582
CHEMBL1545746,NC(=O)c1oc2ccccc2c1NC(=O)c1ccc(F)cc1,1,-2.709679,-30.180931,4.885335,-1.301677,6.926,3.48,-29.30695,0.0,0,1,-29.30695,-29.30695,,,,298.27299999999997,2.9231000000000007,85.33000000000001,2.0,3.0,3.0,3.0,22.0,0.0,0.42734509206047494,0.12485151951868338,0.01450828237213907,0.09631061932369583,0.15382944765232087
CHEMBL1459296,Brc1ccc2ncnc(Nc3ccc(N4CCOCC4)cc3)c2c1,1,-0.124639,-28.980223,3.106082,-3.207235,2.09,1.15,-29.206017,0.0,0,1,-29.206017,-29.206017,,,,385.2650000000002,3.972500000000002,50.28,1.0,5.0,3.0,4.0,24.0,0.2222222222222222,0.6255218252536747,0.12375857557286868,0.014121968987462631,0.09596087823573626,0.15190039290553906
CHEMBL37161,COC(=O)Nc1nc2cc(Sc3ccccc3)ccc2[nH]1,1,0.068426,-30.011169,4.133464,-3.353753,2.892,1.31,-29.163033,0.0,0,1,-29.163033,-29.163033,,,,299.355,3.892400000000001,67.00999999999999,2.0,4.0,3.0,3.0,21.0,0.06666666666666667,0.6244499853849509,0.12329604731794573,0.013959352558541653,0.0957726328955841,0.15106965907924144
CHEMBL101326,N#Cc1nn(-c2c(Cl)cc(C(F)(F)F)cc2Cl)c(N)c1[S+]([O-])C(F)(F)F,1,0.125619,-29.353416,3.246778,-3.144783,3.607,2.34,-29.125803,0.0,0,1,-29.125803,-29.125803,,,,437.15200000000004,4.279179999999999,90.69,1.0,4.0,2.0,2.0,26.0,0.16666666666666666,0.4424224942182948,0.12289684061143676,0.013819422342827912,0.09562291086791619,0.15035741035892625
CHEMBL1421125,Cc1ccc(-c2cc(-c3cccs3)[nH]n2)c(O)c1,1,-2.133541,-28.220053,3.387083,-2.057592,1.13,1.09,-29.024103,0.0,0,1,-29.024103,-29.024103,,,,256.33000000000004,3.8192200000000014,48.91,2.0,3.0,2.0,3.0,18.0,0.07142857142857142,0.5689897693486671,0.12181297244467737,0.013441520843400702,0.09518095742456563,0.14840944756440985
CHEMBL4126289,CC1(C)OCCn2c1nc(C(=O)NCc1ccc(F)cc1)c(O)c2=O,1,-2.46719,-28.734396,4.664834,-2.429515,4.701,2.33,-28.966265,0.0,0,1,-28.966265,-28.966265,,,,347.3460000000001,1.2832999999999999,93.45000000000002,2.0,5.0,3.0,3.0,25.0,0.35294117647058826,0.5671579463960339,0.12120088125744542,0.013229438656446213,0.09491475029823476,0.14735155448137144
CHEMBL193240,O=C(Nc1c(Cl)cncc1Cl)c1ccc(OC(F)F)c(OCC2CC2)c1,1,1.955774,-31.681559,4.569646,-3.799691,12.904,3.14,-28.95583,0.0,0,1,-28.95583,-28.95583,,,,403.21200000000016,5.030900000000003,60.45,1.0,4.0,7.0,3.0,26.0,0.29411764705882354,0.4388201031887103,0.1210907815894037,0.01319139413874953,0.0948757601172127,0.1471823925108867
CHEMBL1760682,Cn1c(-c2ccc(N)cc2)nnc1C1(c2ccc(Cl)cc2)CCC1,1,-0.684193,-30.125082,5.713104,-3.850065,2.817,1.49,-28.946236,0.0,0,1,-28.946236,-28.946236,,,,338.8420000000001,4.187700000000002,56.730000000000004,1.0,3.0,3.0,4.0,24.0,0.2631578947368421,0.42041882928080954,0.12098964485903953,0.013156474820240679,0.09483992642686599,0.14702584963952683
CHEMBL29609,Cc1cc(CCCOc2c(C)cc(-c3noc(C(F)(F)F)n3)cc2C)on1,1,2.436182,-31.180464,3.45339,-3.574239,6.025,2.88,-28.865129,0.0,1,1,-28.865129,-28.865129,,,,381.35400000000004,4.680260000000004,74.18,0.0,6.0,6.0,3.0,27.0,0.3888888888888889,0.5585734266815688,0.12013806449571317,0.01286352944856161,0.0945461774846722,0.14563162502417637
CHEMBL1506607,O=C(Nc1cccc(-c2nc3cc(Cl)ccc3o2)c1)C1CCCO1,1,-2.217335,-30.677328,7.172329,-3.050415,1.827,0.9,-28.772747,0.0,0,1,-28.772747,-28.772747,,,,342.78200000000015,4.2657000000000025,64.36,1.0,4.0,3.0,4.0,24.0,0.2222222222222222,0.6138225530011638,0.1191755358706963,0.012534785250291036,0.0941931221606329,0.14388285495728495
CHEMBL388590,CCc1oc2ccccc2c1C(=O)c1cc(Br)c(O)c(Br)c1,1,-11.704739,-31.108974,18.149715,-4.060382,4.958,2.64,-28.72438,0.0,0,1,-28.72438,-28.72438,,,,424.088,5.456800000000003,50.44,1.0,3.0,3.0,3.0,22.0,0.11764705882352941,0.6123767275402021,0.11867474506192607,0.012364762156033039,0.09401315232596544,0.14296157121541855
CHEMBL646,Cc1nnc2n1-c1ccc(Cl)cc1C(c1ccccc1Cl)=NC2,1,-2.075302,-27.33231,5.320539,-4.587792,2.09,2.09,-28.674866,0.0,0,1,-28.674866,-28.674866,,,,343.21700000000004,4.233520000000002,43.07,0.0,3.0,1.0,4.0,23.0,0.11764705882352941,0.5528042946829413,0.11816430997297649,0.0121921972235126,0.09383052443346661,0.1421040618659986
CHEMBL753,CC(COc1ccccc1)N(CCCl)Cc1ccccc1,1,-0.065431,-26.600834,1.88479,-3.872731,5.118,2.07,-28.654205,0.0,0,1,-28.654205,-28.654205,,,,303.83299999999997,4.194900000000003,12.47,0.0,2.0,8.0,2.0,21.0,0.3333333333333333,0.552154338577184,0.11795198394819766,0.012120635976798818,0.09375442308858739,0.141752278998278
CHEMBL1613234,Nc1c(C(=O)c2ccc(Br)cc2)oc2ccccc12,1,-1.21296,-27.487215,3.077343,-2.985162,3.431,2.33,-28.607994,0.0,0,1,-28.607994,-28.607994,,,,316.154,4.0085000000000015,56.230000000000004,1.0,3.0,2.0,3.0,19.0,0.0,0.6087625943670402,0.11747850636930365,0.011961530803015614,0.09360248116935813,0.14080407354184946
CHEMBL1331513,O=C(NC1CCCC1)c1cc2c(ccc3ccccc32)o1,1,-1.761751,-27.2745,4.356241,-3.914603,2.946,2.39,-28.594612,0.0,0,1,-28.594612,-28.594612,,,,279.33900000000006,4.2584000000000035,42.24,1.0,2.0,2.0,4.0,21.0,0.2777777777777778,0.5502518237671703,0.11734175965084796,0.011915701814807117,0.09353453573847972,0.1405540627751422
CHEMBL3190491,Oc1oc(-c2ccccc2)nc1/C=N/c1nccs1,1,-3.439125,-27.359339,4.415101,-2.056567,5.545,3.59,-28.439928,0.0,0,1,-28.439928,-28.439928,,,,271.301,3.2543000000000006,71.51,1.0,6.0,3.0,3.0,19.0,0.0,0.5451074379274711,0.11577294668043064,0.011393968276696096,0.09286601645538556,0.13770730909737344
CHEMBL3210930,CC(/C=C/c1cccc([N+](=O)[O-])c1)=N/NC(=O)c1cccnc1,1,-3.779035,-28.176254,7.03121,-3.505971,8.89,3.21,-28.430052,0.0,0,1,-28.430052,-28.430052,,,,310.313,2.8089000000000004,97.49,1.0,5.0,5.0,2.0,23.0,0.0625,0.4260346882807235,0.11567352259228143,0.01136115865254355,0.09282246566294179,0.13751853979068096
CHEMBL457977,Fc1ccc(-c2c3cccc(C(F)(F)F)c3nn2Cc2ccccc2F)cc1,1,1.615791,-28.447243,4.117517,-5.653496,4.913,3.09,-28.36743,0.0,1,1,-28.36743,-28.36743,,,,388.33900000000006,6.048600000000004,17.82,0.0,1.0,3.0,4.0,28.0,0.09523809523809523,0.5457144688051286,0.11504514675145487,0.011154520398780045,0.0925728799932755,0.13645446065214603
CHEMBL2107455,CS(=O)(=O)Nc1cc2occ(NC=O)c(=O)c2cc1Oc1ccccc1,1,-2.572219,-35.597313,11.536587,-1.70419,7.87,2.44,-28.337135,0.0,0,1,-28.337135,-28.337135,,,,374.37400000000014,2.5251,114.71,2.0,6.0,6.0,3.0,26.0,0.058823529411764705,0.5415094129209707,0.11474242548669077,0.011055423696467554,0.09246093944402231,0.1359257372085715
CHEMBL1375468,Cc1ccc(N=C(S)c2nc3ccccc3[nH]2)c(C)c1,1,-1.594929,-26.637312,4.140965,-4.217535,1.584,1.53,-28.308809,0.0,0,1,-28.308809,-28.308809,,,,281.38400000000007,4.187840000000002,41.04,2.0,2.0,2.0,3.0,20.0,0.125,0.5433244522463645,0.11446012775872484,0.010963281321699244,0.0923491214864385,0.13544550989838722
CHEMBL3822867,COc1cccc(-c2nc(SC)c3ccccc3n2)c1,1,-1.42411,-27.682644,4.349758,-3.52585,2.018,1.31,-28.282846,0.0,0,1,-28.282846,-28.282846,,,,282.368,4.027300000000003,35.010000000000005,0.0,4.0,3.0,3.0,20.0,0.125,0.5975180112840618,0.11420201399254197,0.010879261907184037,0.0922578710486411,0.1350339076541978
CHEMBL285674,Clc1ccc2c(c1)C(c1ccccc1)=NCc1nncn1-2,1,-2.907768,-25.745056,4.408869,-4.027821,2.086,2.08,-28.271776,0.0,0,1,-28.271776,-28.271776,,,,294.745,3.2717000000000027,43.07,0.0,3.0,1.0,4.0,21.0,0.0625,0.539140619039296,0.11409214471103236,0.010843565018109557,0.09221613634437355,0.13483142436329365
CHEMBL1080648,CC(C)Oc1cc(-n2nc(C(C)(C)C)oc2=O)c(Cl)cc1Cl,1,-1.818369,-25.763226,3.128112,-3.751503,4.787,2.23,-28.204985,0.0,1,1,-28.204985,-28.204985,,,,345.226,4.217000000000004,57.26,0.0,4.0,3.0,2.0,22.0,0.4666666666666667,0.4024120477046122,0.11343157915335562,0.010629799659319218,0.09193936473794562,0.13370824459990974
CHEMBL1670,Clc1ccc(C(c2ccccc2Cl)C(Cl)Cl)cc1,1,-1.047001,-23.855236,1.278829,-4.581223,2.597,1.83,-28.204632,0.0,1,1,-28.204632,-28.204632,,,,320.04600000000005,5.929000000000002,0.0,0.0,0.0,3.0,2.0,18.0,0.14285714285714285,0.5945272119883014,0.11342809858321291,0.010628677233163035,0.09193786041503511,0.13370232792687914
CHEMBL1404230,COc1ccc(C)cc1N=C(N)Nc1nc(C)cc(C)n1,1,-3.454614,-25.454838,5.175079,-4.445374,0.942,0.88,-28.179747,0.0,0,1,-28.179747,-28.179747,,,,285.351,2.4687600000000005,85.42,2.0,4.0,3.0,2.0,21.0,0.26666666666666666,0.5378445005084643,0.1131830138975345,0.010549746028945659,0.09178504149637158,0.1332949293973171
CHEMBL110,O=C(Cn1ccnc1[N+](=O)[O-])NCc1ccccc1,1,-4.077477,-27.42432,7.77129,-4.441913,6.801,2.36,-28.172421,0.0,0,1,-28.172421,-28.172421,,,,260.253,1.1077,90.06,1.0,4.0,5.0,2.0,19.0,0.16666666666666666,0.5375240754986956,0.11311096779111035,0.010526582460642574,0.09174634144100982,0.13319431919252445
CHEMBL1964748,O=C(N/N=C/c1c[nH]c2ccccc12)C1COc2ccccc2O1,1,-0.790832,-34.159744,10.037907,-3.249831,4.136,3.16,-28.162502,0.0,0,1,-28.162502,-28.162502,,,,321.336,2.458,75.71000000000001,2.0,4.0,3.0,4.0,24.0,0.1111111111111111,0.5370885868408691,0.11301349767792267,0.010495273441175844,0.09171213160794285,0.13303424293327834
CHEMBL1800116,Cc1c(Cl)cccc1Oc1cccn2c(C3CCCCCC3)nnc12,1,-0.591957,-27.827526,5.654956,-5.385659,0.385,0.35,-28.150185,0.0,1,1,-28.150185,-28.150185,,,,355.8690000000002,5.921220000000004,39.42,0.0,3.0,3.0,4.0,25.0,0.4,0.4007828362210295,0.11289258552342439,0.010456480378628834,0.09166967253910539,0.13279918571504737
CHEMBL1344938,CC(=O)Nc1cccc2c1C(=O)N(c1ccc(C)cc1)C2=O,1,-2.123782,-27.658051,4.657123,-3.007929,1.87,1.53,-28.132637,0.0,0,1,-28.132637,-28.132637,,,,294.31,2.7540200000000015,66.48,1.0,3.0,2.0,3.0,22.0,0.11764705882352941,0.5357658054199074,0.11272055584032385,0.010401375049637781,0.09160952387601606,0.13250276960605695
CHEMBL1489187,CCOc1ccc(-c2cc(C)n3nc(C(N)=O)cc3n2)cc1,1,0.250619,-33.981472,7.231578,-1.630078,6.946,3.37,-28.129353,0.0,0,1,-28.129353,-28.129353,,,,296.33,2.2023199999999994,82.51,1.0,4.0,4.0,3.0,22.0,0.1875,0.5356192810493997,0.11268839201573787,0.010391083720877062,0.09159875332783712,0.13245190867644677
CHEMBL715,Cc1cc2c(s1)Nc1ccccc1N=C2N1CCN(C)CC1,1,-0.247339,-27.934385,3.036349,-2.965809,2.347,2.34,-28.111185,0.0,0,1,-28.111185,-28.111185,,,,312.4420000000001,3.4392200000000033,30.870000000000005,1.0,5.0,0.0,4.0,22.0,0.35294117647058826,0.4166188580850662,0.11251062625394948,0.01033427060192653,0.09153445498643463,0.13215808876659835
CHEMBL3622879,Cc1nc(C)c(CNc2nc(C3CC3)nc(Cl)c2C)s1,1,-0.590306,-26.33412,2.459101,-3.566434,3.356,2.93,-28.031757,0.0,0,1,-28.031757,-28.031757,,,,308.838,4.001260000000003,50.7,1.0,5.0,4.0,3.0,20.0,0.5,0.5311656203379513,0.11173690155367001,0.010088308769784522,0.09122940211035878,0.13085805774435635
CHEMBL244683,CC(=O)Nc1ccc2cc3ccc(NC(C)=O)cc3nc2c1,1,-2.919753,-29.861797,7.201846,-2.362923,3.069,1.53,-27.942627,0.0,0,1,-27.942627,-27.942627,,,,293.326,3.304800000000001,71.09,2.0,3.0,2.0,3.0,22.0,0.11764705882352941,0.5269247291824027,0.11087531449441408,0.009817000920606963,0.09083377353791977,0.12939698107016936
CHEMBL1598608,CN1C(=O)COc2c(C(=O)NC3CN4CCC3CC4)cc(Cl)cc21,1,0.660678,-31.062037,4.55521,-2.061017,2.381,1.78,-27.907164,0.0,0,1,-27.907164,-27.907164,,,,349.81800000000004,1.5191999999999999,61.88,1.0,4.0,2.0,5.0,24.0,0.5294117647058824,0.5246047246925105,0.1105344532552326,0.009710439290771521,0.09069078852462771,0.12879461502062572
CHEMBL297302,O=C(CCCN1CCC(n2c(=O)[nH]c3ccccc32)CC1)c1ccc(F)cc1,1,-0.245896,-30.577337,7.404047,-4.477747,6.728,1.62,-27.896933,0.0,0,1,-27.896933,-27.896933,,,,381.4510000000002,3.7687000000000026,58.1,1.0,3.0,6.0,4.0,28.0,0.36363636363636365,0.5246836600402212,0.1104363208926915,0.009679843504823744,0.09065269243743602,0.1286619360334076
CHEMBL1383935,Cn1c(C(=O)N2CCC(C(N)=O)CC2)cc2cc(Cl)ccc21,1,-1.394634,-30.690693,6.163982,-1.9646,2.918,2.4,-27.885944,0.0,0,1,-27.885944,-27.885944,,,,319.792,2.1692,68.33000000000001,1.0,2.0,2.0,3.0,22.0,0.375,0.4089591616819975,0.1103310203661095,0.009647054331368683,0.09061531122024266,0.12849147155997792
CHEMBL1070,COc1ccc2cc(CCC(C)=O)ccc2c1,1,-1.489808,-27.063204,4.040277,-3.336338,1.669,1.65,-27.849075,0.0,0,1,-27.849075,-27.849075,,,,228.29099999999997,3.370000000000002,26.3,0.0,2.0,4.0,2.0,17.0,0.26666666666666666,0.40761398770483726,0.10997850171783081,0.009537600059653232,0.09048727129892718,0.127895793657888
CHEMBL1371770,c1cnc(N2CCN(Cc3ccc4c(c3)OCO4)CC2)nc1,1,-1.296462,-28.683229,4.618289,-2.467883,1.811,1.07,-27.829287,0.0,0,1,-27.829287,-27.829287,,,,298.34600000000006,1.5274999999999999,50.720000000000006,0.0,6.0,3.0,4.0,22.0,0.375,0.578342985515026,0.10978979169594054,0.009479208562913292,0.09040763485516123,0.12755159476108985
CHEMBL1579318,CCOc1ccc(NC(=O)c2cc3ccccc3cc2OC)cc1,1,-1.083163,-27.88587,5.729821,-4.535519,5.312,2.31,-27.774731,0.0,0,1,-27.774731,-27.774731,,,,321.3760000000001,4.499400000000003,47.56,1.0,3.0,5.0,3.0,24.0,0.15,0.4048173133552518,0.10927128431181173,0.009319504780405979,0.09019352288921526,0.1267601399269987
CHEMBL1557667,Cn1c(N)c(C(=O)Nc2ccccc2F)sc1=S,1,-2.94489,-26.577559,4.641681,-2.88425,0.945,0.88,-27.765018,0.0,0,1,-27.765018,-27.765018,,,,283.353,2.789690000000001,60.05,2.0,4.0,2.0,2.0,18.0,0.09090909090909091,0.5182454867023066,0.10917924273147571,0.009291269388771018,0.09016209028795868,0.1266019681040471
CHEMBL833,Clc1ccccc1CN1CCc2sccc2C1,1,0.233534,-25.757587,1.165613,-3.373252,1.486,0.78,-27.731693,0.0,0,1,-27.731693,-27.731693,,,,263.793,3.959800000000002,3.24,0.0,2.0,2.0,3.0,17.0,0.2857142857142857,0.38643411762066443,0.10886407466945043,0.009194850180480755,0.09005254278142956,0.12613418540672708
CHEMBL1909285,Cc1nc([N+](=O)[O-])cn1-c1ccc([N+](=O)[O-])cc1,1,-3.941661,-25.63316,6.191552,-4.310702,1.143,1.07,-27.693974,0.0,0,1,-27.693974,-27.693974,,,,248.198,1.9971199999999998,104.1,0.0,5.0,3.0,2.0,18.0,0.1,0.38495311520110237,0.10850851408729975,0.00908657058128826,0.08992086662708042,0.12556051405007917
CHEMBL3752911,O=C(/C=C/N1C[C@H]2C[C@@H]1CN2c1ccccn1)c1ccccc1O,1,-1.2084,-29.879038,6.914669,-3.374398,5.253,2.28,-27.547167,0.0,0,1,-27.547167,-27.547167,,,,321.38000000000005,2.446700000000001,56.67,1.0,5.0,4.0,4.0,24.0,0.2631578947368421,0.37885223026064,0.10713633275307077,0.008673802584701653,0.08932525962426134,0.12333963992181807
CHEMBL4563301,OCc1cccn2c(C3(c4ccc(Cl)cc4)CC3)nnc12,1,-0.764636,-26.772186,4.015193,-4.020585,1.675,0.86,-27.542213,0.0,0,1,-27.542213,-27.542213,,,,299.7610000000001,2.954900000000001,50.42,1.0,3.0,3.0,4.0,21.0,0.25,0.5073710594063917,0.10709035198744962,0.008660115614594958,0.08930421968296758,0.12326020223062165
CHEMBL1414242,COc1ccc(Cl)cc1C(=O)Nc1ccc(N(C)C(C)=O)cc1,1,-1.099603,-30.529919,7.898717,-3.695538,4.139,1.15,-27.426342,0.0,0,1,-27.426342,-27.426342,,,,332.7870000000001,3.5836000000000015,58.64,1.0,3.0,4.0,2.0,23.0,0.17647058823529413,0.3734053890297952,0.10602087786088298,0.00834452711900779,0.08878524291282723,0.12156423927591054
CHEMBL1509099,CCOCCc1nnc(NC(=O)c2ccc(OC)c(OC)c2)s1,1,-1.961332,-30.338238,7.34171,-2.461841,5.527,1.62,-27.419704,0.0,0,1,-27.419704,-27.419704,,,,337.40100000000007,2.3866000000000005,82.57000000000002,1.0,7.0,8.0,2.0,23.0,0.4,0.5008776392179426,0.10595995678676798,0.008326712642077346,0.08874736539835099,0.1214587133724836
CHEMBL1200604,CCN(Cc1ccncc1)C(=O)C(CO)c1ccccc1,1,-1.487435,-27.123171,4.206154,-3.012487,3.677,1.5,-27.416939,0.0,0,1,-27.416939,-27.416939,,,,284.359,2.2062,53.43000000000001,1.0,3.0,6.0,2.0,21.0,0.29411764705882354,0.5564577109102369,0.10593459170973694,0.00831930068590778,0.08873969730039707,0.12142078598293815
CHEMBL2105115,COc1ccccc1OC1(C)OC(=O)c2ccccc2O1,1,-1.069135,-28.569061,6.113642,-3.884456,4.875,2.92,-27.409012,0.0,0,1,-27.409012,-27.409012,,,,286.283,2.9971000000000014,53.99000000000001,0.0,5.0,3.0,3.0,21.0,0.1875,0.37259104640329394,0.10586190839995166,0.008298079037645312,0.08871771693389492,0.12131121775996354
CHEMBL3695718,Cc1nc(C)c(CNc2cc(C3CC3)nc3ccnn23)s1,1,-1.029029,-27.106466,4.429755,-3.698526,4.987,1.74,-27.404264,0.0,0,1,-27.404264,-27.404264,,,,299.40299999999996,3.2921400000000016,55.11,1.0,5.0,4.0,4.0,21.0,0.4,0.37236645410968067,0.1058183991724552,0.00828538771369515,0.08870455383909003,0.12124809997566505
CHEMBL136497,Nc1nc(N)nc(-c2cc(Cl)ccc2Cl)n1,1,0.055784,-26.047852,2.570785,-3.908767,0.015,0.01,-27.33005,0.0,0,1,-27.33005,-27.33005,,,,256.096,2.0098,90.71,2.0,5.0,1.0,2.0,16.0,0.0,0.38546523793016724,0.1051408097490181,0.00808894063622748,0.08843137083683526,0.1201464104979166
CHEMBL3183075,CNC(=C[N+](=O)[O-])NCCSCc1csc(CN(C)C)n1,1,-0.544677,-29.899311,5.06832,-1.940522,7.451,2.34,-27.316191,0.0,0,1,-27.316191,-27.316191,,,,331.4670000000001,1.3224999999999998,83.33,2.0,8.0,10.0,1.0,21.0,0.5833333333333334,0.5503667596929303,0.10501479068281319,0.008052657901065217,0.08836795503513545,0.1199564432669062
CHEMBL626,CN(C/C=C/c1ccccc1)Cc1cccc2ccccc12,1,3.87343,-32.312817,7.754715,-6.560299,2.191,1.22,-27.24497,0.0,0,1,-27.24497,-27.24497,,,,287.406,4.985000000000004,3.24,0.0,1.0,5.0,3.0,22.0,0.14285714285714285,0.4871845304510935,0.10436973706657125,0.007868212982761297,0.08807435558719375,0.11897430578950839
CHEMBL1386446,CN(C)c1nc(N)nc(-c2nc3ccccc3s2)n1,1,-2.354856,-26.977404,5.400498,-3.277692,0.064,0.03,-27.209455,0.0,0,1,-27.209455,-27.209455,,,,272.33700000000005,1.7965,80.82000000000001,1.0,7.0,2.0,3.0,19.0,0.16666666666666666,0.5435742546811876,0.10404966891544562,0.0077775022880078384,0.0879183903508759,0.11848548003807759
CHEMBL1334692,O=C(O)Cc1cn(-c2ccccc2)nc1-c1ccc(Cl)cc1,1,-8.159451,-31.88439,18.293308,-5.416411,4.211,2.11,-27.166946,0.0,0,1,-27.166946,-27.166946,,,,312.75600000000003,3.8198000000000025,55.12,1.0,2.0,4.0,3.0,22.0,0.058823529411764705,0.48194961673873626,0.10366795901111525,0.007670041434333577,0.08771955323038108,0.11788878355771906
CHEMBL3665949,Cc1c(Cl)nc(OC[C@H]2C[C@@H]2c2ccccn2)nc1NCc1cnn(C)c1,1,0.073887,-29.997086,5.900884,-3.120129,11.753,3.18,-27.142445,0.0,1,1,-27.142445,-27.142445,,,,384.87100000000015,3.3615200000000005,77.75,1.0,6.0,7.0,4.0,27.0,0.3684210526315789,0.4802713595633971,0.10344863826375975,0.007608657820261462,0.08764201646073642,0.11750406133098357
CHEMBL43064,C(=C/c1ccccc1)\CN1CCN(C(c2ccccc2)c2ccccc2)CC1,1,8.511364,-32.671341,3.549865,-6.517779,1.948,0.91,-27.127892,0.0,0,1,-27.127892,-27.127892,,,,368.5240000000001,5.1070000000000055,6.48,0.0,2.0,6.0,4.0,28.0,0.23076923076923078,0.5381437620392032,0.10331860413500413,0.007572389895808677,0.08758252709203794,0.11729443475271936
CHEMBL165790,CC(C)Oc1ccc2c(=O)c(-c3ccccc3)coc2c1,1,-1.025229,-25.667316,3.565914,-4.000737,5.757,3.05,-27.127369,0.0,0,1,-27.127369,-27.127369,,,,280.32300000000004,4.247200000000003,39.44,0.0,3.0,3.0,3.0,21.0,0.16666666666666666,0.48376590677912806,0.10331393430542667,0.007571089188359275,0.08758039010596079,0.11728684476005631
CHEMBL1201168,Cc1cc(C(=O)NNCc2ccccc2)no1,1,-3.650646,-25.251068,3.85975,-1.999661,3.606,2.64,-27.041626,0.0,0,1,-27.041626,-27.041626,,,,231.25500000000002,1.4176199999999997,67.16,2.0,4.0,4.0,2.0,17.0,0.16666666666666666,0.47829011122893705,0.10255141628508224,0.007360367224854848,0.08722874702022836,0.1161314024250717
CHEMBL2037345,COc1ccc(/C=N/Nc2nc3ccccc3[nH]2)cc1OC,1,0.106772,-30.081221,6.421264,-3.452239,5.564,2.6,-27.005424,0.0,0,1,-27.005424,-27.005424,,,,296.3300000000001,3.0261000000000013,71.53,2.0,5.0,5.0,3.0,22.0,0.125,0.529594638023331,0.10223129952564328,0.007272911818017793,0.0870561166403971,0.11567244035350571
CHEMBL2006030,CCN(/N=C/c1ccc(Cl)cc1)c1cc(=O)n(C)c(=O)[nH]1,1,-2.42237,-26.126368,4.550097,-2.989923,7.82,3.21,-26.988564,0.0,0,1,-26.988564,-26.988564,,,,306.753,1.5874,70.46000000000001,1.0,4.0,4.0,2.0,21.0,0.21428571428571427,0.47479395313137324,0.10208258430882963,0.007232491254520415,0.08699243818069086,0.11545554866706573
CHEMBL3695713,Cn1cc(CNc2cc(OC[C@H]3C[C@@H]3c3ccccn3)nc3ccnn23)cn1,1,2.190812,-32.550266,6.638871,-3.237113,8.611,3.07,-26.957695,0.0,0,1,-26.957695,-26.957695,,,,375.43600000000004,2.652400000000001,82.16,1.0,6.0,7.0,5.0,28.0,0.3,0.4670873657491123,0.1018109088431455,0.007158996700547491,0.08685661014524819,0.11503017660842972
CHEMBL4634634,C[C@@H]1C[C@H]1C(=O)N1CCN(c2cnc(C#N)c(-c3cnn(C)c3)n2)C[C@H]1C,1,-0.086547,-29.642879,5.185761,-2.40429,3.374,1.49,-26.947956,0.0,0,1,-26.947956,-26.947956,,,,365.4410000000001,1.4418799999999996,90.94000000000001,0.0,6.0,3.0,4.0,27.0,0.5263157894736842,0.46636659428949984,0.10172535955310892,0.007135947315250619,0.08682364939421659,0.11491101720299146
CHEMBL407,CCOC(=O)c1ncn2c1CN(C)C(=O)c1cc(F)ccc1-2,1,0.517552,-30.869341,7.022933,-3.606196,2.333,2.33,-26.935049,0.0,0,1,-26.935049,-26.935049,,,,303.293,1.7736999999999998,64.43,0.0,4.0,2.0,3.0,22.0,0.26666666666666666,0.5244666333909519,0.10161210211418932,0.007105502304372913,0.08678033879982015,0.1147531219650634
CHEMBL3094367,N#Cc1ccc(S(=O)(=O)N(CC(F)(F)F)c2ccc(C(O)(C(F)(F)F)C(F)(F)F)cc2)cc1,1,-0.681289,-28.826761,5.275667,-2.619237,8.049,2.62,-26.851622,0.0,1,1,-26.851622,-26.851622,,,,506.346,4.628080000000002,81.4,1.0,4.0,5.0,2.0,33.0,0.2777777777777778,0.46538661399673326,0.10088333586278914,0.006911539808490289,0.0864194386959805,0.11368502101330023
CHEMBL5441040,CC[C@H]1CCCN1c1cc(-c2ccco2)nnc1N,1,-1.150309,-27.728895,3.890686,-1.852253,1.608,1.16,-26.840771,0.0,1,1,-26.840771,-26.840771,,,,258.32500000000005,2.6975999999999996,68.18,1.0,5.0,3.0,3.0,19.0,0.42857142857142855,0.3581355544201783,0.10078896674659875,0.006886673806341015,0.08638330030580366,0.11356242598585865
CHEMBL1346834,Cc1nc(Cl)sc1C(=O)Nc1ccc(C(F)(F)F)cc1,1,-1.319293,-25.066042,2.428385,-2.707008,3.609,2.64,-26.663958,0.0,0,1,-26.663958,-26.663958,,,,320.723,4.376020000000001,41.99,1.0,3.0,2.0,2.0,20.0,0.16666666666666666,0.3465553646899275,0.09926473901303894,0.006493430688960137,0.0856016313747204,0.11128887640775584
CHEMBL3213880,Cc1cc(O)nc(N/N=C/c2ccc(Br)s2)n1,1,-0.238049,-29.142912,5.9888,-3.260538,5.82,3.48,-26.652699,0.0,0,1,-26.652699,-26.652699,,,,313.18,2.7606200000000003,70.4,2.0,6.0,3.0,2.0,17.0,0.1,0.44332992570248625,0.09916853617853916,0.006469161921159633,0.08555894865817709,0.11115030172232905
CHEMBL1979558,O=C1/C(=N/c2ccc(O)cc2)C(Cl)=C(O)c2ccccc21,1,-2.396612,-26.166819,3.747756,-1.808598,4.74,3.2,-26.624271,0.0,0,1,-26.624271,-26.624271,,,,299.713,3.8266000000000018,69.89,2.0,4.0,1.0,3.0,21.0,0.0,0.4409956016658821,0.09892608600726784,0.006408302800473155,0.08543181988113412,0.1107665706672527
CHEMBL1577852,O=C(CN1CCOCC1)Nc1nc2ccc([N+](=O)[O-])cc2s1,1,-0.902575,-29.462982,5.875741,-2.08985,2.953,1.78,-26.579664,0.0,0,1,-26.579664,-26.579664,,,,322.34600000000006,1.4752,97.6,1.0,7.0,4.0,3.0,22.0,0.38461538461538464,0.49622225480137344,0.09854695929984521,0.006314020009147519,0.08523515369834103,0.11017365050904789
CHEMBL5428009,C[C@H]1CCCCN1c1cc(-c2ccccc2O)nnc1N,1,-1.764319,-27.471727,4.219435,-1.559176,2.991,1.81,-26.575787,0.0,1,1,-26.575787,-26.575787,,,,284.36300000000006,2.8102000000000005,75.27,2.0,5.0,2.0,3.0,21.0,0.375,0.49589336340535245,0.09851408292490241,0.006305895809935394,0.0852159978415399,0.11012260404587479
CHEMBL3195346,Cc1nc(C)c(C(=O)N/N=C/c2c[nH]c3ccccc23)s1,1,-2.752193,-28.348064,7.471732,-2.947063,8.294,3.16,-26.57559,0.0,0,1,-26.57559,-26.57559,,,,298.37100000000004,3.005140000000001,70.14,2.0,4.0,3.0,3.0,21.0,0.13333333333333333,0.49587664025486894,0.09851241271563088,0.006305483300642603,0.08521502469109696,0.11012001085011551
CHEMBL3287136,Cc1c(-c2ccc(O)c(O)c2)[nH]c2ccc(OCCCO)cc12,1,-4.375704,-27.059183,5.042084,-0.125884,8.031,2.09,-26.518686,0.0,0,1,-26.518686,-26.518686,,,,313.35300000000007,3.3157200000000016,85.71000000000001,4.0,4.0,5.0,3.0,23.0,0.2222222222222222,0.33636613683778216,0.09803126566871834,0.006187554786984453,0.08501447860418625,0.10945346116138593
CHEMBL1533640,Cc1nnc(N2C(=O)c3cccc4c([N+](=O)[O-])ccc(c34)C2=O)s1,1,0.114367,-29.374071,6.397158,-3.606268,2.141,2.11,-26.468815,0.0,0,1,-26.468815,-26.468815,,,,340.3200000000001,2.708520000000001,106.30000000000001,0.0,7.0,2.0,4.0,24.0,0.06666666666666667,0.3145500437873032,0.09761170623054304,0.006086226844757654,0.08480573384138625,0.10883562104825159
CHEMBL1476893,O=S(=O)(NNc1ncc(C(F)(F)F)cc1Cl)c1ccc(F)cc1F,1,1.186837,-29.117931,4.179747,-2.626791,1.292,0.58,-26.378139,0.0,0,1,-26.378139,-26.378139,,,,387.71700000000004,3.3374000000000006,71.09,2.0,4.0,4.0,2.0,24.0,0.08333333333333333,0.47858619960433063,0.09685390830333422,0.005906912515913388,0.08447835289477065,0.1076607392331788
CHEMBL1110,Cc1[nH]cnc1CN1CCc2c(c3ccccc3n2C)C1=O,1,-0.426929,-31.167799,9.078296,-3.851719,1.507,0.94,-26.368153,0.0,0,1,-26.368153,-26.368153,,,,294.35800000000006,2.4083200000000007,53.92,1.0,2.0,2.0,4.0,22.0,0.29411764705882354,0.32519360076755105,0.0967708499994911,0.00588755770384039,0.08444016267261864,0.10754123788004508
CHEMBL3198275,O=C(N/N=C/c1ccc(-c2ccccc2[N+](=O)[O-])o1)c1cncc(Br)c1,1,-3.442145,-29.657139,10.634535,-3.84121,7.851,2.89,-26.30596,0.0,0,1,-26.30596,-26.30596,,,,415.20300000000003,3.776200000000002,110.63,1.0,6.0,5.0,3.0,26.0,0.0,0.3204052455207609,0.09625532556490184,0.0057687926976042496,0.08415872615922203,0.10681383939642304
CHEMBL1336615,O=c1nc(Nc2ccc(Br)cc2)sc2ccc([N+](=O)[O-])cc12,1,-1.30863,-28.202087,7.193923,-3.988498,0.923,0.89,-26.305294,0.0,0,1,-26.305294,-26.305294,,,,378.2070000000001,4.070800000000002,85.13,1.0,6.0,3.0,3.0,22.0,0.0,0.3203534475456092,0.09624982144175147,0.0057675375624915174,0.08415651854889901,0.10680586822791534
CHEMBL990,CN(Cc1ccc(C(C)(C)C)cc1)Cc1cccc2ccccc12,1,6.23225,-30.980633,4.837067,-6.287231,2.187,1.22,-26.198547,0.0,0,1,-26.198547,-26.198547,,,,317.476,5.769300000000006,3.24,0.0,1.0,4.0,3.0,24.0,0.30434782608695654,0.31191466922632965,0.09537209411751962,0.005570994165798479,0.08370017352441292,0.1055582416128376
CHEMBL1430231,Cc1nc(N)nc(Nc2ccc(Cl)cc2)c1Br,1,-0.56491,-23.449989,1.468851,-3.624662,1.395,1.35,-26.170712,0.0,0,1,-26.170712,-26.170712,,,,313.586,3.526720000000001,63.83,2.0,4.0,2.0,2.0,17.0,0.09090909090909091,0.29056266844847195,0.09514467855392507,0.005521274244863932,0.08357795973704354,0.10524996260092284
CHEMBL490592,c1ccc(Nc2nc(-c3ccccn3)cs2)cc1,1,-0.221113,-25.96513,3.33718,-3.231928,1.513,1.47,-26.080992,0.0,0,1,-26.080992,-26.080992,,,,253.33000000000004,3.9487000000000014,37.81,1.0,4.0,3.0,3.0,18.0,0.0,0.2829278592660785,0.09441573443380583,0.005365403336037972,0.08311071556094841,0.10423403029855081
CHEMBL1407943,Clc1ccc(Cn2c(CN3CCCC3)nc3ccccc32)cc1,1,-1.088086,-24.431465,3.279744,-3.835091,4.324,2.13,-26.074898,0.0,0,1,-26.074898,-26.074898,,,,325.84299999999996,4.333800000000003,21.060000000000002,0.0,2.0,4.0,4.0,23.0,0.3157894736842105,0.3018245809871064,0.09436644790484465,0.0053550618271421884,0.08309224610836215,0.10416513126496267
CHEMBL1300615,CCOc1ccccc1NC(=O)c1ccc2nccnc2c1,1,-0.23147,-29.157549,5.698385,-2.261967,6.982,3.37,-25.9526,0.0,0,1,-25.9526,-25.9526,,,,293.326,3.280800000000001,64.11,1.0,4.0,4.0,3.0,22.0,0.11764705882352941,0.4383826424815555,0.09338335541212243,0.005154251766788874,0.08256949875592828,0.10280133291377663
CHEMBL1600251,Cc1cc(C)nc(Nc2ncc(O)n2-c2ccccc2)n1,1,-0.313299,-26.450588,5.302508,-4.47277,4.153,3.02,-25.934151,0.0,0,1,-25.934151,-25.934151,,,,281.319,2.72834,75.86000000000001,2.0,5.0,3.0,3.0,21.0,0.13333333333333333,0.43657438217227124,0.09323604450465538,0.005125085851523461,0.08249630168165355,0.10261806134986838
CHEMBL4635134,CNC(=O)c1cc(C(=O)NC2CC2)cn(Cc2ccccc2)c1=O,1,-0.942826,-26.935013,4.764642,-2.78394,5.526,2.23,-25.897135,0.0,0,1,-25.897135,-25.897135,,,,325.368,1.1483999999999992,80.2,2.0,3.0,5.0,3.0,24.0,0.2777777777777778,0.38542588660932503,0.09294126057860527,0.0050674719346556355,0.08234915873251222,0.10221103883079986
CHEMBL911,Cc1ccc(-c2nc3ccc(C)cn3c2CC(=O)N(C)C)cc1,1,0.585673,-29.423403,7.28745,-4.220387,5.459,3.09,-25.770668,0.0,0,1,-25.770668,-25.770668,,,,307.39700000000005,3.2488400000000013,37.61000000000001,0.0,2.0,3.0,3.0,23.0,0.2631578947368421,0.42041851347673553,0.09194193355569631,0.004879878551730025,0.08168400447622579,0.10082537868207474
CHEMBL13209,O=C1CN=C(c2ccccc2)c2cc([N+](=O)[O-])ccc2N1,1,-2.415505,-25.834909,4.766658,-2.266214,2.126,2.09,-25.749971,0.0,0,1,-25.749971,-25.749971,,,,281.27099999999996,2.3842999999999996,84.6,1.0,4.0,2.0,3.0,21.0,0.06666666666666667,0.36214141700870806,0.09177953413200113,0.004850560873791946,0.08157617818722133,0.10061241426498685
CHEMBL1605650,C[C@@H]1CCC[C@H](C)N1NC(=O)c1ccc(Cl)c(S(N)(=O)=O)c1,1,-4.465552,-27.715916,7.178907,-0.731606,1.436,1.04,-25.734167,0.0,0,1,-25.734167,-25.734167,,,,345.8520000000001,1.8951000000000002,92.5,2.0,4.0,3.0,2.0,22.0,0.5,0.2726761344567941,0.09165574376146565,0.004828439572518854,0.08151519236227216,0.10044522645122324
CHEMBL1484640,COC(=O)c1ccccc1NC(=O)Cn1ccnc1,1,0.284195,-28.564919,5.99363,-3.41025,2.874,1.08,-25.697344,0.0,0,1,-25.697344,-25.697344,,,,259.265,1.3083999999999998,73.22,1.0,4.0,4.0,2.0,19.0,0.15384615384615385,0.3571657653942714,0.09136803896124254,0.004777793899563994,0.08131692976196347,0.10006746262947197
CHEMBL1851805,CCN(CC)CC(=O)Oc1ccc(NC(C)=O)cc1,1,-0.661826,-28.681976,5.977165,-2.257261,13.287,6.16,-25.623898,0.0,0,1,-25.623898,-25.623898,,,,264.325,1.8921999999999999,58.64,1.0,4.0,6.0,1.0,19.0,0.42857142857142855,0.2629734216178596,0.09079720826430508,0.004680560319168829,0.08094282509581449,0.09929607083477629
CHEMBL631,CCCNCC(O)COc1ccccc1C(=O)CCc1ccccc1,1,3.50319,-32.704033,8.373157,-4.771472,11.327,2.92,-25.599159,0.0,0,1,-25.599159,-25.599159,,,,341.4510000000001,3.2414000000000023,58.559999999999995,2.0,4.0,11.0,2.0,25.0,0.38095238095238093,0.3478923146341733,0.09060583518295305,0.004648954697819805,0.08077507661101617,0.09902994035460262
CHEMBL3827928,O[C@H](c1ccccn1)C1(c2ccc(OC(F)(F)F)cc2)CC(F)(F)C1,1,0.221797,-24.410229,1.714973,-3.039968,9.444,3.52,-25.513426,0.0,1,1,-25.513426,-25.513426,,,,359.29400000000004,4.380700000000002,42.35000000000001,1.0,3.0,4.0,3.0,25.0,0.35294117647058826,0.3948181060234131,0.08994612794584936,0.004543950715905024,0.08026943717559089,0.09818074044740067
CHEMBL1274,CC1(C)NC(=O)N(c2ccc([N+](=O)[O-])c(C(F)(F)F)c2)C1=O,1,0.080122,-26.367239,3.5239,-2.691093,2.435,1.43,-25.454309,0.0,0,1,-25.454309,-25.454309,,,,317.223,2.4484000000000004,92.55000000000001,1.0,4.0,2.0,2.0,22.0,0.3333333333333333,0.2268553729548017,0.08949437425013816,0.004475682084227978,0.0799632439521612,0.09760250602095037
CHEMBL287631,NC(=O)CCC/N=C(\c1ccc(Cl)cc1)c1cc(F)ccc1O,1,-1.215079,-25.772455,3.366566,-1.825782,11.072,2.09,-25.446749,0.0,0,1,-25.446749,-25.446749,,,,334.7780000000001,3.2876000000000025,75.68,2.0,3.0,6.0,2.0,23.0,0.17647058823529413,0.34198422397732076,0.0894367874837719,0.004467197524495307,0.07993823358365187,0.09751956703588208
CHEMBL86304,O=C(NCCN1CCOCC1)c1ccc(Cl)cc1,1,-0.913339,-26.215631,3.327482,-1.627769,4.154,1.62,-25.429258,0.0,0,1,-25.429258,-25.429258,,,,268.74399999999997,1.4020000000000006,41.57000000000001,1.0,3.0,4.0,2.0,18.0,0.46153846153846156,0.34028267243890237,0.08930371324601394,0.00444778209236991,0.07984708244339495,0.09733665351355257
CHEMBL16,O=C1NC(=O)C(c2ccccc2)(c2ccccc2)N1,1,-5.305488,-21.587955,3.206634,-1.736587,1.178,1.01,-25.423397,0.0,0,1,-25.423397,-25.423397,,,,252.27300000000002,1.7696,58.2,2.0,2.0,2.0,3.0,19.0,0.06666666666666667,0.385909210133999,0.08925917175482007,0.004441343401978688,0.07980658966461,0.09727784643112364
CHEMBL5431005,C[C@@H]1CCCN1c1cc(-c2ccco2)nnc1N,1,-2.089972,-26.147053,4.324546,-1.499402,2.246,1.16,-25.411882,0.0,0,1,-25.411882,-25.411882,,,,244.298,2.3074999999999997,68.18,1.0,5.0,2.0,3.0,18.0,0.38461538461538464,0.3303375300578668,0.08917173478185511,0.004428791788528895,0.0797515617579033,0.09716387520073753
CHEMBL1407509,Cc1cccc2cc3c(N)c(C(=O)N4CCOCC4)sc3nc12,1,-0.478237,-27.75511,5.052704,-2.200439,2.604,2.4,-25.381083,0.0,0,1,-25.381083,-25.381083,,,,327.409,2.812520000000001,68.45,1.0,5.0,1.0,4.0,23.0,0.29411764705882354,0.33560076037291675,0.08893834247833676,0.0043958624394645155,0.07958304158794043,0.09685575005191449
CHEMBL1591365,COc1cccc(N(C)C(=S)Oc2ccc3c(c2)CCCC3)n1,1,0.085517,-28.181089,5.931525,-3.191613,6.241,3.75,-25.355659,0.0,1,1,-25.355659,-25.355659,,,,328.4370000000002,3.7691000000000026,34.59,0.0,4.0,3.0,3.0,23.0,0.3333333333333333,0.3251264432779528,0.08874620046195414,0.004369386669969013,0.0794623665970505,0.09660514229690628
CHEMBL3192859,COc1cc(/C=N/NC(=O)c2cccnc2)cc2c1OCO2,1,-2.874432,-27.948542,6.668716,-1.194732,1.867,1.05,-25.348989,0.0,0,1,-25.348989,-25.348989,,,,299.2860000000001,1.5828,82.04,1.0,6.0,4.0,3.0,22.0,0.13333333333333333,0.33248703879420805,0.08869586948355122,0.004362546897649788,0.07939674611290029,0.09654340192041266
CHEMBL1521,CCN(C(C)=O)c1cccc(-c2ccnc3c(C#N)cnn23)c1,1,-0.593065,-28.935133,7.947529,-3.734026,2.87,1.48,-25.314695,0.0,0,1,-25.314695,-25.314695,,,,305.341,2.6407800000000003,74.28999999999999,0.0,4.0,3.0,3.0,23.0,0.17647058823529413,0.3291662331393716,0.08843759946123254,0.004328078709985485,0.07918533962943795,0.09621040016390987
CHEMBL865,Cc1onc(-c2ccccc2)c1-c1ccc(S(N)(=O)=O)cc1,1,-0.724204,-29.256895,5.914557,-1.218889,0.717,0.68,-25.285429,0.0,0,1,-25.285429,-25.285429,,,,314.36600000000004,2.9644200000000005,86.19,1.0,4.0,3.0,3.0,22.0,0.0625,0.3186696546728098,0.0882178671234662,0.004299591866154502,0.07902109872849364,0.09592095370954361
CHEMBL24646,COc1ccc(-c2nc3cc(C4=NNC(=O)CC4C)ccc3[nH]2)cc1,1,0.694714,-30.804922,7.172552,-2.307485,2.143,2.11,-25.245142,0.0,0,1,-25.245142,-25.245142,,,,334.379,3.098600000000001,79.37,2.0,4.0,3.0,4.0,25.0,0.21052631578947367,0.3224574036432481,0.0879163964981393,0.004261780418756148,0.07878538520848356,0.09554809121226285
CHEMBL1340000,COc1cc2nc(-c3cccc(F)c3)cc(O)c2cc1OC,1,-1.421845,-26.878555,6.267611,-3.173398,1.908,1.1,-25.206188,0.0,0,1,-25.206188,-25.206188,,,,299.30100000000004,3.763700000000002,51.58,1.0,4.0,3.0,3.0,22.0,0.11764705882352941,0.36475534329302284,0.08762600841702406,0.004226770913562665,0.07857671116006165,0.09520409503229482
CHEMBL3781062,C[Si](C)(O)c1ccc(N(CC(F)(F)F)S(=O)(=O)c2ccccc2)cc1,1,-0.399486,-26.775366,5.407934,-3.435655,2.487,1.15,-25.202574,0.0,1,1,-25.202574,-25.202574,,,,389.471,2.848600000000001,57.61,1.0,3.0,5.0,2.0,25.0,0.25,0.31113996015480455,0.08759912241562716,0.0042236003383877225,0.07854866507042732,0.09517416585070818
CHEMBL1369293,O=C(Nc1ccon1)c1cnc2sccn2c1=O,1,-1.591588,-29.132408,7.584051,-1.984716,0.035,0.02,-25.12466,0.0,0,1,-25.12466,-25.12466,,,,262.25,0.9962999999999997,89.5,1.0,6.0,2.0,3.0,18.0,0.0,0.1977283288104006,0.0870217548236228,0.004158453133484867,0.07807354571918472,0.09445716401784869
CHEMBL1643895,Cn1cc(C(=O)[C@@H]2CCc3[nH]cnc3C2)c2ccccc21,1,-0.779608,-28.298023,8.429428,-4.41293,2.683,2.39,-25.061134,0.0,0,1,-25.061134,-25.061134,,,,279.343,2.8892000000000015,50.68,1.0,2.0,2.0,4.0,21.0,0.29411764705882354,0.35102897279009637,0.08655419879419933,0.004109881757642633,0.07768575590620956,0.09389025741757837
CHEMBL178862,COc1ccc(-c2cc(=S)ss2)cc1,1,-4.635258,-21.419525,4.580128,-3.504429,0.033,0.01,-24.979084,0.0,0,1,-24.979084,-24.979084,,,,240.374,4.214690000000002,9.23,0.0,4.0,2.0,2.0,14.0,0.1,0.34344748904158456,0.08595452054898406,0.004053194851072394,0.07719026572664525,0.09313217856979328
CHEMBL1425667,[O-][n+]1onc2c3cc(-c4ccccc4)nnc3ccc21,1,-0.916418,-26.610188,5.884833,-3.274042,0.375,0.37,-24.915815,0.0,0,1,-24.915815,-24.915815,,,,264.244,2.0713999999999997,78.75,0.0,5.0,1.0,4.0,20.0,0.0,0.20163721795614578,0.08549533224313267,0.004014129461354292,0.07678383876338736,0.09258437112323807
CHEMBL1087,Cc1cccc(C)c1NC(=O)C1CCCCN1C,1,-1.896296,-23.210051,2.838346,-2.628271,2.867,1.51,-24.896273,0.0,0,1,-24.896273,-24.896273,,,,246.35399999999996,2.7262400000000007,32.34,1.0,2.0,2.0,2.0,18.0,0.5333333333333333,0.20003937281484974,0.08535406697203486,0.0040028782591642826,0.07664508999020897,0.09241949308647336
CHEMBL448245,CC(=O)Nc1cc(-c2ccc(Cl)cc2)n[nH]1,1,-2.345785,-24.909344,4.4225,-2.006495,1.108,1.1,-24.839127,0.0,0,1,-24.839127,-24.839127,,,,235.674,2.6885000000000003,57.78,2.0,2.0,2.0,2.0,16.0,0.09090909090909091,0.28456444825219857,0.08494249349557001,0.0039721739202682,0.07629376601896803,0.0919433148572772
CHEMBL142635,COc1ccccc1N1CCN(CC(O)COc2cccc3ccccc23)CC1,1,4.407044,-34.350586,8.784992,-3.658042,8.014,2.09,-24.816593,0.0,0,1,-24.816593,-24.816593,,,,392.4990000000001,3.410300000000002,45.17,1.0,5.0,7.0,4.0,29.0,0.3333333333333333,0.28255013296633796,0.08478082293447106,0.003960963058040121,0.07610765520253837,0.09174291884993374
CHEMBL1601528,O=C(Nc1cccc(Cl)c1)c1ccc(O)nn1,1,-1.795777,-27.323227,5.327501,-1.024144,0.942,0.89,-24.815647,0.0,0,1,-24.815647,-24.815647,,,,249.65699999999998,2.0879,75.11,2.0,4.0,2.0,2.0,17.0,0.0,0.1723224449921881,0.08477404352365338,0.003960503465055214,0.07610141229772427,0.09173502736548288
CHEMBL1510252,COC(=O)c1cc(C(=O)Nc2nnc(C3CC3)s2)cc([N+](=O)[O-])c1,1,-9.495486,-31.332911,19.609306,-3.46103,6.217,3.48,-24.680119,0.0,0,1,-24.680119,-24.680119,,,,348.34000000000003,2.3626000000000005,124.32000000000002,1.0,8.0,5.0,3.0,24.0,0.2857142857142857,0.2706048843547298,0.08380916306140389,0.0039037773567035085,0.0751725721525055,0.09059524395592017
CHEMBL1529540,CCCC(=O)Nc1nn(C)c2nc3cc(C)ccc3cc12,1,-2.655548,-26.248077,7.69737,-3.431656,2.474,1.59,-24.637911,0.0,0,1,-24.637911,-24.637911,,,,282.34700000000004,3.168520000000002,59.81,1.0,3.0,3.0,3.0,21.0,0.3125,0.17974830416010648,0.08351123539567884,0.0038897631412980064,0.07486274527850491,0.09022731584426946
CHEMBL2107094,C#CCOc1ccc(N)cc1C(=O)NCCCC,1,-1.449252,-27.326134,6.412141,-2.238791,7.327,2.09,-24.602039,0.0,0,1,-24.602039,-24.602039,,,,246.30999999999995,1.8107,64.35,2.0,3.0,6.0,1.0,18.0,0.35714285714285715,0.2606273878987651,0.08325898373288194,0.0038791924940565483,0.07460165463815714,0.08995689690232316
CHEMBL409450,O=C1Nc2cc(Br)ccc2/C1=C1/Nc2ccccc2/C1=N\O,1,0.021926,-26.525541,4.056582,-2.143657,1.184,1.16,-24.590693,0.0,0,1,-24.590693,-24.590693,,,,356.17900000000003,3.4163000000000023,73.72,3.0,4.0,0.0,4.0,22.0,0.0,0.15549069887581954,0.08317938052945041,0.0038761031883497725,0.07450786798288367,0.08986655576291586
CHEMBL1018,C/C=C(C(=C/C)/c1ccc(O)cc1)\c1ccc(O)cc1,1,-0.46644,-24.525896,2.583517,-2.175186,6.896,2.59,-24.584005,0.0,0,1,-24.584005,-24.584005,,,,266.34,4.604600000000004,40.46,2.0,2.0,3.0,2.0,20.0,0.1111111111111111,0.26247411640430474,0.08313249857889905,0.003874339063995124,0.07446640487785582,0.08981277942021076
CHEMBL1401,CC(=O)Oc1ccccc1C(=O)Nc1ncc([N+](=O)[O-])s1,1,-1.904418,-26.195412,7.077368,-3.52725,1.142,1.1,-24.549713,0.0,0,1,-24.549713,-24.549713,,,,307.28700000000003,2.2289000000000003,111.43,1.0,7.0,4.0,2.0,21.0,0.08333333333333333,0.25663910170128723,0.08289259177042173,0.0038659529189842712,0.07427738876811975,0.08954549251284466
CHEMBL3187365,CN1CC2c3ccccc3Oc3ccc(Cl)cc3C2C1,1,0.716178,-24.309824,1.897047,-2.836059,0.0,0.0,-24.532658,0.0,0,1,-24.532658,-24.532658,,,,285.77400000000006,4.258500000000003,12.47,0.0,2.0,0.0,4.0,20.0,0.29411764705882354,0.2582324165408904,0.08277357070574608,0.0038621902676663758,0.07413995206927064,0.08943371677873756
CHEMBL294199,COc1cc(CNC(=O)CCCC/C=C/C(C)C)ccc1O,1,-0.765312,-25.432711,4.314462,-2.586524,7.292,2.34,-24.470085,0.0,0,1,-24.470085,-24.470085,,,,305.418,3.789600000000003,58.56,2.0,3.0,9.0,1.0,22.0,0.5,0.2507118063752574,0.0823385716565847,0.003850676829584323,0.0736707513005965,0.0889570909086234
CHEMBL259972,COc1ccc(-c2noc(CC(=O)O)c2-c2ccc(OC)cc2)cc1,1,-18.965799,-33.289368,31.707903,-3.918087,2.759,1.45,-24.465349,0.0,0,1,-24.465349,-24.465349,,,,339.34700000000004,3.6529000000000025,81.79,1.0,5.0,6.0,3.0,25.0,0.15789473684210525,0.1671745283778249,0.08230575462508025,0.0038499504583741112,0.07363540377804859,0.08892048450162511
CHEMBL1481388,Nc1cccc(Nc2ncnc3ccccc23)c1,1,0.139922,-25.742334,3.748581,-2.595845,1.516,1.47,-24.449678,0.0,0,1,-24.449678,-24.449678,,,,236.27800000000005,2.9556000000000004,63.83,2.0,4.0,2.0,3.0,18.0,0.0,0.24922065246321679,0.08219727308237731,0.003847690898603205,0.07353197326585698,0.0887950610828921
CHEMBL1055,NS(=O)(=O)c1cc(C2(O)NC(=O)c3ccccc32)ccc1Cl,1,-6.495898,-25.933573,7.101193,0.883365,1.042,1.02,-24.444912,0.0,0,1,-24.444912,-24.444912,,,,338.77200000000005,0.9242000000000001,109.49000000000001,3.0,4.0,2.0,3.0,22.0,0.07142857142857142,0.14544410094669505,0.08216431332593799,0.003847047390863035,0.07349270582878267,0.08875632008562327
CHEMBL5198290,CNC(=O)c1csc(C(=O)c2c[nH]c3ccccc23)n1,1,-3.378933,-27.064901,7.915674,-1.83703,5.074,2.73,-24.365191,0.0,0,1,-24.365191,-24.365191,,,,285.32800000000003,2.215,74.85,2.0,4.0,3.0,3.0,20.0,0.07142857142857142,0.1402499513540021,0.08161524133358615,0.003839261567082405,0.07293878041161665,0.08814406385540426
CHEMBL1201284,C[C@@H](NCCCc1cccc(C(F)(F)F)c1)c1cccc2ccccc12,1,7.036228,-29.61891,4.618711,-6.375597,5.392,2.12,-24.339567,0.0,0,1,-24.339567,-24.339567,,,,357.41900000000004,6.142000000000005,12.03,1.0,1.0,6.0,3.0,26.0,0.2727272727272727,0.15855629153958076,0.08143965550095242,0.003837932930960037,0.0727210569792509,0.08795416492267191
CHEMBL1369106,COc1ccccc1Nc1nc(NCCO)nc(N)c1[N+](=O)[O-],1,-1.319402,-25.935646,4.22624,-1.263598,3.051,1.46,-24.292406,0.0,0,1,-24.292406,-24.292406,,,,320.3090000000001,1.1233999999999997,148.46,4.0,9.0,7.0,2.0,23.0,0.23076923076923078,0.15544831459432026,0.08111762550620442,0.003836944153691298,0.07241264577004276,0.08760797224531482
CHEMBL1535518,CC(=O)Nc1cccc(OCC(=O)Nc2ccc(F)cc2)c1,1,-3.945905,-27.082895,9.637633,-2.874308,6.071,2.09,-24.265474,0.0,0,1,-24.265474,-24.265474,,,,302.305,2.8016000000000005,67.42999999999999,2.0,3.0,5.0,2.0,22.0,0.125,0.13405556180620307,0.08093438376908199,0.0038372118686063683,0.07219277026986726,0.08739206907646849
CHEMBL1383970,Cc1csc(SCC(=O)Nc2ccc(Cl)cn2)n1,1,-1.347421,-24.927017,4.780316,-2.696275,3.704,1.71,-24.190399,0.0,0,1,-24.190399,-24.190399,,,,299.808,3.2307200000000016,54.88,1.0,5.0,4.0,2.0,18.0,0.18181818181818182,0.1296141072373395,0.08042609861870047,0.003841066940978196,0.07159830412895397,0.08682081484887186
CHEMBL3187723,Cn1cnc2c(F)c(Nc3ccc(Br)cc3F)c(C(=O)NOCCO)cc21,1,-0.277236,-31.739347,10.724251,-2.863022,4.849,1.47,-24.155354,0.0,0,1,-24.155354,-24.155354,,,,441.2320000000002,3.0113000000000003,88.41000000000001,3.0,5.0,6.0,3.0,27.0,0.17647058823529413,0.12760591096445695,0.08019009333431988,0.003844392073552865,0.07131513348475843,0.086558794234261
CHEMBL1527352,Cc1ccc2c(c1)c1nc3ccccc3nc1n2C,1,-0.610493,-25.075298,5.257769,-3.653174,0.0,0.0,-24.081196,0.0,0,1,-24.081196,-24.081196,,,,247.30100000000002,3.5831200000000027,30.71,0.0,2.0,0.0,4.0,19.0,0.125,0.14237121122499938,0.07969332112280997,0.003854510198283459,0.07071981465293978,0.08597236638791048
CHEMBL1430347,[O-][n+]1onc2c1CCc1nnc(-c3ccccc3)cc1-2,1,-0.837253,-25.250034,5.208216,-3.19407,0.437,0.43,-24.073141,0.0,0,1,-24.073141,-24.073141,,,,266.26000000000005,1.5306000000000002,78.75,0.0,5.0,1.0,4.0,20.0,0.14285714285714285,0.22370585088858794,0.07963957659969348,0.0038558548700017214,0.07064966286887463,0.08590604429934202
CHEMBL1481360,CCCCc1cc2c(c(NC(C)=O)n1)c(=O)oc1ccccc12,1,-0.629052,-25.678099,5.884674,-3.606377,2.003,1.62,-24.028852,0.0,0,1,-24.028852,-24.028852,,,,310.353,3.6422000000000017,72.2,1.0,4.0,4.0,3.0,23.0,0.2777777777777778,0.12069786065512444,0.07934482011243231,0.0038640837992366434,0.07027561862556354,0.08560342937595819
CHEMBL1516375,NNc1nc(O)c2c3c(sc2n1)-c1ccccc1CC3,1,-0.080563,-24.307961,3.236293,-2.860377,0.014,0.01,-24.012608,0.0,0,1,-24.012608,-24.012608,,,,284.3440000000001,2.4481,84.06,3.0,6.0,1.0,4.0,20.0,0.14285714285714285,0.22005276737844368,0.07923702818458668,0.003867450631881524,0.07015748344327849,0.08549640465097225
CHEMBL806,CC(C)C(=O)Nc1ccc([N+](=O)[O-])c(C(F)(F)F)c1,1,-0.257622,-24.743574,4.08564,-3.026461,2.646,1.43,-23.942017,0.0,0,1,-23.942017,-23.942017,,,,276.21399999999994,3.2081000000000017,72.24,1.0,3.0,3.0,1.0,19.0,0.36363636363636365,0.11625987171148044,0.07877056695780928,0.0038841870332106832,0.06958175449824258,0.08503021399547554
CHEMBL4786793,C[C@H](c1ccccc1)N(C(=O)c1ccccc1)[C@@H](C(N)=O)c1ccccc1,1,2.130423,-29.018341,6.916109,-3.886078,5.069,1.87,-23.857887,0.0,0,1,-23.857887,-23.857887,,,,358.4410000000001,4.116600000000002,63.4,1.0,2.0,6.0,3.0,27.0,0.13043478260869565,0.13004258007523797,0.07821879470455355,0.003908412884840495,0.06891514173884113,0.08448606668177285
CHEMBL313972,C[C@H](Cc1ccc(O)c(O)c1)[C@@H](C)Cc1ccc(O)c(O)c1,1,-2.262703,-25.589697,4.512796,-0.427123,4.879,1.83,-23.766726,0.0,0,1,-23.766726,-23.766726,,,,302.37,3.5664000000000033,80.92,4.0,4.0,5.0,2.0,22.0,0.3333333333333333,0.20423741933162698,0.0776259699089064,0.003939578163417395,0.06824257155255398,0.08391226825940469
CHEMBL1576542,N#C/C(=C/c1ccccc1)c1nn(CCO)c(N)c1C#N,1,-3.560298,-24.128437,5.355049,-1.428939,7.553,3.09,-23.762627,0.0,0,1,-23.762627,-23.762627,,,,279.30299999999994,1.3934599999999995,111.65,2.0,5.0,4.0,2.0,21.0,0.13333333333333333,0.1252418023482832,0.07759943686866397,0.003941093552270052,0.06821001658798782,0.08388243273170432
CHEMBL45,COc1ccc2[nH]cc(CCNC(C)=O)c2c1,1,-2.144281,-26.763929,7.018686,-1.859289,0.775,0.66,-23.748814,0.0,0,1,-23.748814,-23.748814,,,,232.28299999999996,1.8550999999999997,54.12,2.0,2.0,4.0,2.0,17.0,0.3076923076923077,0.20495685359522842,0.077510102257435,0.003946270139018317,0.06811269995923451,0.08380327374641643
CHEMBL681,CCOC(=O)c1cncn1[C@H](C)c1ccccc1,1,-0.055424,-23.039566,2.974995,-3.593371,8.779,5.73,-23.713366,0.0,0,1,-23.713366,-23.713366,,,,244.294,2.669100000000001,44.12,0.0,3.0,4.0,2.0,18.0,0.2857142857142857,0.20113183190097897,0.07728139196037014,0.003960040505585896,0.0678412753986273,0.0835759773433121
CHEMBL1256391,Cc1ccc(=O)n(-c2ccccc2)c1,1,-2.272741,-23.849045,6.189532,-3.750933,1.168,1.16,-23.683187,0.0,0,1,-23.683187,-23.683187,,,,185.22600000000003,2.1459200000000003,22.0,0.0,1.0,1.0,2.0,14.0,0.08333333333333333,0.2476924665050879,0.07708729628040507,0.003972301684625379,0.06762322616194277,0.08338242735801844
CHEMBL1491587,Cc1ccccc1-c1nc(-c2cccnc2)no1,1,-0.258769,-24.815411,3.647427,-2.24621,2.083,2.05,-23.672962,0.0,0,1,-23.672962,-23.672962,,,,237.26200000000003,3.1070200000000012,51.81,0.0,4.0,2.0,3.0,18.0,0.07142857142857142,0.12096548936170133,0.0770216632076645,0.00397656541740681,0.06755375527254093,0.08330691729783492
CHEMBL93077,O=C(C[S+]([O-])C(c1ccccc1)c1ccccc1)NO,1,-6.154212,-24.133539,7.518183,-0.865495,5.265,2.73,-23.635061,0.0,0,1,-23.635061,-23.635061,,,,289.356,2.0301,72.39,2.0,3.0,5.0,2.0,20.0,0.13333333333333333,0.11922700559403306,0.07677894853308247,0.003992841273649161,0.06727695373261774,0.08307540776207657
CHEMBL12856,Nc1cc(-c2ccncc2)c[nH]c1=O,1,-1.940052,-25.411308,4.462333,-0.72876,1.082,1.08,-23.617786,0.0,0,1,-23.617786,-23.617786,,,,187.202,1.0191,71.77,2.0,3.0,1.0,2.0,14.0,0.0,0.2440906531597852,0.07666861683903471,0.004000500875610364,0.06711995116675948,0.08296264062396524
CHEMBL597452,Cc1cc(Nc2ccc(Br)cc2)n2nc(C)nc2n1,1,-0.701255,-24.543221,5.916725,-4.257401,4.517,3.64,-23.585152,0.0,0,1,-23.585152,-23.585152,,,,318.17800000000005,3.2472400000000015,55.11,1.0,4.0,2.0,3.0,19.0,0.15384615384615385,0.10047030016283519,0.07646069474045572,0.004015370845000224,0.06685000012199786,0.08275639937966758
CHEMBL1697754,CC(C)OC(=O)C(C(=O)OC(C)C)=C1SC=CS1,1,-3.038594,-20.518604,3.444314,-3.453095,10.189,3.98,-23.565979,0.0,0,1,-23.565979,-23.565979,,,,288.39,3.0524000000000013,52.60000000000001,0.0,6.0,4.0,1.0,18.0,0.5,0.19297372679271674,0.0763388439939757,0.004024345700214691,0.06671795135237522,0.08263670015355075
CHEMBL277522,O=C(O)CCC(=O)c1ccc(-c2ccccc2)cc1,1,-8.9736,-27.620989,17.740707,-4.709099,7.089,1.95,-23.562981,0.0,0,1,-23.562981,-23.562981,,,,254.28500000000003,3.4011000000000022,54.37,1.0,2.0,5.0,2.0,19.0,0.125,0.2411525713592637,0.07631981121093544,0.004025764723879672,0.06669854584987892,0.0826197875365221
CHEMBL1518278,COc1ccccc1C(=O)Nc1ccc(N2CCCCC2)cc1,1,-1.587554,-23.424261,5.369218,-3.87282,3.961,1.16,-23.515417,0.0,0,1,-23.515417,-23.515417,,,,310.39700000000005,3.937800000000003,41.57,1.0,3.0,4.0,3.0,23.0,0.3157894736842105,0.11400054889809937,0.0760185914589476,0.004048831111733438,0.06637973570930439,0.08231212877374731
CHEMBL1289,Clc1cc(Cl)c(OCC#CI)cc1Cl,1,0.385346,-22.150085,1.966918,-3.715884,3.765,2.09,-23.513706,0.0,0,1,-23.513706,-23.513706,,,,361.39300000000003,4.421500000000001,9.23,0.0,1.0,2.0,1.0,14.0,0.1111111111111111,0.19297786414704,0.07600778170499094,0.004049679911448671,0.06636457771285598,0.08230081668401966
CHEMBL130,O=C(N[C@H](CO)[C@H](O)c1ccc([N+](=O)[O-])cc1)C(Cl)Cl,1,-2.809115,-22.847845,3.670182,-1.474093,4.392,1.54,-23.460871,0.0,0,1,-23.460871,-23.460871,,,,323.13199999999995,0.9089999999999998,112.70000000000002,3.0,5.0,6.0,1.0,20.0,0.36363636363636365,0.1904643671782789,0.07567486325443705,0.004076518153409104,0.06597104377974963,0.08197106990852769
CHEMBL628,CC(=O)CCCCn1c(=O)c2c(ncn2C)n(C)c1=O,1,-0.491435,-26.685949,7.058925,-3.318716,4.151,1.62,-23.437174,0.0,0,1,-23.437174,-23.437174,,,,278.31200000000007,0.19300000000000006,78.89,0.0,4.0,5.0,2.0,20.0,0.5384615384615384,0.1863298256518641,0.0755261001155769,0.004088939270891373,0.06580491439934434,0.08181097832218949
CHEMBL198362,O=C(NC[C@H]1CN(c2ccc(N3CCOCC3=O)cc2)C(=O)O1)c1ccc(Cl)s1,1,1.141969,-31.378641,9.700774,-2.863901,5.007,1.68,-23.399797,0.0,0,1,-23.399797,-23.399797,,,,435.8890000000001,2.5199000000000007,88.18,1.0,6.0,5.0,4.0,29.0,0.3157894736842105,0.1876364204145886,0.07529215252093321,0.004108994199907214,0.06551788093347505,0.08160095859338186
CHEMBL1578889,CCOCC(=O)Nc1cccc(-c2nc3cccnc3s2)c1C,1,0.55394,-27.062588,5.803989,-2.685845,5.455,2.42,-23.390503,0.0,0,1,-23.390503,-23.390503,,,,327.4090000000001,3.641720000000002,64.11,1.0,5.0,5.0,3.0,23.0,0.23529411764705882,0.10895170714215562,0.07523411186498966,0.004114066684728942,0.06545436468381345,0.08155528442736208
CHEMBL1427854,Cc1cnc(NC(=O)c2c(Cl)cnn2C)s1,1,2.241059,-29.461773,5.976619,-2.142987,2.646,2.64,-23.387081,0.0,0,1,-23.387081,-23.387081,,,,256.718,2.0907199999999997,59.81,1.0,4.0,2.0,2.0,16.0,0.2222222222222222,0.23219254016924884,0.07521275480584916,0.004115942781358063,0.06542904615526071,0.08153817295938523
CHEMBL284906,O=C(NCCO[N+](=O)[O-])c1cccnc1,1,-1.579096,-23.892588,3.841347,-1.731485,1.237,1.05,-23.361822,0.0,0,1,-23.361822,-23.361822,,,,211.17700000000002,0.01969999999999983,94.36,1.0,5.0,5.0,1.0,15.0,0.25,0.09241040093717919,0.075055330134963,0.004129929317290313,0.0652179614741663,0.08137802490318026
CHEMBL1485041,Nc1[nH]ncc1C(=O)Nc1cccc(C(F)(F)F)c1,1,-1.975266,-26.360033,6.057997,-1.083809,0.994,0.88,-23.361113,0.0,0,1,-23.361113,-23.361113,,,,270.214,2.263,83.80000000000001,3.0,3.0,2.0,2.0,19.0,0.09090909090909091,0.2309277327181856,0.07505091692016834,0.004130325385578816,0.06521181348918309,0.08137242529511243
CHEMBL5086642,O=C1c2nc3cccc(C(F)(F)F)c3n2CCN1CC1CCC1,1,1.509286,-26.019375,5.249822,-3.910538,1.676,1.5,-23.170807,0.0,0,1,-23.170807,-23.170807,,,,323.3180000000001,3.3110000000000017,38.13,0.0,2.0,2.0,4.0,23.0,0.5,0.1777328233813459,0.07387726807992032,0.0042429401976346115,0.06371097717467032,0.08023385666789773
CHEMBL1486581,CCC(=O)NC(=S)Nc1ccc(NC(=O)c2ccco2)c(Cl)c1,1,-6.002838,-24.773123,10.350358,-2.724078,5.066,1.57,-23.149679,0.0,0,1,-23.149679,-23.149679,,,,351.81500000000005,3.4083000000000006,83.37,3.0,4.0,4.0,2.0,23.0,0.13333333333333333,0.17687175125886523,0.07374830143589499,0.004256152337387214,0.0635344075037996,0.08010365215447894
CHEMBL1771,COC(=O)[C@H](c1ccccc1Cl)N1CCc2sccc2C1,1,1.264591,-23.876881,2.787373,-3.206126,1.641,0.74,-23.031042,0.0,0,1,-23.031042,-23.031042,,,,321.829,3.6739000000000024,29.54,0.0,4.0,3.0,3.0,21.0,0.3125,0.21602151374786163,0.0730290305969182,0.004332617751993435,0.06267372794942289,0.0794638392976059
CHEMBL1319897,O=C(Nc1ccc2c(c1)OCO2)c1ccncc1,1,-2.521761,-24.566383,5.673684,-1.505955,1.93,1.05,-22.920414,0.0,0,1,-22.920414,-22.920414,,,,242.23399999999998,2.0625999999999998,60.45,1.0,4.0,2.0,3.0,18.0,0.07692307692307693,0.1680511565304812,0.07236574718551161,0.004407022574992406,0.06184396239652165,0.0788675615550514
CHEMBL19236,COc1nc(C)nc(Cl)c1NC1=NCCN1,1,-0.661633,-25.446028,3.811556,-0.603777,5.015,3.64,-22.899883,0.0,0,1,-22.899883,-22.899883,,,,241.68200000000002,0.8181199999999997,71.43,2.0,6.0,2.0,2.0,16.0,0.4444444444444444,0.16294272724083195,0.0722434337184222,0.004421121969618947,0.06171474243029326,0.07874090338324487
CHEMBL585,Nc1nc(N)c2nc(-c3ccccc3)c(N)nc2n1,1,-3.52376,-24.237335,5.364614,-0.447042,0.017,0.01,-22.843523,0.0,0,1,-22.843523,-22.843523,,,,253.26900000000003,0.8334000000000001,129.62,3.0,7.0,1.0,3.0,19.0,0.0,0.2084132281977981,0.0719089207792901,0.004460251025136105,0.06131690927645057,0.07844476894876902
CHEMBL1480987,CC1CC(OC(=O)C(O)c2ccccc2)CC(C)(C)C1,1,-0.958077,-20.172916,1.894195,-3.545061,2.045,1.37,-22.781858,0.0,1,1,-22.781858,-22.781858,,,,276.37600000000003,3.4780000000000024,46.53,1.0,3.0,3.0,2.0,20.0,0.5882352941176471,0.07673315848477143,0.0715450141758688,0.004503724865038852,0.06083636313788565,0.07813721896452071
CHEMBL1392445,O=C1c2ccccc2-c2nc3ccccc3nc21,1,-0.625236,-25.505608,6.023154,-2.594947,0.0,0.0,-22.702639,0.0,0,1,-22.702639,-22.702639,,,,232.242,2.8412000000000006,42.85,0.0,3.0,0.0,4.0,18.0,0.0,0.07507180617462901,0.071080704567935,0.0045604819455048505,0.060258673206843666,0.07772281102934639
CHEMBL1200596,Oc1c(Cl)cc(Cl)c2cccnc12,1,-0.652946,-23.655922,3.175564,-1.484266,0.0,0.0,-22.617571,0.0,0,1,-22.617571,-22.617571,,,,214.051,3.2472000000000003,33.120000000000005,1.0,2.0,0.0,2.0,13.0,0.0,0.15300388504233378,0.07058607795140143,0.004622421883322012,0.05963655607651422,0.07728123938508485
CHEMBL477,Nc1ncnc2c1ncn2[C@@H]1O[C@H](CO)[C@@H](O)[C@H]1O,1,-5.879737,-23.879599,5.751312,1.397872,2.6,2.1,-22.610149,0.0,0,1,-22.610149,-22.610149,,,,267.245,-1.9800000000000006,139.54000000000002,4.0,8.0,2.0,3.0,19.0,0.5,0.08534694723399654,0.07054311649112725,0.0046278696391815685,0.05959152232151216,0.07725002820141762
CHEMBL4251290,COC(=O)CN(c1ccc(C(C)(C)O)cc1)S(=O)(=O)c1ccccc1,1,-0.37306,-26.430593,5.834622,-1.567293,6.26,2.19,-22.536325,0.0,0,1,-22.536325,-22.536325,,,,363.4350000000001,2.2823,83.91,1.0,5.0,6.0,2.0,25.0,0.2777777777777778,0.15039056317001945,0.0701174769516192,0.004682396860001646,0.05906268081151738,0.07689057391676091
CHEMBL223228,O=C1Nc2ccc(Cl)cc2[C@@](C#CC2CC2)(C(F)(F)F)O1,1,-2.308596,-21.086578,4.078815,-3.198749,0.38,0.38,-22.515108,0.0,0,1,-22.515108,-22.515108,,,,315.67799999999994,4.073100000000001,38.33,1.0,2.0,0.0,3.0,21.0,0.35714285714285715,0.1963203349765638,0.06999571213931904,0.0046981742817206965,0.0589091647161288,0.07678229477254275
CHEMBL1321,CNNCc1ccc(C(=O)NC(C)C)cc1,1,-2.68806,-21.920319,2.912757,-0.798288,2.326,1.05,-22.49391,0.0,0,1,-22.49391,-22.49391,,,,221.304,1.0487999999999995,53.16,3.0,3.0,5.0,1.0,16.0,0.4166666666666667,0.14906616935587294,0.06987430684528124,0.004713980994346473,0.058758162754490625,0.07668017341882341
CHEMBL249856,CSc1ccc(C(=O)c2[nH]c(=O)[nH]c2C)cc1,1,-3.663656,-20.644405,4.083065,-2.253128,4.074,2.73,-22.478125,0.0,0,1,-22.478125,-22.478125,,,,248.307,1.9643199999999998,65.72,2.0,3.0,3.0,2.0,17.0,0.16666666666666666,0.19504410264125738,0.0697840652337631,0.004725778332177773,0.0586388979111459,0.07660061697115515
CHEMBL1567449,COc1ccccc1NC(=O)Nc1cccnc1,1,0.439412,-24.999138,4.056108,-1.957197,2.352,1.46,-22.460814,0.0,0,1,-22.460814,-22.460814,,,,243.26600000000002,2.7342000000000004,63.25,2.0,3.0,3.0,2.0,18.0,0.07692307692307693,0.08208515365152136,0.06968525862124897,0.0047387414745229785,0.05849349561849777,0.07652064604575289
CHEMBL781,OC1(c2ccc(Cl)cc2)c2ccccc2C2=NCCN21,1,-1.771834,-22.782879,4.134428,-1.938642,0.754,0.75,-22.358927,0.0,0,1,-22.358927,-22.358927,,,,284.74600000000004,2.6092000000000004,35.830000000000005,1.0,3.0,1.0,4.0,20.0,0.1875,0.14988484961326853,0.06910707063501748,0.004815517575122791,0.05770798309164723,0.07606952103033532
CHEMBL277062,O=C1CN=C(c2ccccn2)c2cc(Br)ccc2N1,1,-0.583753,-23.032331,3.137346,-1.798058,2.09,2.09,-22.276796,0.0,0,1,-22.276796,-22.276796,,,,316.15799999999996,2.6336000000000004,54.35,1.0,3.0,1.0,3.0,19.0,0.07142857142857142,0.07848939665379716,0.06864514300832349,0.004877902169338245,0.0571345036676375,0.07567376117348201
CHEMBL3823873,COc1cccc(-c2nc3ccccc3c(=S)[nH]2)c1,1,-2.195121,-28.465466,12.205454,-3.650428,1.514,1.49,-22.10556,0.0,1,1,-22.10556,-22.10556,,,,268.341,3.967990000000002,37.91,1.0,3.0,2.0,3.0,19.0,0.06666666666666667,0.07551273151768996,0.06769383657881553,0.00500892441429353,0.0559864910689342,0.07491738898831846
CHEMBL1175,CNCC[C@H](Oc1cccc2ccccc12)c1cccs1,1,4.918907,-27.600864,5.047583,-4.420096,4.458,2.27,-22.05447,0.0,0,1,-22.05447,-22.05447,,,,297.423,4.630900000000003,21.259999999999998,1.0,3.0,6.0,3.0,21.0,0.2222222222222222,0.14163725613564818,0.06741305604974543,0.005048171959545149,0.055609550554501,0.07468737212900195
CHEMBL4585141,O=S(=O)(Nc1cscn1)c1cc(Cl)c(NCc2cc(CN3CCC3)ccc2F)cc1F,1,-7.199633,-35.504917,22.878056,-2.223292,8.002,3.5,-22.049789,0.0,0,1,-22.049789,-22.049789,,,,484.9810000000003,4.6933000000000025,74.33,2.0,6.0,8.0,4.0,31.0,0.25,0.13663763355487585,0.06738739980936011,0.00505177000616039,0.05557354244117035,0.07466700667439884
CHEMBL371463,C[C@H]1CCC[C@H](O)CCC/C=C/c2cc(O)cc(O)c2C(=O)O1,1,-2.222654,-23.452612,4.02634,-0.294764,0.0,0.0,-21.943689,0.0,0,1,-21.943689,-21.943689,,,,320.38500000000005,3.3714000000000026,86.99,3.0,5.0,0.0,2.0,23.0,0.5,0.1781385780622489,0.06680899028119036,0.0051333734449745235,0.05486306623236587,0.0742298266746389
CHEMBL399121,COc1ccc([C@@H]2CC(=O)c3c(O)cc(O)cc3O2)cc1O,1,-1.100309,-26.005821,5.558231,-0.387932,0.61,0.61,-21.935831,0.0,0,1,-21.935831,-21.935831,,,,302.28200000000004,2.518500000000001,96.22000000000001,3.0,6.0,2.0,3.0,22.0,0.1875,0.13866470459686953,0.06676638856155785,0.005139418614817311,0.054808756993935275,0.07419663412100469
CHEMBL36,CCc1nc(N)nc(N)c1-c1ccc(Cl)cc1,1,-1.92322,-19.489637,1.923538,-2.380791,0.872,0.85,-21.87011,0.0,0,1,-21.87011,-21.87011,,,,248.71700000000004,2.5238000000000005,77.82,2.0,4.0,2.0,2.0,17.0,0.16666666666666666,0.06235325424598576,0.06641135563266033,0.00518996731046221,0.05434130419429899,0.07392635628995406
CHEMBL861,CCC1(c2ccccc2)NC(=O)N(C)C1=O,1,-0.296118,-22.746197,3.664516,-2.42971,0.847,0.65,-21.807508,0.0,0,1,-21.807508,-21.807508,,,,218.25599999999994,1.4735000000000003,49.410000000000004,1.0,2.0,2.0,2.0,16.0,0.3333333333333333,0.17421313386177953,0.06607527204453907,0.005238077879382096,0.053908752962211134,0.07367161598939191
CHEMBL569713,CN1[C@@H]2C[C@@H](OC(=O)[C@H](CO)c3ccccc3)C[C@H]1[C@@H]1O[C@@H]12,1,-0.268811,-24.342485,3.542428,-0.693392,7.518,4.05,-21.76226,0.0,0,1,-21.76226,-21.76226,,,,303.358,0.9180999999999995,62.3,1.0,5.0,4.0,4.0,22.0,0.5882352941176471,0.061180090794277435,0.06583362315918362,0.005272811878901919,0.053615049799999516,0.07348947136145985
CHEMBL1363,COc1ccc(C[C@@H](C)NC[C@H](O)c2ccc(O)c(NC=O)c2)cc1,1,7.090841,-32.195946,3.879196,-0.491078,5.651,1.5,-21.716988,0.0,0,1,-21.716988,-21.716988,,,,344.41100000000006,2.2233,90.82,4.0,5.0,9.0,2.0,25.0,0.3157894736842105,0.12873572406596714,0.06559290587573365,0.005307519763299634,0.0533255800458031,0.0733186452705697
CHEMBL135400,CN1CCN(C(=O)OC2c3nccnc3C(=O)N2c2ccc(Cl)cn2)CC1,1,0.339631,-33.204437,13.347288,-2.174508,4.138,2.69,-21.692026,0.0,0,1,-21.692026,-21.692026,,,,388.8150000000001,1.5679999999999998,91.75999999999999,0.0,7.0,2.0,4.0,27.0,0.35294117647058826,0.06045880294215489,0.06546063122638549,0.005326634458077174,0.05315567464704378,0.07321863421145793
CHEMBL2104523,CCOc1cc(N)c([N+](=O)[O-])cc1C(=O)NC1CCN(CC2CC=CCC2)CC1,1,9.123636,-34.040474,7.567832,-4.330573,7.203,2.09,-21.679579,0.0,0,1,-21.679579,-21.679579,,,,402.4950000000003,3.1262000000000016,110.73,2.0,6.0,7.0,3.0,29.0,0.5714285714285714,0.06033429081204261,0.06539479369257818,0.005336159170034943,0.053071620097503436,0.07317747095918632
CHEMBL2105918,Cc1ccccc1-n1c(CF)nc2ccc(N)cc2c1=O,1,-1.675801,-21.899309,4.660275,-2.724624,1.683,1.15,-21.639458,0.0,0,1,-21.639458,-21.639458,,,,283.30600000000004,2.74582,60.910000000000004,1.0,3.0,2.0,3.0,21.0,0.125,0.06886627183935522,0.06518311691625854,0.005366828143641405,0.05279836426601826,0.07301476458740083
CHEMBL3195512,O=C(N/N=C/c1ccco1)c1ccc(C(=O)N/N=C/c2ccco2)o1,1,2.691797,-31.865368,9.966402,-2.376792,3.302,3.16,-21.583961,0.0,0,1,-21.583961,-21.583961,,,,340.2950000000001,1.9934,122.34,2.0,7.0,6.0,3.0,25.0,0.0,0.06819220859453687,0.06489167186209123,0.005409160264602025,0.05241493062677312,0.07279633220929246
CHEMBL17,NS(=O)(=O)c1cc(Cl)c(Cl)c(S(N)(=O)=O)c1,1,-1.996422,-26.83857,5.415625,1.856394,0.042,0.02,-21.562973,0.0,0,1,-21.562973,-21.562973,,,,305.16400000000004,0.2882000000000006,120.32,2.0,4.0,2.0,1.0,16.0,0.0,0.16746982335410313,0.0647818606838618,0.005425139422563751,0.052261781470731995,0.07272663951335476
CHEMBL1201117,COc1ccccc1OCC(O)COC(N)=O,1,-5.817563,-21.3853,5.479549,0.169359,4.755,1.94,-21.553953,0.0,0,1,-21.553953,-21.553953,,,,241.24299999999994,0.5302000000000002,91.00999999999999,2.0,5.0,6.0,1.0,17.0,0.36363636363636365,0.06783661579459661,0.06473473584501423,0.005432001369470013,0.05220374489092783,0.07269651013549414
CHEMBL2088586,O=c1ccn2nc(Oc3ccc(F)cc3F)ccc2c1-c1c(F)cccc1F,1,-0.23731,-25.569317,8.731374,-4.452963,0.791,0.55,-21.528215,0.0,0,1,-21.528215,-21.528215,,,,386.3040000000001,4.710200000000002,43.60000000000001,0.0,3.0,3.0,4.0,28.0,0.0,0.16653996120202333,0.06460049455092348,0.005451562947585724,0.05202859201458983,0.07259978938057275
CHEMBL1527608,Cn1c(=O)c2c(ncn2CC2OCCO2)n(C)c1=O,1,-0.74289,-23.660717,5.074884,-2.096251,2.49,2.45,-21.424973,0.0,0,1,-21.424973,-21.424973,,,,266.25699999999995,-1.1933999999999994,80.28,0.0,5.0,2.0,3.0,19.0,0.5454545454545454,0.057985440576617274,0.06406537212302324,0.005529729316696325,0.05133485169398041,0.07221146168225492
CHEMBL3103437,c1ccc(-c2ccc(C3(Cc4nnn[nH]4)C4CC5CC(C4)CC3C5)cc2)cc1,1,-7.541624,-27.893211,18.762066,-4.735804,2.177,0.84,-21.408571,0.0,0,1,-21.408571,-21.408571,,,,370.5000000000001,4.803300000000004,54.46,1.0,3.0,4.0,7.0,28.0,0.4583333333333333,0.16338846481271332,0.06398084958732991,0.005542099708800725,0.051231801612376324,0.07214300699426876
CHEMBL385517,N#C[C@@H]1C[C@@H]2C[C@@H]2N1C(=O)[C@@H](N)C12CC3CC(CC(O)(C3)C1)C2,1,0.272017,-24.514036,4.091186,-1.23899,1.801,1.26,-21.389822,0.0,0,1,-21.389822,-21.389822,,,,315.4170000000001,1.157979999999999,90.35000000000001,2.0,4.0,2.0,6.0,23.0,0.8888888888888888,0.06599458875744578,0.06388439701841761,0.0055562230409229,0.05112989977307111,0.0720765364379246
CHEMBL446,Cc1cc(C)nc(NS(=O)(=O)c2ccc(N)cc2)n1,1,-5.131481,-22.001528,6.652968,-0.869195,0.113,0.08,-21.349237,0.0,0,1,-21.349237,-21.349237,,,,278.337,1.4764399999999998,97.97,2.0,5.0,3.0,2.0,19.0,0.16666666666666666,0.05735244674754388,0.06367621059019596,0.005586730284049439,0.050869766681626814,0.07192915274346093
CHEMBL1773,CCCCCOC(=O)Nc1nc(=O)n([C@@H]2O[C@H](C)[C@@H](O)[C@H]2O)cc1F,1,-0.333322,-28.628822,7.819969,-0.165445,1.987,1.59,-21.307621,0.0,0,1,-21.307621,-21.307621,,,,359.35400000000004,0.7601999999999995,122.91000000000001,3.0,7.0,6.0,2.0,25.0,0.6666666666666666,0.06513258525703393,0.06346358428037145,0.005617916638741896,0.050574505077921605,0.07177573735774395
CHEMBL460499,CCCCCCNC(=O)n1cc(F)c(=O)[nH]c1=O,1,-0.175519,-25.902227,6.53883,-1.729919,4.521,1.59,-21.268837,0.0,0,1,-21.268837,-21.268837,,,,257.265,0.8136999999999999,83.96000000000001,2.0,3.0,5.0,1.0,18.0,0.5454545454545454,0.15979786264751614,0.06326619790301298,0.00564688934706693,0.05032927304375787,0.07162391900244981
CHEMBL1672352,CC(C)(C)Cc1c[nH]c(CC(C)(O)c2ccc(-c3ccc(F)cn3)cc2)n1,1,-0.395464,-22.275757,4.733951,-3.304559,2.836,0.85,-21.241829,0.0,0,1,-21.241829,-21.241829,,,,367.468,4.649600000000004,61.8,2.0,3.0,5.0,3.0,27.0,0.36363636363636365,0.12336903260443531,0.06312918153839675,0.0056670110472192775,0.050134902142278316,0.07153314779909896
CHEMBL93,CC(c1cc2ccccc2s1)N(O)C(N)=O,1,-0.123538,-23.232399,3.644411,-1.529176,1.388,0.83,-21.240702,0.0,0,1,-21.240702,-21.240702,,,,236.29599999999996,2.7321999999999997,66.56,2.0,3.0,2.0,2.0,16.0,0.18181818181818182,0.118960860073756,0.06312347185763667,0.00566784970841264,0.05012624577609356,0.07152943559692086
CHEMBL1024,O=P1(NCCCl)OCCCN1CCCl,1,-2.975823,-20.055115,3.446994,-1.623311,2.274,1.59,-21.207253,0.0,0,1,-21.207253,-21.207253,,,,261.08899999999994,1.884,41.57,1.0,2.0,5.0,1.0,14.0,1.0,0.11832902709904475,0.06295429389422778,0.005692704310081309,0.0498927171662859,0.07144032920153356
CHEMBL460,CCc1c(C)[nH]c2c1C(=O)C(CN1CCOCC1)CC2,1,-0.557645,-23.177359,4.686917,-2.064012,2.646,1.5,-21.112099,0.0,0,1,-21.112099,-21.112099,,,,276.38,1.96282,45.33,1.0,3.0,3.0,3.0,20.0,0.6875,0.05553430603893313,0.0624760121197895,0.005763007766855894,0.04931142042952219,0.07113842117082955
CHEMBL6,COc1ccc2c(c1)c(CC(=O)O)c(C)n2C(=O)c1ccc(Cl)cc1,1,-10.816533,-28.61615,22.972519,-4.580163,4.049,1.87,-21.040325,0.0,0,1,-21.040325,-21.040325,,,,357.793,3.9273200000000026,68.53,1.0,3.0,4.0,3.0,25.0,0.15789473684210525,0.15411282187054487,0.06211815239041348,0.005815623389097672,0.04887228011435393,0.07088456208949011
CHEMBL1097235,NS(=O)(=O)c1cc(-c2nnn[nH]2)c(NCc2cccs2)cc1Cl,1,-14.608984,-28.61146,21.79747,0.390072,3.608,2.23,-21.032902,0.0,0,1,-21.032902,-21.032902,,,,370.8470000000001,1.8410999999999997,126.65,3.0,7.0,5.0,3.0,23.0,0.08333333333333333,0.11513328736669631,0.0620812835740036,0.005821043867832987,0.04882452007414271,0.07085628320267037
CHEMBL571,CC(C(=O)O)c1cccc(C(=O)c2ccccc2)c1,1,-11.019175,-25.487888,19.578047,-4.06352,2.731,1.79,-20.992538,0.0,0,1,-20.992538,-20.992538,,,,254.285,3.1057000000000015,54.37,1.0,2.0,4.0,2.0,19.0,0.125,0.15295066047092068,0.061881265300561074,0.0058504477220611,0.04856592630376466,0.07072156030995956
CHEMBL810,Cn1nnc2c(C(N)=O)ncn2c1=O,1,-1.998771,-25.062904,5.598555,0.512846,2.408,2.4,-20.950275,0.0,0,1,-20.950275,-20.950275,,,,194.154,-2.078099999999999,108.17000000000002,1.0,5.0,1.0,2.0,14.0,0.16666666666666666,0.06178221939540734,0.061672672573741545,0.005881104064753724,0.04833572191155274,0.07057356461300697
CHEMBL1488455,O=C(NC(=S)Nc1ccc(F)c(Cl)c1)C1CC1,1,-1.638197,-21.360847,5.262105,-3.05267,2.894,1.53,-20.789608,0.0,0,1,-20.789608,-20.789608,,,,272.7320000000001,2.7021000000000006,41.13,2.0,2.0,2.0,2.0,17.0,0.2727272727272727,0.06045360563401789,0.06088742616510571,0.0059963730321013,0.04744600270350244,0.07008340105497768
CHEMBL1413,Cc1cc(C2CCCCC2)n(O)c(=O)c1,1,-2.393754,-20.48064,4.189921,-2.071112,0.297,0.29,-20.755583,0.0,0,1,-20.755583,-20.755583,,,,207.273,2.4417199999999992,42.230000000000004,1.0,2.0,1.0,2.0,15.0,0.5833333333333334,0.11035107555692042,0.06072269180391097,0.006020515604061927,0.04726274128417267,0.06998097223653921
CHEMBL1307677,CC(=O)c1noc(C)c1C(=O)Nc1nccs1,1,-3.89971,-21.508049,6.409688,-1.756231,4.674,2.34,-20.754301,0.0,0,1,-20.754301,-20.754301,,,,251.26700000000002,1.89442,85.09,1.0,6.0,3.0,2.0,17.0,0.2,0.05317577767184343,0.060716495501772466,0.006021423369417014,0.047255852413829735,0.06997833382918359
CHEMBL1095,CCN1C(=O)NC(c2ccccc2)C1=O,1,-0.870856,-21.377064,3.55203,-2.026444,0.12,0.1,-20.722332,0.0,0,1,-20.722332,-20.722332,,,,204.22899999999998,1.2993999999999999,49.410000000000004,1.0,2.0,2.0,2.0,15.0,0.2727272727272727,0.1465346462019728,0.06056222754601512,0.00604401556492508,0.047034849891015675,0.0698676750909464
CHEMBL1532,CCC1NC(=O)c2cc(S(N)(=O)=O)c(Cl)cc2N1,1,-0.974532,-28.647036,8.100996,0.804157,0.412,0.39,-20.716415,0.0,0,1,-20.716415,-20.716415,,,,289.74399999999997,0.8788000000000005,101.28999999999999,3.0,4.0,2.0,2.0,18.0,0.3,0.10970214175281916,0.060533727027552824,0.006048187607925212,0.04699341216411298,0.0698445308135698
CHEMBL934,CC(C)(C(=O)c1cccnc1)c1cccnc1,1,-0.898293,-22.238319,4.072194,-1.651453,2.787,1.87,-20.715872,0.0,0,1,-20.715872,-20.715872,,,,226.279,2.637100000000001,42.85,0.0,3.0,3.0,2.0,17.0,0.21428571428571427,0.1096931881473514,0.0605311123664075,0.006048570325658711,0.04698961120529575,0.06984308938385098
CHEMBL1765291,CC(C(=O)O)c1ccc2c(c1)CC(=O)c1ccccc1S2,1,-11.582844,-23.805784,19.156687,-4.433955,0.896,0.86,-20.665894,0.0,0,1,-20.665894,-20.665894,,,,298.363,3.764700000000002,54.37,1.0,3.0,2.0,3.0,21.0,0.17647058823529413,0.0594931077820632,0.06029104424520083,0.006083688307852843,0.04668680058131312,0.06967912811428123
CHEMBL415324,COc1ccc(/C=C/C(=O)Nc2ccccc2C(=O)O)cc1OC,1,-8.37191,-29.781958,21.050882,-3.561203,5.826,2.39,-20.66419,0.0,0,1,-20.66419,-20.66419,,,,327.33600000000007,3.0539000000000014,84.86,2.0,4.0,6.0,2.0,24.0,0.1111111111111111,0.052640873437894864,0.06028287954707909,0.006084881882577283,0.046676790817204175,0.06967365353111049
CHEMBL1743304,N[C@@H](Cc1ccc(Oc2cc(I)c(O)c(I)c2)c(I)c1)C(=O)O,1,-6.872123,-27.576338,17.000587,-3.202384,5.664,2.44,-20.650257,0.0,0,1,-20.650257,-20.650257,,,,650.9760000000001,3.952700000000001,92.78000000000002,3.0,4.0,5.0,2.0,23.0,0.13333333333333333,0.05937526274898477,0.06021617014140673,0.006094631917710952,0.046595028314017586,0.06962905123456123
CHEMBL98,O=C(CCCCCCC(=O)Nc1ccccc1)NO,1,-0.476952,-25.592884,7.65975,-2.194869,8.89,1.65,-20.604954,0.0,0,1,-20.604954,-20.604954,,,,264.32500000000005,2.4711,78.43,3.0,3.0,8.0,1.0,19.0,0.42857142857142855,0.11160606245672715,0.059999884950572416,0.006126217556255563,0.04632472732093762,0.06949397125489361
CHEMBL590,CC1=CC(=O)c2ccccc2C1=O,1,-0.615577,-20.48608,3.10206,-2.59577,0.0,0.0,-20.595367,0.0,0,1,-20.595367,-20.595367,,,,172.18299999999996,2.0119000000000002,34.14,0.0,2.0,0.0,2.0,13.0,0.09090909090909091,0.14360368392376238,0.05995423601884227,0.0061328786950655455,0.04626881095174338,0.0694607210552544
CHEMBL19224,COc1ccc(Cc2nccc3cc(OC)c(OC)cc23)cc1OC,1,-0.16467,-22.97241,5.789614,-3.213778,4.427,0.8,-20.561245,0.0,0,1,-20.561245,-20.561245,,,,339.3910000000001,3.860000000000003,49.81,0.0,5.0,6.0,3.0,25.0,0.25,0.11085723142590166,0.059792105163922964,0.006156521252084396,0.046077842536579,0.06936387478608907
CHEMBL1475,Cc1cc2cc3c(C)cc(=O)oc3c(C)c2o1,1,-3.326559,-18.866735,5.050052,-3.38701,0.0,0.0,-20.530252,0.0,0,1,-20.530252,-20.530252,,,,228.24699999999996,3.4644600000000025,43.35,0.0,3.0,0.0,3.0,17.0,0.21428571428571427,0.14211967545428747,0.05964530415298768,0.006177906237051868,0.045899105985384554,0.0692654125808829
CHEMBL1316,CC(C(=O)O)c1ccc2c(c1)[nH]c1ccc(Cl)cc12,1,-8.382718,-24.817055,16.458012,-3.786322,1.279,0.92,-20.528082,0.0,0,1,-20.528082,-20.528082,,,,273.719,4.162600000000002,53.089999999999996,2.0,1.0,2.0,3.0,19.0,0.13333333333333333,0.05848008032447135,0.05963504221180916,0.006179400312590352,0.04588667402471642,0.06925999095976865
CHEMBL4069598,O=C(CC1(c2ccc(F)cc2)C2CC3CC1CC(C2)C3O)N1CC(O)C1,1,0.009305,-24.737078,5.232808,-0.823439,2.847,1.45,-20.318403,0.0,0,1,-20.318403,-20.318403,,,,359.4410000000001,2.0835999999999997,60.769999999999996,2.0,3.0,3.0,6.0,26.0,0.6666666666666666,0.05076192340035146,0.05865354000780857,0.006321747716716698,0.04467033991566002,0.06862461510484959
CHEMBL2106613,CC(=O)OCC(=O)[C@@]1(O)CC[C@H]2[C@@H]3CCC4=CC(=O)CC[C@]4(C)C3=CC[C@@]21C,1,-2.948807,-19.468342,5.659666,-3.47279,2.958,2.05,-20.230272,0.0,0,1,-20.230272,-20.230272,,,,386.4880000000002,3.301700000000002,80.67000000000002,1.0,5.0,3.0,4.0,28.0,0.6956521739130435,0.05032073856445971,0.05824689107604597,0.006380361273494731,0.04420391848109861,0.06837021132985703
CHEMBL1398824,O=C(/C=C\c1cccs1)c1c(O)ccc2ccc(=O)oc12,1,-11.491768,-24.891613,19.918959,-3.764921,7.857,2.73,-20.229343,0.0,0,1,-20.229343,-20.229343,,,,298.3190000000001,3.4562000000000017,67.50999999999999,1.0,5.0,3.0,3.0,21.0,0.0,0.13541835608369684,0.05824262291742163,0.0063809752243631735,0.04419819866073244,0.06836808546723064
CHEMBL1351761,Nc1ccc(C(=O)Nc2ccccc2N)cc1,1,-1.769503,-21.348579,3.969859,-1.051099,1.927,1.03,-20.199322,0.0,0,1,-20.199322,-20.199322,,,,227.26700000000002,2.1033,81.14,3.0,3.0,2.0,2.0,17.0,0.0,0.10489117879882198,0.058104901258677184,0.006400771215435644,0.044014802453083667,0.06827700984878467
CHEMBL1288810,OC[C@@H](O)CN1CCN(c2ccccc2)CC1,1,-3.01711,-20.76767,3.101917,0.538826,3.681,1.78,-20.144037,0.0,0,1,-20.144037,-20.144037,,,,236.31500000000003,0.16179999999999972,46.940000000000005,2.0,4.0,4.0,2.0,17.0,0.5384615384615384,0.05592272663607723,0.05785232105951692,0.0064370018572601296,0.043701986677417246,0.06811687466064754
CHEMBL1405973,CCCCCCOc1ccccc1C(N)=O,1,-1.707522,-20.301933,4.326535,-2.459874,7.485,2.32,-20.142796,0.0,0,1,-20.142796,-20.142796,,,,221.29999999999998,2.7446,52.32,1.0,2.0,7.0,1.0,16.0,0.46153846153846156,0.10399417686493313,0.057846666739758905,0.006437811785837679,0.04369458908031738,0.06811300548689651
CHEMBL137,Cc1ncc([N+](=O)[O-])n1CCO,1,-0.314031,-22.212454,4.577827,-2.13024,0.02,0.01,-20.078897,0.0,0,1,-20.078897,-20.078897,,,,171.15599999999998,0.09201999999999994,81.19,1.0,4.0,3.0,1.0,12.0,0.5,0.04959298481972235,0.0575564379361988,0.006479315114805722,0.043353509977767525,0.06791880685408747
CHEMBL1257030,O=C(O)c1nn(Cc2ccc(Cl)cc2Cl)c2ccccc12,1,-9.909602,-28.611612,23.140781,-4.694541,3.426,2.11,-20.074972,0.0,0,1,-20.074972,-20.074972,,,,321.16300000000007,4.089600000000002,55.12,1.0,2.0,3.0,3.0,21.0,0.06666666666666667,0.05549811622888808,0.057538668786079335,0.006481851646860791,0.04333426316594571,0.06790943604267914
CHEMBL232148,NS(=O)(=O)c1ccc(-c2ccc(/C=C3\SC(=O)NC3=O)o2)cc1,1,-22.419111,-28.510794,29.45447,1.488472,3.849,2.69,-19.986963,0.0,0,1,-19.986963,-19.986963,,,,350.37700000000007,1.9179000000000002,119.47000000000001,2.0,6.0,3.0,3.0,23.0,0.0,0.0491678404739215,0.057141995563951345,0.006538336065101532,0.04283203111555043,0.06768551805715876
CHEMBL456,C=C(CC)C(=O)c1ccc(OCC(=O)O)c(Cl)c1Cl,1,-9.505793,-24.443283,18.069529,-4.100175,8.26,3.05,-19.979721,0.0,0,1,-19.979721,-19.979721,,,,303.14099999999996,3.6057000000000023,63.60000000000001,1.0,3.0,6.0,1.0,19.0,0.23076923076923078,0.1300395854675979,0.05710950392777188,0.006542950531519188,0.04279462377040072,0.06766374222530357
CHEMBL973,C/C(O)=C(\C#N)C(=O)Nc1ccc(C(F)(F)F)cc1,1,-0.838044,-22.943398,6.942979,-3.061031,2.114,0.92,-19.899492,0.0,0,1,-19.899492,-19.899492,,,,270.21,2.99948,73.11999999999999,2.0,3.0,2.0,1.0,19.0,0.16666666666666666,0.04877408155496932,0.05675106315642364,0.0065937288635069605,0.04234860518289069,0.06742522898249474
CHEMBL56367,CS(=O)(=O)Nc1ccc([N+](=O)[O-])cc1Oc1ccccc1,1,-9.628692,-25.062778,16.491501,-1.683144,1.776,1.28,-19.883114,0.0,0,1,-19.883114,-19.883114,,,,308.315,2.7586000000000013,98.54,1.0,5.0,5.0,2.0,21.0,0.07692307692307693,0.0543659880925775,0.05667823031365074,0.006604017473336374,0.04226780936026839,0.06736262937151495
CHEMBL1173055,CNCc1ccc(-c2[nH]c3cc(F)cc4c3c2CCNC4=O)cc1,1,1.303056,-29.05526,10.49605,-2.579688,0.239,0.22,-19.835844,0.0,0,1,-19.835844,-19.835844,,,,323.371,2.979300000000001,56.92,3.0,2.0,3.0,4.0,24.0,0.21052631578947367,0.0540969290783219,0.0564686633502268,0.006633564896588923,0.04201775893807345,0.06721499926046888
CHEMBL1043,Nc1ccc(S(=O)(=O)c2ccc(N)cc2)cc1,1,-2.001714,-22.478943,5.136746,-0.294257,0.048,0.02,-19.638166,0.0,0,1,-19.638166,-19.638166,,,,248.30700000000002,1.6838000000000002,86.18,2.0,4.0,2.0,2.0,17.0,0.0,0.04765296253104722,0.055602523343827544,0.006754746398322561,0.04096065835128934,0.06666815509729657
CHEMBL92401,CC(C)NNC(=O)c1ccncc1,1,-1.564649,-21.122677,3.949349,-0.881624,2.204,1.05,-19.6196,0.0,0,1,-19.6196,-19.6196,,,,179.223,0.7243999999999996,54.019999999999996,2.0,3.0,3.0,1.0,13.0,0.3333333333333333,0.047576159051170096,0.05552201703220993,0.006765929662174064,0.04085864312412753,0.06663698125187847
CHEMBL1619,Nc1nc(Cl)nc2c1ncn2[C@H]1C[C@H](O)[C@@H](CO)O1,1,-3.653859,-21.807697,4.48608,1.414354,3.421,1.95,-19.561121,0.0,0,1,-19.561121,-19.561121,,,,285.69100000000003,-0.29740000000000044,119.31000000000002,3.0,7.0,2.0,3.0,19.0,0.5,0.0526009990044811,0.05526937501211462,0.006800931773518058,0.040535448050243256,0.06646911664618191
CHEMBL564109,CCCCOC(=O)C(=O)Nc1cccc(-c2nnn[nH]2)c1,1,-18.111395,-25.181257,25.955999,-2.107478,1.868,0.97,-19.44413,0.0,0,1,-19.44413,-19.44413,,,,289.295,1.1484999999999996,109.86000000000001,2.0,6.0,5.0,2.0,21.0,0.3076923076923077,0.11899555894516604,0.05476818456009314,0.00686993999237936,0.039940272810792155,0.06614207537826339
CHEMBL744,Nc1nc2ccc(OC(F)(F)F)cc2s1,1,-0.221631,-20.306225,2.199412,-1.066919,5.033,2.89,-19.395363,0.0,0,1,-19.395363,-19.395363,,,,234.20199999999994,2.7771,48.14,1.0,4.0,1.0,2.0,15.0,0.125,0.1180217702129252,0.054560921587608356,0.006898305679841305,0.039687958479176,0.06598889795650931
CHEMBL18116,Cc1cccc(N2CC(CO)OC2=O)c1,1,-1.893549,-21.873997,6.006608,-1.616397,1.135,1.07,-19.377335,0.0,0,1,-19.377335,-19.377335,,,,207.22899999999998,1.31252,49.77,1.0,3.0,2.0,2.0,15.0,0.36363636363636365,0.09034463106092673,0.05448454642381563,0.006908732243801516,0.03959237089309686,0.06593746054658448
CHEMBL400585,O=C(O)COn1c(-c2ccccc2)nc2ccc([N+](=O)[O-])cc21,1,-10.707311,-26.219265,21.988194,-4.41971,6.712,2.18,-19.358091,0.0,0,1,-19.358091,-19.358091,,,,313.2690000000001,2.1247000000000007,107.49000000000001,1.0,5.0,5.0,3.0,23.0,0.06666666666666667,0.09009740890580271,0.05440316522462657,0.006919826625648922,0.03949260921047409,0.06589222460388262
CHEMBL1324157,COc1ccccc1-c1nnc(NC(C)=O)s1,1,-2.028164,-22.691439,7.336701,-1.905399,2.327,2.05,-19.2883,0.0,0,1,-19.2883,-19.2883,,,,249.295,2.1720999999999995,64.11000000000001,1.0,5.0,3.0,2.0,17.0,0.18181818181818182,0.08920663689884546,0.05410928119366229,0.006959754911990027,0.039133308232739174,0.06568366721562739
CHEMBL1542516,Cc1ccc(Nc2ncccc2C(N)=O)cc1,1,-0.662764,-21.626486,4.917047,-1.871855,1.554,1.47,-19.244059,0.0,0,1,-19.244059,-19.244059,,,,227.26700000000002,2.23252,68.00999999999999,2.0,3.0,3.0,2.0,17.0,0.07692307692307693,0.08864661000717472,0.05392400114040752,0.0069848167194942025,0.03891736030187046,0.06557991104042808
CHEMBL30707,O=c1oc2cc(O)ccc2c2oc3cc(O)ccc3c12,1,-1.159203,-22.832838,5.4977,-0.733791,0.0,0.0,-19.228132,0.0,0,1,-19.228132,-19.228132,,,,268.224,3.1036,83.81,2.0,5.0,0.0,4.0,20.0,0.0,0.0905467743956156,0.05385749127264527,0.006993791858516172,0.03884632671843928,0.06553769338970927
CHEMBL3764044,CC1(C)CCc2cc(S(=O)(=O)N(CC(=O)O)Cc3cccc(-c4ccccc4)c3)ccc2O1,1,-7.743104,-34.043934,28.499527,-5.909655,6.519,1.78,-19.197165,0.0,0,1,-19.197165,-19.197165,,,,465.5710000000002,4.732700000000004,83.91000000000001,1.0,4.0,7.0,4.0,33.0,0.2692307692307692,0.08805685223784282,0.05372846554999382,0.007011170764400535,0.03870193945376504,0.06545734801806348
CHEMBL77921,Cc1cccc(C(C)c2c[nH]cn2)c1C,1,-2.304037,-16.887539,3.056049,-3.01432,1.684,0.93,-19.149847,0.0,0,1,-19.149847,-19.149847,,,,200.28500000000003,3.1783400000000013,28.68,1.0,1.0,2.0,2.0,15.0,0.3076923076923077,0.08947735217443097,0.053532049765638905,0.0070375436911114956,0.03846661358290385,0.06533877453169258
CHEMBL404108,Cc1ccc(Nc2c(F)cccc2Cl)c(CC(=O)O)c1,1,-20.489929,-25.341131,31.145164,-4.422418,3.694,1.53,-19.108315,0.0,0,1,-19.108315,-19.108315,,,,293.725,4.158220000000002,49.33,2.0,2.0,4.0,2.0,20.0,0.13333333333333333,0.08695007801634673,0.05336038295699253,0.007060510443474923,0.03825058650619615,0.0652182884827185
CHEMBL562,COC1=CC(=O)C[C@@H](C)[C@]12Oc1c(Cl)c(OC)cc(OC)c1C2=O,1,-0.324207,-22.213579,5.37831,-1.817064,5.303,3.7,-18.976542,0.0,0,1,-18.976542,-18.976542,,,,352.7700000000001,2.8103000000000007,71.06,0.0,6.0,3.0,3.0,24.0,0.4117647058823529,0.04509986659190595,0.0528202097664568,0.007132260855099145,0.03759437044358832,0.06487965022060058
CHEMBL1201754,NC(=O)c1cn(Cc2c(F)cccc2F)nn1,1,-3.650632,-17.877722,3.572782,-0.819618,3.363,2.05,-18.77519,0.0,0,1,-18.77519,-18.77519,,,,238.197,0.7035000000000001,73.80000000000001,1.0,3.0,3.0,2.0,17.0,0.1,0.08291818586590174,0.052007839022810115,0.007238632184747693,0.036722169034291506,0.06436857293370747
CHEMBL802,Nc1cc(N2CCCCC2)nc(N)[n+]1[O-],1,-3.402966,-17.619482,4.17644,-1.914388,1.154,1.15,-18.760397,0.0,0,1,-18.760397,-18.760397,,,,209.25300000000001,-0.13029999999999975,95.11,2.0,5.0,1.0,2.0,15.0,0.5555555555555556,0.08432205780628198,0.051948768983843104,0.0072462925284743395,0.036659083897612466,0.06433762923830429
CHEMBL395091,CN[C@]1(c2ccccc2Cl)CCCCC1=O,1,-0.924291,-17.76409,2.230989,-2.20871,3.116,1.63,-18.666101,0.0,0,1,-18.666101,-18.666101,,,,237.7299999999999,2.897800000000001,29.1,1.0,2.0,2.0,2.0,16.0,0.46153846153846156,0.04400556788877794,0.05157418759126146,0.007294628446373576,0.03623586674448623,0.06407368734771773
CHEMBL1432238,COc1ccc(N2CCN(c3cc(C)c4ccc(O)cc4n3)CC2)cc1,1,-1.925257,-31.558195,18.08564,-3.218339,3.551,2.34,-18.616152,0.0,0,1,-18.616152,-18.616152,,,,349.43400000000014,3.5840200000000024,48.83,1.0,5.0,3.0,4.0,26.0,0.2857142857142857,0.08105512894984503,0.05137713038481129,0.007319887565856548,0.03597834902538303,0.06395814842314627
CHEMBL1554350,Cc1ccc(C)c2sc(NC(=O)C3CC3)nc12,1,-1.820975,-19.445938,5.749733,-3.087349,0.894,0.86,-18.60453,0.0,0,1,-18.60453,-18.60453,,,,246.33499999999998,3.2616400000000016,41.99,1.0,3.0,2.0,3.0,17.0,0.38461538461538464,0.04806613404101348,0.05133141400474567,0.007325730695525348,0.03591895884301231,0.06393077238383221
CHEMBL551991,Cc1cc2cc(/N=C(/NC#N)N[C@H]3CCCCN(CC(=O)N4CCCC4)C3=O)ccc2o1,1,1.394274,-22.507603,8.202106,-5.653,5.749,1.53,-18.564224,0.0,0,1,-18.564224,-18.564224,,,,436.5160000000003,2.3925,113.97000000000001,2.0,5.0,4.0,4.0,32.0,0.4782608695652174,0.08182378502516281,0.051173257667485816,0.0073458956619514735,0.035742617268880526,0.0638334203712599
CHEMBL36994,COc1ccc(C(=O)N2CCCC2=O)cc1,1,-5.172824,-20.168446,9.000619,-2.184928,2.765,1.79,-18.525581,0.0,0,1,-18.525581,-18.525581,,,,219.23999999999995,1.4578,46.61,0.0,3.0,2.0,2.0,16.0,0.3333333333333333,0.04352696972910364,0.051022195818825104,0.007365084005247855,0.03556222152425849,0.0637099984799189
CHEMBL1441,CCc1cc(C(N)=S)ccn1,1,-7.580218,-13.630851,4.277074,-1.548507,2.45,1.42,-18.4825,0.0,0,1,-18.4825,-18.4825,,,,166.24900000000002,1.2782,38.91,1.0,2.0,2.0,1.0,11.0,0.25,0.047543195937846734,0.05085443904433937,0.007386309702424116,0.0353715938367137,0.06360639777184558
CHEMBL448416,CN=C(N)NC(=O)Nc1c(C)cccc1C,1,-1.573681,-20.157446,5.309713,-2.001933,1.355,1.35,-18.423347,0.0,0,1,-18.423347,-18.423347,,,,220.27599999999998,1.3694400000000002,79.50999999999999,3.0,2.0,1.0,1.0,16.0,0.2727272727272727,0.08006839368654134,0.05062521593934078,0.007415169345535832,0.03508792914719412,0.06348503158158651
CHEMBL514800,CCOc1cc([C@@H](CS(C)(=O)=O)N2C(=O)c3cccc(NC(C)=O)c3C2=O)ccc1OC,1,-0.78067,-24.389349,10.147542,-3.291277,7.559,2.31,-18.313755,0.0,0,1,-18.313755,-18.313755,,,,460.5080000000002,2.4342000000000006,119.08,1.0,7.0,8.0,3.0,32.0,0.3181818181818182,0.09771854207358428,0.0502039305389736,0.0074677722409753145,0.03459170549175914,0.06322767977137564
CHEMBL5425066,Cn1cc(-c2cc(C(N)=O)nc3cc(CN4CCOC(C5CC5)C4)ccc23)cn1,1,4.601348,-30.100067,9.375991,-2.150565,4.391,2.19,-18.273293,0.0,1,1,-18.273293,-18.273293,,,,391.47500000000014,2.3449999999999998,86.27,1.0,5.0,5.0,5.0,29.0,0.4090909090909091,0.04666905467363796,0.05004949555049609,0.007486911335449366,0.034415385224455884,0.06312407272320408
CHEMBL1487460,Nc1cc2c3c(cccc3c1)C(=O)N(CCN1CCCC1)C2=O,1,3.900054,-26.231323,6.880363,-2.796467,4.708,1.82,-18.247372,0.0,0,1,-18.247372,-18.247372,,,,309.369,2.1138000000000003,66.64000000000001,1.0,4.0,3.0,4.0,23.0,0.3333333333333333,0.04260590296108121,0.04995087206735353,0.007499092792162161,0.03430143051010655,0.06305779061992792
CHEMBL1129,O=c1[nH]c(=O)n([C@H]2C[C@H](O)[C@@H](CO)O2)cc1C(F)(F)F,1,-7.987929,-18.011137,5.890537,1.871047,3.474,2.1,-18.23748,0.0,0,1,-18.23748,-18.23748,,,,296.20099999999996,-0.8039000000000001,104.55000000000001,3.0,5.0,2.0,2.0,20.0,0.6,0.07780034630532921,0.04991329924043002,0.007503725156696431,0.03425853214675278,0.06303251771958247
CHEMBL1371,O=c1[nH]c2cc(Cl)ccc2o1,1,-0.266095,-18.935081,2.766105,-1.748267,0.0,0.0,-18.183336,0.0,0,1,-18.183336,-18.183336,,,,169.56699999999998,1.7745,46.0,1.0,2.0,0.0,2.0,11.0,0.0,0.04630124557373782,0.04970826800742304,0.007528921051183335,0.03403013243630518,0.06291586181298552
CHEMBL19449,CC(C)C(=O)c1c(C(C)C)nn2ccccc12,1,-1.863933,-17.74959,4.261664,-2.825714,3.729,2.4,-18.177574,0.0,0,1,-18.177574,-18.177574,,,,230.311,3.296400000000002,34.370000000000005,0.0,2.0,3.0,2.0,17.0,0.42857142857142855,0.09533565953503832,0.049686510589623825,0.007531586561341268,0.034007742777997695,0.06290396466281059
CHEMBL4067777,O=C(CC1(c2ccc(F)cc2)C2CC3CC(C2)CC1C3)N1CC(O)C1,1,-1.456666,-19.346649,4.976499,-2.326253,2.705,1.3,-18.153069,0.0,1,1,-18.153069,-18.153069,,,,343.4420000000001,3.112800000000002,40.540000000000006,1.0,2.0,3.0,6.0,25.0,0.6666666666666666,0.042300940082805244,0.04959411206818234,0.007542888682478798,0.03389978354817826,0.06285486726526979
CHEMBL4544968,COC[C@H](Nc1cc(F)c(S(=O)(=O)Nc2nccs2)cc1Cl)c1ccccc1,1,-8.678008,-34.233139,28.011927,-3.236437,6.295,3.15,-18.135658,0.0,1,1,-18.135658,-18.135658,,,,441.93700000000007,4.536000000000003,80.32,2.0,6.0,8.0,3.0,28.0,0.16666666666666666,0.0461081562477667,0.0495285926373283,0.0075508855978618904,0.033822446521495256,0.06281983919293245
CHEMBL189,Cc1[nH]c(=O)c(C#N)cc1-c1ccncc1,1,-0.18558,-23.90554,7.839623,-1.882829,0.681,0.68,-18.134329,0.0,0,1,-18.134329,-18.134329,,,,211.22400000000002,1.617,69.53999999999999,1.0,3.0,1.0,2.0,16.0,0.08333333333333333,0.04610279195264088,0.049523595915628375,0.007551494874971535,0.03381708624427387,0.0628171666812941
CHEMBL1201356,CC[C@@H](CO)NC(=O)[C@@H]1C=C2c3cccc4[nH]cc(c34)C[C@H]2N(C)C1,1,6.939422,-26.815647,3.424022,-1.665221,2.787,1.5,-18.117422,0.0,0,1,-18.117422,-18.117422,,,,339.4390000000002,1.9247,68.36,3.0,3.0,4.0,4.0,25.0,0.45,0.04218655006466885,0.049460084610952,0.007559231807070006,0.0337489770946163,0.0627818244097683
CHEMBL563,CC(C(=O)O)c1ccc(-c2ccccc2)c(F)c1,1,-10.453941,-24.10417,21.282032,-4.749688,1.314,0.86,-18.025768,0.0,0,1,-18.025768,-18.025768,,,,244.265,3.6808000000000023,37.3,1.0,1.0,3.0,2.0,18.0,0.13333333333333333,0.04566781273986125,0.049117552641219725,0.0076007226905435285,0.03331560128597695,0.06257513101689892
CHEMBL19490,Cc1cc(CC(=O)O)n(C)c1C(=O)c1ccc(Cl)cc1,1,-11.770517,-23.118193,20.842762,-3.979779,6.271,2.33,-18.025726,0.0,0,1,-18.025726,-18.025726,,,,291.73400000000004,2.8450200000000017,59.3,1.0,2.0,4.0,2.0,20.0,0.2,0.09272432692396099,0.04911739635902587,0.0076007415294177235,0.03331540196922373,0.06257502238943174
CHEMBL589,CCCN(CCC)CCc1cccc2c1CC(=O)N2,1,7.033978,-27.569351,5.922115,-3.333813,4.519,1.16,-17.947071,0.0,0,1,-17.947071,-17.947071,,,,260.3809999999999,2.845700000000001,32.34,1.0,2.0,7.0,2.0,19.0,0.5625,0.07436230756376261,0.048825809506290355,0.00763574362155832,0.03296546479576123,0.06236828764210977
CHEMBL1200714,CN1C(=O)CCS(=O)(=O)C1c1ccc(Cl)cc1,1,-2.192339,-19.165495,4.262815,-0.814661,0.744,0.74,-17.909681,0.0,0,1,-17.909681,-17.909681,,,,273.741,1.6155000000000002,54.45,0.0,3.0,1.0,2.0,17.0,0.36363636363636365,0.09076122527035778,0.04868795883285377,0.007652188275703787,0.03280166426326009,0.0622876293014742
CHEMBL945,N=C(N)NC(=O)c1nc(Cl)c(N)nc1N,1,-1.057321,-21.74789,4.150418,0.747829,0.038,0.03,-17.906963,0.0,0,1,-17.906963,-17.906963,,,,229.63099999999997,-1.0823299999999998,156.79,5.0,6.0,1.0,1.0,15.0,0.0,0.07318791932668493,0.04867795704102099,0.007653378832815605,0.03278923031493909,0.06228020843052287
CHEMBL3183440,CC=CC(=O)N(CC)c1ccccc1C,1,-1.006911,-16.934029,3.422505,-3.276923,3.787,2.4,-17.795357,0.0,0,1,-17.795357,-17.795357,,,,203.28500000000003,2.9240200000000014,20.310000000000002,0.0,1.0,3.0,1.0,15.0,0.3076923076923077,0.08885483542681942,0.048269479776326486,0.0077016998441531105,0.03228300641131119,0.062021826175371005
CHEMBL9298,N#Cc1ccc(C2CCCc3cncn32)cc1,1,0.061489,-18.441521,3.863037,-3.197034,0.19,0.19,-17.714029,0.0,0,1,-17.714029,-17.714029,,,,223.279,2.680480000000001,41.61,0.0,2.0,1.0,3.0,17.0,0.2857142857142857,0.08751535914191765,0.04797452463078275,0.007736221424196068,0.03194981290697107,0.06183940441712398
CHEMBL3213524,C/C(=N\NC(=O)c1cccnc1)c1ccc(-n2ccnc2)cc1,1,-1.906217,-18.83147,6.959033,-3.928636,5.886,2.48,-17.707291,0.0,0,1,-17.707291,-17.707291,,,,305.341,2.4213000000000005,72.17,1.0,4.0,4.0,3.0,23.0,0.058823529411764705,0.08740500697700226,0.047950189270052665,0.007739055621451207,0.03192509725182977,0.06182433629376695
CHEMBL1351173,CC(=O)Nc1sc2c(c1-c1nc3ccccc3s1)CCN(C(C)C)C2,1,6.046712,-28.962347,9.660917,-4.375957,3.838,2.34,-17.630672,0.0,0,1,-17.630672,-17.630672,,,,371.5310000000002,4.749700000000003,45.230000000000004,1.0,5.0,3.0,4.0,25.0,0.3684210526315789,0.04066872372312329,0.047674554671862275,0.007771006742566448,0.03162274555028545,0.06162709334063541
CHEMBL797,CN1C(=O)CC(c2ccccc2)C1=O,1,-1.040914,-17.57188,3.410396,-2.318379,0.377,0.37,-17.520777,0.0,0,1,-17.520777,-17.520777,,,,189.214,1.1588999999999998,37.38,0.0,2.0,1.0,2.0,14.0,0.2727272727272727,0.08438823683420664,0.04728267629574371,0.007815952045779865,0.03125252945172611,0.06136276151242176
CHEMBL4580996,C[C@H](Nc1cc(F)c(S(=O)(=O)Nc2cscn2)cc1Cl)c1cc(F)ccc1F,1,-5.864337,-30.582304,22.189955,-3.251196,7.5,3.5,-17.507881,0.0,1,1,-17.507881,-17.507881,,,,447.89100000000013,5.187700000000002,71.09,2.0,5.0,6.0,3.0,28.0,0.11764705882352941,0.04029763086980524,0.047236955900597094,0.007821158680930362,0.031206630246137533,0.06133158866307283
CHEMBL1454,c1ccc([C@H]2CN3CCSC3=N2)cc1,1,-1.48249,-16.575172,3.076511,-2.465701,0.111,0.11,-17.446854,0.0,0,1,-17.446854,-17.446854,,,,204.298,2.1460999999999997,15.6,0.0,3.0,1.0,3.0,14.0,0.36363636363636365,0.06843790380899765,0.04702134860388562,0.007845606525101407,0.030982501920046934,0.06120269799601653
CHEMBL1094,NC(=O)OCC(COC(N)=O)c1ccccc1,1,-0.103373,-22.525417,4.797463,0.406062,15.897,4.05,-17.425266,0.0,0,1,-17.425266,-17.425266,,,,238.24300000000002,0.9607999999999993,104.64000000000001,2.0,4.0,5.0,1.0,17.0,0.2727272727272727,0.06849466661391455,0.0469453751759356,0.007854179530796502,0.03088725501858267,0.06115579584714713
CHEMBL70418,CN1C(=O)CC(=O)N(c2ccccc2)c2cc(Cl)ccc21,1,-8.557142,-24.63702,19.409407,-3.608441,1.155,1.15,-17.393194,0.0,0,1,-17.393194,-17.393194,,,,300.74500000000006,3.3712000000000018,40.620000000000005,0.0,2.0,1.0,3.0,21.0,0.125,0.06790098064019538,0.04683279105710071,0.007866843617939342,0.03075472861690745,0.06108671314539009
CHEMBL56564,CN1[C@@H]2CC[C@H]1C[C@@H](OC(=O)c1c[nH]c3ccccc13)C2,1,5.351057,-26.303808,7.83244,-4.171591,9.049,5.73,-17.291903,0.0,0,1,-17.291903,-17.291903,,,,284.3590000000001,2.9499000000000013,45.33,1.0,3.0,2.0,4.0,21.0,0.47058823529411764,0.0396552354703811,0.046479449158960656,0.007906275873610686,0.030339803127113388,0.06086839927994749
CHEMBL1580,OC[C@H]1O[C@@H](n2cnc3c2N=CNC[C@H]3O)C[C@@H]1O,1,-5.792603,-21.616869,6.798676,3.363539,3.125,1.83,-17.247257,0.0,0,1,-17.247257,-17.247257,,,,268.273,-1.1798000000000006,112.13000000000001,4.0,7.0,2.0,3.0,19.0,0.6363636363636364,0.039524010729217046,0.046324773588519934,0.007923386454794472,0.03014635534273068,0.06077168576416833
CHEMBL550,CC[C@@H]1C(=O)OC[C@@H]1Cc1cncn1C,1,0.371716,-19.462425,4.741138,-2.839428,3.781,2.9,-17.188999,0.0,0,1,-17.188999,-17.188999,,,,208.261,1.1618000000000002,44.12,0.0,3.0,3.0,2.0,15.0,0.6363636363636364,0.06596372321579234,0.046123914056897385,0.007945467607223936,0.02989586873956088,0.06063081173231183
CHEMBL365795,CC(C(=O)O)c1ccc(C(=O)c2ccccc2)s1,1,-12.244463,-24.056595,23.185394,-3.974217,4.61,2.73,-17.089878,0.0,0,1,-17.089878,-17.089878,,,,260.31399999999996,3.167200000000001,54.37,1.0,3.0,4.0,2.0,18.0,0.14285714285714285,0.0649246245612873,0.045784687227251056,0.007982401684817867,0.029550193882052583,0.06041754485225739
CHEMBL488,CCC1(c2ccc(N)cc2)CCC(=O)NC1=O,1,-0.713737,-19.999678,3.8281,-0.196367,0.528,0.35,-17.08168,0.0,0,1,-17.08168,-17.08168,,,,232.28299999999996,1.3532,72.19,2.0,3.0,2.0,2.0,17.0,0.38461538461538464,0.07757510580789796,0.045756772021349236,0.007985420830976541,0.029518056477535644,0.06039804118068739
CHEMBL126,CC(=O)NC[C@H]1CN(c2ccc(N3CCOCC3)c(F)c2)C(=O)O1,1,1.186788,-26.61619,9.156045,-0.708755,3.087,1.19,-16.982113,0.0,0,1,-16.982113,-16.982113,,,,337.35100000000006,1.1235999999999997,71.11,1.0,5.0,4.0,3.0,24.0,0.5,0.06380993607645628,0.04541944408563696,0.00802165948118815,0.029109941949935415,0.06017282660985187
CHEMBL1643,NC(=O)c1ncn([C@@H]2O[C@H](CO)[C@@H](O)[C@H]2O)n1,1,-8.058361,-19.050692,6.674155,3.476351,2.462,1.92,-16.958548,0.0,0,1,-16.958548,-16.958548,,,,244.20700000000002,-3.0114999999999994,143.72000000000003,4.0,7.0,3.0,2.0,17.0,0.625,0.041679068500352086,0.04534006739708179,0.008030120730419305,0.029013309273174668,0.060117038953817974
CHEMBL712,COc1ccc(C2C(=O)c3ccccc3C2=O)cc1,1,-10.909382,-22.224205,18.935234,-2.752198,1.071,1.06,-16.95055,0.0,0,1,-16.95055,-16.95055,,,,252.269,2.8580000000000005,43.370000000000005,0.0,3.0,2.0,3.0,19.0,0.125,0.0636026402299207,0.04531316668496247,0.008032982500824655,0.02898058339519659,0.06009539180394773
CHEMBL1600434,COCC(=O)Nc1nnc(-c2cccs2)s1,1,-9.167899,-24.985439,18.901369,-1.681492,5.497,3.48,-16.933462,0.0,0,1,-16.933462,-16.933462,,,,255.324,1.8515,64.11,1.0,6.0,4.0,2.0,16.0,0.2222222222222222,0.06344129763336384,0.045255759979848605,0.008039079841618774,0.028910784449137618,0.060049065842525694
CHEMBL182,Nc1nc2c(ncn2COC(CO)CO)c(=O)[nH]1,1,-8.363663,-18.975485,9.213487,1.201276,5.632,3.09,-16.924383,0.0,0,1,-16.924383,-16.924383,,,,255.23399999999998,-1.970899999999999,139.28,4.0,7.0,5.0,2.0,18.0,0.4444444444444444,0.06321918431094833,0.045225296719518464,0.0080423100429616,0.028881111284482657,0.06002468706212171
CHEMBL1114,Cn1cnc2c1c(=O)[nH]c(=O)n2C,1,-0.252683,-20.537329,5.720678,-1.824595,0.0,0.0,-16.893929,0.0,0,1,-16.893929,-16.893929,,,,180.16699999999997,-1.0397,72.68,1.0,3.0,0.0,2.0,13.0,0.2857142857142857,0.041451913976331,0.045123301981779544,0.008053097866632712,0.02878229522794279,0.05995489911881117
CHEMBL668,CNCCCC1c2ccccc2C=Cc2ccccc21,1,8.140503,-25.30938,4.877526,-4.519183,2.044,1.62,-16.810534,0.0,0,1,-16.810534,-16.810534,,,,263.384,4.301900000000003,12.03,1.0,1.0,4.0,3.0,20.0,0.2631578947368421,0.06229049681579404,0.04484548622805611,0.008082267833729574,0.028478475873035015,0.05976547563534548
CHEMBL454,C=CCC1(CC(C)C)C(=O)NC(=O)NC1=O,1,-0.911327,-16.998072,1.756196,-0.604718,3.643,1.75,-16.757921,0.0,0,1,-16.757921,-16.757921,,,,224.26,0.9609999999999999,75.27000000000001,2.0,3.0,4.0,1.0,16.0,0.5454545454545454,0.06154050267927617,0.044671328701550876,0.008100393121970965,0.0282813035318028,0.059646296738778394
CHEMBL256997,O=C(O)c1cccc(-c2noc(-c3ccccc3F)n2)c1,1,-7.057281,-27.733084,21.868326,-3.814163,1.024,0.95,-16.7362,0.0,0,1,-16.7362,-16.7362,,,,284.246,3.240900000000001,76.22,1.0,4.0,3.0,3.0,21.0,0.0,0.0409034464618942,0.04459967854006894,0.008107813842754033,0.028200324829460326,0.05959715807004729
CHEMBL462605,Clc1ccc(CCCOCCCN2CCCCC2)cc1,1,7.484612,-25.763594,6.402346,-4.837646,8.451,1.62,-16.714283,0.0,0,1,-16.714283,-16.714283,,,,295.8539999999999,4.165200000000003,12.47,0.0,2.0,8.0,2.0,20.0,0.6470588235294118,0.06140144240674625,0.04452752935059975,0.008115264840029517,0.02811914705576471,0.05954753622355539
CHEMBL1495,CN1CCCN=C1COC(=O)C(O)(c1ccccc1)C1CCCCC1,1,5.465242,-25.347378,7.737702,-4.559016,2.087,1.56,-16.703449,0.0,0,1,-16.703449,-16.703449,,,,344.4550000000002,2.731700000000001,62.129999999999995,1.0,5.0,5.0,3.0,25.0,0.6,0.0720315198755329,0.044491919222682086,0.008118934437967991,0.028079139525225835,0.05952302171931945
CHEMBL325109,COc1cc(N)c(Cl)cc1C(=O)NC1CCN(Cc2ccccc2)CC1,1,9.4537,-30.02696,7.794786,-3.901222,1.827,1.16,-16.679697,0.0,0,1,-16.679697,-16.679697,,,,373.8840000000002,3.3252000000000024,67.58999999999999,2.0,4.0,5.0,3.0,26.0,0.35,0.037898810266743375,0.044413975307805616,0.008126948162205392,0.027991640395266984,0.059469310809901345
CHEMBL370805,COC(=O)[C@H]1[C@@H](OC(=O)c2ccccc2)C[C@@H]2CC[C@H]1N2C,1,7.346892,-25.68259,5.910697,-4.236597,1.333,0.97,-16.661598,0.0,0,1,-16.661598,-16.661598,,,,303.35800000000006,1.8677,55.84,0.0,5.0,3.0,3.0,22.0,0.5294117647058824,0.037848221125851934,0.04435469828655447,0.008133025780563446,0.02793560189677149,0.059428414156877024
CHEMBL2107333,COC(=O)/C=C/C(=O)OC,1,-0.620722,-17.48793,3.310356,-1.756124,5.126,2.73,-16.55442,0.0,0,1,-16.55442,-16.55442,,,,144.12599999999998,-0.11140000000000017,52.60000000000001,0.0,4.0,2.0,0.0,10.0,0.3333333333333333,0.03755012284870512,0.04400572230654134,0.0081685085085901,0.027539633918003115,0.05918678259389196
CHEMBL506,COc1cc(NC(C)CCCN)c2ncccc2c1,1,6.548481,-25.153671,4.492245,-2.388476,3.551,1.53,-16.501421,0.0,0,1,-16.501421,-16.501421,,,,259.35299999999995,2.782700000000001,60.17,2.0,4.0,6.0,2.0,19.0,0.4,0.06919328790926502,0.043834442589494774,0.008185736388069631,0.027340814655964888,0.059083575072811756
CHEMBL885,Nc1nc(=O)n([C@@H]2CS[C@H](CO)O2)cc1F,1,-4.27234,-18.219215,4.769371,1.233538,2.418,1.91,-16.488646,0.0,0,1,-16.488646,-16.488646,,,,247.25099999999998,-0.4550000000000003,90.37,2.0,6.0,2.0,2.0,16.0,0.5,0.04005910898016119,0.043793283580817244,0.008189857803840881,0.02729472382509546,0.0590547230129032
CHEMBL117287,COCCCN1CCC(NC(=O)c2cc(Cl)c(N)c3c2OCC3)CC1,1,8.018993,-29.201065,7.2247,-2.520335,6.116,1.62,-16.477705,0.0,0,1,-16.477705,-16.477705,,,,367.8770000000003,2.0877999999999997,76.82000000000001,2.0,5.0,6.0,3.0,25.0,0.6111111111111112,0.05879645564327835,0.043758072431829644,0.008193377933429048,0.027255315398910566,0.059029975447209185
CHEMBL388751,OCC(O)COc1ccc(Cl)cc1,1,-1.48619,-17.469048,3.016457,-0.480059,6.151,3.37,-16.418839,0.0,0,1,-16.418839,-16.418839,,,,202.63700000000003,1.072,49.69,2.0,3.0,4.0,1.0,13.0,0.3333333333333333,0.037176582360911155,0.04356924138539088,0.008212165761258623,0.027043906781610387,0.05889737412026448
CHEMBL697,CN1C(=O)CC(C)(c2ccccc2)C1=O,1,-1.237451,-16.960329,3.51142,-1.717665,0.804,0.8,-16.404026,0.0,0,1,-16.404026,-16.404026,,,,203.241,1.333,37.38,0.0,2.0,1.0,2.0,15.0,0.3333333333333333,0.0397749317776937,0.043521887183014696,0.008216853425367014,0.02698522158945175,0.05886403239817265
CHEMBL1078261,CCCOC(C(=O)OC1CCN(C)CC1)(c1ccccc1)c1ccccc1,1,7.101649,-29.284704,12.001968,-6.206248,5.736,1.62,-16.387337,0.0,0,1,-16.387337,-16.387337,,,,367.489,3.994200000000003,38.77,0.0,4.0,7.0,3.0,27.0,0.43478260869565216,0.06762814366276958,0.043468614109953674,0.008222115533050944,0.0269273011362243,0.058826493417303664
CHEMBL595,CCc1ccc(CCOc2ccc(CC3SC(=O)NC3=O)cc2)nc1,1,-9.245421,-28.923168,23.091322,-1.285459,10.64,3.05,-16.362728,0.0,0,1,-16.362728,-16.362728,,,,356.44700000000006,3.159600000000001,68.28999999999999,1.0,5.0,7.0,3.0,25.0,0.3157894736842105,0.06729407280473333,0.04339021066882288,0.008229837779600188,0.026842126810357983,0.058771188693123366
CHEMBL154,COc1ccc2cc([C@H](C)C(=O)O)ccc2c1,1,-17.816875,-21.485268,26.240086,-3.212646,0.912,0.86,-16.274704,0.0,0,1,-16.274704,-16.274704,,,,230.26299999999998,3.036500000000001,46.53,1.0,2.0,3.0,2.0,17.0,0.21428571428571427,0.05747259387006968,0.04311123681650009,0.008257100162988685,0.02651510515083298,0.058573845323914124
CHEMBL1460,O=c1[nH]cnc2c1ncn2[C@H]1CC[C@@H](CO)O1,1,-1.623969,-24.183336,9.781949,-0.21888,2.28,1.92,-16.244236,0.0,0,1,-16.244236,-16.244236,,,,236.23099999999997,-0.21050000000000008,93.03,2.0,5.0,2.0,3.0,17.0,0.5,0.03670121804625675,0.04301520657253717,0.008266406635124434,0.026409606191895148,0.05850571136702233
CHEMBL1518,CCCc1cc(=O)[nH]c(=S)[nH]1,1,-3.075768,-16.180136,4.789156,-1.776923,0.529,0.52,-16.24367,0.0,0,1,-16.24367,-16.24367,,,,170.237,1.38499,48.65,2.0,2.0,2.0,1.0,11.0,0.42857142857142855,0.056581847362641054,0.04301342520807696,0.008266578891733219,0.026407740705022633,0.05850444649217397
CHEMBL1584969,COc1cccc2c(O)c3cccc(N)c3nc12,1,-0.683471,-17.538868,3.690803,-1.654924,0.799,0.79,-16.18646,0.0,0,1,-16.18646,-16.18646,,,,240.26199999999997,2.6844,68.37,2.0,4.0,1.0,3.0,18.0,0.07142857142857142,0.05605101167904573,0.04283385230365,0.008283872447653303,0.02622788408134848,0.05837673366564626
CHEMBL328560,NS(=O)(=O)c1ccc(N2CCCCS2(=O)=O)cc1,1,-3.271293,-21.19013,7.709234,0.591889,1.081,1.05,-16.160301,0.0,0,1,-16.160301,-16.160301,,,,290.36599999999993,0.2639999999999998,97.53999999999999,1.0,4.0,2.0,2.0,18.0,0.4,0.0645936494880196,0.04275206145642765,0.008291702474217174,0.02613542986597918,0.05831839939045212
CHEMBL226345,Nc1[nH]cnc2ncnc1-2,1,-1.507477,-18.513702,5.458977,-1.559672,0.0,0.0,-16.121874,0.0,0,1,-16.121874,-16.121874,,,,135.13,-0.11330000000000012,80.48,2.0,4.0,0.0,2.0,10.0,0.0,0.03884301039207633,0.04263227286160295,0.008303117096210172,0.02599746578808333,0.05823282655997707
CHEMBL750,NS(=O)(=O)Cc1noc2ccccc12,1,-1.338149,-21.272417,7.276941,-0.602959,0.0,0.0,-15.936583,0.0,0,1,-15.936583,-15.936583,,,,212.23000000000002,0.6163,86.19000000000001,1.0,4.0,2.0,2.0,14.0,0.125,0.038243617481377466,0.04206063203288332,0.008356713626563862,0.02539979460151074,0.05782255577012088
CHEMBL469,O=C(c1ccccc1)c1ccc2n1CCC2C(=O)O,1,-10.60825,-22.733299,20.954786,-3.540519,3.552,2.64,-15.927281,0.0,0,1,-15.927281,-15.927281,,,,255.27299999999997,2.291,59.3,1.0,2.0,3.0,3.0,19.0,0.2,0.03821378241214545,0.042032192931281756,0.008359341985137578,0.025372354849248165,0.05780018884384824
CHEMBL3589557,O=C(c1cc(S(=O)(=O)Nc2ccccc2F)c(F)cc1Cl)N1CCN2CCC[C@@H]2C1,1,3.120384,-29.831718,14.139256,-3.301073,2.718,1.87,-15.873151,0.0,0,1,-15.873151,-15.873151,,,,455.9140000000003,3.3392000000000017,69.72,1.0,4.0,4.0,4.0,30.0,0.35,0.06090743920459261,0.041867186810262386,0.008374520179032114,0.02520479669070232,0.05767263582123042
CHEMBL956,CC(C(=O)O)c1ccc(C(=O)c2cccs2)cc1,1,-10.602893,-20.568796,19.133827,-3.8016,3.67,2.73,-15.83946,0.0,0,1,-15.83946,-15.83946,,,,260.31399999999996,3.167200000000001,54.37,1.0,3.0,4.0,2.0,18.0,0.14285714285714285,0.06048595556569472,0.04176490298211911,0.008383867162792793,0.02510150884952716,0.057598723870883564
CHEMBL2103837,O=C(O)c1ccc2nc(-c3cc(Cl)cc(Cl)c3)oc2c1,1,-10.208235,-25.454042,22.878548,-2.971447,0.034,0.02,-15.755177,0.0,0,1,-15.755177,-15.755177,,,,308.12000000000006,4.4998000000000005,63.33,1.0,3.0,2.0,3.0,20.0,0.0,0.052179820262173854,0.041510419521894826,0.008406916705637577,0.02482215336714621,0.05741420922122887
CHEMBL5593488,COc1cnc2c(-c3nc4cc(F)c5c(c4s3)C[C@H](COC(=O)Nc3cnc(C)nc3)O5)cc(C)cc2n1,1,2.625542,-24.61322,8.550296,-2.208272,8.699,4.05,-15.645655,0.0,0,1,-15.645655,-15.645655,,,,532.5570000000002,5.013240000000004,121.24000000000001,1.0,10.0,5.0,6.0,38.0,0.23076923076923078,0.03732176558508423,0.041182683360409734,0.008436165304981133,0.024480044372991984,0.057177256264724516
CHEMBL70972,CC1=C(C)C(=O)C(C(CCCCCC(=O)O)c2ccccc2)=C(C)C1=O,1,-5.524316,-32.634392,28.118191,-5.580345,6.47,1.59,-15.620861,0.0,0,1,-15.620861,-15.620861,,,,354.446,4.610000000000003,71.44,1.0,3.0,8.0,2.0,26.0,0.4090909090909091,0.03505346937691224,0.04110894915448077,0.008442677617386263,0.024407231930783545,0.05712135071027595
CHEMBL404422,CCCCC1(CC)C(=O)NC(=O)NC1=O,1,-1.215251,-15.917024,1.75276,-0.18292,2.643,1.62,-15.562435,0.0,0,1,-15.562435,-15.562435,,,,212.249,0.9389999999999998,75.27000000000001,2.0,3.0,4.0,1.0,15.0,0.7,0.03490281824722107,0.040935864698976254,0.008457865911664055,0.024214788461905404,0.05699440249919653
CHEMBL898,O=C(O)c1cc(-c2ccc(F)cc2F)ccc1O,1,-8.464099,-21.606152,17.926447,-3.361209,3.762,1.89,-15.505013,0.0,0,1,-15.505013,-15.505013,,,,250.19999999999996,3.035600000000001,57.53,2.0,2.0,2.0,2.0,18.0,0.0,0.03688427893386437,0.04076666273759347,0.008472579042355533,0.024027123406393618,0.056869898536861585
CHEMBL2105617,CCC1C2CC3C4N(C)c5ccccc5C45CC(C2[C@H]5O)N3C1O,1,8.075653,-24.151087,2.107921,-1.500981,0.345,0.34,-15.468493,0.0,0,1,-15.468493,-15.468493,,,,326.44,1.5545,46.94,2.0,4.0,1.0,7.0,24.0,0.7,0.049731466102941824,0.040659517363982045,0.008481826919766853,0.02391397975202995,0.05679085015649017
CHEMBL1544647,CN1CCN(CCCNC(=O)c2cc3c(-c4ccc(Cl)cc4)nn(C)c3s2)CC1,1,8.81612,-36.373814,16.061316,-3.94298,5.019,2.39,-15.439358,0.0,0,1,-15.439358,-15.439358,,,,431.99300000000017,3.3225000000000016,53.4,1.0,5.0,6.0,4.0,29.0,0.42857142857142855,0.04948811631000676,0.04057429738386238,0.008489144010755276,0.02382156868513031,0.05672786211142658
CHEMBL918,NC(=O)NC(=O)Cc1ccccc1,1,-5.888871,-16.746174,7.892213,-0.683861,3.727,1.51,-15.426692,0.0,0,1,-15.426692,-15.426692,,,,178.191,0.42399999999999954,72.19,2.0,2.0,2.0,1.0,13.0,0.1111111111111111,0.034555217631321265,0.04053732069176621,0.008492308273742331,0.023786724261362177,0.05670049984634297
CHEMBL856,CCC1(c2ccccc2)C(=O)NCNC1=O,1,-2.48337,-16.59079,4.552989,-0.827854,0.782,0.4,-15.349025,0.0,0,1,-15.349025,-15.349025,,,,218.25599999999994,0.5378999999999999,58.2,2.0,2.0,2.0,2.0,16.0,0.3333333333333333,0.048739954024724724,0.04031152456634538,0.008511490987805214,0.02354480746562384,0.05654295906153487
CHEMBL686,Cc1cccc(Nc2ccccc2C(=O)O)c1C,1,-19.638716,-23.27784,31.415119,-3.745462,1.611,1.53,-15.246901,0.0,0,1,-15.246901,-15.246901,,,,241.29,3.7452400000000017,49.33,2.0,2.0,3.0,2.0,18.0,0.13333333333333333,0.03609475521906321,0.04001707590399618,0.008536143518375519,0.023219056017268633,0.05632241895532262
CHEMBL652,O=C(NCC1CCCCN1)c1cc(OCC(F)(F)F)ccc1OCC(F)(F)F,1,7.329165,-29.130312,10.263185,-3.566874,11.14,2.31,-15.104836,0.0,0,1,-15.104836,-15.104836,,,,414.34600000000006,3.4407000000000014,59.59,2.0,4.0,7.0,2.0,28.0,0.5882352941176471,0.035667405025389363,0.03961204468194682,0.008569377730816733,0.02277788010175344,0.05602066488995978
CHEMBL814,COCCCC/C(=N\OCCN)c1ccc(C(F)(F)F)cc1,1,7.531851,-23.097898,3.239755,-2.75928,6.465,2.0,-15.085572,0.0,0,1,-15.085572,-15.085572,,,,318.339,3.201500000000001,56.84,1.0,4.0,9.0,1.0,22.0,0.5333333333333333,0.04787535882920938,0.03955752882743087,0.008573790658345239,0.022728749787319414,0.05597994666105216
CHEMBL847,CC(C)NCC1CCc2cc(CO)c([N+](=O)[O-])cc2N1,1,6.944096,-25.018238,4.598327,-1.568893,2.244,1.16,-15.044708,0.0,0,1,-15.044708,-15.044708,,,,279.34,1.8117999999999996,87.42999999999999,3.0,5.0,5.0,2.0,20.0,0.5714285714285714,0.035488042156360436,0.03944220540762607,0.008583078415995662,0.022603499241870884,0.055893685241607004
CHEMBL1201220,CC(=O)Nc1c(I)c(NC(C)=O)c(I)c(C(=O)O)c1I,1,-7.722811,-29.436571,24.755108,-2.634492,4.94,1.87,-15.038767,0.0,0,1,-15.038767,-15.038767,,,,613.9150000000002,3.1154,95.50000000000001,3.0,3.0,3.0,1.0,20.0,0.18181818181818182,0.03547036838263214,0.0394254751688825,0.008584420456966012,0.022585089541887052,0.05588115688620603
CHEMBL527,CN1C(C(=O)Nc2ccccn2)=C(O)c2ccccc2S1(=O)=O,1,-10.705126,-26.958433,24.569607,-1.926197,2.384,2.33,-15.020149,0.0,0,1,-15.020149,-15.020149,,,,331.35300000000007,1.5809999999999997,99.6,2.0,5.0,2.0,3.0,23.0,0.06666666666666667,0.050932242017246804,0.0393731047785347,0.008588612637235435,0.022527493489776226,0.055841735077515636
CHEMBL1537068,Cc1ccc[n+](CC(=O)c2ccc(Br)cc2)c1C,1,6.833661,-23.828104,6.444849,-4.441102,2.11,1.1,-14.990697,0.0,0,1,-14.990697,-14.990697,,,,305.19500000000005,3.236340000000002,20.95,0.0,1.0,3.0,2.0,18.0,0.2,0.050613189938814175,0.03929044217787038,0.008595202521368887,0.02243667997926106,0.055779336701601685
CHEMBL1589,CC(=O)c1ccc(S(=O)(=O)NC(=O)NC2CCCCC2)cc1,1,-10.762109,-27.268665,24.771097,-1.693787,2.694,1.08,-14.953463,0.0,0,1,-14.953463,-14.953463,,,,324.4020000000001,2.2098000000000004,92.34,2.0,4.0,4.0,2.0,22.0,0.4666666666666667,0.05021220001280475,0.039186257305026284,0.008603460712933155,0.02232241354439189,0.055700563390312305
CHEMBL926,CC(CCc1ccc(O)cc1)NCCc1ccc(O)c(O)c1,1,5.627469,-26.670712,7.208701,-1.079876,8.417,2.03,-14.914418,0.0,0,1,-14.914418,-14.914418,,,,301.386,2.956800000000002,72.72,4.0,4.0,7.0,2.0,22.0,0.3333333333333333,0.046612035470373674,0.03907738675078605,0.008612033609914013,0.02221628299793147,0.05561809326006021
CHEMBL449,CCC(C)C1(CC)C(=O)NC(=O)NC1=O,1,-2.227864,-14.951699,1.898871,0.374382,3.219,2.41,-14.90631,0.0,0,1,-14.90631,-14.90631,,,,212.249,0.7948999999999999,75.27000000000001,2.0,3.0,3.0,1.0,15.0,0.7,0.03325305799619428,0.03905482778248954,0.008613802727608873,0.02219614324644197,0.05560098494697351
CHEMBL468927,C[C@H](N)C(=O)NCc1cccc(-n2nc(C(F)(F)F)cc2-c2nnc(-c3cccc4ncsc34)o2)c1,1,8.366845,-40.832424,19.6689,-2.109625,7.453,2.33,-14.906305,0.0,0,1,-14.906305,-14.906305,,,,513.5050000000002,4.181200000000002,124.75,2.0,8.0,6.0,5.0,36.0,0.17391304347826086,0.04520971040994637,0.03905481387611547,0.008613803817403388,0.022196130833962307,0.05560097439853604
CHEMBL557555,CC(C)(Oc1ccc(C2CC2(Cl)Cl)cc1)C(=O)O,1,-7.089248,-21.678284,17.938898,-4.071734,7.879,3.54,-14.900368,0.0,0,1,-14.900368,-14.900368,,,,289.158,3.589800000000003,46.53,1.0,2.0,4.0,2.0,18.0,0.46153846153846156,0.04964494602281495,0.03903830594605795,0.008615096817540325,0.022181398511634805,0.05558845077468542
CHEMBL641,CNCC[C@@H](Oc1ccccc1C)c1ccccc1,1,6.784654,-22.985806,5.309962,-3.911463,4.092,2.64,-14.802653,0.0,0,1,-14.802653,-14.802653,,,,255.361,3.7246200000000034,21.259999999999998,1.0,2.0,6.0,2.0,19.0,0.29411764705882354,0.03299928100933515,0.038767894644240866,0.008636086122661592,0.021905154452416576,0.055396080755478486
CHEMBL493682,COc1ccc(CCNC[C@H](O)c2ccc(O)cc2)cc1OC,1,5.658658,-25.539112,5.984275,-0.884725,2.106,1.62,-14.780905,0.0,0,1,-14.780905,-14.780905,,,,317.3850000000001,2.2751,70.95,3.0,5.0,8.0,2.0,23.0,0.3333333333333333,0.03471152779250436,0.038708039076169834,0.008640683298823532,0.021842439205775242,0.055354023914743575
CHEMBL11662,O=C(O)/C=C/c1ccc(Cn2ccnc2)cc1,1,-16.774029,-24.96854,31.569025,-4.533895,4.435,2.64,-14.707438,0.0,0,1,-14.707438,-14.707438,,,,228.251,2.0292,55.12,1.0,2.0,4.0,2.0,17.0,0.07692307692307693,0.03276777486821269,0.03850671986984577,0.008656015039210391,0.021628214913194815,0.055212266024425576
CHEMBL174,CC1(C)S[C@@H]2[C@H](NC(=O)[C@H](N)c3ccccc3)C(=O)N2[C@H]1C(=O)O,1,-10.653332,-28.373463,25.669819,-1.192739,2.473,1.26,-14.549714,0.0,0,1,-14.549714,-14.549714,,,,349.4120000000001,0.3181000000000002,112.73,3.0,5.0,4.0,3.0,24.0,0.4375,0.04252679205583976,0.03807905686852095,0.008687912420363144,0.021214889663219882,0.05490607859272357
CHEMBL855,Cc1ccc(/C(=C\CN2CCCC2)c2ccccn2)cc1,1,6.101731,-24.13142,7.970198,-4.488896,4.742,2.14,-14.548388,0.0,0,1,-14.548388,-14.548388,,,,278.399,3.917520000000003,16.130000000000003,0.0,2.0,4.0,3.0,21.0,0.3157894736842105,0.044005304031716534,0.038075487531874154,0.00868817477288407,0.021210992698787123,0.05490334993011928
CHEMBL878,Cc1ccccc1N1C(=O)c2cc(S(N)(=O)=O)c(Cl)cc2NC1C,1,-1.068995,-19.174746,7.473407,-1.731765,1.177,1.15,-14.502097,0.0,0,1,-14.502097,-14.502097,,,,365.8420000000001,2.714120000000001,92.5,2.0,4.0,2.0,3.0,24.0,0.1875,0.04555788939934005,0.03795115157289062,0.008697273515422863,0.021088254538072608,0.05480804261973804
CHEMBL465026,CN1CCOC(c2ccccc2)c2ccccc2C1,1,6.143751,-19.827627,2.96745,-3.780153,0.102,0.1,-14.496578,0.0,0,1,-14.496578,-14.496578,,,,253.345,3.238000000000002,12.47,0.0,2.0,1.0,3.0,19.0,0.29411764705882354,0.03389315571150833,0.037936362763240604,0.008698350537273943,0.02107220410952901,0.05479668147955222
CHEMBL112,CC(=O)Nc1ccc(O)cc1,1,-1.151326,-17.944044,5.07501,-0.445731,1.535,1.53,-14.466089,0.0,0,1,-14.466089,-14.466089,,,,151.165,1.3505999999999998,49.33,2.0,2.0,1.0,1.0,11.0,0.125,0.03218774415388169,0.03785479799973135,0.008704270720471422,0.02098375476362962,0.054733963535857674
CHEMBL450,CCC1(CC)C(=O)NC(=O)N(C)C1=O,1,-0.720895,-15.944042,2.305557,-0.09746,1.013,0.55,-14.456839,0.0,0,1,-14.456839,-14.456839,,,,198.22199999999998,0.5009999999999999,66.48,1.0,3.0,2.0,1.0,14.0,0.6666666666666666,0.043373205118787374,0.037830097049866535,0.008706056919669209,0.02095699351736916,0.05471495078351822
CHEMBL483,C[C@H](Cn1cnc2c(N)ncnc21)OCP(=O)(O)O,1,-12.469907,-23.85191,22.931334,-1.065424,4.246,1.5,-14.455906,0.0,0,1,-14.455906,-14.455906,,,,287.21599999999995,-0.051200000000000134,136.38000000000002,3.0,6.0,5.0,2.0,19.0,0.4444444444444444,0.032163483354257505,0.03782760674894836,0.008706236828751572,0.020954296137248876,0.05471303345556343
CHEMBL639,CN1CCCC(n2nc(Cc3ccc(Cl)cc3)c3ccccc3c2=O)CC1,1,9.17942,-28.534876,10.244661,-5.310376,3.501,2.16,-14.42117,0.0,0,1,-14.42117,-14.42117,,,,381.9070000000002,4.297500000000004,38.13,0.0,3.0,3.0,4.0,27.0,0.36363636363636365,0.032080853542803954,0.037735042410272056,0.008712901665912728,0.0208541173886908,0.0546417014201122
CHEMBL86715,OC(CCN1CCCC1)(c1ccccc1)C1CCCCC1,1,6.18408,-21.871857,4.869236,-3.516138,2.83,1.29,-14.334679,0.0,0,1,-14.334679,-14.334679,,,,287.4470000000001,3.940400000000003,23.47,1.0,2.0,5.0,3.0,21.0,0.6842105263157895,0.03187596651873426,0.037505831184220094,0.008729217273168867,0.020606993310789863,0.05446457978623626
CHEMBL844,Brc1c(NC2=NCCN2)ccc2nccnc12,1,7.786359,-25.552187,5.168854,-1.719819,3.514,2.32,-14.316792,0.0,0,1,-14.316792,-14.316792,,,,292.14000000000004,1.7633999999999999,62.2,2.0,5.0,1.0,3.0,17.0,0.18181818181818182,0.042421375875079124,0.03745865354180021,0.008732542079374865,0.020556290850857816,0.05442752412877041
CHEMBL316561,CCCN(CCC)C(=O)C(CCC(=O)O)NC(=O)c1ccccc1,1,-14.452066,-24.284538,28.287615,-3.838731,5.831,1.59,-14.28772,0.0,0,1,-14.28772,-14.28772,,,,334.41600000000005,2.2984,86.71000000000001,2.0,3.0,10.0,1.0,24.0,0.5,0.043477985216839675,0.03738213880053767,0.00873791009295112,0.020474149032852464,0.054368939936403474
CHEMBL572,O=C1CN(/N=C/c2ccc([N+](=O)[O-])o2)C(=O)N1,1,-2.705789,-24.299219,12.939624,-0.207331,0.892,0.74,-14.272716,0.0,0,1,-14.272716,-14.272716,,,,238.15899999999996,0.07349999999999995,118.05000000000001,1.0,6.0,3.0,2.0,17.0,0.125,0.04053830374566477,0.03734272885872314,0.008740663211921573,0.020434200122057208,0.05434088470721913
CHEMBL19,CC(=O)/N=c1/sc(S(N)(=O)=O)nn1C,1,-18.117998,-17.108118,18.920712,2.074707,5.864,3.58,-14.230698,0.0,0,1,-14.230698,-14.230698,,,,236.278,-1.4237999999999997,107.41,1.0,5.0,1.0,1.0,14.0,0.4,0.04184523026518724,0.0372326491106897,0.008748310811284228,0.02031575485155177,0.05426195705734683
CHEMBL1213603,CCNC1=N[C@@H]2[C@@H](O)[C@H](O)[C@@H](CO)O[C@@H]2S1,1,-5.14733,-14.641436,3.1896,2.404845,1.142,0.65,-14.19432,0.0,0,1,-14.19432,-14.19432,,,,248.30399999999997,-1.4936999999999994,94.31000000000002,4.0,7.0,2.0,2.0,16.0,0.8888888888888888,0.041603828167819795,0.03713768444164951,0.008754858025042013,0.020212838149252673,0.05418878207907488
CHEMBL471498,O=C(O)[C@H](CC(=O)N1C[C@H]2CCCC[C@H]2C1)Cc1ccccc1,1,-8.667559,-25.952305,25.146421,-4.535268,3.213,1.45,-14.008712,0.0,0,1,-14.008712,-14.008712,,,,315.41299999999995,2.9686000000000012,57.61,1.0,2.0,5.0,3.0,23.0,0.5789473684210527,0.04039084647606401,0.03665801266065651,0.008787211932923604,0.019745984378794986,0.05384607713013653
CHEMBL1576,C#CC1(OC(N)=O)CCCCC1,1,-1.447696,-15.922729,3.891296,-0.424727,0.027,0.02,-13.903857,0.0,0,1,-13.903857,-13.903857,,,,167.20799999999997,1.4178000000000002,52.32,1.0,2.0,1.0,1.0,12.0,0.6666666666666666,0.032246586717219534,0.03639058352055732,0.008804726702593697,0.019482469009194953,0.053660117423339544
CHEMBL1303,CCCN(CCc1cccs1)[C@H]1CCc2c(O)cccc2C1,1,9.372226,-25.350636,6.062712,-3.871415,4.083,1.2,-13.787113,0.0,0,1,-13.787113,-13.787113,,,,315.482,4.265700000000003,23.47,1.0,3.0,6.0,3.0,22.0,0.47368421052631576,0.031931440462200714,0.03609580583146762,0.008823594339377249,0.019191331049162336,0.05344099613341661
CHEMBL1765292,CCC(C(=O)O)c1ccc(N2Cc3ccccc3C2=O)cc1,1,-10.214212,-25.942024,26.595577,-4.177145,2.317,1.07,-13.737803,0.0,0,1,-13.737803,-13.737803,,,,295.33799999999997,3.425200000000002,57.61,1.0,2.0,4.0,3.0,22.0,0.2222222222222222,0.0385107551406211,0.035972231023824186,0.00883136633027587,0.019069750997744085,0.05335881661110833
CHEMBL63323,O=C(O)c1cccnc1Nc1cccc(C(F)(F)F)c1,1,-11.582168,-22.635216,24.383083,-3.888205,1.5,1.35,-13.722506,0.0,0,1,-13.722506,-13.722506,,,,282.221,3.542200000000001,62.22,2.0,3.0,3.0,2.0,20.0,0.07692307692307693,0.030460115620582835,0.03593400737681804,0.008833753803302234,0.019032200602427992,0.05333400781859957
CHEMBL546,C=CCOc1ccccc1OCC(O)CNC(C)C,1,7.503485,-21.034529,2.221836,-2.371883,7.809,2.32,-13.681091,0.0,0,1,-13.681091,-13.681091,,,,265.35299999999995,1.9890999999999999,50.72,2.0,4.0,9.0,1.0,19.0,0.4666666666666667,0.038027652753126355,0.03583078579450196,0.008840161977667228,0.018930893819286317,0.05326001838958384
CHEMBL83063,CC(NCCc1ccc(O)cc1)C(O)c1ccc(O)cc1,1,7.054503,-25.324659,4.845943,-0.207634,5.059,2.12,-13.631847,0.0,0,1,-13.631847,-13.631847,,,,287.35900000000004,2.3520000000000003,72.72,4.0,4.0,6.0,2.0,21.0,0.29411764705882354,0.03802239365980251,0.03570855307698691,0.008847676397520259,0.018814195671143615,0.053158596407905746
CHEMBL1902981,CCc1ccc(C(=O)C(C)CN2CCCCC2)cc1,1,6.665733,-21.28735,5.21208,-4.150316,4.12,1.79,-13.559853,0.0,0,1,-13.559853,-13.559853,,,,259.3929999999999,3.5537000000000027,20.310000000000002,0.0,2.0,5.0,2.0,19.0,0.5882352941176471,0.03758404440399988,0.035530825969924455,0.008858458732289212,0.018643666867729603,0.05302735121325206
CHEMBL695,CN1C(=O)OC(C)(C)C1=O,1,-2.63651,-12.700257,2.682231,-0.89534,0.0,0.0,-13.549876,0.0,0,1,-13.549876,-13.549876,,,,143.142,0.37359999999999993,46.61,0.0,3.0,0.0,1.0,10.0,0.6666666666666666,0.036930151085637734,0.035506287345278595,0.00885993402373878,0.01862169612532389,0.05300927331765669
CHEMBL862,N=C(N)NC(=O)Cc1c(Cl)cccc1Cl,1,6.843478,-20.647606,2.622998,-2.290478,3.658,2.56,-13.471608,0.0,0,1,-13.471608,-13.471608,,,,246.097,1.5455700000000003,78.97,3.0,2.0,2.0,1.0,15.0,0.1111111111111111,0.035235917923981286,0.03531454978305564,0.008871349024052039,0.01844467724768344,0.05285944771703164
CHEMBL273575,CN1Cc2c(N)cccc2C(c2ccccc2)C1,1,8.243729,-22.805193,4.432199,-3.30826,0.373,0.37,-13.437525,0.0,0,1,-13.437525,-13.437525,,,,238.334,2.8461000000000016,29.259999999999998,1.0,2.0,1.0,3.0,18.0,0.25,0.0368494103469992,0.03523147658636673,0.008876232647777827,0.018366918579997497,0.0527903871639103
CHEMBL1201198,Cc1cccn2c(=O)c(-c3nnn[nH]3)cnc12,1,-20.73003,-22.71344,31.306187,-1.295323,2.339,2.33,-13.432606,0.0,0,1,-13.432606,-13.432606,,,,228.21500000000003,0.1830199999999999,88.83,1.0,5.0,1.0,3.0,17.0,0.1,0.03099235458587836,0.035219508169032465,0.008876933132965472,0.018355732138421565,0.05278042469749308
CHEMBL709,COc1cc2nc(N(C)CCCNC(=O)C3CCCO3)nc(N)c2cc1OC,1,2.157686,-21.543837,8.613487,-2.519201,3.692,1.0,-13.291864,0.0,0,1,-13.291864,-13.291864,,,,389.4560000000002,1.3507000000000002,111.83,2.0,8.0,8.0,3.0,28.0,0.5263157894736842,0.02949916991550655,0.034879304538868984,0.008896516475268778,0.018038694527994923,0.0525083068182419
CHEMBL73451,c1ccc2c(c1)Sc1ccccc1N2CC1CN2CCC1CC2,1,2.937235,-24.78606,13.444643,-4.851202,1.37,1.0,-13.255384,0.0,0,1,-13.255384,-13.255384,,,,322.47700000000015,4.631100000000005,6.48,0.0,3.0,2.0,6.0,23.0,0.4,0.03456776890111796,0.03479182521315494,0.008901449257126798,0.01795746587071428,0.052440195891133835
CHEMBL1464,CC(=O)CC(c1ccccc1)c1c(O)c2ccccc2oc1=O,1,-9.119839,-23.61342,23.609749,-4.093765,2.459,1.65,-13.217278,0.0,0,1,-13.217278,-13.217278,,,,308.3330000000001,3.609600000000003,67.50999999999999,1.0,4.0,4.0,3.0,23.0,0.15789473684210525,0.029335603297941343,0.03470075249267597,0.00890653975467016,0.017873028691423154,0.052378276937879414
CHEMBL972,C#CCN(C)[C@H](C)Cc1ccccc1,1,6.303366,-19.578606,4.234388,-4.121712,4.71,2.03,-13.162563,0.0,0,1,-13.162563,-13.162563,,,,187.286,2.1826,3.24,0.0,1.0,4.0,1.0,14.0,0.38461538461538464,0.03524420866638216,0.034570528498870864,0.008913738798594695,0.017753822668807775,0.05229083033577896
CHEMBL11672,CN(C(=O)c1c(O)c2ccccc2n(C)c1=O)c1ccccc1,1,-7.627623,-26.310333,24.074316,-3.279711,3.766,2.4,-13.143353,0.0,0,1,-13.143353,-13.143353,,,,308.337,2.5207000000000006,62.540000000000006,1.0,3.0,2.0,3.0,23.0,0.1111111111111111,0.033704788859160534,0.034524959415524546,0.008916235710783616,0.01771236107008931,0.052269103276206035
CHEMBL622,CCc1cccc2c3c([nH]c12)C(CC)(CC(=O)O)OCC3,1,-8.979591,-22.412039,22.167896,-3.782202,3.632,1.77,-13.005936,0.0,0,1,-13.005936,-13.005936,,,,287.35900000000004,3.383000000000002,62.32000000000001,2.0,2.0,4.0,3.0,21.0,0.47058823529411764,0.032443727598841725,0.034201265076392554,0.008933638903606614,0.017412011247855533,0.05202609312184606
CHEMBL1159717,CC(C)(C)NCC(O)c1ccccc1Cl,1,6.386908,-17.583649,0.743364,-2.551887,3.727,1.83,-13.005263,0.0,0,1,-13.005263,-13.005263,,,,227.735,2.7615000000000007,32.26,2.0,2.0,3.0,1.0,15.0,0.5,0.03435404214805101,0.03419968957474514,0.008933722175504857,0.017410560067292722,0.0520250377050528
CHEMBL278398,CN1CCC2=C(C1)C(c1ccccc1)c1ccccc12,1,7.403514,-23.593357,8.267595,-5.075693,0.061,0.06,-12.99794,0.0,0,1,-12.99794,-12.99794,,,,261.36800000000005,3.9212000000000033,3.24,0.0,1.0,1.0,4.0,20.0,0.2631578947368421,0.034313092284921264,0.03418255247662639,0.008934627043336323,0.017394777809445264,0.05201355599510034
CHEMBL188921,COc1cc(OC)c(C(=O)CCCN2CCCC2)c(OC)c1,1,7.278528,-25.476517,8.206227,-2.957786,6.289,1.78,-12.949547,0.0,0,1,-12.949547,-12.949547,,,,307.39,2.7711000000000015,48.0,0.0,5.0,8.0,2.0,22.0,0.5882352941176471,0.03211938364314148,0.034069586548224354,0.008940550539337939,0.017290860775768996,0.051941725921260486
CHEMBL1286,CC[C@@H](C(N)=O)N1CCCC1=O,1,-4.336168,-14.015237,6.302928,-0.84583,4.294,2.59,-12.894308,0.0,0,1,-12.894308,-12.894308,,,,170.212,-0.12729999999999997,63.400000000000006,1.0,2.0,3.0,1.0,12.0,0.75,0.031804473363494165,0.03394123645232453,0.008947193490971051,0.017172496550034246,0.05185829331155166
CHEMBL46102,CC(=O)OCC(=O)NCCCOc1cccc(CN2CCCCC2)c1,1,9.337503,-27.15304,9.033703,-4.036366,9.622,2.09,-12.818199,0.0,0,1,-12.818199,-12.818199,,,,348.44300000000015,2.1206999999999994,67.87,1.0,5.0,9.0,2.0,25.0,0.5789473684210527,0.03137512206358909,0.03376542979813359,0.008956141465342442,0.017001870671536617,0.05173671967002673
CHEMBL637,COc1ccc(C(CN(C)C)C2(O)CCCCC2)cc1,1,7.71385,-21.501385,3.897573,-2.900041,1.068,0.35,-12.790003,0.0,0,1,-12.790003,-12.790003,,,,277.4079999999999,3.0356000000000014,32.7,1.0,3.0,5.0,2.0,20.0,0.6470588235294118,0.031107279841398203,0.033700601998112145,0.008959396739618994,0.016939095649840624,0.0516939132128548
CHEMBL2106561,CCOC(=O)NNc1ccc(N(CC)CC(C)O)nn1,1,-1.908502,-14.549706,5.241067,-1.539606,3.45,1.57,-12.756746,0.0,0,1,-12.756746,-12.756746,,,,283.332,0.7566999999999997,99.61,3.0,7.0,7.0,1.0,20.0,0.5833333333333334,0.03298842534084536,0.03362434764117788,0.008963195189279969,0.016868141761857698,0.05164156859643093
CHEMBL4636169,CCCSc1nc(=O)cc(O)n1-c1ccccc1OC,1,-11.336725,-27.048151,28.176981,-2.536057,1.963,1.15,-12.743953,0.0,0,1,-12.743953,-12.743953,,,,292.36000000000007,2.4488000000000003,64.35,1.0,5.0,5.0,2.0,20.0,0.2857142857142857,0.0309613042035576,0.033595075079055355,0.008964644540426127,0.016841466926015992,0.051621283116242075
CHEMBL3596279,O=C(O)c1ccc(-c2nc(C(=O)c3c(Cl)cccc3C3CC3)n3cccnc23)cc1O,1,-7.837402,-29.447111,30.060925,-5.323817,4.502,1.87,-12.547407,0.0,0,1,-12.547407,-12.547407,,,,433.85100000000017,4.561900000000003,104.78999999999999,2.0,5.0,5.0,5.0,31.0,0.13043478260869565,0.029429472848783736,0.03314951910373617,0.008986099375334048,0.01640786077705899,0.051297666739945486
CHEMBL70927,Cc1c(O)c(=O)ccn1C,1,-6.952835,-11.04458,6.216815,-0.751233,0.0,0.0,-12.531832,0.0,0,1,-12.531832,-12.531832,,,,139.154,0.39931999999999984,42.23,1.0,2.0,0.0,1.0,10.0,0.2857142857142857,0.029805963038476792,0.03311454433409116,0.008987735180874094,0.016374274400165964,0.05126917135977468
CHEMBL508102,CCOC(=O)n1ccn(C)c1=S,1,-4.044629,-15.433209,9.598785,-2.649932,4.994,4.01,-12.528986,0.0,0,1,-12.528986,-12.528986,,,,186.236,1.56069,36.16,0.0,3.0,1.0,1.0,12.0,0.42857142857142855,0.028715769648410317,0.03310815867909999,0.008988033081591908,0.01636815059093143,0.05126391662544394
CHEMBL41632,O=C(O)Cc1cc(I)c(Oc2ccc(O)c(I)c2)c(I)c1,1,-3.836663,-31.940809,27.313116,-3.962363,5.533,2.44,-12.42672,0.0,0,1,-12.42672,-12.42672,,,,621.9340000000001,4.625400000000002,66.76,2.0,3.0,4.0,2.0,21.0,0.07142857142857142,0.029248009387904672,0.03287977147837764,0.0089985324530906,0.01614234769019751,0.051075447834143785
CHEMBL153479,Nc1c(Br)cc(Br)cc1CN[C@H]1CC[C@H](O)CC1,1,7.83268,-19.707104,1.072246,-1.621171,1.246,1.22,-12.423348,0.0,0,1,-12.423348,-12.423348,,,,378.10800000000023,3.1869000000000014,58.28,3.0,3.0,3.0,2.0,18.0,0.5384615384615384,0.02764552084189342,0.03287227623407231,0.00899887189294169,0.016134985510706468,0.051069245096014716
CHEMBL1200790,CCC1(CC)C(=O)NCC(C)C1=O,1,-1.899397,-12.934186,3.151609,-0.607713,0.741,0.37,-12.289686,0.0,0,1,-12.289686,-12.289686,,,,183.25099999999998,1.1278,46.17,1.0,2.0,2.0,1.0,13.0,0.8,0.027737104388678654,0.032576975731720074,0.00901198459112707,0.015861435386969307,0.050850062085957486
CHEMBL56337,CC(/C=C1\SC(=S)N(CC(=O)O)C1=O)=C\c1ccccc1,1,-8.693224,-29.839346,31.44453,-5.197744,5.966,1.94,-12.285784,0.0,0,1,-12.285784,-12.285784,,,,319.407,2.918700000000001,57.61000000000001,1.0,4.0,4.0,2.0,21.0,0.13333333333333333,0.027361960701698416,0.032568407567235426,0.009012357445330195,0.01585330566851433,0.050844047900237097
CHEMBL696,CCC1(C)CC(=O)NC1=O,1,0.006311,-16.395962,4.216519,-0.092267,0.44,0.44,-12.265398,0.0,0,1,-12.265398,-12.265398,,,,141.17,0.4491999999999999,46.17,1.0,2.0,1.0,1.0,10.0,0.7142857142857143,0.028082081123629258,0.03252369140799007,0.009014296336501087,0.015810900401927747,0.050809583369949694
CHEMBL1148,Cc1cccc(Nc2ccncc2S(=O)(=O)NC(=O)NC(C)C)c1,1,-7.178483,-27.515064,23.390034,-0.932805,3.094,1.47,-12.236318,0.0,0,1,-12.236318,-12.236318,,,,348.4280000000001,2.5299199999999997,100.19,3.0,5.0,5.0,2.0,24.0,0.25,0.027260653168594065,0.03246004501736326,0.009017035794942917,0.015750651525747793,0.05076349893804389
CHEMBL614,NC(=O)c1cnccn1,1,-1.703225,-15.495335,4.344231,0.736,0.025,0.02,-12.118328,0.0,0,1,-12.118328,-12.118328,,,,123.11499999999998,-0.4245000000000001,68.87,1.0,3.0,1.0,1.0,9.0,0.0,0.029700612854243535,0.03220348166537894,0.009027836793944513,0.015511805840464892,0.05054252636234275
CHEMBL43,COc1cc(NS(C)(=O)=O)ccc1Nc1c2ccccc2nc2ccccc12,1,7.55508,-28.918016,12.259877,-2.970425,4.13,1.67,-12.073484,0.0,0,1,-12.073484,-12.073484,,,,393.46800000000013,4.511700000000003,80.32,2.0,5.0,5.0,4.0,28.0,0.09523809523809523,0.026386219875023067,0.03210667186066078,0.009031811235546158,0.0154178971431222,0.05046176019317219
CHEMBL4218423,O=C(O)CC1CN(S(=O)(=O)c2ccc(F)cc2)c2ccc(C(O)(C(F)(F)F)C(F)(F)F)cc2S1,1,-8.890423,-26.365782,26.41935,-3.235404,6.52,2.34,-12.072257,0.0,0,1,-12.072257,-12.072257,,,,533.4430000000001,4.282200000000003,94.91000000000001,2.0,5.0,5.0,3.0,34.0,0.3157894736842105,0.02762615989590105,0.032104028395665604,0.009031918981031046,0.015415410134669353,0.050459548322216344
CHEMBL181,CC1=Nc2ccc(Cl)cc2S(=O)(=O)N1,1,-5.241566,-20.943113,15.540703,-1.376948,0.0,0.0,-12.020924,0.0,0,1,-12.020924,-12.020924,,,,230.676,1.6818,58.53,1.0,3.0,0.0,2.0,14.0,0.125,0.027181740459882458,0.031993692713092825,0.00903637913701646,0.015311939767151178,0.05036710105125857
CHEMBL1760,CC(C)(C)NCC(O)c1cc(O)cc(O)c1,1,4.357925,-19.497559,2.086134,1.128574,3.522,1.83,-11.924926,0.0,0,1,-11.924926,-11.924926,,,,225.288,1.5192999999999997,72.72,4.0,4.0,3.0,1.0,16.0,0.5,0.027283082433885494,0.03178869308692663,0.009044473334483416,0.015139022263427945,0.05024159440428695
CHEMBL1201260,C/N=C(\NC)NCc1ccccc1,1,5.995845,-16.447792,1.185941,-2.657505,4.339,2.34,-11.92351,0.0,0,1,-11.92351,-11.92351,,,,177.251,0.9813999999999995,36.42,2.0,1.0,2.0,1.0,13.0,0.3,0.026705937324262036,0.03178568227734978,0.00904459034186307,0.015136227704926392,0.05023976310129563
CHEMBL163238,Cc1cccc(C)c1NC(=O)CC12CCCN1CCC2,1,6.999863,-21.481234,6.911676,-4.287189,1.737,1.35,-11.856884,0.0,0,1,-11.856884,-11.856884,,,,272.392,3.260440000000002,32.34,1.0,2.0,3.0,3.0,20.0,0.5882352941176471,0.02509346395058999,0.03164444169579304,0.009050018227328403,0.015005678542594969,0.05015380869819889
CHEMBL17860,CC(Oc1c(Cl)cccc1Cl)C1=NCCN1,1,6.178999,-18.269642,2.488902,-2.217894,3.269,1.96,-11.819636,0.0,0,1,-11.819636,-11.819636,,,,259.13599999999997,2.7624000000000004,33.62,1.0,3.0,3.0,2.0,16.0,0.36363636363636365,0.026206979260599676,0.03156584086833574,0.00905298696787629,0.014938166860125278,0.05010582739028469
CHEMBL1730601,Oc1cc(O)c(Cl)cn1,1,-1.601276,-15.715635,5.249393,0.305482,0.0,0.0,-11.762036,0.0,0,1,-11.762036,-11.762036,,,,145.54500000000002,1.1461999999999997,53.35,2.0,3.0,0.0,1.0,9.0,0.0,0.027997360929588988,0.031444800549302765,0.009057485849281736,0.01483207166584291,0.050001562085565
CHEMBL803,Nc1ccn([C@@H]2O[C@H](CO)[C@@H](O)[C@@H]2O)c(=O)n1,1,-5.255562,-17.365042,7.83856,3.085545,2.392,1.94,-11.696499,0.0,0,1,-11.696499,-11.696499,,,,243.21900000000002,-2.563,130.82999999999998,4.0,7.0,2.0,2.0,17.0,0.5555555555555556,0.02675910057744314,0.03130782684696176,0.009062470171708898,0.014695379547464499,0.049908909952641925
CHEMBL1308,Cc1cn[nH]c1,1,-1.20926,-11.369234,2.278306,-1.184908,0.0,0.0,-11.485096,0.0,0,1,-11.485096,-11.485096,,,,82.106,0.7181199999999999,28.68,1.0,1.0,0.0,1.0,6.0,0.25,0.02465754250615129,0.03087133703826164,0.00907759259422406,0.014299151887488388,0.04959873534366315
CHEMBL36715,NC(=O)CN1CCCC1=O,1,-6.636084,-11.756889,6.400646,0.540817,5.322,3.54,-11.451509,0.0,0,1,-11.451509,-11.451509,,,,142.158,-0.9059000000000004,63.400000000000006,1.0,2.0,2.0,1.0,10.0,0.6666666666666666,0.026585973207575355,0.03080273265506096,0.009079863484239597,0.014238386869786096,0.049553053309786696
CHEMBL1201338,CN(C)CCOC(=O)C(c1ccccc1)C1(O)CCCC1,1,5.288893,-22.332636,8.653479,-3.049298,6.281,4.05,-11.439563,0.0,0,1,-11.439563,-11.439563,,,,291.39100000000013,2.1801000000000004,49.769999999999996,1.0,4.0,6.0,2.0,21.0,0.5882352941176471,0.02653300007757409,0.0307783806397575,0.00908066261247028,0.01421684019336602,0.0495430041254717
CHEMBL1208,CCn1nc(C(=O)O)c(=O)c2cc3c(cc21)OCO3,1,-21.518482,-24.637426,37.171978,-2.437888,5.5,3.09,-11.421816,0.0,0,1,-11.421816,-11.421816,,,,262.22099999999995,0.8432999999999997,90.65,1.0,5.0,2.0,3.0,19.0,0.25,0.025641474109253038,0.030742250352481522,0.009081841532461294,0.014185021297084153,0.04951949930611505
CHEMBL1372341,O=C(O)c1cc(O)c2c3nc4ccccc4oc-3cc(=O)c2n1,1,-6.35922,-30.329802,28.227716,-2.936376,0.003,0.0,-11.397682,0.0,0,1,-11.397682,-11.397682,,,,308.249,2.2447999999999997,113.52,2.0,6.0,1.0,4.0,23.0,0.0,0.026087975346016496,0.03069320727219771,0.009083428934131499,0.014147068637638423,0.04947656469620286
CHEMBL1194,CCCNC(C)C(=O)Nc1ccccc1C,1,8.723006,-19.635458,2.238822,-2.580992,3.574,1.47,-11.254622,0.0,0,1,-11.254622,-11.254622,,,,220.316,2.3216200000000002,41.13,2.0,2.0,5.0,1.0,16.0,0.46153846153846156,0.02532028396451222,0.03040461410928654,0.009092469023630716,0.013887913230132531,0.049262027552801006
CHEMBL476,CN(C)/N=N/c1[nH]cnc1C(N)=O,1,-2.269403,-17.416399,8.538152,-0.026063,3.684,3.58,-11.173714,0.0,0,1,-11.173714,-11.173714,,,,182.18699999999998,0.0688999999999999,99.72999999999999,2.0,4.0,3.0,1.0,13.0,0.3333333333333333,0.023291618125332408,0.030242993141956758,0.009097306015420461,0.013747730868824271,0.04912995296131046
CHEMBL1422,N[C@@H](CC(=O)N1CCn2c(nnc2C(F)(F)F)C1)Cc1cc(F)c(F)cc1F,1,7.187932,-25.817471,11.364891,-3.825513,5.826,1.93,-11.090161,0.0,0,1,-11.090161,-11.090161,,,,407.31800000000015,2.0164999999999997,77.04,1.0,4.0,4.0,3.0,28.0,0.4375,0.02293719620157167,0.030077284654624843,0.009102096146408549,0.013610540658657177,0.04902159270874351
CHEMBL897,CCCN(CCC)S(=O)(=O)c1ccc(C(=O)O)cc1,1,-12.353554,-24.084669,27.677168,-2.243429,5.939,2.39,-11.004486,0.0,0,1,-11.004486,-11.004486,,,,285.36499999999995,2.1955,74.68,1.0,3.0,7.0,1.0,19.0,0.46153846153846156,0.0252290502994137,0.02990861912602074,0.009106795064235423,0.013456062525529193,0.04888149243681862
CHEMBL1240977,CN1CCCN=C1/C=C/c1cccc(O)c1,1,6.924909,-21.620882,5.116882,-1.400431,3.276,2.33,-10.979522,0.0,0,1,-10.979522,-10.979522,,,,216.28400000000002,2.1394,35.83,1.0,3.0,2.0,2.0,16.0,0.3076923076923077,0.02517542794507066,0.029859710181873306,0.009108124184795745,0.013414642833258408,0.04884114363422759
CHEMBL5077683,Cc1cc(C(=O)O)c2oc(CNC(=O)c3cnn4cccnc34)c(Cl)c2c1,1,-9.109256,-34.216263,36.236095,-3.872396,4.241,1.87,-10.96182,0.0,0,1,-10.96182,-10.96182,,,,384.77900000000005,3.065520000000001,109.72999999999999,2.0,5.0,4.0,4.0,27.0,0.1111111111111111,0.024766736673180852,0.02982509328515884,0.0091090558032722,0.013385353045188432,0.04881496580844423
CHEMBL29292,CC(C)C[C@H](NC(=O)[C@@H](O)[C@H](N)Cc1ccccc1)C(=O)O,1,-5.506142,-21.465172,18.543301,-2.46472,5.819,1.6,-10.892733,0.0,0,1,-10.892733,-10.892733,,,,308.37800000000004,0.5328000000000004,112.64999999999999,4.0,4.0,8.0,1.0,22.0,0.5,0.024637769247298855,0.029690501232413784,0.009112606085321556,0.013267241512319537,0.04872254321389438
CHEMBL1201039,NS(=O)(=O)c1cc2c(cc1Cl)N=C(CSCc1ccccc1)NS2(=O)=O,1,-6.797419,-25.783001,21.693924,0.091879,0.956,0.36,-10.794619,0.0,0,1,-10.794619,-10.794619,,,,431.9480000000001,2.2427,118.69,2.0,6.0,5.0,3.0,26.0,0.13333333333333333,0.02381291846327165,0.029500747008798987,0.00911741653600648,0.013103726624299136,0.04858702833726644
CHEMBL1231530,O=C(O)CCNC(=O)c1ccccc1,1,-8.848289,-19.458885,19.507549,-1.964617,5.048,1.62,-10.764242,0.0,0,1,-10.764242,-10.764242,,,,193.20200000000003,0.8911,66.4,2.0,2.0,4.0,1.0,14.0,0.2,0.023691381271871977,0.029442325146899855,0.009118851515012644,0.01305353298820878,0.04853739224446912
CHEMBL529888,Cc1ccc(S(=O)(=O)NC(=O)N[C@H]2[C@H]3CC[C@@](C)([C@H]2O)C3(C)C)cc1,1,-9.59505,-29.983541,29.399755,-0.515524,1.093,0.91,-10.694359,0.0,0,1,-10.694359,-10.694359,,,,366.4830000000001,2.16852,95.5,3.0,4.0,3.0,3.0,25.0,0.6111111111111112,0.02341395867470632,0.029308508805149586,0.009122056342861404,0.01293882971547364,0.04842244343961429
CHEMBL459,C[C@](N)(Cc1ccc(O)c(O)c1)C(=O)O,1,-5.117215,-17.711235,11.132053,1.010908,2.778,1.85,-10.685488,0.0,0,1,-10.685488,-10.685488,,,,211.21699999999998,0.4423000000000001,103.78000000000002,4.0,4.0,3.0,1.0,15.0,0.3,0.021290371264111888,0.029291580129966358,0.009122453624002868,0.012924356654666765,0.04840949303030223
CHEMBL1474889,CC(CN(C)C)C(C)(O)Cc1ccc(Cl)cc1,1,4.614661,-19.558952,6.942885,-2.674733,6.4,2.68,-10.67614,0.0,0,1,-10.67614,-10.67614,,,,255.789,2.831200000000001,23.47,1.0,2.0,5.0,1.0,17.0,0.5714285714285714,0.024237465467901436,0.029273755302609932,0.00912286995431088,0.012909159009773914,0.048395811546054025
CHEMBL1439973,CC(C)(O)C(Cl)(Cl)Cl,1,-0.382548,-9.574376,0.452881,-1.162305,0.351,0.35,-10.666348,0.0,0,1,-10.666348,-10.666348,,,,177.458,2.127500000000001,20.23,1.0,1.0,0.0,0.0,8.0,1.0,0.018974372944685455,0.029255099371192427,0.009123303518333598,0.012893259778593864,0.048381487452339555
CHEMBL37744,CN(C)C/C=C(/c1ccc(Br)cc1)c1cccnc1,1,7.776433,-23.574093,9.410345,-4.170775,4.891,2.28,-10.558088,0.0,0,1,-10.558088,-10.558088,,,,317.22999999999996,3.8374000000000024,16.130000000000003,0.0,2.0,4.0,2.0,19.0,0.1875,0.022881626399896184,0.02904989375842221,0.009127925161875642,0.012718851230975553,0.04819941505781175
CHEMBL264374,CC(C)(Oc1ccc(CCNC(=O)c2ccc(Cl)cc2)cc1)C(=O)O,1,-8.707487,-30.679867,33.35199,-4.469515,9.35,2.93,-10.504877,0.0,0,1,-10.504877,-10.504877,,,,361.82500000000005,3.554500000000001,75.63,2.0,3.0,7.0,2.0,25.0,0.2631578947368421,0.020591514313659593,0.02894973724571907,0.009130082514116058,0.012634389425007993,0.04812683500063424
CHEMBL1435,Cc1nnc(SCC2=C(C(=O)O)N3C(=O)[C@@H](NC(=O)Cn4cnnn4)[C@H]3SC2)s1,1,-13.675764,-31.235704,36.627789,-2.220724,5.445,2.4,-10.504404,0.0,0,1,-10.504404,-10.504404,,,,454.5190000000002,-0.6360799999999995,156.08999999999997,2.0,11.0,7.0,4.0,29.0,0.42857142857142855,0.022675014470813853,0.028948849010833236,0.009130101357057479,0.012633641579321814,0.048126202786107304
CHEMBL1075733,CCC(C)C(CC)C(N)=O,1,-1.280154,-10.329659,2.084234,-0.801994,1.975,0.92,-10.327574,0.0,0,1,-10.327574,-10.327574,,,,143.23,1.544,43.09,1.0,1.0,4.0,0.0,10.0,0.875,0.019926363079614023,0.028619321033607655,0.009136739430553101,0.012378156917154581,0.04785407915379172
CHEMBL700,Nc1ccc(S(=O)(=O)Nc2ccccn2)cc1,1,-9.957397,-21.648518,21.979296,-0.623952,0.501,0.37,-10.250571,0.0,0,1,-10.250571,-10.250571,,,,249.29500000000004,1.4646000000000001,85.08,2.0,4.0,3.0,2.0,17.0,0.0,0.021721372554067225,0.028477391702579017,0.009139380942252029,0.012255412645636284,0.047735121211175936
CHEMBL277945,CCN1CCCC1CNC(=O)c1cc(S(=O)(=O)CC)ccc1OC,1,6.564566,-22.001623,7.767173,-2.54537,1.774,1.08,-10.215254,0.0,0,1,-10.215254,-10.215254,,,,354.47200000000015,1.7028999999999999,75.71000000000001,1.0,5.0,7.0,2.0,24.0,0.5882352941176471,0.017045111089482014,0.028412611774990024,0.009140542851322807,0.012206944265093651,0.04769077045598174
CHEMBL152231,COc1ccccc1OCCNCC(O)c1ccc(C)c(S(N)(=O)=O)c1,1,10.586894,-28.354588,8.733402,-1.093924,8.625,2.43,-10.128215,0.0,0,1,-10.128215,-10.128215,,,,380.4660000000001,1.35302,110.88,3.0,6.0,9.0,2.0,26.0,0.3333333333333333,0.023409899796847225,0.028253801729462662,0.009143274947667087,0.012079359427149933,0.047581198962558795
CHEMBL4515137,O=C(CNc1nonc1/C(=N/O)N[C@H]1Cc2ccc(F)cc21)NCCO,1,-11.30549,-29.233763,31.065168,-0.652481,8.099,2.35,-10.126566,0.0,0,1,-10.126566,-10.126566,,,,364.33700000000016,-0.24810000000000076,144.9,5.0,8.0,7.0,3.0,26.0,0.3333333333333333,0.02340659628703609,0.028250804484127798,0.009143324918484085,0.012076914980423736,0.04757912540910027
CHEMBL1455,CN(C)c1nc(N(C)C)nc(N(C)C)n1,1,7.536537,-18.53661,5.710586,-4.660667,2.351,1.15,-9.950153,0.0,0,1,-9.950153,-9.950153,,,,210.285,0.0696000000000001,48.39000000000001,0.0,6.0,3.0,1.0,15.0,0.6666666666666666,0.015999476398541112,0.027932601141242366,0.009148293060421323,0.011809642377429437,0.047299894504381025
CHEMBL267930,O=C(CCCN1CCC2(CC1)C(=O)NCN2c1ccccc1)c1ccc(F)cc1,1,6.353332,-19.299725,7.340643,-4.289968,6.108,1.62,-9.895718,0.0,0,1,-9.895718,-9.895718,,,,395.47800000000007,3.217100000000001,52.650000000000006,1.0,4.0,6.0,4.0,29.0,0.391304347826087,0.018389606325163756,0.02783538601264085,0.00914967723162138,0.011722448569701099,0.047208019654876365
CHEMBL5202550,CC(C)(C)c1nc(-c2cc(Cl)cc(NS(=O)(=O)c3cc(F)ccc3F)c2F)c(-c2ccnc(N)n2)s1,1,-9.992315,-25.660364,29.969404,-4.210817,2.464,0.66,-9.894093,0.0,1,1,-9.894093,-9.894093,,,,554.0190000000002,6.018300000000003,110.86,2.0,7.0,5.0,4.0,36.0,0.17391304347826086,0.01838404020609321,0.02783249092376293,0.009149717489806046,0.011719864349780167,0.04720528082652052
CHEMBL1329455,CCOC(=O)[N-]c1c[n+](N2CCOCC2)no1,1,7.862488,-23.573792,6.520783,-0.694856,2.754,1.15,-9.885377,0.0,0,1,-9.885377,-9.885377,,,,242.23499999999993,0.09200000000000008,82.78000000000002,0.0,6.0,3.0,2.0,17.0,0.6666666666666666,0.022826630155288654,0.027816969457423995,0.009149932375868133,0.011705822784528147,0.047190594379529174
CHEMBL607,CCOC(=O)C1(c2ccccc2)CCN(C)CC1,1,6.61483,-19.436121,6.607428,-3.504263,5.954,4.61,-9.718126,0.0,0,1,-9.718126,-9.718126,,,,247.33799999999994,2.2131,29.54,0.0,3.0,3.0,2.0,18.0,0.5333333333333333,0.022538179112095102,0.027521368298767186,0.009153718153307098,0.011465903620389151,0.046910009012575464
CHEMBL671,S=P(N1CC1)(N1CC1)N1CC1,1,-1.033566,-14.120666,6.374536,-0.934238,1.896,0.66,-9.713934,0.0,0,1,-9.713934,-9.713934,,,,189.22399999999996,0.15770000000000017,9.03,0.0,1.0,3.0,3.0,11.0,1.0,0.015119359168959616,0.027514013680634525,0.00915380489404522,0.0114593967595706,0.04690300638518354
CHEMBL1199080,CC[N+](C)(C)Cc1ccccc1Br,1,5.998377,-15.930639,3.337165,-3.110922,1.183,1.16,-9.706019,0.0,0,1,-9.706019,-9.706019,,,,243.16799999999998,3.0454000000000017,0.0,0.0,0.0,3.0,1.0,13.0,0.45454545454545453,0.017750450429602112,0.02750013448325992,0.0091539675978418,0.011447121231366474,0.04688978857034523
CHEMBL35,NS(=O)(=O)c1cc(C(=O)O)c(NCc2ccco2)cc1Cl,1,-12.44475,-26.266033,30.42874,-1.382021,6.347,2.42,-9.664066,0.0,0,1,-9.664066,-9.664066,,,,330.749,1.8907,122.63000000000001,3.0,5.0,5.0,2.0,21.0,0.08333333333333333,0.017611956772646285,0.027426725638720516,0.009154806656017853,0.011382277798503848,0.04683669082596681
CHEMBL6995,CC(=O)Nc1ccc(OCC(O)CNC(C)C)cc1,1,5.60325,-24.495462,9.850521,-0.514572,7.579,2.09,-9.556263,0.0,0,1,-9.556263,-9.556263,,,,266.34099999999995,1.3826999999999992,70.59,3.0,4.0,7.0,1.0,19.0,0.5,0.014557777593837128,0.027239298777772376,0.009156784480283989,0.011217358212959955,0.04667768298073454
CHEMBL1463,Nc1nc(=O)[nH]cc1F,1,-3.895985,-11.878848,5.41932,0.859835,0.0,0.0,-9.495678,0.0,0,1,-9.495678,-9.495678,,,,129.09399999999997,-0.5088000000000001,71.77,2.0,3.0,0.0,1.0,9.0,0.0,0.022174534419656725,0.027134721870718498,0.009157784977751581,0.011136918786172083,0.046578403840707924
CHEMBL1201319,C[C@H](N)[C@H](O)c1cccc(O)c1,1,5.319419,-15.093245,0.231638,0.137287,0.958,0.6,-9.4049,0.0,0,1,-9.4049,-9.4049,,,,167.20799999999997,0.7728000000000002,66.48,3.0,3.0,2.0,1.0,12.0,0.3333333333333333,0.01403743826775352,0.02697903844443502,0.009159137144328634,0.011014748986497723,0.04642221113550436
CHEMBL360328,C[C@H]1CNCCc2ccc(Cl)cc21,1,7.037267,-17.764194,4.620733,-3.168184,0.0,0.0,-9.274379,0.0,0,1,-9.274379,-9.274379,,,,195.69299999999998,2.589200000000001,12.03,1.0,1.0,0.0,2.0,13.0,0.45454545454545453,0.013603072541022436,0.026757299987455217,0.009160778295619667,0.010840527865123047,0.04623067531929648
CHEMBL4218626,CC(C)(O)CC(=O)NCC1CN(S(=O)(=O)c2ccc(F)cc2)c2ccc(C(O)(C(F)(F)F)C(F)(F)F)cc2S1,1,-4.257003,-31.247814,28.79351,-2.479286,9.362,2.39,-9.190594,0.0,1,1,-9.190594,-9.190594,,,,604.5660000000001,4.084700000000003,106.94000000000001,3.0,6.0,7.0,3.0,39.0,0.43478260869565216,0.01812995220743366,0.026616254726436413,0.00916164733661536,0.010725309186503135,0.04610344671772179
CHEMBL134342,O=C(O)CCCC[C@@H]1CCSS1,1,-9.766292,-13.833497,17.861172,-3.389432,4.688,1.64,-9.128049,0.0,1,1,-9.128049,-9.128049,,,,206.332,2.7851000000000017,37.3,1.0,3.0,5.0,1.0,12.0,0.875,0.017936538762069337,0.026511619211999658,0.009162203826342384,0.010640139753618551,0.0460305145526862
CHEMBL340978,CC(C(=O)O)c1ccc2oc(-c3ccc(Cl)cc3)nc2c1,1,-8.184823,-26.384571,29.002434,-3.537668,0.915,0.86,-9.104628,0.0,0,1,-9.104628,-9.104628,,,,301.729,4.336300000000002,63.33,1.0,3.0,3.0,3.0,21.0,0.125,0.01786461460802455,0.026472579783947823,0.009162392156894638,0.010608430106597413,0.04601906956023243
CHEMBL979,CCCC(C)(COC(N)=O)COC(N)=O,1,-0.972975,-12.990119,3.53399,1.396079,4.143,1.83,-9.033026,0.0,0,1,-9.033026,-9.033026,,,,218.25299999999996,0.9834000000000005,104.63999999999999,2.0,4.0,6.0,0.0,15.0,0.7777777777777778,0.02131029114250339,0.0263537104944561,0.009162900876247606,0.010514146439961607,0.04594293224470734
CHEMBL2105022,C1=Cc2cccc(OCC3CNCCO3)c2C1,1,7.097944,-19.429296,5.850101,-2.526959,5.549,2.92,-9.008209,0.0,0,1,-9.008209,-9.008209,,,,231.29499999999993,1.6231,30.49,1.0,3.0,3.0,3.0,17.0,0.42857142857142855,0.015575502787009641,0.02631267928447176,0.009163053814944585,0.010487137381332076,0.04591332408518757
CHEMBL857,O=C(O)CCCC[C@@H]1SC[C@@H]2NC(=O)N[C@@H]21,1,-23.104553,-16.924665,32.415562,-1.394391,3.347,1.59,-9.00805,0.0,0,1,-9.00805,-9.00805,,,,244.31600000000003,0.7968000000000001,78.43,3.0,3.0,5.0,2.0,16.0,0.8,0.0213509399663363,0.026312416680373672,0.009163054756262692,0.010486964612299211,0.045913134000362156
CHEMBL1096,CC(C)c1ccc2oc3nc(N)c(C(=O)O)cc3c(=O)c2c1,1,-8.980564,-29.625086,31.405621,-1.781564,1.905,1.87,-8.981595,0.0,0,1,-8.981595,-8.981595,,,,298.298,2.745,106.42000000000002,2.0,5.0,2.0,3.0,22.0,0.1875,0.012675070177470688,0.02626877298117993,0.009163204566842309,0.010454136841370395,0.045881535984825646
CHEMBL5279683,NS(=O)(=O)c1nccc(-c2ccc(CO)cc2)c1-c1nn[nH]n1,1,-10.214932,-25.019505,23.802223,2.560685,5.016,2.56,-8.871528,0.0,0,1,-8.871528,-8.871528,,,,332.345,0.0683999999999999,147.74,3.0,7.0,4.0,3.0,23.0,0.07692307692307693,0.021016193996912583,0.02608823983071884,0.009163683907972796,0.010303927095261897,0.04572286900443417
CHEMBL279229,COc1ccccc1N1CCN(CCCNc2cc(=O)n(C)c(=O)n2C)CC1,1,-0.607637,-13.093282,7.336627,-2.496035,5.002,1.7,-8.860326,0.0,0,1,-8.860326,-8.860326,,,,387.48400000000015,0.7168000000000008,71.74000000000001,1.0,6.0,7.0,3.0,28.0,0.5,0.015148282785102508,0.026069960471604883,0.00916371981258648,0.01028867831323075,0.04570898912807524
CHEMBL891,Cc1onc(-c2ccccc2Cl)c1C(=O)N[C@@H]1C(=O)N2[C@@H]1SC(C)(C)[C@@H]2C(=O)O,1,-5.069569,-31.045029,31.043077,-3.736982,7.413,2.73,-8.808502,0.0,0,1,-8.808502,-8.808502,,,,435.8890000000002,2.5487200000000003,112.74,2.0,6.0,4.0,4.0,29.0,0.3684210526315789,0.02102795929931778,0.025985619787357642,0.009163855323659525,0.010218612313790001,0.045663988591126706
CHEMBL364713,COc1ccc2c(c1OC)C(=O)O[C@@H]2[C@H]1c2c(cc3c(c2OC)OCO3)CCN1C,1,5.803999,-24.553761,12.717276,-2.572711,3.786,1.98,-8.605198,0.0,0,1,-8.605198,-8.605198,,,,413.4260000000003,2.881800000000001,75.69000000000001,0.0,8.0,4.0,5.0,30.0,0.4090909090909091,0.011571130028934578,0.025658302370216244,0.009163910068032743,0.009963479850630548,0.045390788177316115
CHEMBL20,CC(=O)Nc1nnc(S(N)(=O)=O)s1,1,-8.356066,-18.943939,15.850213,2.855417,4.931,3.48,-8.594375,0.0,0,1,-8.594375,-8.594375,,,,222.251,-0.8561000000000003,115.03999999999999,2.0,6.0,2.0,1.0,13.0,0.25,0.016363760620480217,0.02564103461931432,0.009163892072793075,0.009950073319588571,0.04537846893866957
CHEMBL279085,C=CCN1CCc2nc(N)sc2CC1,1,3.936091,-18.501608,7.741333,-1.741489,0.241,0.22,-8.565673,0.0,0,1,-8.565673,-8.565673,,,,209.31799999999996,1.3119,42.150000000000006,1.0,4.0,2.0,2.0,14.0,0.5,0.020641087944743165,0.025595317820975065,0.009163834290069768,0.009914611563186801,0.04534472667407121
CHEMBL185,O=c1[nH]cc(F)c(=O)[nH]1,1,-3.529983,-10.584409,5.227385,0.423276,0.0,0.0,-8.463731,0.0,0,1,-8.463731,-8.463731,,,,130.078,-0.7977000000000001,65.72,2.0,2.0,0.0,1.0,9.0,0.0,0.020480669289080784,0.025433835612483826,0.009163512136710497,0.009789775281621357,0.045216812753715696
CHEMBL51934,Nc1c2c(nc3ccccc13)CCCC2O,1,7.039576,-17.297716,2.983222,-1.169567,0.0,0.0,-8.444486,0.0,0,1,-8.444486,-8.444486,,,,214.26799999999994,2.1867000000000005,59.14,2.0,3.0,0.0,3.0,16.0,0.3076923076923077,0.015946121500509634,0.02540350580842394,0.009163431061611337,0.009766405742337027,0.04518769641787315
CHEMBL245416,N[C@@H](Cn1ccc(=O)c(O)c1)C(=O)O,1,-4.101097,-16.12471,12.291336,-0.506269,5.269,2.49,-8.440741,0.0,0,1,-8.440741,-8.440741,,,,198.17799999999997,-1.0342000000000002,105.55,3.0,4.0,3.0,1.0,14.0,0.25,0.015935817580918724,0.02539760946411104,0.009163414543542327,0.0097618649428499,0.04518202060459075
CHEMBL434,CC(C)NCC(O)c1ccc(O)c(O)c1,1,6.400219,-16.80909,1.599754,0.41861,2.778,1.5,-8.390507,0.0,0,1,-8.390507,-8.390507,,,,211.261,1.1291999999999998,72.72,4.0,4.0,4.0,1.0,15.0,0.45454545454545453,0.01579821535336479,0.025318697687036602,0.009163169755630288,0.00970076484013816,0.04511999124186636
CHEMBL4591417,Cc1cc(Nc2nccc(-c3sc(C4CCNCC4)nc3-c3ccc(F)cc3)n2)ccn1,1,4.494174,-33.72678,26.232311,-5.376213,3.331,1.35,-8.376507,0.0,0,1,-8.376507,-8.376507,,,,446.5550000000001,5.320220000000004,75.62,2.0,7.0,5.0,5.0,32.0,0.25,0.010946298442352472,0.025296764722597773,0.009163093870718888,0.009684636765194234,0.045106197075987536
CHEMBL341812,CC(C)Cc1ccc(CC(=O)O)cc1,1,-14.634671,-17.137602,27.221113,-3.769193,1.499,1.04,-8.320354,0.0,0,1,-8.320354,-8.320354,,,,192.25799999999998,2.5122,37.3,1.0,1.0,4.0,1.0,14.0,0.4166666666666667,0.020257022653154644,0.025209052387733622,0.009162756220350654,0.009611125885266362,0.04502651771238992
CHEMBL2110732,COc1cc2ncnc(Nc3ccc(F)c(Cl)c3)c2cc1NC(=O)/C=C/CN1CCCCC1,1,9.064699,-25.694706,14.475957,-6.150713,2.954,0.87,-8.304763,0.0,0,1,-8.304763,-8.304763,,,,469.9480000000004,5.1551000000000045,79.38000000000001,2.0,6.0,7.0,4.0,33.0,0.2916666666666667,0.02023284146563577,0.025184772270016698,0.00916265307892149,0.009590543996985654,0.04500303690405841
CHEMBL770,c1ccc(CC2=NCCN2)cc1,1,6.100199,-15.99619,3.900494,-2.218711,2.461,1.64,-8.214209,0.0,0,1,-8.214209,-8.214209,,,,160.22000000000003,1.2308,24.39,1.0,2.0,2.0,2.0,12.0,0.3,0.010522777036540636,0.025044378437056154,0.00916197425590484,0.009475191646048918,0.04486702082582091
CHEMBL1029,CCCCN1C[C@H](O)[C@@H](O)[C@H](O)[C@H]1CO,1,0.969908,-14.020096,2.714994,2.138479,3.115,1.59,-8.196715,0.0,0,1,-8.196715,-8.196715,,,,219.28099999999998,-1.4542999999999995,84.16000000000001,4.0,5.0,4.0,1.0,15.0,1.0,0.02006600421579687,0.02501737882854237,0.009161827568144309,0.009453127639243372,0.04485170835058401
CHEMBL41286,CC(=O)Oc1cccc2c1C(=O)c1c(OC(C)=O)cc(C(=O)O)cc1C2=O,1,-4.463855,-32.239349,33.462708,-4.752493,4.182,4.13,-7.99299,0.0,0,1,-7.99299,-7.99299,,,,368.2970000000001,2.0107999999999997,124.04000000000002,1.0,7.0,3.0,3.0,27.0,0.10526315789473684,0.019754936095642817,0.024705857166931876,0.009159756926378578,0.009207368070857215,0.04456475610801273
CHEMBL887,C#CCN[C@@H]1CCc2ccccc21,1,7.446577,-13.764925,1.585704,-2.881363,0.128,0.12,-7.614008,0.0,0,1,-7.614008,-7.614008,,,,171.243,1.8967,12.03,1.0,1.0,2.0,2.0,13.0,0.3333333333333333,0.0191882777788991,0.02414028155458159,0.009154205177156238,0.008751653071606984,0.04410778309968426
CHEMBL558,Cc1cccc(C)c1OCC(C)N,1,5.326705,-14.468966,3.66084,-2.107031,4.748,2.09,-7.58845,0.0,0,1,-7.58845,-7.58845,,,,179.26299999999998,2.0294399999999997,35.25,1.0,2.0,3.0,1.0,13.0,0.45454545454545453,0.018812688558614264,0.0241027796349182,0.00915375470612241,0.00872172061715705,0.044067290436925984
CHEMBL301265,CCCN[C@H]1CCc2nc(N)sc2C1,1,7.257845,-16.204626,2.832446,-1.375471,2.768,1.59,-7.489807,0.0,0,1,-7.489807,-7.489807,,,,211.33399999999997,1.5822,50.94,2.0,4.0,3.0,2.0,14.0,0.7,0.00881831696936247,0.02395878387679679,0.009151929286960916,0.008607162131684713,0.04397491307211037
CHEMBL109037,NC(Cc1cc(O)c(O)cc1O)C(=O)O,1,-1.693202,-16.683588,9.586468,1.548791,2.94,1.75,-7.24153,0.0,0,1,-7.24153,-7.24153,,,,213.18899999999996,-0.24220000000000003,124.01,5.0,5.0,3.0,1.0,15.0,0.2222222222222222,0.018646265639086484,0.023601537029450385,0.009146741547426012,0.008346496487669792,0.043661164970666105
CHEMBL24441,CNCCc1ccccn1,1,6.040643,-14.958825,3.593,-1.775503,1.033,1.02,-7.100686,0.0,0,1,-7.100686,-7.100686,,,,136.19799999999995,0.8434999999999999,24.92,1.0,2.0,3.0,1.0,10.0,0.375,0.018445098564959322,0.02340212015740639,0.009143434879853373,0.008193242768181957,0.04349055913890858
CHEMBL1200368,O=C(O)c1ccc(NC(=O)[C@H](Cc2ccc(O)cc2)NC(=O)c2ccccc2)cc1,1,-7.872956,-32.759388,37.520828,-3.977193,3.718,1.05,-7.088708,0.0,0,1,-7.088708,-7.088708,,,,404.4220000000001,3.0702000000000016,115.73000000000002,4.0,4.0,7.0,3.0,30.0,0.08695652173913043,0.010827702504187138,0.023385267817273646,0.009143141887891774,0.008180344277711804,0.04347463296590626
CHEMBL3094381,O=C(O)c1ccc(N(CC(F)(F)F)S(=O)(=O)c2ccccc2)cc1,1,-11.273006,-23.284744,30.226665,-2.4874,3.427,1.16,-6.818485,0.0,0,1,-6.818485,-6.818485,,,,359.32500000000005,3.142400000000002,74.68,1.0,3.0,5.0,2.0,24.0,0.13333333333333333,0.01804817306932376,0.023009475410703195,0.009136057171615586,0.007912918195236431,0.0431188817061585
CHEMBL405,CC(N)Cc1ccccc1,1,7.272046,-12.791947,0.959603,-2.194906,0.353,0.34,-6.755205,0.0,0,1,-6.755205,-6.755205,,,,135.20999999999998,1.5763,26.02,1.0,1.0,2.0,1.0,10.0,0.3333333333333333,0.0175013382191674,0.02292267646097158,0.009134270192862434,0.007845285857632953,0.043035572180033795
CHEMBL1289110,CN1c2ccccc2C(NCCCCCCC(=O)O)c2ccc(Cl)cc2S1(=O)=O,1,-1.749405,-28.298811,28.194016,-4.819977,9.248,1.62,-6.674178,0.0,0,1,-6.674178,-6.674178,,,,436.96100000000007,4.192600000000003,86.71000000000001,2.0,4.0,8.0,3.0,29.0,0.38095238095238093,0.01784832848300918,0.02281219224246792,0.009131913479719827,0.007759534817114405,0.04292963342228964
CHEMBL2103827,N[C@H](C(=O)O)[C@H](O)c1ccc(O)c(O)c1,1,-8.212809,-14.788055,14.621624,1.711675,2.96,1.83,-6.667565,0.0,1,1,-6.667565,-6.667565,,,,213.189,-0.4569000000000002,124.01000000000002,5.0,5.0,3.0,1.0,15.0,0.2222222222222222,0.00720829889826751,0.022803207538463276,0.00913171777887763,0.007752578054592132,0.042921004765314213
CHEMBL499,CC(C)(C)NC[C@H](O)COc1nsnc1N1CCOCC1,1,6.947683,-18.112888,4.051719,0.548555,12.518,3.7,-6.564931,0.0,0,1,-6.564931,-6.564931,,,,316.4270000000002,0.5024999999999997,79.74,2.0,8.0,6.0,2.0,21.0,0.8461538461538461,0.01150142626416429,0.0226643883830776,0.00912861650560977,0.007645410335550496,0.042787425364593366
CHEMBL1314,CC(S)C(=O)NCC(=O)O,1,-11.22714,-12.190936,17.652914,-0.68489,1.508,1.03,-6.450051,0.0,0,1,-6.450051,-6.450051,,,,163.198,-0.49450000000000044,66.4,3.0,3.0,3.0,0.0,10.0,0.6,0.009583613510894127,0.022510385909910953,0.009125005133576636,0.0075272237270715865,0.04264596801816534
CHEMBL3190223,CCc1cc(/C(Cc2ccc3ccccc3n2)=N\O)c(O)cc1O,1,-11.142051,-20.000755,27.328636,-2.510952,7.004,2.56,-6.325122,0.0,0,1,-6.325122,-6.325122,,,,322.3640000000001,3.6294000000000017,85.94000000000001,3.0,5.0,4.0,3.0,24.0,0.15789473684210525,0.016859047592744317,0.022344548948981323,0.009120914522973811,0.007400785852773644,0.04247523830124681
CHEMBL455,CC(=O)NS(=O)(=O)c1ccc(N)cc1,1,-9.039107,-19.130362,21.34754,0.646714,0.408,0.37,-6.175214,0.0,0,1,-6.175214,-6.175214,,,,214.246,0.0935999999999998,89.26,2.0,4.0,2.0,1.0,14.0,0.125,0.009091973911113065,0.02214777655546362,0.00911578842587431,0.00725784218031065,0.04227170966271106
CHEMBL19299,CC(C(=O)O)c1ccc(CC2CCCC2=O)cc1,1,-11.300671,-19.376392,27.700275,-3.18129,2.523,1.61,-6.158077,0.0,0,1,-6.158077,-6.158077,,,,246.30599999999993,2.7864000000000013,54.37,1.0,2.0,4.0,2.0,18.0,0.4666666666666667,0.00906214396746614,0.022125435184974507,0.009115187668915208,0.007242633100893632,0.04224849912894122
CHEMBL2105420,O=S1(=O)CCN(CN2CCS(=O)(=O)NC2)CN1,1,1.012924,-19.982634,9.454869,3.530138,1.386,0.82,-5.984702,0.0,0,1,-5.984702,-5.984702,,,,284.363,-2.6710999999999965,98.82000000000001,2.0,6.0,2.0,2.0,17.0,1.0,0.016922033347890317,0.021901154036021015,0.00910894428224138,0.007086729312621965,0.04201324047795697
CHEMBL1076903,c1cnc2cc3c(cc2n1)[C@@H]1CNC[C@H]3C1,1,7.614792,-19.565985,7.556822,-1.42242,0.0,0.0,-5.816791,0.0,0,1,-5.816791,-5.816791,,,,211.26799999999994,1.8038999999999998,37.81,1.0,3.0,0.0,4.0,16.0,0.38461538461538464,0.005845642016772154,0.02168693686461174,0.009102618972008284,0.006945977177937425,0.04179637623587707
CHEMBL701,NCC(CC(=O)O)c1ccc(Cl)cc1,1,-3.698205,-15.906765,16.077766,-2.218714,5.006,1.85,-5.745918,0.0,0,1,-5.745918,-5.745918,,,,213.664,1.857,63.32000000000001,2.0,2.0,4.0,1.0,14.0,0.3,0.008372721993467083,0.021597391766341976,0.00909986967682702,0.006886829539484246,0.041713832694009155
CHEMBL1447,smilestoolong,1,10.539492,-23.935488,7.785908,0.012328,5.401,1.94,-5.59776,0.0,0,1,-5.59776,-5.59776,,,,,,,,,,,,,0.015823729166481955,0.02141185404622054,0.009093974959674093,0.006758778053738492,0.041546144007422875
CHEMBL1697744,O=C(O)CSCC(=O)NC1CCSC1=O,1,-9.48264,-17.836956,23.429565,-1.540864,5.142,1.71,-5.430894,0.0,0,1,-5.430894,-5.430894,,,,249.313,-0.047499999999999876,83.47,2.0,5.0,5.0,1.0,15.0,0.625,0.016211172322747384,0.021205534679744908,0.009087105024185945,0.006606792155742898,0.041369442111355806
CHEMBL1189679,O=C1c2cccc3c2[C@H](CCC3)CN1[C@@H]1CN2CCC1CC2,1,7.195714,-21.93541,13.49921,-3.921583,0.969,0.96,-5.162068,0.0,0,1,-5.162068,-5.162068,,,,296.414,2.656500000000001,23.550000000000004,0.0,2.0,1.0,6.0,22.0,0.631578947368421,0.015233008352281975,0.020878936513786563,0.009075548721015018,0.006385564078410952,0.04106956648923413
CHEMBL259209,CCN(CC)C(=O)C1(c2ccccc2)CC1CN,1,5.108375,-18.939289,10.881862,-2.13288,4.269,2.31,-5.081933,0.0,0,1,-5.081933,-5.081933,,,,246.35399999999998,1.7713999999999999,46.33,1.0,2.0,5.0,2.0,18.0,0.5333333333333333,0.0048747709851028566,0.020782939682047006,0.009071992506062219,0.006324839802119902,0.04095341137313478
CHEMBL1488165,O=C1CC[C@@H](C(=O)N2CSC[C@H]2C(=O)O)N1,1,-9.674253,-18.719597,24.414667,-0.889668,3.09,1.92,-4.868852,0.0,0,1,-4.868852,-4.868852,,,,244.272,-0.7488999999999997,86.71000000000001,2.0,4.0,2.0,2.0,16.0,0.6666666666666666,0.004624250019011522,0.020530665981552117,0.009062300115743473,0.006158759096862906,0.04069077012529034
CHEMBL1393674,Cc1cc(C)n2cc(-c3ccc(Cl)cc3)c(C(=O)O)c2n1,1,-8.205874,-22.487091,30.492586,-3.993927,2.423,2.4,-4.194308,0.0,0,1,-4.194308,-4.194308,,,,300.74500000000006,3.9697400000000025,54.6,1.0,2.0,2.0,3.0,21.0,0.125,0.007576451776220075,0.01975979687497909,0.009029548335027702,0.005646275220720612,0.040015209505198615
CHEMBL1169,Nc1ccc(C(=O)O)c(O)c1,1,-9.499082,-14.519711,20.100147,-0.198594,1.87,1.87,-4.117238,0.0,0,1,-4.117238,-4.117238,,,,153.137,0.6726000000000001,83.55000000000001,3.0,3.0,1.0,1.0,11.0,0.0,0.013901332550494444,0.01967432559259494,0.009025624195889079,0.005588607541050749,0.03994191374932075
CHEMBL940,NCC1(CC(=O)O)CCCCC1,1,-3.417223,-11.676297,12.532043,-1.41859,3.658,1.85,-3.980068,0.0,0,1,-3.980068,-3.980068,,,,171.23999999999992,1.3702999999999994,63.32000000000001,2.0,2.0,3.0,1.0,12.0,0.8888888888888888,0.013735040897381126,0.019523487801162916,0.009018555657208703,0.005507259759092084,0.03982132534941153
CHEMBL600,CC(=O)N[C@@H](CS)C(=O)O,1,-11.27535,-10.778318,19.057365,-0.780102,3.422,1.83,-3.776405,0.0,0,1,-3.776405,-3.776405,,,,163.198,-0.4945,66.4,3.0,3.0,3.0,0.0,10.0,0.6,0.0070356493539149335,0.019302527401338757,0.009007870039710576,0.005384390121280946,0.03965489697523281
CHEMBL521686,O=C(c1cc(Cc2n[nH]c(=O)c3ccccc23)ccc1F)N1CCN(C(=O)C2CC2)CC1,1,0.479515,-11.297468,11.158151,-4.045982,4.421,1.78,-3.705785,0.0,0,1,-3.705785,-3.705785,,,,434.47100000000034,2.3474000000000004,86.37,1.0,4.0,4.0,5.0,32.0,0.3333333333333333,0.006948070241238421,0.01922673488063799,0.009004113919208523,0.005333933539408424,0.0395853813540624
CHEMBL817,Cc1ccc(S(=O)(=O)NC(=O)NN2CCCCCC2)cc1,1,-4.596058,-23.875587,26.157534,-1.282249,1.31,0.91,-3.596361,0.0,0,1,-3.596361,-3.596361,,,,311.4070000000001,1.7739199999999995,78.50999999999999,2.0,4.0,3.0,2.0,21.0,0.5,0.006814472783457682,0.019110125693330732,0.008998244272602587,0.005256743121192021,0.039460624584095084
CHEMBL44884,CC[C@@H](CO)NCCN[C@@H](CC)CO,1,4.350892,-14.121963,4.673703,1.520804,5.612,1.59,-3.576564,0.0,0,1,-3.576564,-3.576564,,,,204.314,-0.292599999999999,64.52,4.0,4.0,9.0,0.0,14.0,1.0,0.0033554280954612398,0.0190891357947451,0.008997176033221024,0.005242905731316264,0.03943931199268875
CHEMBL85,Cc1nc2n(c(=O)c1CCN1CCC(c3noc4cc(F)ccc34)CC1)CCCC2,1,5.922917,-9.845844,6.396919,-5.102148,4.282,1.59,-2.628156,0.0,0,1,-2.628156,-2.628156,,,,410.4930000000003,3.5904200000000026,64.16,0.0,5.0,4.0,5.0,30.0,0.5217391304347826,0.005737007953458515,0.01812075369749151,0.008943999432730285,0.004631036663606959,0.03857436750210147
CHEMBL836,CCOc1ccccc1OCCN[C@H](C)Cc1ccc(OC)c(S(N)(=O)=O)c1,1,10.430023,-21.338507,9.927037,-1.624618,9.198,2.42,-2.606064,0.0,0,1,-2.606064,-2.606064,,,,408.5200000000001,2.3409000000000004,99.88,2.0,6.0,11.0,2.0,28.0,0.4,0.005714486049473794,0.018099038327957048,0.008942719382834651,0.004617501758232806,0.03855487929595833
CHEMBL1201323,NCCc1cc[nH]n1,1,6.809953,-11.442616,2.614303,-0.585857,0.529,0.52,-2.604216,0.0,0,1,-2.604216,-2.604216,,,,111.14799999999998,-0.08910000000000035,54.7,2.0,2.0,2.0,1.0,8.0,0.4,0.004560008213914739,0.018097223518942086,0.008942612231447029,0.004616371372605759,0.03855325004457012
CHEMBL1730,CO/N=C(\C(=O)N[C@@H]1C(=O)N2C(C(=O)O)=C(COC(C)=O)CS[C@H]12)c1csc(N)n1,1,-7.572032,-26.770182,34.647472,-2.889001,8.341,2.64,-2.583741,0.0,0,1,-2.583741,-2.583741,,,,455.47400000000016,-0.6224999999999987,173.51,3.0,11.0,7.0,3.0,30.0,0.375,0.002620699044185564,0.01807713365237216,0.008941424272937232,0.004605177924129083,0.03854861729583004
CHEMBL95889,C[N+](C)(C)CC(=O)O,1,-3.836051,-8.096123,11.470064,-1.637709,1.791,1.78,-2.09982,0.0,0,1,-2.09982,-2.09982,,,,118.15599999999998,-0.22280000000000016,37.3,1.0,1.0,2.0,0.0,8.0,0.8,0.011640084390847622,0.01761146128320935,0.0089129640100646,0.0043554094120843755,0.03822111116267772
CHEMBL660,NC12CC3CC(CC(C3)C1)C2,1,6.298835,-9.178725,2.906907,-1.395451,0.0,0.0,-1.368434,0.0,0,1,-1.368434,-1.368434,,,,151.253,1.9139,26.02,1.0,1.0,0.0,4.0,11.0,1.0,0.0019353269836474357,0.016939738801174282,0.008868789954572728,0.003954331880576503,0.037676910517930415
CHEMBL1566956,COc1cc(C(=O)NC2CCCNC2)cc(OC)c1OC,1,10.907957,-25.707134,15.446333,-1.498832,3.597,1.03,-0.851677,0.0,0,1,-0.851677,-0.851677,,,,294.351,1.1941999999999997,68.82000000000001,2.0,5.0,5.0,2.0,21.0,0.5333333333333333,0.011331569900826045,0.016487228278414572,0.008836959355557818,0.003708975243509712,0.03721346135587469
CHEMBL1720065,CCCCCCCCCC(CC)c1ccc(S(=O)(=O)[O-])cc1,1,-9.64672,-15.718721,28.001657,-3.149798,2.385,1.62,-0.513581,0.0,0,1,-0.513581,-0.513581,,,,325.4940000000001,5.225000000000005,57.2,0.0,3.0,11.0,1.0,22.0,0.6666666666666666,0.0015631439749278942,0.0162006032736993,0.008815939256977576,0.0035567178299337767,0.037001097071148736
CHEMBL117785,COc1cc2c(cc1OC)C1CC(=O)C(CC(C)C)CN1CC2,1,7.562323,-15.114408,10.66845,-3.4736,2.355,0.8,-0.357235,0.0,0,1,-0.357235,-0.357235,,,,317.4290000000001,3.238100000000002,38.77,0.0,4.0,4.0,3.0,23.0,0.631578947368421,0.002942615051264245,0.01607050766822926,0.008806180040357686,0.0034884799131323693,0.03684055941930366
CHEMBL1757,C[C@@H]1O[C@@H]1P(=O)(O)O,1,-8.361074,-6.671704,13.84628,0.910013,2.139,2.13,-0.276486,0.0,0,1,-0.276486,-0.276486,,,,138.059,-0.09110000000000007,70.06,2.0,2.0,1.0,1.0,8.0,1.0,0.0014731803148324528,0.016003912472483183,0.008801131771015354,0.0034537610371595984,0.036760375931256355
CHEMBL397420,CC(=O)CC(c1ccc([N+](=O)[O-])cc1)c1c(O)c2ccccc2oc1=O,1,-6.836349,-9.708593,21.271685,-4.659053,4.989,1.95,0.067688,0.0,1,1,0.067688,0.067688,,,,353.33000000000004,3.517800000000003,110.65,1.0,6.0,5.0,3.0,26.0,0.15789473684210525,0.002708097703954432,0.01572454142015967,0.008779567665694318,0.0033039642637614614,0.03653388854998928
CHEMBL1059,CC(C)C[C@H](CN)CC(=O)O,1,-0.221991,-9.894868,11.935086,-1.511599,5.834,1.85,0.306628,0.0,0,1,0.306628,0.306628,,,,159.229,1.0821,63.32000000000001,2.0,2.0,5.0,0.0,11.0,0.875,0.010342068736878965,0.01553477123455109,0.008764565869009372,0.0032013132055423023,0.03633291374876444
CHEMBL777,O=C(O)[C@H]1/C(=C/CO)O[C@@H]2CC(=O)N21,1,-9.707317,-11.799505,20.884995,1.298996,1.106,0.77,0.677168,0.0,0,1,0.677168,0.677168,,,,199.16199999999998,-1.0956,87.07000000000001,2.0,4.0,2.0,2.0,14.0,0.5,0.002403737291902048,0.01524707057461666,0.008741281672788153,0.003047552025538784,0.036070321879053215
CHEMBL339323,CC(=N)N1CC[C@H](SC2=C(C(=O)O)N3C(=O)[C@H]([C@@H](C)O)[C@H]3C2)C1,1,-0.513075,-25.359833,28.430271,-0.330524,8.544,3.5,2.226839,0.0,0,1,2.226839,2.226839,,,,339.4170000000001,0.6987700000000001,104.92999999999999,3.0,5.0,4.0,3.0,23.0,0.6666666666666666,0.002405144679900707,0.014125385509085635,0.008644453869755219,0.0025254797044724432,0.03506507546750221
CHEMBL89598,C=CC(N)CCC(=O)O,1,-2.655221,-9.837461,16.293743,-1.372701,4.585,1.59,2.428361,0.0,0,1,2.428361,2.428361,,,,129.159,0.36450000000000005,63.32000000000001,2.0,2.0,4.0,0.0,9.0,0.5,0.008742267197695454,0.013988609695977119,0.008632012828194764,0.0024652751738091787,0.034942573756584556
CHEMBL877,NC[C@H]1CC[C@H](C(=O)O)CC1,1,-14.817803,-11.278775,30.625027,-1.50037,1.271,0.92,3.028079,0.0,0,1,3.028079,3.028079,,,,157.21299999999997,0.8361000000000001,63.32000000000001,2.0,2.0,2.0,1.0,11.0,0.875,0.0006440325438002663,0.013593132890538075,0.008595307535467249,0.0022948279352730957,0.034578449579653704
CHEMBL830,NCCCC(N)(C(=O)O)C(F)F,1,2.195075,-9.12989,10.415398,-0.32947,4.175,2.68,3.151113,0.0,0,1,3.151113,3.151113,,,,182.17,-0.22749999999999942,89.34,3.0,3.0,5.0,0.0,12.0,0.8333333333333334,0.007299700289686358,0.013514083027669505,0.008587843621542753,0.0022614095196949137,0.03447571920738957
CHEMBL349803,NS(=O)(=O)c1cc(C(=O)O)cc(N2CCCC2)c1Oc1ccccc1,1,-9.94329,-16.772013,32.241009,-2.088805,2.041,1.16,3.436902,0.0,0,1,3.436902,3.436902,,,,362.40700000000004,2.4247000000000005,109.93,2.0,5.0,5.0,3.0,25.0,0.23529411764705882,0.0005812996073642779,0.013333122081167685,0.008570603144461553,0.002185731456376415,0.03439049627196207
CHEMBL959,CC(N)C12CC3CC(CC(C3)C1)C2,1,8.266331,-8.060607,5.744992,-1.690725,0.351,0.35,4.259991,0.0,0,1,4.259991,4.259991,,,,179.30699999999996,2.5500000000000007,26.02,1.0,1.0,1.0,4.0,13.0,1.0,0.00661022022009214,0.012832011550684178,0.008521794649301457,0.0019771953552324396,0.033922606089202806
CHEMBL2103870,Cc1ccc(NC(=O)C2(c3ccc4c(c3)OC(F)(F)O4)CC2)nc1-c1cccc(C(=O)O)c1,1,-6.676734,-18.292675,35.474571,-5.768078,2.212,0.9,4.737083,0.0,1,1,4.737083,4.737083,,,,452.41300000000024,4.747020000000004,97.75000000000001,2.0,5.0,5.0,5.0,33.0,0.20833333333333334,0.00041956922331645285,0.012554593086425602,0.008494148001338301,0.001863621370086699,0.03365042881502472
CHEMBL4301645,c1ccc([C@@H]2C[C@H]2NC2CCNCC2)cc1,1,14.802831,-18.128483,11.172611,-3.091844,3.448,1.84,4.755115,0.0,0,1,4.755115,4.755115,,,,216.32799999999995,1.8840999999999999,24.06,2.0,2.0,3.0,3.0,16.0,0.5714285714285714,0.007264546714563427,0.012544288758844217,0.008493113131046856,0.0018597846053768955,0.033648690477694025
CHEMBL3786182,O=C(O)c1ccc(CN2CCC(CN[C@@H]3C[C@H]3c3ccccc3)CC2)cc1,1,4.129598,-30.515831,38.82877,-6.421741,4.499,2.54,6.020796,0.0,0,1,6.020796,6.020796,,,,364.4890000000001,3.7425000000000033,52.57,2.0,3.0,7.0,4.0,27.0,0.43478260869565216,0.005644505390817004,0.01185237294215504,0.00842247028270952,0.0015802928251967296,0.03307333901947297
CHEMBL601,NCC(=O)CCC(=O)O,1,-1.802433,-8.683202,17.613274,-0.616022,5.655,1.59,6.511617,0.0,0,1,6.511617,6.511617,,,,131.131,-0.6210000000000004,80.39,2.0,3.0,4.0,0.0,9.0,0.6,0.0007648132263010119,0.011599897512171168,0.008396213777865556,0.00148455435146176,0.03289462415396069
CHEMBL1614658,NC(=O)OC[C@@H]1[C@H](NC(=O)/C(=N\OCC(=O)O)c2csc(N)n2)C(=O)N1S(=O)(=O)O,1,-16.033323,-33.051212,56.003021,3.055461,21.993999,4.05,9.973948,0.0,0,1,9.973948,9.973948,,,,466.41000000000014,-2.8756999999999975,253.9,5.0,12.0,9.0,2.0,30.0,0.3333333333333333,0.0005944726160484656,0.010037660235712526,0.008231914596419962,0.0009711733696549032,0.031668598606077514
CHEMBL1466,O=c1oc2ccccc2c(O)c1Cc1c(O)c2ccccc2oc1=O,1,-15.049818,-26.520172,56.778824,-4.054439,1.813,0.91,11.154393,0.0,0,1,11.154393,11.154393,,,,336.29900000000004,2.9014000000000006,100.88,2.0,6.0,2.0,4.0,25.0,0.05263157894736842,8.381889674762807e-05,0.009581504839150467,0.008185061493568162,0.0008402412440745946,0.03132717190656558
CHEMBL3707366,C[C@H](N)C(=O)N[C@@H](CCC(N)=O)C(=O)O,1,1.295254,-18.456556,28.787136,1.244257,6.537,1.59,12.87009,0.0,0,1,12.87009,12.87009,,,,217.22499999999997,-1.8314999999999984,135.51,4.0,4.0,6.0,0.0,15.0,0.625,0.0037885345814209852,0.008977169024714002,0.008125847502713703,0.00068156688129583,0.030961758380348096
CHEMBL4303665,C/C(=C(\CCOP(=O)(O)O)SC(=O)c1ccccc1)N(C=O)Cc1cnc(C)nc1N,1,-20.347748,-37.027245,74.427383,-3.358269,11.556,3.51,13.694122,0.0,0,1,13.694122,13.694122,,,,466.45600000000024,2.630119999999999,155.94000000000003,3.0,8.0,10.0,2.0,31.0,0.2631578947368421,0.00018596550462936495,0.008709386162322735,0.00810123014122637,0.0006145147845396116,0.030760314173939228
CHEMBL503160,O=C(O)/C=C/C(=O)O,1,-19.25581,-8.629364,44.285595,-1.320217,0.028,0.02,15.080204,0.0,0,1,15.080204,15.080204,,,,116.07199999999999,-0.28819999999999985,74.6,2.0,2.0,2.0,0.0,8.0,0.0,0.00023602992161371236,0.008288774505447035,0.008065492239715743,0.0005183819637048751,0.03035322226017219
CHEMBL1016,CCOc1nc2cccc(C(=O)O)c2n1Cc1ccc(-c2ccccc2-c2nnn[nH]2)cc1,1,-9.094258,-37.201393,66.675941,-4.491223,8.886,2.65,15.889069,0.0,0,1,15.889069,15.889069,,,,440.4630000000001,4.028600000000002,118.81,2.0,6.0,7.0,5.0,33.0,0.125,0.002314719353724674,0.008059367039047517,0.008047939876624985,0.0004692354943791283,0.030220214540552404
CHEMBL1605,Nc1nc(/C(=C/CC(=O)O)C(=O)N[C@@H]2C(=O)N3C(C(=O)O)=CCS[C@H]23)cs1,1,-16.762745,-26.410357,67.655739,-2.370374,9.394,2.73,22.112261,0.0,0,1,22.112261,22.112261,,,,410.4330000000001,-0.0481999999999998,162.92,4.0,8.0,6.0,3.0,27.0,0.26666666666666666,0.0013150019389763607,0.0066196861994465535,0.00799388924731794,0.0002204272086092641,0.029458090553848872
CHEMBL1096882,Nc1nc(F)nc2c1ncn2[C@@H]1O[C@H](COP(=O)(O)O)[C@@H](O)[C@@H]1O,1,-44.394608,-25.921665,93.120995,1.939509,5.587,2.04,24.744234,0.0,0,1,24.744234,24.744234,,,,365.21400000000006,-1.7239000000000007,186.07,5.0,9.0,4.0,3.0,24.0,0.5,4.103083896677122e-05,0.006149811250233928,0.008013137794038179,0.00015882659880468432,0.02943368849987087
CHEMBL428,N[C@@H]1[C@H]2CN(c3nc4c(cc3F)c(=O)c(C(=O)O)cn4-c3ccc(F)cc3F)C[C@@H]12,1,4.236793,-31.132858,56.190701,-4.038398,2.271,1.17,25.256237,0.0,0,1,25.256237,25.256237,,,,416.3590000000001,1.8944999999999996,101.44999999999999,2.0,5.0,3.0,5.0,30.0,0.25,1.904778364472534e-05,0.006066144190536221,0.00801969024529561,0.00014921100058077545,0.029357165213893532
CHEMBL1006,NCCCNCCSP(=O)(O)O,1,-4.523494,-11.870111,43.49474,-0.623178,4.818,1.62,26.477957,0.0,0,1,26.477957,26.477957,,,,214.22699999999998,-0.2492999999999997,95.58,4.0,4.0,7.0,0.0,12.0,1.0,1.4971358216288285e-05,0.005875764420314955,0.008038945432473292,0.00012851728634764617,0.02919515954501911
CHEMBL225071,Cc1nc(=O)c2cc(CN(C)c3ccc(C(=O)N[C@@H](CCC(=O)O)C(=O)O)s3)ccc2[nH]1,1,-20.928774,-28.515238,79.453979,-3.489843,9.892,3.2,26.520124,0.0,0,1,26.520124,26.520124,,,,458.4960000000002,1.9772199999999995,152.69,4.0,7.0,9.0,3.0,32.0,0.2857142857142857,1.4847438878089205e-05,0.0058694179980330295,0.008039700294343116,0.00012788334528143872,0.02920174595042282
CHEMBL577,C[C@H](N[C@@H](CCc1ccccc1)C(=O)O)C(=O)N1CCC[C@H]1C(=O)O,1,-13.221513,-26.495165,71.355202,-3.854072,5.682,1.51,27.784451,0.0,0,1,27.784451,27.784451,,,,348.39900000000017,1.1261000000000003,106.94000000000001,3.0,4.0,8.0,2.0,25.0,0.5,2.365975972522026e-05,0.005685724582931875,0.008065095700376047,0.00010977647756301889,0.02914972622419225
CHEMBL9,CCn1cc(C(=O)O)c(=O)c2cc(F)c(N3CCNCC3)cc21,1,1.732359,-25.568695,55.289261,-2.959506,5.579,4.36,28.493418,0.0,0,1,28.493418,28.493418,,,,319.336,1.2683,74.57000000000001,2.0,4.0,3.0,3.0,23.0,0.375,1.0775986002153466e-06,0.0055880774515712495,0.008081649966327467,0.00010072397670743245,0.029088413038696914
CHEMBL858,O=C(O)CN(CCN(CC(=O)O)CC(=O)O)CC(=O)O,1,-33.802402,-18.483431,95.098061,-2.352544,12.375,2.36,40.459682,0.0,0,1,40.459682,40.459682,,,,292.244,-2.0711999999999957,155.68,4.0,6.0,11.0,0.0,20.0,0.6,0.0004036387505343812,0.00438614740113772,0.008591840016292082,2.41682983162599e-05,0.02892203154875143
CHEMBL287275,O=C(O)c1ccccc1OP(=O)(O)O,1,-27.72632,-15.524343,96.447678,-1.947676,0.321,0.29,51.249336,0.0,0,1,51.249336,51.249336,,,,218.10099999999997,0.8562999999999998,104.06,3.0,3.0,3.0,1.0,14.0,0.0,9.218011817903916e-05,0.003779157561628774,0.009368193666401894,6.64956905944827e-06,0.028940470262063908
