name,smiles,rank,Electrostatic,Van der Waals,Ligand Polar Desolv,Ligand Apolar Desolv,Total Strain,Max Strain,Total Energy,Ligand Energy,label,n_poses,binding_energy,binding_energy_mean_pose,binding_energy_error_pose,binding_energy_range_pose,best_second_pose_gap,mol_wt,logp,tpsa,hbd,hba,rot_bonds,ring_count,heavy_atoms,fraction_csp3,p_binding,p_binding_bootstrap_mean,p_binding_bootstrap_std,p_binding_ci_low,p_binding_ci_high
CHEMBL5419791,Clc1ccc(-c2nc3ccccn3c2-c2cn(Cc3ccccc3)nn2)cc1,1,0.001754,-40.000164,8.096771,-6.0529,3.978,2.1,-37.954536,0.0,1,1,-37.954536,-37.954536,,,,385.85800000000006,4.9615000000000045,48.010000000000005,0.0,3.0,4.0,5.0,28.0,0.045454545454545456,0.29234135613891715,0.24942855978868067,0.09457061654511338,0.1155460889005256,0.4633976757124596
CHEMBL4644751,C[C@H](C(=O)Nc1ccc(F)cc1)C12CC(NC(=O)c3ccc(F)c(F)c3)(C1)C2,1,-4.852852,-34.999092,6.514504,-4.321637,5.422,2.69,-37.659077,0.0,0,1,-37.659077,-37.659077,,,,388.3890000000001,4.031200000000003,58.2,2.0,2.0,5.0,5.0,28.0,0.3333333333333333,0.43261969882671897,0.25757371822515535,0.10875675096681688,0.10368120069502708,0.49084129099562024
CHEMBL91,Clc1ccc(COC(Cn2ccnc2)c2ccc(Cl)cc2Cl)c(Cl)c1,1,-0.156213,-33.941986,2.615074,-6.135962,6.461,2.34,-37.619087,0.0,1,1,-37.619087,-37.619087,,,,416.1350000000001,6.454800000000002,27.05,0.0,2.0,6.0,3.0,25.0,0.16666666666666666,0.5711839981693642,0.4713129150533215,0.1475302965790729,0.22181590975851478,0.727994570965792
CHEMBL3301612,COC(=O)N[C@@H](C)CNc1nccc(-c2cn(C(C)C)nc2-c2cc(Cl)cc(NS(C)(=O)=O)c2F)n1,1,0.848424,-45.207878,9.713416,-2.469526,9.681,2.23,-37.115562,0.0,0,1,-37.115562,-37.115562,,,,540.0210000000002,3.908400000000002,140.13,3.0,8.0,9.0,3.0,36.0,0.36363636363636365,0.4813749031880583,0.4389172418761996,0.13734976798897525,0.1878030646342057,0.6872721921609656
CHEMBL5408469,NC(=O)c1cc(Cn2cc(-c3c(-c4ccc(Cl)cc4)nc4ccccn34)nn2)ccc1Cl,1,-0.982,-42.369694,10.874418,-4.082984,3.751,1.87,-36.560257,0.0,0,1,-36.560257,-36.560257,,,,463.3280000000001,4.713800000000003,91.10000000000001,1.0,4.0,5.0,5.0,32.0,0.043478260869565216,0.3628332722327399,0.29713155612778447,0.09780445726127886,0.15405438251817813,0.5233755105741477
CHEMBL1631095,NC(=O)c1cc(C(N)=O)n(-c2cccc(-c3cc(C(F)(F)F)ccc3C(F)(F)F)c2)n1,1,-3.578942,-34.933117,4.44608,-2.444199,5.003,2.4,-36.510178,0.0,0,1,-36.510178,-36.510178,,,,442.319,3.774700000000002,104.00000000000001,2.0,3.0,4.0,3.0,31.0,0.10526315789473684,0.30861389799138605,0.20942980751550894,0.09743516002273338,0.06446591196151807,0.4110036924384795
CHEMBL26138,Cn1c(=O)c2c(nc(/C=C/c3cccc(Cl)c3)n2C)n(C)c1=O,1,-0.695843,-35.200012,4.432866,-4.623169,3.649,2.73,-36.086159,0.0,0,1,-36.086159,-36.086159,,,,330.7750000000001,1.7944999999999995,61.82,0.0,3.0,2.0,3.0,23.0,0.1875,0.08833866373322824,0.04039793525349415,0.02476524835113742,0.01136244679876258,0.10175343309547855
CHEMBL1545718,COc1cc2c(cc1NC(=O)Nc1ccc(C)cc1)oc1ccccc12,1,-1.920963,-38.149559,7.152069,-2.95929,3.23,1.53,-35.877743,0.0,0,1,-35.877743,-35.877743,,,,346.3860000000001,5.547020000000003,63.5,2.0,3.0,3.0,4.0,26.0,0.09523809523809523,0.3638075609481408,0.36197776984957336,0.10708165265784933,0.1713070644475927,0.6189446021311289
CHEMBL5570267,NS(=O)(=O)c1cccc(NC(=O)c2cc(C(F)(F)F)cnc2N2CCC(F)(F)CC2)c1,1,-7.118805,-35.604916,8.373521,-1.459192,4.035,1.87,-35.809391,0.0,0,1,-35.809391,-35.809391,,,,464.41600000000017,3.2356000000000025,105.38999999999999,2.0,5.0,4.0,3.0,31.0,0.3333333333333333,0.35223520937617936,0.22118201591934533,0.0949577580257915,0.07410816674228837,0.45369097897008254
CHEMBL1337776,COc1cccc(C(=O)O/N=C(\N)c2ccc([N+](=O)[O-])cc2)c1,1,-2.123382,-34.119678,4.792986,-4.134251,6.664,4.01,-35.584328,0.0,0,1,-35.584328,-35.584328,,,,315.285,2.0807,117.05000000000001,1.0,6.0,5.0,2.0,23.0,0.06666666666666667,0.12290842715201687,0.05167502391997753,0.025662112390324163,0.01765643671792212,0.11322669775293422
CHEMBL1295,Clc1ccc(CCC(Cn2ccnc2)Sc2c(Cl)cccc2Cl)cc1,1,-2.285045,-29.78474,3.144455,-6.399983,4.973,1.5,-35.325314,0.0,1,1,-35.325314,-35.325314,,,,411.7850000000001,6.637000000000003,17.82,0.0,2.0,7.0,3.0,25.0,0.21052631578947367,0.562423853702008,0.483923416587299,0.1533280059928187,0.2358350461832847,0.7668134425973994
CHEMBL1402878,O=C(Nc1ccccc1OC(=O)c1ccc(Cl)cc1)c1ccc(Cl)cc1,1,0.85891,-34.911263,4.686724,-5.63416,8.325,5.75,-34.99979,0.0,0,1,-34.99979,-34.99979,,,,386.23400000000004,5.464900000000004,55.4,1.0,3.0,4.0,3.0,26.0,0.0,0.377440478557096,0.2690428669384505,0.06667116965289718,0.15875963563538634,0.4360024792424925
CHEMBL1596262,CCCNc1nc(Cl)nc(Nc2ccc(Cl)cc2)n1,1,-0.475492,-31.348297,2.058859,-4.859679,3.369,1.59,-34.624611,0.0,0,1,-34.624611,-34.624611,,,,298.1770000000001,3.743900000000002,62.730000000000004,2.0,5.0,5.0,2.0,19.0,0.25,0.16136407926596186,0.1353384021862998,0.0561409898474154,0.04930508210646366,0.2806155298654608
CHEMBL4439746,Clc1ccc(-c2nc3occn3c2/C=N/OCc2ccc(Cl)c(Cl)c2)cc1,1,1.016175,-35.877274,4.568479,-4.215219,7.11,2.53,-34.507839,0.0,1,1,-34.507839,-34.507839,,,,420.6830000000001,6.1052000000000035,52.03,0.0,4.0,5.0,4.0,27.0,0.05263157894736842,0.3470784326168361,0.40241610342566303,0.1276949661185427,0.20584136800275651,0.6487320203350394
CHEMBL1318939,Cn1c(=O)c2c(ncn2CCOC(=O)C(C)(C)Oc2ccc(Cl)cc2)n(C)c1=O,1,0.039467,-36.802071,6.831486,-4.519207,8.361,2.89,-34.450325,0.0,0,1,-34.450325,-34.450325,,,,420.8530000000001,1.487899999999999,97.35,0.0,6.0,6.0,3.0,29.0,0.3684210526315789,0.12352179171071004,0.07252354331168714,0.051643126124950894,0.017554304401585986,0.19714155110662218
CHEMBL1605416,Cc1csc(NC(=O)CSc2ccc3nnc(-c4ccncc4)n3n2)n1,1,0.45836,-38.228996,6.465563,-2.976522,6.26,2.24,-34.281597,0.0,0,1,-34.281597,-34.281597,,,,383.4620000000001,2.6820200000000005,97.96000000000001,1.0,8.0,5.0,4.0,26.0,0.125,0.13079130036170825,0.08526558050825432,0.033740955432768525,0.03262195018885225,0.17836108425653954
CHEMBL457674,O=S(=O)(Nc1ccc2c(c1)ncn2-c1ccc2ccccc2c1)c1ccccc1Cl,1,1.235244,-37.027161,7.177388,-5.618416,3.771,2.06,-34.232944,0.0,1,1,-34.232944,-34.232944,,,,433.9200000000001,5.632900000000004,63.99,1.0,3.0,4.0,5.0,30.0,0.0,0.42249241863532855,0.34222628543068984,0.0893429209473692,0.1944225663832184,0.5469663883026741
CHEMBL4457647,O=C(Nc1ccnnc1)c1cc(N2CCOCC2)ccc1OCc1ccccc1,1,-1.498585,-35.736992,5.991525,-2.960586,8.698,2.16,-34.204639,0.0,0,1,-34.204639,-34.204639,,,,390.4430000000001,3.1445000000000016,76.58000000000001,1.0,6.0,6.0,4.0,29.0,0.22727272727272727,0.2316345464126701,0.12157876869109142,0.04074755050232748,0.06443788328611023,0.21467593267546864
CHEMBL306764,CCCn1c(C)c(C(=O)c2cccc3ccccc23)c2ccccc21,1,-1.217548,-32.183353,5.413037,-6.182191,4.218,2.38,-34.170055,0.0,1,1,-34.170055,-34.170055,,,,327.4270000000001,5.743920000000005,22.0,0.0,1.0,4.0,4.0,25.0,0.17391304347826086,0.555682846280003,0.31415202236156126,0.0958929828189266,0.1525385097939611,0.4825782440038725
CHEMBL3318962,Clc1ccc(C2(c3nnc4c(Oc5ccccc5Cl)cccn34)CC2)cc1,1,-0.801913,-34.155766,7.288575,-6.201839,5.95,3.7,-33.870945,0.0,1,1,-33.870945,-33.870945,,,,396.2770000000001,5.908300000000003,39.42,0.0,3.0,4.0,5.0,27.0,0.14285714285714285,0.35641681134197284,0.3868285378900371,0.12848968145277248,0.1957081189266981,0.6432899515172895
CHEMBL409,CC(O)(CS(=O)(=O)c1ccc(F)cc1)C(=O)Nc1ccc(C#N)c(C(F)(F)F)c1,1,-1.879985,-33.93428,5.39777,-3.171765,7.693,2.58,-33.588261,0.0,0,1,-33.588261,-33.588261,,,,430.3790000000001,2.8795800000000007,107.25999999999999,2.0,5.0,5.0,2.0,29.0,0.2222222222222222,0.1247336783988889,0.12795479310805796,0.05993551535344367,0.03347835278313494,0.2555625615181404
CHEMBL4071864,CN1C(=O)[C@@H](NC(=O)c2n[nH]c(Cc3ccccc3)n2)COc2ccccc21,1,-3.996677,-33.304764,7.49291,-3.770271,2.128,1.41,-33.578804,0.0,0,1,-33.578804,-33.578804,,,,377.4040000000001,1.5492999999999992,100.21000000000001,2.0,5.0,4.0,4.0,28.0,0.2,0.08783100758366368,0.050502422912803394,0.028814857744576816,0.014064308951228057,0.12094780326536222
CHEMBL277535,c1ccc(-c2ccc(C(c3ccccc3)n3ccnc3)cc2)cc1,1,0.943819,-30.881304,2.853512,-6.300433,2.817,1.81,-33.384407,0.0,0,1,-33.384407,-33.384407,,,,310.40000000000003,5.187800000000005,17.82,0.0,1.0,4.0,4.0,24.0,0.045454545454545456,0.25285875631749716,0.17319914462612235,0.0569603561239187,0.0867459894698727,0.32256741918518367
CHEMBL532504,Cc1nc(NC2=NCN(CCCN3CCOCC3)CN2)nc2c(C)cccc12,1,-2.443552,-32.919971,5.719323,-3.546831,6.548,3.64,-33.191036,0.0,0,1,-33.191036,-33.191036,,,,383.50000000000006,1.5570400000000002,77.91000000000001,2.0,8.0,5.0,4.0,28.0,0.55,0.12915756485326543,0.09119983321877863,0.05454452638571545,0.023409630390243658,0.24331438976388786
CHEMBL5279479,COc1ccc(OC)c(-n2nnc(C(=O)Nc3cccc(N(C)C)c3)c2C)c1,1,-0.6551,-36.790771,6.649345,-2.390666,5.555,2.34,-33.187191,0.0,0,1,-33.187191,-33.187191,,,,381.43600000000015,2.911220000000001,81.51,1.0,6.0,6.0,3.0,28.0,0.25,0.2174158192728363,0.10217573307866416,0.033463264146658726,0.054846412682734824,0.18141648899161816
CHEMBL3622898,Cc1nc(C)c(CNc2nc(OCCCc3ccc4ccccc4n3)nc(Cl)c2C)s1,1,-0.434598,-34.271908,5.557756,-3.905719,5.884,3.18,-33.054466,0.0,1,1,-33.054466,-33.054466,,,,453.999,5.683660000000004,72.82000000000001,1.0,7.0,8.0,4.0,31.0,0.30434782608695654,0.7611539973486959,0.5130095992517483,0.13585280571968014,0.27040351434138105,0.7798039801394241
CHEMBL1561576,O=[N+]([O-])c1cc(-c2nc(-c3ccncc3)no2)cc([N+](=O)[O-])c1,1,-0.918411,-32.775227,3.602207,-2.962576,0.105,0.03,-33.054005,0.0,0,1,-33.054005,-33.054005,,,,313.22900000000004,2.615,138.09,0.0,8.0,4.0,3.0,23.0,0.0,0.17671777248166864,0.08513191529293485,0.06194290313580216,0.018311625525643725,0.2479945281383527
CHEMBL1091720,CCC(C)(C)Cc1c[nH]c(CCc2ccc(-c3ccccn3)cc2)n1,1,0.319852,-31.85812,4.110587,-5.404821,5.93,1.83,-32.832504,0.0,1,1,-32.832504,-32.832504,,,,333.479,5.235600000000004,41.57,1.0,2.0,7.0,3.0,25.0,0.36363636363636365,0.27033000465355767,0.33425858005945486,0.08317764946905856,0.19935308794851506,0.5050447047747995
CHEMBL514421,O=S(=O)(Cc1ccccc1Cl)Nc1ccc2c(ccn2Cc2ccccc2)c1,1,1.916436,-35.110985,5.966475,-5.563807,4.456,2.08,-32.791882,0.0,1,1,-32.791882,-32.791882,,,,410.92600000000016,5.284900000000004,51.1,1.0,2.0,6.0,4.0,28.0,0.09090909090909091,0.3825626164096206,0.2674158193894641,0.07117905318417675,0.15289059387916976,0.41660666560676096
CHEMBL1835918,Cc1ccc(N2CC(COc3ccc(-c4noc(C)n4)cc3)C2)nn1,1,-3.200808,-33.344021,6.142578,-2.315753,2.687,1.5,-32.718006,0.0,0,1,-32.718006,-32.718006,,,,337.38300000000004,2.65864,77.17,0.0,7.0,5.0,4.0,25.0,0.3333333333333333,0.14090729075939426,0.09732650867316149,0.043186943556290935,0.03490098914827715,0.20651795247893678
CHEMBL146095,O=C(OCC(O)CO)c1ccccc1Nc1ccnc2cc(Cl)ccc12,1,-0.289476,-35.91988,5.77306,-1.965267,4.835,1.53,-32.401562,0.0,0,1,-32.401562,-32.401562,,,,372.80800000000005,3.141800000000001,91.68,3.0,6.0,6.0,3.0,26.0,0.15789473684210525,0.16584268734639862,0.11547693006575896,0.057041706854599694,0.031106967331759074,0.23913777072014555
CHEMBL473417,CS(=O)(=O)c1ccc(C(=O)Nc2ccc(Cl)c(-c3ccccn3)c2)c(Cl)c1,1,-3.846199,-34.446007,9.788134,-3.836618,4.277,1.78,-32.340691,0.0,0,1,-32.340691,-32.340691,,,,421.30500000000006,4.7112000000000025,76.13,1.0,4.0,4.0,3.0,27.0,0.05263157894736842,0.2821666719089895,0.20471285139990605,0.05238727996823427,0.12552753963210236,0.3127900583214366
CHEMBL1413196,COc1ccc(NC(=O)c2cccc3c(Br)cccc23)cc1,1,0.405622,-33.71595,4.862923,-3.615752,2.67,1.78,-32.063156,0.0,0,1,-32.063156,-32.063156,,,,356.21900000000005,4.8632000000000035,38.33,1.0,2.0,3.0,3.0,22.0,0.05555555555555555,0.24951431903458057,0.15042607494751703,0.037200441954445176,0.08468443825377726,0.23850706107450298
CHEMBL799,O=C1CCc2cc(OCCCCc3nnnn3C3CCCCC3)ccc2N1,1,-3.556714,-31.769299,6.51036,-3.180728,10.025,2.09,-31.996378,0.0,0,1,-31.996378,-31.996378,,,,369.4690000000002,3.4647000000000014,81.93,1.0,5.0,7.0,4.0,27.0,0.6,0.33502681605431944,0.25866997357155197,0.09850474613844956,0.11248797891840279,0.4847267927214207
CHEMBL1427162,CCCc1nn(C)c(C(=O)Nc2cccc3ccccc23)c1Cl,1,-1.057008,-30.788862,4.49585,-4.311944,4.038,2.64,-31.661964,0.0,0,1,-31.661964,-31.661964,,,,327.81500000000005,4.431500000000003,46.92,1.0,2.0,4.0,3.0,23.0,0.2222222222222222,0.17351634045087852,0.159104474807438,0.030378709499955782,0.11391357303853383,0.2331492192552159
CHEMBL1311023,Cc1nccc(-c2ccc(-n3cnc4ccccc43)cc2)n1,1,0.174098,-31.279545,4.466017,-4.921222,1.453,1.07,-31.560652,0.0,0,1,-31.560652,-31.560652,,,,286.338,3.7909200000000025,43.6,0.0,3.0,2.0,4.0,22.0,0.05555555555555555,0.18961055947247055,0.07611910698610722,0.021050811144991508,0.04632965034671404,0.12912830241537804
CHEMBL27289,C=C(c1ccccc1OCc1cccc(Cl)c1)n1ccnc1,1,-1.578694,-28.103605,3.425367,-5.284553,4.465,2.16,-31.541485,0.0,1,1,-31.541485,-31.541485,,,,310.784,4.634500000000003,27.05,0.0,2.0,5.0,3.0,22.0,0.05555555555555555,0.21419412174424268,0.11414863393221852,0.03508975946440554,0.06528804676022681,0.20263309772611737
CHEMBL4243206,C[Si](C)(O)c1ccc(N(CCc2ccccc2)S(=O)(=O)c2ccccc2)cc1,1,-0.499986,-33.036755,7.934724,-5.829478,8.085,2.62,-31.431494,0.0,0,1,-31.431494,-31.431494,,,,411.59900000000005,3.5290000000000026,57.61,1.0,3.0,7.0,3.0,28.0,0.18181818181818182,0.19176941274976944,0.1103940740735689,0.048431453662587755,0.03760698495719729,0.21000295468854505
CHEMBL3197908,COc1ccc2nc(C)cc(N/N=C/c3ccc(F)cc3)c2c1,1,-2.592561,-29.763016,4.82954,-3.871923,3.698,2.6,-31.397959,0.0,0,1,-31.397959,-31.397959,,,,309.34400000000005,4.1369200000000035,46.51,1.0,4.0,4.0,3.0,23.0,0.1111111111111111,0.23674054443422196,0.10959361378114471,0.024560218796165795,0.06924984749762478,0.15988043776871955
CHEMBL152684,CCOC(=O)C(C)(CC)Oc1ccc(Cc2ccc(Cl)cc2)cc1,1,0.164413,-29.509888,3.655872,-5.669743,8.872,2.89,-31.359344,0.0,0,1,-31.359344,-31.359344,,,,346.85400000000004,5.041400000000005,35.53,0.0,3.0,7.0,2.0,24.0,0.35,0.22609422950529978,0.2698241318301188,0.09891719257538896,0.11509269685581765,0.5001932414637636
CHEMBL3194048,CCOc1ccc(/C=N/n2cc(-c3ccccc3)nc2S)cc1,1,-2.60746,-34.533928,11.491986,-5.703452,10.515,3.37,-31.352856,0.0,0,1,-31.352856,-31.352856,,,,323.421,4.119700000000003,39.41,1.0,4.0,5.0,3.0,23.0,0.1111111111111111,0.25578130614776223,0.10351730619969352,0.026344341659267894,0.05903990698671693,0.17557758126639375
CHEMBL1373822,Clc1ccc(Nc2nc(-c3cccs3)cs2)nc1,1,-0.662449,-29.870125,3.390161,-4.203705,1.295,1.24,-31.346117,0.0,0,1,-31.346117,-31.346117,,,,293.80400000000003,4.6636000000000015,37.81,1.0,5.0,3.0,3.0,18.0,0.0,0.16578681498626102,0.11724827759478572,0.048566411399452815,0.052788489350831067,0.22492790309921032
CHEMBL5314924,Cc1ccc([C@H]2C[C@@H]2COc2cc(NCc3nnc(C)s3)nc(C)n2)nc1,1,-0.760821,-34.435616,5.893072,-1.718609,5.209,3.14,-31.021975,0.0,0,1,-31.021975,-31.021975,,,,382.4930000000001,3.442960000000001,85.71,1.0,8.0,7.0,4.0,27.0,0.42105263157894735,0.38468894637906503,0.20096069496736862,0.07967510466141424,0.07472588312904055,0.35498834766693005
CHEMBL4514379,N#Cc1cnc2ccc(-c3c(-c4ccc(F)c(Cl)c4)ncn3CCO)nn12,1,-2.765374,-33.053383,7.928123,-3.090656,7.631,4.36,-30.981289,0.0,0,1,-30.981289,-30.981289,,,,382.78600000000006,2.9162800000000018,92.03,1.0,5.0,4.0,4.0,27.0,0.1111111111111111,0.11271693432556829,0.07721785105962739,0.023147581221644356,0.042052714320453495,0.1336104555440696
CHEMBL3190804,CCc1ccc2[nH]c3nc(N/N=C/c4ccc(O)cc4O)nnc3c2c1,1,-2.749098,-32.033245,6.051673,-2.051126,3.044,1.41,-30.781797,0.0,0,1,-30.781797,-30.781797,,,,348.3660000000001,2.925700000000001,119.31,4.0,7.0,4.0,4.0,26.0,0.1111111111111111,0.048302907048519805,0.13714661094148395,0.10017385324472532,0.01332823703139228,0.3778012270579588
CHEMBL3193884,C#CCn1cc(/C=N/NC(=O)c2cc3ccccc3o2)c2ccccc21,1,0.400554,-34.096863,7.967227,-5.050759,4.55,2.39,-30.779839,0.0,0,1,-30.779839,-30.779839,,,,341.37000000000006,3.784600000000002,59.53,1.0,3.0,4.0,4.0,26.0,0.047619047619047616,0.1823649834458898,0.09091085011357636,0.024836231501574407,0.05356570452559149,0.14377730130010136
CHEMBL1525,CC1(C)C(C=C(Cl)Cl)C1C(=O)OCc1cccc(Oc2ccccc2)c1,1,0.34203,-28.483992,3.422866,-6.040152,8.825,2.38,-30.759247,0.0,0,1,-30.759247,-30.759247,,,,391.2940000000001,6.113300000000004,35.53,0.0,3.0,6.0,3.0,26.0,0.2857142857142857,0.7231475813715478,0.4313729534059675,0.13725146851358883,0.1943511039189279,0.66766771769859
CHEMBL193,COC(=O)C1=C(C)NC(C)=C(C(=O)OC)C1c1ccccc1[N+](=O)[O-],1,-1.006544,-31.592081,6.700106,-4.582379,5.513,2.4,-30.4809,0.0,0,1,-30.4809,-30.4809,,,,346.33900000000006,2.1756,107.77000000000001,1.0,7.0,4.0,2.0,25.0,0.29411764705882354,0.1293677726840026,0.07008693168839783,0.028991863530923877,0.029208109098985167,0.14342983832190148
CHEMBL14370,CCOc1ccccc1OC(c1ccccc1)C1CNCCO1,1,0.594487,-31.901476,4.357316,-3.29953,8.285,2.88,-30.249205,0.0,0,1,-30.249205,-30.249205,,,,313.39700000000005,3.1938000000000004,39.72,1.0,4.0,6.0,3.0,23.0,0.3684210526315789,0.1335307711053049,0.0865688936691863,0.02609965302025091,0.047377724320562566,0.1509792126181154
CHEMBL1569192,CCOC(=O)Cc1cc(-c2ccc(O)cc2)nc2ccc3ccccc3c12,1,-2.35227,-30.099564,6.469018,-4.265404,2.849,1.82,-30.248222,0.0,0,1,-30.248222,-30.248222,,,,357.4090000000001,4.866200000000004,59.42,1.0,4.0,4.0,4.0,27.0,0.13043478260869565,0.2652537689668399,0.21627399171061876,0.04602448846256129,0.13586211145601276,0.32088524872002655
CHEMBL4249586,C[Si](C)(O)c1ccc(NS(=O)(=O)c2ccccc2)cc1,1,-3.598845,-31.07605,6.007506,-1.394927,0.612,0.59,-30.062317,0.0,1,1,-30.062317,-30.062317,,,,307.447,1.8918,66.4,2.0,3.0,4.0,2.0,20.0,0.14285714285714285,0.056611782845534024,0.028889058421086213,0.017303267911972783,0.006617923639091965,0.06951936708954119
CHEMBL4780781,O=C1c2nc3ccccc3n2CCN1CCCCOc1ccc(OC(F)(F)F)cc1,1,0.079867,-33.537029,7.740291,-4.342118,11.094,2.93,-30.058987,0.0,1,1,-30.058987,-30.058987,,,,419.403,4.249900000000004,56.59,0.0,4.0,7.0,4.0,30.0,0.3333333333333333,0.17509682319030398,0.22625766598748354,0.0986094960600124,0.09682775540961303,0.4542676205396067
CHEMBL1520832,CSc1ncc(C(=O)Nc2ccc(Cl)cc2)c(C)n1,1,-3.285596,-28.417746,4.826918,-3.182396,2.666,1.1,-30.058821,0.0,0,1,-30.058821,-30.058821,,,,293.77900000000005,3.4126200000000013,54.88,1.0,4.0,3.0,2.0,19.0,0.15384615384615385,0.19154002366218484,0.06503269612898413,0.018885432197832716,0.03472518319061397,0.10556626590883869
CHEMBL3214386,C/C(=N/Nc1ccc(F)cc1)c1ccc(Cl)s1,1,-0.671185,-27.474159,2.168611,-4.007954,3.776,2.6,-29.984686,0.0,0,1,-29.984686,-29.984686,,,,268.74399999999997,4.376700000000001,24.39,1.0,3.0,3.0,2.0,17.0,0.08333333333333333,0.11693603773081274,0.08640428011072679,0.03206527085600346,0.03599719087739437,0.15494900018843988
CHEMBL3545185,O=C(/C=C\n1cnc(-c2cc(C(F)(F)F)cc(C(F)(F)F)c2)n1)NNc1cnccn1,1,-1.511574,-29.296753,5.799978,-4.878669,3.805,2.33,-29.887018,0.0,0,1,-29.887018,-29.887018,,,,443.311,3.386700000000001,97.62,2.0,6.0,5.0,3.0,31.0,0.11764705882352941,0.18363568280918638,0.12743460458446967,0.04984834417758103,0.04559079843906513,0.23181691906071178
CHEMBL5427019,CCOc1ccccc1C(=O)Nc1cccc2c1C(=O)N(CC1CC1)C2,1,0.067542,-32.522518,7.519598,-4.917661,7.27,2.31,-29.853039,0.0,1,1,-29.853039,-29.853039,,,,350.4180000000002,3.703400000000003,58.64,1.0,3.0,6.0,4.0,26.0,0.3333333333333333,0.23384521298921843,0.13880334156950358,0.035068790637848055,0.07906449960207682,0.21437362451886463
CHEMBL3632931,Cc1cc(-c2onc(C)c2C(=O)Sc2ccccc2)no1,1,-2.163548,-28.577055,4.675965,-3.766654,5.798,2.73,-29.831291,0.0,1,1,-29.831291,-29.831291,,,,300.33900000000006,3.8789400000000027,69.13,0.0,6.0,3.0,3.0,21.0,0.13333333333333333,0.24519196147264063,0.11091584213480239,0.04593273034741451,0.043883956390423653,0.22697620913058025
CHEMBL1501549,O=[N+]([O-])c1cnc(Nc2ccc(Cl)cn2)c([N+](=O)[O-])c1,1,-9.150449,-30.749676,14.467128,-4.315945,2.624,1.35,-29.74894,0.0,0,1,-29.74894,-29.74894,,,,295.64200000000005,2.6900000000000004,124.09,1.0,7.0,4.0,2.0,20.0,0.0,0.0989507550612347,0.059920803317693554,0.03842807276408815,0.01506793270159512,0.15421216778124067
CHEMBL4794578,CCOc1nc(Nc2ccc(C(=O)N3CCOCC3)cc2OC)nc2[nH]ccc12,1,2.686889,-36.405769,6.940161,-2.872616,6.687,3.18,-29.651335,0.0,0,1,-29.651335,-29.651335,,,,397.4350000000001,2.5812,101.6,2.0,7.0,6.0,4.0,29.0,0.35,0.14247581473648985,0.11075817508525311,0.038091042875091366,0.0519999092669383,0.2050416630165048
CHEMBL1448,O=C(Nc1ccc([N+](=O)[O-])cc1Cl)c1cc(Cl)ccc1O,1,-0.452435,-28.556301,2.751867,-3.340076,2.727,1.78,-29.596945,0.0,0,1,-29.596945,-29.596945,,,,327.12300000000005,3.859500000000001,92.47,2.0,4.0,3.0,2.0,21.0,0.0,0.14961682870236448,0.0995921291374718,0.045294969765755894,0.030497454627685522,0.19146255735262174
CHEMBL358150,CC(C)(Oc1ccc(Cl)cc1)C(=O)OCCOC(=O)c1cccnc1,1,-0.500654,-29.342167,4.339375,-4.054824,8.902,2.93,-29.55827,0.0,0,1,-29.55827,-29.55827,,,,363.7970000000001,3.292600000000001,74.72,0.0,6.0,7.0,2.0,25.0,0.2777777777777778,0.3284520939615096,0.10741924922217068,0.04569487429554489,0.04317411125141647,0.21583925415620975
CHEMBL1382475,CC(=O)c1ccc(NC(=O)c2cc(Cl)nc3ccccc23)cc1,1,0.084435,-32.983086,6.987716,-3.601978,3.745,1.78,-29.512913,0.0,0,1,-29.512913,-29.512913,,,,324.767,4.343100000000002,59.06,1.0,3.0,3.0,3.0,23.0,0.05555555555555555,0.1409346128036711,0.11380734020657615,0.023687361507970305,0.07127662668105504,0.16917852989963478
CHEMBL1577703,Cc1c(-c2cc[nH]n2)cc(NC(=O)c2ccc(Cl)cc2)c(=O)n1N,1,-3.40221,-31.001278,7.853582,-2.93705,6.238,2.39,-29.486956,0.0,0,1,-29.486956,-29.486956,,,,343.7740000000001,2.16632,105.8,3.0,4.0,3.0,3.0,24.0,0.0625,0.14075229416687243,0.05018515664947647,0.033161840898362854,0.008697965080633177,0.1252016829730508
CHEMBL5279980,COc1ccc(OC)c(-n2nnc(C(=O)Nc3cc(C(C)(C)C)ccc3OC)c2C)c1,1,-0.984544,-32.711773,6.88025,-2.667339,5.354,2.39,-29.483404,0.0,1,1,-29.483404,-29.483404,,,,424.50100000000026,4.151320000000004,87.50000000000001,1.0,6.0,6.0,3.0,31.0,0.34782608695652173,0.2505914306250376,0.2620368417611423,0.07919398509851315,0.14051662459069397,0.45690947353971506
CHEMBL5290029,Nc1ncncc1-c1ccnc2c1cnn2-c1ccc(F)cc1,1,0.219392,-30.119884,3.856018,-3.351398,0.054,0.03,-29.395874,0.0,0,1,-29.395874,-29.395874,,,,306.30400000000003,2.5988000000000007,82.50999999999999,1.0,5.0,2.0,4.0,23.0,0.0,0.07913072492802616,0.04055802171630123,0.014504395808291881,0.0169229668290139,0.07258802818447821
CHEMBL1545746,NC(=O)c1oc2ccccc2c1NC(=O)c1ccc(F)cc1,1,-2.709679,-30.180931,4.885335,-1.301677,6.926,3.48,-29.30695,0.0,0,1,-29.30695,-29.30695,,,,298.27299999999997,2.9231000000000007,85.33000000000001,2.0,3.0,3.0,3.0,22.0,0.0,0.09359169981645686,0.05083996425662565,0.024712060418303355,0.014823809586903573,0.09816821198157015
CHEMBL1459296,Brc1ccc2ncnc(Nc3ccc(N4CCOCC4)cc3)c2c1,1,-0.124639,-28.980223,3.106082,-3.207235,2.09,1.15,-29.206017,0.0,0,1,-29.206017,-29.206017,,,,385.2650000000002,3.972500000000002,50.28,1.0,5.0,3.0,4.0,24.0,0.2222222222222222,0.2639327738808432,0.12881386416567028,0.038530189439084934,0.06827010334533372,0.2213551331252379
CHEMBL37161,COC(=O)Nc1nc2cc(Sc3ccccc3)ccc2[nH]1,1,0.068426,-30.011169,4.133464,-3.353753,2.892,1.31,-29.163033,0.0,0,1,-29.163033,-29.163033,,,,299.355,3.892400000000001,67.00999999999999,2.0,4.0,3.0,3.0,21.0,0.06666666666666667,0.11495510924618202,0.09425144203146285,0.03630742563287091,0.03125369137418095,0.16452321897306152
CHEMBL101326,N#Cc1nn(-c2c(Cl)cc(C(F)(F)F)cc2Cl)c(N)c1[S+]([O-])C(F)(F)F,1,0.125619,-29.353416,3.246778,-3.144783,3.607,2.34,-29.125803,0.0,0,1,-29.125803,-29.125803,,,,437.15200000000004,4.279179999999999,90.69,1.0,4.0,2.0,2.0,26.0,0.16666666666666666,0.3077389070809827,0.19221855092563359,0.07714961692154305,0.08267366539549004,0.3572006779229274
CHEMBL1421125,Cc1ccc(-c2cc(-c3cccs3)[nH]n2)c(O)c1,1,-2.133541,-28.220053,3.387083,-2.057592,1.13,1.09,-29.024103,0.0,0,1,-29.024103,-29.024103,,,,256.33000000000004,3.8192200000000014,48.91,2.0,3.0,2.0,3.0,18.0,0.07142857142857142,0.191305937413318,0.07489642540985891,0.03462307216953525,0.01974486280411673,0.15246295698482623
CHEMBL4126289,CC1(C)OCCn2c1nc(C(=O)NCc1ccc(F)cc1)c(O)c2=O,1,-2.46719,-28.734396,4.664834,-2.429515,4.701,2.33,-28.966265,0.0,0,1,-28.966265,-28.966265,,,,347.3460000000001,1.2832999999999999,93.45000000000002,2.0,5.0,3.0,3.0,25.0,0.35294117647058826,0.14234640162217088,0.038546864598895746,0.018761410968348876,0.011445656893652524,0.08172993996774154
CHEMBL193240,O=C(Nc1c(Cl)cncc1Cl)c1ccc(OC(F)F)c(OCC2CC2)c1,1,1.955774,-31.681559,4.569646,-3.799691,12.904,3.14,-28.95583,0.0,0,1,-28.95583,-28.95583,,,,403.21200000000016,5.030900000000003,60.45,1.0,4.0,7.0,3.0,26.0,0.29411764705882354,0.3723435399508667,0.2849934564056202,0.06788332470092945,0.17194651540931072,0.4181931681544731
CHEMBL1760682,Cn1c(-c2ccc(N)cc2)nnc1C1(c2ccc(Cl)cc2)CCC1,1,-0.684193,-30.125082,5.713104,-3.850065,2.817,1.49,-28.946236,0.0,0,1,-28.946236,-28.946236,,,,338.8420000000001,4.187700000000002,56.730000000000004,1.0,3.0,3.0,4.0,24.0,0.2631578947368421,0.15429618704995993,0.15321345881137854,0.028298069199890436,0.10202880308334848,0.2063632349981557
CHEMBL29609,Cc1cc(CCCOc2c(C)cc(-c3noc(C(F)(F)F)n3)cc2C)on1,1,2.436182,-31.180464,3.45339,-3.574239,6.025,2.88,-28.865129,0.0,1,1,-28.865129,-28.865129,,,,381.35400000000004,4.680260000000004,74.18,0.0,6.0,6.0,3.0,27.0,0.3888888888888889,0.23275388474148673,0.31275255592458007,0.1258057518375006,0.12009707364264559,0.5712658061758205
CHEMBL1506607,O=C(Nc1cccc(-c2nc3cc(Cl)ccc3o2)c1)C1CCCO1,1,-2.217335,-30.677328,7.172329,-3.050415,1.827,0.9,-28.772747,0.0,0,1,-28.772747,-28.772747,,,,342.78200000000015,4.2657000000000025,64.36,1.0,4.0,3.0,4.0,24.0,0.2222222222222222,0.2587518485475026,0.1599857718190319,0.03252424793417904,0.10441007920708112,0.23259122879685853
CHEMBL388590,CCc1oc2ccccc2c1C(=O)c1cc(Br)c(O)c(Br)c1,1,-11.704739,-31.108974,18.149715,-4.060382,4.958,2.64,-28.72438,0.0,0,1,-28.72438,-28.72438,,,,424.088,5.456800000000003,50.44,1.0,3.0,3.0,3.0,22.0,0.11764705882352941,0.4128302331811234,0.24290718415136575,0.06515200808115684,0.138729779463108,0.37718556981973916
CHEMBL646,Cc1nnc2n1-c1ccc(Cl)cc1C(c1ccccc1Cl)=NC2,1,-2.075302,-27.33231,5.320539,-4.587792,2.09,2.09,-28.674866,0.0,0,1,-28.674866,-28.674866,,,,343.21700000000004,4.233520000000002,43.07,0.0,3.0,1.0,4.0,23.0,0.11764705882352941,0.13363968661341943,0.11006677693516483,0.03499706726309968,0.0627142154571535,0.18563306004747254
CHEMBL753,CC(COc1ccccc1)N(CCCl)Cc1ccccc1,1,-0.065431,-26.600834,1.88479,-3.872731,5.118,2.07,-28.654205,0.0,0,1,-28.654205,-28.654205,,,,303.83299999999997,4.194900000000003,12.47,0.0,2.0,8.0,2.0,21.0,0.3333333333333333,0.1502520901896586,0.11614038809269964,0.052656562531257625,0.04872480167174897,0.24621211824261838
CHEMBL1613234,Nc1c(C(=O)c2ccc(Br)cc2)oc2ccccc12,1,-1.21296,-27.487215,3.077343,-2.985162,3.431,2.33,-28.607994,0.0,0,1,-28.607994,-28.607994,,,,316.154,4.0085000000000015,56.230000000000004,1.0,3.0,2.0,3.0,19.0,0.0,0.15411320671772824,0.07075512095174039,0.017921533098500385,0.038697044254588496,0.10613153348271337
CHEMBL1331513,O=C(NC1CCCC1)c1cc2c(ccc3ccccc32)o1,1,-1.761751,-27.2745,4.356241,-3.914603,2.946,2.39,-28.594612,0.0,0,1,-28.594612,-28.594612,,,,279.33900000000006,4.2584000000000035,42.24,1.0,2.0,2.0,4.0,21.0,0.2777777777777778,0.1719883077119512,0.13751951121611947,0.03672281449937895,0.07429259883422325,0.21161778191489666
CHEMBL3190491,Oc1oc(-c2ccccc2)nc1/C=N/c1nccs1,1,-3.439125,-27.359339,4.415101,-2.056567,5.545,3.59,-28.439928,0.0,0,1,-28.439928,-28.439928,,,,271.301,3.2543000000000006,71.51,1.0,6.0,3.0,3.0,19.0,0.0,0.08716310227616748,0.05190257259340626,0.021931919054531204,0.01779064037893068,0.10022173753320374
CHEMBL3210930,CC(/C=C/c1cccc([N+](=O)[O-])c1)=N/NC(=O)c1cccnc1,1,-3.779035,-28.176254,7.03121,-3.505971,8.89,3.21,-28.430052,0.0,0,1,-28.430052,-28.430052,,,,310.313,2.8089000000000004,97.49,1.0,5.0,5.0,2.0,23.0,0.0625,0.10271684367385969,0.052664958178771724,0.020380265218308245,0.019853306306260234,0.10346053551345659
CHEMBL457977,Fc1ccc(-c2c3cccc(C(F)(F)F)c3nn2Cc2ccccc2F)cc1,1,1.615791,-28.447243,4.117517,-5.653496,4.913,3.09,-28.36743,0.0,1,1,-28.36743,-28.36743,,,,388.33900000000006,6.048600000000004,17.82,0.0,1.0,3.0,4.0,28.0,0.09523809523809523,0.2726500941912678,0.29982931878777097,0.11154162884663146,0.1279147801390093,0.5267521200058807
CHEMBL2107455,CS(=O)(=O)Nc1cc2occ(NC=O)c(=O)c2cc1Oc1ccccc1,1,-2.572219,-35.597313,11.536587,-1.70419,7.87,2.44,-28.337135,0.0,0,1,-28.337135,-28.337135,,,,374.37400000000014,2.5251,114.71,2.0,6.0,6.0,3.0,26.0,0.058823529411764705,0.08298533215604091,0.05801013711683089,0.025778726100943415,0.020503723570355976,0.11893880194284942
CHEMBL1375468,Cc1ccc(N=C(S)c2nc3ccccc3[nH]2)c(C)c1,1,-1.594929,-26.637312,4.140965,-4.217535,1.584,1.53,-28.308809,0.0,0,1,-28.308809,-28.308809,,,,281.38400000000007,4.187840000000002,41.04,2.0,2.0,2.0,3.0,20.0,0.125,0.21667288538128812,0.1001351091186215,0.04191066806958783,0.03016097118841627,0.19488360501086258
CHEMBL3822867,COc1cccc(-c2nc(SC)c3ccccc3n2)c1,1,-1.42411,-27.682644,4.349758,-3.52585,2.018,1.31,-28.282846,0.0,0,1,-28.282846,-28.282846,,,,282.368,4.027300000000003,35.010000000000005,0.0,4.0,3.0,3.0,20.0,0.125,0.22419614234496832,0.08023768330985699,0.023115389914488887,0.0475183861403584,0.12943317394040954
CHEMBL285674,Clc1ccc2c(c1)C(c1ccccc1)=NCc1nncn1-2,1,-2.907768,-25.745056,4.408869,-4.027821,2.086,2.08,-28.271776,0.0,0,1,-28.271776,-28.271776,,,,294.745,3.2717000000000027,43.07,0.0,3.0,1.0,4.0,21.0,0.0625,0.09149010300571858,0.047621328522608024,0.014452010410219018,0.026478073721440582,0.08361681235267253
CHEMBL1080648,CC(C)Oc1cc(-n2nc(C(C)(C)C)oc2=O)c(Cl)cc1Cl,1,-1.818369,-25.763226,3.128112,-3.751503,4.787,2.23,-28.204985,0.0,1,1,-28.204985,-28.204985,,,,345.226,4.217000000000004,57.26,0.0,4.0,3.0,2.0,22.0,0.4666666666666667,0.19631205099196194,0.21336458307324568,0.08916054871064166,0.0886466868689122,0.42037545262865766
CHEMBL1670,Clc1ccc(C(c2ccccc2Cl)C(Cl)Cl)cc1,1,-1.047001,-23.855236,1.278829,-4.581223,2.597,1.83,-28.204632,0.0,1,1,-28.204632,-28.204632,,,,320.04600000000005,5.929000000000002,0.0,0.0,0.0,3.0,2.0,18.0,0.14285714285714285,0.4311404670345671,0.2073269608995351,0.08095795754014358,0.07968445254057767,0.38319323280843953
CHEMBL1404230,COc1ccc(C)cc1N=C(N)Nc1nc(C)cc(C)n1,1,-3.454614,-25.454838,5.175079,-4.445374,0.942,0.88,-28.179747,0.0,0,1,-28.179747,-28.179747,,,,285.351,2.4687600000000005,85.42,2.0,4.0,3.0,2.0,21.0,0.26666666666666666,0.17019762202883015,0.05511406829899986,0.022712247745443087,0.019392509042832524,0.1046205768178581
CHEMBL110,O=C(Cn1ccnc1[N+](=O)[O-])NCc1ccccc1,1,-4.077477,-27.42432,7.77129,-4.441913,6.801,2.36,-28.172421,0.0,0,1,-28.172421,-28.172421,,,,260.253,1.1077,90.06,1.0,4.0,5.0,2.0,19.0,0.16666666666666666,0.08771119524096775,0.017276315622266062,0.009226012963831362,0.004158802749886107,0.03538640286074463
CHEMBL1964748,O=C(N/N=C/c1c[nH]c2ccccc12)C1COc2ccccc2O1,1,-0.790832,-34.159744,10.037907,-3.249831,4.136,3.16,-28.162502,0.0,0,1,-28.162502,-28.162502,,,,321.336,2.458,75.71000000000001,2.0,4.0,3.0,4.0,24.0,0.1111111111111111,0.12276960439761864,0.04455497436394279,0.021026897244070506,0.015133382181678583,0.09112726112927379
CHEMBL1800116,Cc1c(Cl)cccc1Oc1cccn2c(C3CCCCCC3)nnc12,1,-0.591957,-27.827526,5.654956,-5.385659,0.385,0.35,-28.150185,0.0,1,1,-28.150185,-28.150185,,,,355.8690000000002,5.921220000000004,39.42,0.0,3.0,3.0,4.0,25.0,0.4,0.3047032248486245,0.440748772207413,0.15095975946601073,0.17339443620832304,0.7171728316355117
CHEMBL1344938,CC(=O)Nc1cccc2c1C(=O)N(c1ccc(C)cc1)C2=O,1,-2.123782,-27.658051,4.657123,-3.007929,1.87,1.53,-28.132637,0.0,0,1,-28.132637,-28.132637,,,,294.31,2.7540200000000015,66.48,1.0,3.0,2.0,3.0,22.0,0.11764705882352941,0.13801240377689572,0.04270184905318206,0.01308371000163537,0.02076318910923434,0.06766754966017419
CHEMBL1489187,CCOc1ccc(-c2cc(C)n3nc(C(N)=O)cc3n2)cc1,1,0.250619,-33.981472,7.231578,-1.630078,6.946,3.37,-28.129353,0.0,0,1,-28.129353,-28.129353,,,,296.33,2.2023199999999994,82.51,1.0,4.0,4.0,3.0,22.0,0.1875,0.12415269975682336,0.037130718979325975,0.011327630444460213,0.017893938093442894,0.057815856929657815
CHEMBL715,Cc1cc2c(s1)Nc1ccccc1N=C2N1CCN(C)CC1,1,-0.247339,-27.934385,3.036349,-2.965809,2.347,2.34,-28.111185,0.0,0,1,-28.111185,-28.111185,,,,312.4420000000001,3.4392200000000033,30.870000000000005,1.0,5.0,0.0,4.0,22.0,0.35294117647058826,0.16080804948203467,0.10230631766847882,0.047928951738308016,0.03610507726498675,0.225788058309359
CHEMBL3622879,Cc1nc(C)c(CNc2nc(C3CC3)nc(Cl)c2C)s1,1,-0.590306,-26.33412,2.459101,-3.566434,3.356,2.93,-28.031757,0.0,0,1,-28.031757,-28.031757,,,,308.838,4.001260000000003,50.7,1.0,5.0,4.0,3.0,20.0,0.5,0.29803256464400546,0.18676452580506914,0.0683645977101336,0.07940421140591694,0.3427382784818741
CHEMBL244683,CC(=O)Nc1ccc2cc3ccc(NC(C)=O)cc3nc2c1,1,-2.919753,-29.861797,7.201846,-2.362923,3.069,1.53,-27.942627,0.0,0,1,-27.942627,-27.942627,,,,293.326,3.304800000000001,71.09,2.0,3.0,2.0,3.0,22.0,0.11764705882352941,0.17069222773433732,0.06967531522497888,0.029107855006585942,0.024312327835435094,0.14016062372510724
CHEMBL1598608,CN1C(=O)COc2c(C(=O)NC3CN4CCC3CC4)cc(Cl)cc21,1,0.660678,-31.062037,4.55521,-2.061017,2.381,1.78,-27.907164,0.0,0,1,-27.907164,-27.907164,,,,349.81800000000004,1.5191999999999999,61.88,1.0,4.0,2.0,5.0,24.0,0.5294117647058824,0.09586516147378842,0.052168214162883156,0.027430817821983047,0.016013713238281466,0.12336370101431784
CHEMBL297302,O=C(CCCN1CCC(n2c(=O)[nH]c3ccccc32)CC1)c1ccc(F)cc1,1,-0.245896,-30.577337,7.404047,-4.477747,6.728,1.62,-27.896933,0.0,0,1,-27.896933,-27.896933,,,,381.4510000000002,3.7687000000000026,58.1,1.0,3.0,6.0,4.0,28.0,0.36363636363636365,0.21882857376257572,0.1517656600847709,0.04283967634430137,0.0863377695664236,0.2533394384732754
CHEMBL1383935,Cn1c(C(=O)N2CCC(C(N)=O)CC2)cc2cc(Cl)ccc21,1,-1.394634,-30.690693,6.163982,-1.9646,2.918,2.4,-27.885944,0.0,0,1,-27.885944,-27.885944,,,,319.792,2.1692,68.33000000000001,1.0,2.0,2.0,3.0,22.0,0.375,0.11989310480236004,0.04856014480623161,0.01863853029077595,0.021396250390963135,0.08848300048540454
CHEMBL1070,COc1ccc2cc(CCC(C)=O)ccc2c1,1,-1.489808,-27.063204,4.040277,-3.336338,1.669,1.65,-27.849075,0.0,0,1,-27.849075,-27.849075,,,,228.29099999999997,3.370000000000002,26.3,0.0,2.0,4.0,2.0,17.0,0.26666666666666666,0.1282125404921964,0.05196649952235776,0.013847504303088991,0.028487328426563388,0.08181308553370926
CHEMBL1371770,c1cnc(N2CCN(Cc3ccc4c(c3)OCO4)CC2)nc1,1,-1.296462,-28.683229,4.618289,-2.467883,1.811,1.07,-27.829287,0.0,0,1,-27.829287,-27.829287,,,,298.34600000000006,1.5274999999999999,50.720000000000006,0.0,6.0,3.0,4.0,22.0,0.375,0.17609455298654889,0.03225224698068693,0.014538668110194225,0.011564471797749925,0.06299268778191942
CHEMBL1579318,CCOc1ccc(NC(=O)c2cc3ccccc3cc2OC)cc1,1,-1.083163,-27.88587,5.729821,-4.535519,5.312,2.31,-27.774731,0.0,0,1,-27.774731,-27.774731,,,,321.3760000000001,4.499400000000003,47.56,1.0,3.0,5.0,3.0,24.0,0.15,0.19593710964027697,0.13089961811038373,0.02048474348826408,0.09658238886492158,0.17909626886167637
CHEMBL1557667,Cn1c(N)c(C(=O)Nc2ccccc2F)sc1=S,1,-2.94489,-26.577559,4.641681,-2.88425,0.945,0.88,-27.765018,0.0,0,1,-27.765018,-27.765018,,,,283.353,2.789690000000001,60.05,2.0,4.0,2.0,2.0,18.0,0.09090909090909091,0.06327165089508284,0.03942199484969445,0.020690687236306682,0.009697248293317608,0.08142111117212956
CHEMBL833,Clc1ccccc1CN1CCc2sccc2C1,1,0.233534,-25.757587,1.165613,-3.373252,1.486,0.78,-27.731693,0.0,0,1,-27.731693,-27.731693,,,,263.793,3.959800000000002,3.24,0.0,2.0,2.0,3.0,17.0,0.2857142857142857,0.11699153591632618,0.0760578884390135,0.028166963500301154,0.03980844688292566,0.14742250920514827
CHEMBL1909285,Cc1nc([N+](=O)[O-])cn1-c1ccc([N+](=O)[O-])cc1,1,-3.941661,-25.63316,6.191552,-4.310702,1.143,1.07,-27.693974,0.0,0,1,-27.693974,-27.693974,,,,248.198,1.9971199999999998,104.1,0.0,5.0,3.0,2.0,18.0,0.1,0.0749682928458673,0.03086095176481602,0.017218742411169937,0.009391389180769476,0.07426842257257785
CHEMBL3752911,O=C(/C=C/N1C[C@H]2C[C@@H]1CN2c1ccccn1)c1ccccc1O,1,-1.2084,-29.879038,6.914669,-3.374398,5.253,2.28,-27.547167,0.0,0,1,-27.547167,-27.547167,,,,321.38000000000005,2.446700000000001,56.67,1.0,5.0,4.0,4.0,24.0,0.2631578947368421,0.08616915091673462,0.04727576619621332,0.014415413723716325,0.024137340196832155,0.07596104020365375
CHEMBL4563301,OCc1cccn2c(C3(c4ccc(Cl)cc4)CC3)nnc12,1,-0.764636,-26.772186,4.015193,-4.020585,1.675,0.86,-27.542213,0.0,0,1,-27.542213,-27.542213,,,,299.7610000000001,2.954900000000001,50.42,1.0,3.0,3.0,4.0,21.0,0.25,0.10146334446493001,0.05481888080875368,0.014141739992578723,0.02916237242139626,0.08398469981981889
CHEMBL1414242,COc1ccc(Cl)cc1C(=O)Nc1ccc(N(C)C(C)=O)cc1,1,-1.099603,-30.529919,7.898717,-3.695538,4.139,1.15,-27.426342,0.0,0,1,-27.426342,-27.426342,,,,332.7870000000001,3.5836000000000015,58.64,1.0,3.0,4.0,2.0,23.0,0.17647058823529413,0.11270150536097996,0.07737356386868485,0.02089282876707275,0.04252910689136034,0.11488495506057142
CHEMBL1509099,CCOCCc1nnc(NC(=O)c2ccc(OC)c(OC)c2)s1,1,-1.961332,-30.338238,7.34171,-2.461841,5.527,1.62,-27.419704,0.0,0,1,-27.419704,-27.419704,,,,337.40100000000007,2.3866000000000005,82.57000000000002,1.0,7.0,8.0,2.0,23.0,0.4,0.0951356817497363,0.06736944861505938,0.02399778484685461,0.030980354649480138,0.11935938637144158
CHEMBL1200604,CCN(Cc1ccncc1)C(=O)C(CO)c1ccccc1,1,-1.487435,-27.123171,4.206154,-3.012487,3.677,1.5,-27.416939,0.0,0,1,-27.416939,-27.416939,,,,284.359,2.2062,53.43000000000001,1.0,3.0,6.0,2.0,21.0,0.29411764705882354,0.17599586985681306,0.03457814121693661,0.012995838873949424,0.014525831075452604,0.06495074319288582
CHEMBL2105115,COc1ccccc1OC1(C)OC(=O)c2ccccc2O1,1,-1.069135,-28.569061,6.113642,-3.884456,4.875,2.92,-27.409012,0.0,0,1,-27.409012,-27.409012,,,,286.283,2.9971000000000014,53.99000000000001,0.0,5.0,3.0,3.0,21.0,0.1875,0.09299992825653164,0.051388093608346834,0.014147575626622165,0.028369681872802616,0.08727485018545947
CHEMBL3695718,Cc1nc(C)c(CNc2cc(C3CC3)nc3ccnn23)s1,1,-1.029029,-27.106466,4.429755,-3.698526,4.987,1.74,-27.404264,0.0,0,1,-27.404264,-27.404264,,,,299.40299999999996,3.2921400000000016,55.11,1.0,5.0,4.0,4.0,21.0,0.4,0.12348254851419,0.10089022134260084,0.03155197476757896,0.04652627482036894,0.16823846748930554
CHEMBL136497,Nc1nc(N)nc(-c2cc(Cl)ccc2Cl)n1,1,0.055784,-26.047852,2.570785,-3.908767,0.015,0.01,-27.33005,0.0,0,1,-27.33005,-27.33005,,,,256.096,2.0098,90.71,2.0,5.0,1.0,2.0,16.0,0.0,0.05853786428881777,0.024157281424336038,0.015540214962690336,0.004773815188174103,0.06207921812759967
CHEMBL3183075,CNC(=C[N+](=O)[O-])NCCSCc1csc(CN(C)C)n1,1,-0.544677,-29.899311,5.06832,-1.940522,7.451,2.34,-27.316191,0.0,0,1,-27.316191,-27.316191,,,,331.4670000000001,1.3224999999999998,83.33,2.0,8.0,10.0,1.0,21.0,0.5833333333333334,0.1830808119884719,0.05103816297855523,0.031205106343406844,0.01049601476912195,0.1231859180239814
CHEMBL626,CN(C/C=C/c1ccccc1)Cc1cccc2ccccc12,1,3.87343,-32.312817,7.754715,-6.560299,2.191,1.22,-27.24497,0.0,0,1,-27.24497,-27.24497,,,,287.406,4.985000000000004,3.24,0.0,1.0,5.0,3.0,22.0,0.14285714285714285,0.1889203042166598,0.12315465391579737,0.042769026792035286,0.065203685098985,0.23101133303782828
CHEMBL1386446,CN(C)c1nc(N)nc(-c2nc3ccccc3s2)n1,1,-2.354856,-26.977404,5.400498,-3.277692,0.064,0.03,-27.209455,0.0,0,1,-27.209455,-27.209455,,,,272.33700000000005,1.7965,80.82000000000001,1.0,7.0,2.0,3.0,19.0,0.16666666666666666,0.06800737067204117,0.027437204515771384,0.0123683341413742,0.008929079926502301,0.05773132408073126
CHEMBL1334692,O=C(O)Cc1cn(-c2ccccc2)nc1-c1ccc(Cl)cc1,1,-8.159451,-31.88439,18.293308,-5.416411,4.211,2.11,-27.166946,0.0,0,1,-27.166946,-27.166946,,,,312.75600000000003,3.8198000000000025,55.12,1.0,2.0,4.0,3.0,22.0,0.058823529411764705,0.14994088884674037,0.06818638493787535,0.01695660246049902,0.039449175561056336,0.10078831213501475
CHEMBL3665949,Cc1c(Cl)nc(OC[C@H]2C[C@@H]2c2ccccn2)nc1NCc1cnn(C)c1,1,0.073887,-29.997086,5.900884,-3.120129,11.753,3.18,-27.142445,0.0,1,1,-27.142445,-27.142445,,,,384.87100000000015,3.3615200000000005,77.75,1.0,6.0,7.0,4.0,27.0,0.3684210526315789,0.18731347997818473,0.13342976224638117,0.038839737769843875,0.06919462334350757,0.21054188534720336
CHEMBL43064,C(=C/c1ccccc1)\CN1CCN(C(c2ccccc2)c2ccccc2)CC1,1,8.511364,-32.671341,3.549865,-6.517779,1.948,0.91,-27.127892,0.0,0,1,-27.127892,-27.127892,,,,368.5240000000001,5.1070000000000055,6.48,0.0,2.0,6.0,4.0,28.0,0.23076923076923078,0.43041900982715586,0.19982107972734695,0.08657870733174938,0.0859131952690569,0.4018220415956723
CHEMBL165790,CC(C)Oc1ccc2c(=O)c(-c3ccccc3)coc2c1,1,-1.025229,-25.667316,3.565914,-4.000737,5.757,3.05,-27.127369,0.0,0,1,-27.127369,-27.127369,,,,280.32300000000004,4.247200000000003,39.44,0.0,3.0,3.0,3.0,21.0,0.16666666666666666,0.13051336308439201,0.09847190289494895,0.024634859157628176,0.060646725336842365,0.1475318194106176
CHEMBL1201168,Cc1cc(C(=O)NNCc2ccccc2)no1,1,-3.650646,-25.251068,3.85975,-1.999661,3.606,2.64,-27.041626,0.0,0,1,-27.041626,-27.041626,,,,231.25500000000002,1.4176199999999997,67.16,2.0,4.0,4.0,2.0,17.0,0.16666666666666666,0.04576849207157835,0.017831118685878302,0.011238455589299541,0.004135320063891516,0.041567032421652786
CHEMBL2037345,COc1ccc(/C=N/Nc2nc3ccccc3[nH]2)cc1OC,1,0.106772,-30.081221,6.421264,-3.452239,5.564,2.6,-27.005424,0.0,0,1,-27.005424,-27.005424,,,,296.3300000000001,3.0261000000000013,71.53,2.0,5.0,5.0,3.0,22.0,0.125,0.08768038823238723,0.05617496006150168,0.022304286252600326,0.01946444108762916,0.10182080948433388
CHEMBL2006030,CCN(/N=C/c1ccc(Cl)cc1)c1cc(=O)n(C)c(=O)[nH]1,1,-2.42237,-26.126368,4.550097,-2.989923,7.82,3.21,-26.988564,0.0,0,1,-26.988564,-26.988564,,,,306.753,1.5874,70.46000000000001,1.0,4.0,4.0,2.0,21.0,0.21428571428571427,0.051707986230023324,0.022929267333991685,0.010376056663282063,0.008601182661355554,0.046525444622767746
CHEMBL3695713,Cn1cc(CNc2cc(OC[C@H]3C[C@@H]3c3ccccn3)nc3ccnn23)cn1,1,2.190812,-32.550266,6.638871,-3.237113,8.611,3.07,-26.957695,0.0,0,1,-26.957695,-26.957695,,,,375.43600000000004,2.652400000000001,82.16,1.0,6.0,7.0,5.0,28.0,0.3,0.1289630466775292,0.08266015621718621,0.03230758243988127,0.030219692151922883,0.14612411848164902
CHEMBL4634634,C[C@@H]1C[C@H]1C(=O)N1CCN(c2cnc(C#N)c(-c3cnn(C)c3)n2)C[C@H]1C,1,-0.086547,-29.642879,5.185761,-2.40429,3.374,1.49,-26.947956,0.0,0,1,-26.947956,-26.947956,,,,365.4410000000001,1.4418799999999996,90.94000000000001,0.0,6.0,3.0,4.0,27.0,0.5263157894736842,0.15272026112474096,0.061514359378764795,0.03456532866695313,0.019311471892526768,0.15297880094973682
CHEMBL407,CCOC(=O)c1ncn2c1CN(C)C(=O)c1cc(F)ccc1-2,1,0.517552,-30.869341,7.022933,-3.606196,2.333,2.33,-26.935049,0.0,0,1,-26.935049,-26.935049,,,,303.293,1.7736999999999998,64.43,0.0,4.0,2.0,3.0,22.0,0.26666666666666666,0.15987395256530504,0.02896651916530117,0.010719622882954825,0.012966655291161333,0.0573421081926862
CHEMBL3094367,N#Cc1ccc(S(=O)(=O)N(CC(F)(F)F)c2ccc(C(O)(C(F)(F)F)C(F)(F)F)cc2)cc1,1,-0.681289,-28.826761,5.275667,-2.619237,8.049,2.62,-26.851622,0.0,1,1,-26.851622,-26.851622,,,,506.346,4.628080000000002,81.4,1.0,4.0,5.0,2.0,33.0,0.2777777777777778,0.17288265721650617,0.2912978664502959,0.13364283831936968,0.09734294966048032,0.5690587823296579
CHEMBL5441040,CC[C@H]1CCCN1c1cc(-c2ccco2)nnc1N,1,-1.150309,-27.728895,3.890686,-1.852253,1.608,1.16,-26.840771,0.0,1,1,-26.840771,-26.840771,,,,258.32500000000005,2.6975999999999996,68.18,1.0,5.0,3.0,3.0,19.0,0.42857142857142855,0.12401872037604457,0.06965522037164262,0.021984135297062356,0.03214294713521949,0.11245794807820808
CHEMBL1346834,Cc1nc(Cl)sc1C(=O)Nc1ccc(C(F)(F)F)cc1,1,-1.319293,-25.066042,2.428385,-2.707008,3.609,2.64,-26.663958,0.0,0,1,-26.663958,-26.663958,,,,320.723,4.376020000000001,41.99,1.0,3.0,2.0,2.0,20.0,0.16666666666666666,0.18058710022123858,0.10787926185684756,0.0315332710319516,0.06076158777974528,0.17537172134718362
CHEMBL3213880,Cc1cc(O)nc(N/N=C/c2ccc(Br)s2)n1,1,-0.238049,-29.142912,5.9888,-3.260538,5.82,3.48,-26.652699,0.0,0,1,-26.652699,-26.652699,,,,313.18,2.7606200000000003,70.4,2.0,6.0,3.0,2.0,17.0,0.1,0.12009168170452374,0.04155374434648127,0.022873644172257134,0.011561284743407485,0.10139532651546958
CHEMBL1979558,O=C1/C(=N/c2ccc(O)cc2)C(Cl)=C(O)c2ccccc21,1,-2.396612,-26.166819,3.747756,-1.808598,4.74,3.2,-26.624271,0.0,0,1,-26.624271,-26.624271,,,,299.713,3.8266000000000018,69.89,2.0,4.0,1.0,3.0,21.0,0.0,0.1591409773374086,0.07812186937190249,0.036859912797172094,0.02137328792561904,0.15736694546472363
CHEMBL1577852,O=C(CN1CCOCC1)Nc1nc2ccc([N+](=O)[O-])cc2s1,1,-0.902575,-29.462982,5.875741,-2.08985,2.953,1.78,-26.579664,0.0,0,1,-26.579664,-26.579664,,,,322.34600000000006,1.4752,97.6,1.0,7.0,4.0,3.0,22.0,0.38461538461538464,0.11606529789092379,0.03808806653675619,0.01376748098705285,0.016980736961412734,0.07239368134832999
CHEMBL5428009,C[C@H]1CCCCN1c1cc(-c2ccccc2O)nnc1N,1,-1.764319,-27.471727,4.219435,-1.559176,2.991,1.81,-26.575787,0.0,1,1,-26.575787,-26.575787,,,,284.36300000000006,2.8102000000000005,75.27,2.0,5.0,2.0,3.0,21.0,0.375,0.09464533490224847,0.08017807695479885,0.031298083000185814,0.02924842707879563,0.15012164793044988
CHEMBL3195346,Cc1nc(C)c(C(=O)N/N=C/c2c[nH]c3ccccc23)s1,1,-2.752193,-28.348064,7.471732,-2.947063,8.294,3.16,-26.57559,0.0,0,1,-26.57559,-26.57559,,,,298.37100000000004,3.005140000000001,70.14,2.0,4.0,3.0,3.0,21.0,0.13333333333333333,0.07922061825153813,0.052886919392629836,0.020607585980611007,0.018798638526673715,0.09388970480218185
CHEMBL3287136,Cc1c(-c2ccc(O)c(O)c2)[nH]c2ccc(OCCCO)cc12,1,-4.375704,-27.059183,5.042084,-0.125884,8.031,2.09,-26.518686,0.0,0,1,-26.518686,-26.518686,,,,313.35300000000007,3.3157200000000016,85.71000000000001,4.0,4.0,5.0,3.0,23.0,0.2222222222222222,0.1710627138429441,0.12382855564180298,0.08570484675587316,0.015470071950927502,0.2874095619802906
CHEMBL1533640,Cc1nnc(N2C(=O)c3cccc4c([N+](=O)[O-])ccc(c34)C2=O)s1,1,0.114367,-29.374071,6.397158,-3.606268,2.141,2.11,-26.468815,0.0,0,1,-26.468815,-26.468815,,,,340.3200000000001,2.708520000000001,106.30000000000001,0.0,7.0,2.0,4.0,24.0,0.06666666666666667,0.08886532200793425,0.060414098202449036,0.028706451474854257,0.020668094336647472,0.1239236351871228
CHEMBL1476893,O=S(=O)(NNc1ncc(C(F)(F)F)cc1Cl)c1ccc(F)cc1F,1,1.186837,-29.117931,4.179747,-2.626791,1.292,0.58,-26.378139,0.0,0,1,-26.378139,-26.378139,,,,387.71700000000004,3.3374000000000006,71.09,2.0,4.0,4.0,2.0,24.0,0.08333333333333333,0.1316721077192373,0.06693635024278176,0.028610402162472362,0.020573713655377277,0.12748420223988063
CHEMBL1110,Cc1[nH]cnc1CN1CCc2c(c3ccccc3n2C)C1=O,1,-0.426929,-31.167799,9.078296,-3.851719,1.507,0.94,-26.368153,0.0,0,1,-26.368153,-26.368153,,,,294.35800000000006,2.4083200000000007,53.92,1.0,2.0,2.0,4.0,22.0,0.29411764705882354,0.09178833182012547,0.04199287583488067,0.014092046761887633,0.019813483311283762,0.07051021686760822
CHEMBL3198275,O=C(N/N=C/c1ccc(-c2ccccc2[N+](=O)[O-])o1)c1cncc(Br)c1,1,-3.442145,-29.657139,10.634535,-3.84121,7.851,2.89,-26.30596,0.0,0,1,-26.30596,-26.30596,,,,415.20300000000003,3.776200000000002,110.63,1.0,6.0,5.0,3.0,26.0,0.0,0.14963453906914626,0.10686512522483571,0.03783256280891963,0.05463218679891985,0.20002807706373063
CHEMBL1336615,O=c1nc(Nc2ccc(Br)cc2)sc2ccc([N+](=O)[O-])cc12,1,-1.30863,-28.202087,7.193923,-3.988498,0.923,0.89,-26.305294,0.0,0,1,-26.305294,-26.305294,,,,378.2070000000001,4.070800000000002,85.13,1.0,6.0,3.0,3.0,22.0,0.0,0.13528748678457678,0.0987697108958174,0.0325660611661905,0.04578300833818504,0.17106274708363398
CHEMBL990,CN(Cc1ccc(C(C)(C)C)cc1)Cc1cccc2ccccc12,1,6.23225,-30.980633,4.837067,-6.287231,2.187,1.22,-26.198547,0.0,0,1,-26.198547,-26.198547,,,,317.476,5.769300000000006,3.24,0.0,1.0,4.0,3.0,24.0,0.30434782608695654,0.320328696524521,0.27086410897114604,0.09655624033011534,0.11598085483210219,0.4576661271758136
CHEMBL1430231,Cc1nc(N)nc(Nc2ccc(Cl)cc2)c1Br,1,-0.56491,-23.449989,1.468851,-3.624662,1.395,1.35,-26.170712,0.0,0,1,-26.170712,-26.170712,,,,313.586,3.526720000000001,63.83,2.0,4.0,2.0,2.0,17.0,0.09090909090909091,0.10440490273091274,0.060770750561123334,0.027123749037825145,0.018343253234300298,0.11832935935861054
CHEMBL490592,c1ccc(Nc2nc(-c3ccccn3)cs2)cc1,1,-0.221113,-25.96513,3.33718,-3.231928,1.513,1.47,-26.080992,0.0,0,1,-26.080992,-26.080992,,,,253.33000000000004,3.9487000000000014,37.81,1.0,4.0,3.0,3.0,18.0,0.0,0.09015434355936403,0.05582736622145535,0.021243498086194235,0.02149794560843342,0.09665022036944836
CHEMBL1407943,Clc1ccc(Cn2c(CN3CCCC3)nc3ccccc32)cc1,1,-1.088086,-24.431465,3.279744,-3.835091,4.324,2.13,-26.074898,0.0,0,1,-26.074898,-26.074898,,,,325.84299999999996,4.333800000000003,21.060000000000002,0.0,2.0,4.0,4.0,23.0,0.3157894736842105,0.17895034905051121,0.12903622284206237,0.044829613952908895,0.06614628351347179,0.23564710715849724
CHEMBL1300615,CCOc1ccccc1NC(=O)c1ccc2nccnc2c1,1,-0.23147,-29.157549,5.698385,-2.261967,6.982,3.37,-25.9526,0.0,0,1,-25.9526,-25.9526,,,,293.326,3.280800000000001,64.11,1.0,4.0,4.0,3.0,22.0,0.11764705882352941,0.12005042350911714,0.05434326435171962,0.011875734008150885,0.0328577915409602,0.07608244219252401
CHEMBL1600251,Cc1cc(C)nc(Nc2ncc(O)n2-c2ccccc2)n1,1,-0.313299,-26.450588,5.302508,-4.47277,4.153,3.02,-25.934151,0.0,0,1,-25.934151,-25.934151,,,,281.319,2.72834,75.86000000000001,2.0,5.0,3.0,3.0,21.0,0.13333333333333333,0.05860463286205352,0.045988605325618784,0.020103960879153077,0.014895967116129078,0.08778023770895138
CHEMBL4635134,CNC(=O)c1cc(C(=O)NC2CC2)cn(Cc2ccccc2)c1=O,1,-0.942826,-26.935013,4.764642,-2.78394,5.526,2.23,-25.897135,0.0,0,1,-25.897135,-25.897135,,,,325.368,1.1483999999999992,80.2,2.0,3.0,5.0,3.0,24.0,0.2777777777777778,0.05443356070255851,0.024428820216515032,0.015077161770722597,0.005583551467769191,0.059524137276309765
CHEMBL911,Cc1ccc(-c2nc3ccc(C)cn3c2CC(=O)N(C)C)cc1,1,0.585673,-29.423403,7.28745,-4.220387,5.459,3.09,-25.770668,0.0,0,1,-25.770668,-25.770668,,,,307.39700000000005,3.2488400000000013,37.61000000000001,0.0,2.0,3.0,3.0,23.0,0.2631578947368421,0.2224557910689239,0.060199262259637315,0.018719770047230747,0.03220926382880241,0.10707054567130445
CHEMBL13209,O=C1CN=C(c2ccccc2)c2cc([N+](=O)[O-])ccc2N1,1,-2.415505,-25.834909,4.766658,-2.266214,2.126,2.09,-25.749971,0.0,0,1,-25.749971,-25.749971,,,,281.27099999999996,2.3842999999999996,84.6,1.0,4.0,2.0,3.0,21.0,0.06666666666666667,0.09559174612665193,0.031177528624116095,0.011277892380295125,0.012365262005542584,0.05674058547551021
CHEMBL1605650,C[C@@H]1CCC[C@H](C)N1NC(=O)c1ccc(Cl)c(S(N)(=O)=O)c1,1,-4.465552,-27.715916,7.178907,-0.731606,1.436,1.04,-25.734167,0.0,0,1,-25.734167,-25.734167,,,,345.8520000000001,1.8951000000000002,92.5,2.0,4.0,3.0,2.0,22.0,0.5,0.13004288817780982,0.05850114468700423,0.023677472870797203,0.020565756897654053,0.11157280256316275
CHEMBL1484640,COC(=O)c1ccccc1NC(=O)Cn1ccnc1,1,0.284195,-28.564919,5.99363,-3.41025,2.874,1.08,-25.697344,0.0,0,1,-25.697344,-25.697344,,,,259.265,1.3083999999999998,73.22,1.0,4.0,4.0,2.0,19.0,0.15384615384615385,0.07196846789135143,0.015493248970236666,0.00782797100152775,0.00491256140316521,0.03513535930193388
CHEMBL1851805,CCN(CC)CC(=O)Oc1ccc(NC(C)=O)cc1,1,-0.661826,-28.681976,5.977165,-2.257261,13.287,6.16,-25.623898,0.0,0,1,-25.623898,-25.623898,,,,264.325,1.8921999999999999,58.64,1.0,4.0,6.0,1.0,19.0,0.42857142857142855,0.09512704259685535,0.03277934141792125,0.012626541152193574,0.013317980194624799,0.06177072937271579
CHEMBL631,CCCNCC(O)COc1ccccc1C(=O)CCc1ccccc1,1,3.50319,-32.704033,8.373157,-4.771472,11.327,2.92,-25.599159,0.0,0,1,-25.599159,-25.599159,,,,341.4510000000001,3.2414000000000023,58.559999999999995,2.0,4.0,11.0,2.0,25.0,0.38095238095238093,0.15197462010025167,0.09688497380114161,0.042502208336986765,0.033756899897313564,0.19386202040270167
CHEMBL3827928,O[C@H](c1ccccn1)C1(c2ccc(OC(F)(F)F)cc2)CC(F)(F)C1,1,0.221797,-24.410229,1.714973,-3.039968,9.444,3.52,-25.513426,0.0,1,1,-25.513426,-25.513426,,,,359.29400000000004,4.380700000000002,42.35000000000001,1.0,3.0,4.0,3.0,25.0,0.35294117647058826,0.290556765793426,0.16497894823809084,0.03490708738386341,0.10765198460070617,0.23741983014346954
CHEMBL1274,CC1(C)NC(=O)N(c2ccc([N+](=O)[O-])c(C(F)(F)F)c2)C1=O,1,0.080122,-26.367239,3.5239,-2.691093,2.435,1.43,-25.454309,0.0,0,1,-25.454309,-25.454309,,,,317.223,2.4484000000000004,92.55000000000001,1.0,4.0,2.0,2.0,22.0,0.3333333333333333,0.09490093596929387,0.05786281296519639,0.019403554725656587,0.028826503323441142,0.1032061453750544
CHEMBL287631,NC(=O)CCC/N=C(\c1ccc(Cl)cc1)c1cc(F)ccc1O,1,-1.215079,-25.772455,3.366566,-1.825782,11.072,2.09,-25.446749,0.0,0,1,-25.446749,-25.446749,,,,334.7780000000001,3.2876000000000025,75.68,2.0,3.0,6.0,2.0,23.0,0.17647058823529413,0.09264423647343657,0.06929113604273313,0.02486949914138187,0.023106786990506598,0.1168719306120745
CHEMBL86304,O=C(NCCN1CCOCC1)c1ccc(Cl)cc1,1,-0.913339,-26.215631,3.327482,-1.627769,4.154,1.62,-25.429258,0.0,0,1,-25.429258,-25.429258,,,,268.74399999999997,1.4020000000000006,41.57000000000001,1.0,3.0,4.0,2.0,18.0,0.46153846153846156,0.06256773091955005,0.02308079135557128,0.01110184257308594,0.008026195595313293,0.04796941369773785
CHEMBL16,O=C1NC(=O)C(c2ccccc2)(c2ccccc2)N1,1,-5.305488,-21.587955,3.206634,-1.736587,1.178,1.01,-25.423397,0.0,0,1,-25.423397,-25.423397,,,,252.27300000000002,1.7696,58.2,2.0,2.0,2.0,3.0,19.0,0.06666666666666667,0.04254755264827103,0.01849058509777831,0.012377598365784743,0.0033036066206848665,0.04792374396955421
CHEMBL5431005,C[C@@H]1CCCN1c1cc(-c2ccco2)nnc1N,1,-2.089972,-26.147053,4.324546,-1.499402,2.246,1.16,-25.411882,0.0,0,1,-25.411882,-25.411882,,,,244.298,2.3074999999999997,68.18,1.0,5.0,2.0,3.0,18.0,0.38461538461538464,0.14104151648856267,0.045275570966000114,0.015000860628121353,0.020940272060483406,0.07461940585366968
CHEMBL1407509,Cc1cccc2cc3c(N)c(C(=O)N4CCOCC4)sc3nc12,1,-0.478237,-27.75511,5.052704,-2.200439,2.604,2.4,-25.381083,0.0,0,1,-25.381083,-25.381083,,,,327.409,2.812520000000001,68.45,1.0,5.0,1.0,4.0,23.0,0.29411764705882354,0.09388440041078623,0.06394358138655602,0.01615303491645799,0.03715103148333723,0.09559397750208824
CHEMBL1591365,COc1cccc(N(C)C(=S)Oc2ccc3c(c2)CCCC3)n1,1,0.085517,-28.181089,5.931525,-3.191613,6.241,3.75,-25.355659,0.0,1,1,-25.355659,-25.355659,,,,328.4370000000002,3.7691000000000026,34.59,0.0,4.0,3.0,3.0,23.0,0.3333333333333333,0.1743154944205564,0.09956349922559768,0.03357866810867441,0.054322121828469,0.17529220976950777
CHEMBL3192859,COc1cc(/C=N/NC(=O)c2cccnc2)cc2c1OCO2,1,-2.874432,-27.948542,6.668716,-1.194732,1.867,1.05,-25.348989,0.0,0,1,-25.348989,-25.348989,,,,299.2860000000001,1.5828,82.04,1.0,6.0,4.0,3.0,22.0,0.13333333333333333,0.04954623619766688,0.021384964837247028,0.009062164455805724,0.00882922842604842,0.043024275762694617
CHEMBL1521,CCN(C(C)=O)c1cccc(-c2ccnc3c(C#N)cnn23)c1,1,-0.593065,-28.935133,7.947529,-3.734026,2.87,1.48,-25.314695,0.0,0,1,-25.314695,-25.314695,,,,305.341,2.6407800000000003,74.28999999999999,0.0,4.0,3.0,3.0,23.0,0.17647058823529413,0.07582633684363413,0.04362418168503797,0.013040631106719146,0.02043624586077506,0.07576364716338119
CHEMBL865,Cc1onc(-c2ccccc2)c1-c1ccc(S(N)(=O)=O)cc1,1,-0.724204,-29.256895,5.914557,-1.218889,0.717,0.68,-25.285429,0.0,0,1,-25.285429,-25.285429,,,,314.36600000000004,2.9644200000000005,86.19,1.0,4.0,3.0,3.0,22.0,0.0625,0.10818460814828634,0.04624746243069928,0.013657166808478345,0.02282203813201607,0.07471484247053826
CHEMBL24646,COc1ccc(-c2nc3cc(C4=NNC(=O)CC4C)ccc3[nH]2)cc1,1,0.694714,-30.804922,7.172552,-2.307485,2.143,2.11,-25.245142,0.0,0,1,-25.245142,-25.245142,,,,334.379,3.098600000000001,79.37,2.0,4.0,3.0,4.0,25.0,0.21052631578947367,0.10744597271027971,0.0757201185300628,0.02624088892617034,0.0325228655270307,0.12685142030109503
CHEMBL1340000,COc1cc2nc(-c3cccc(F)c3)cc(O)c2cc1OC,1,-1.421845,-26.878555,6.267611,-3.173398,1.908,1.1,-25.206188,0.0,0,1,-25.206188,-25.206188,,,,299.30100000000004,3.763700000000002,51.58,1.0,4.0,3.0,3.0,22.0,0.11764705882352941,0.12651076173310258,0.06894091928288319,0.01528225726866094,0.04015517060093915,0.09696000058480321
CHEMBL3781062,C[Si](C)(O)c1ccc(N(CC(F)(F)F)S(=O)(=O)c2ccccc2)cc1,1,-0.399486,-26.775366,5.407934,-3.435655,2.487,1.15,-25.202574,0.0,1,1,-25.202574,-25.202574,,,,389.471,2.848600000000001,57.61,1.0,3.0,5.0,2.0,25.0,0.25,0.1302827371073977,0.057324114139876564,0.025402571549130698,0.01824659269900792,0.11001361494389644
CHEMBL1369293,O=C(Nc1ccon1)c1cnc2sccn2c1=O,1,-1.591588,-29.132408,7.584051,-1.984716,0.035,0.02,-25.12466,0.0,0,1,-25.12466,-25.12466,,,,262.25,0.9962999999999997,89.5,1.0,6.0,2.0,3.0,18.0,0.0,0.04397575181373945,0.01152179073672816,0.006958634669196455,0.0030336002607492247,0.029331492987454272
CHEMBL1643895,Cn1cc(C(=O)[C@@H]2CCc3[nH]cnc3C2)c2ccccc21,1,-0.779608,-28.298023,8.429428,-4.41293,2.683,2.39,-25.061134,0.0,0,1,-25.061134,-25.061134,,,,279.343,2.8892000000000015,50.68,1.0,2.0,2.0,4.0,21.0,0.29411764705882354,0.12312799711402456,0.051449152573619046,0.013915442721501402,0.028574101447232648,0.07713164831468855
CHEMBL178862,COc1ccc(-c2cc(=S)ss2)cc1,1,-4.635258,-21.419525,4.580128,-3.504429,0.033,0.01,-24.979084,0.0,0,1,-24.979084,-24.979084,,,,240.374,4.214690000000002,9.23,0.0,4.0,2.0,2.0,14.0,0.1,0.1586537791846859,0.06029089664642274,0.029957865217019503,0.020332002455781126,0.1394448896334949
CHEMBL1425667,[O-][n+]1onc2c3cc(-c4ccccc4)nnc3ccc21,1,-0.916418,-26.610188,5.884833,-3.274042,0.375,0.37,-24.915815,0.0,0,1,-24.915815,-24.915815,,,,264.244,2.0713999999999997,78.75,0.0,5.0,1.0,4.0,20.0,0.0,0.04657179069320092,0.022341204389384542,0.009579685998555148,0.009035674276092804,0.04471619743302191
CHEMBL1087,Cc1cccc(C)c1NC(=O)C1CCCCN1C,1,-1.896296,-23.210051,2.838346,-2.628271,2.867,1.51,-24.896273,0.0,0,1,-24.896273,-24.896273,,,,246.35399999999996,2.7262400000000007,32.34,1.0,2.0,2.0,2.0,18.0,0.5333333333333333,0.13406737918600345,0.057138090507074475,0.019950713971957783,0.02612146574254415,0.10365429327859524
CHEMBL448245,CC(=O)Nc1cc(-c2ccc(Cl)cc2)n[nH]1,1,-2.345785,-24.909344,4.4225,-2.006495,1.108,1.1,-24.839127,0.0,0,1,-24.839127,-24.839127,,,,235.674,2.6885000000000003,57.78,2.0,2.0,2.0,2.0,16.0,0.09090909090909091,0.05527598464729335,0.029595008840117967,0.016112180231040975,0.006408803820710429,0.06541802822927578
CHEMBL142635,COc1ccccc1N1CCN(CC(O)COc2cccc3ccccc23)CC1,1,4.407044,-34.350586,8.784992,-3.658042,8.014,2.09,-24.816593,0.0,0,1,-24.816593,-24.816593,,,,392.4990000000001,3.410300000000002,45.17,1.0,5.0,7.0,4.0,29.0,0.3333333333333333,0.1280517270776985,0.10165246783768728,0.035581792138660244,0.04516915571225354,0.1825120572144184
CHEMBL1601528,O=C(Nc1cccc(Cl)c1)c1ccc(O)nn1,1,-1.795777,-27.323227,5.327501,-1.024144,0.942,0.89,-24.815647,0.0,0,1,-24.815647,-24.815647,,,,249.65699999999998,2.0879,75.11,2.0,4.0,2.0,2.0,17.0,0.0,0.05671522512103366,0.020456942835255596,0.012814536165169798,0.003985909200344683,0.051143942718812084
CHEMBL1510252,COC(=O)c1cc(C(=O)Nc2nnc(C3CC3)s2)cc([N+](=O)[O-])c1,1,-9.495486,-31.332911,19.609306,-3.46103,6.217,3.48,-24.680119,0.0,0,1,-24.680119,-24.680119,,,,348.34000000000003,2.3626000000000005,124.32000000000002,1.0,8.0,5.0,3.0,24.0,0.2857142857142857,0.08531309954569595,0.0747964130802074,0.03628315496839734,0.02555494682312473,0.16300593213313624
CHEMBL1529540,CCCC(=O)Nc1nn(C)c2nc3cc(C)ccc3cc12,1,-2.655548,-26.248077,7.69737,-3.431656,2.474,1.59,-24.637911,0.0,0,1,-24.637911,-24.637911,,,,282.34700000000004,3.168520000000002,59.81,1.0,3.0,3.0,3.0,21.0,0.3125,0.11841641298674327,0.06443883646607751,0.010822403326319292,0.041870561742995215,0.0850937733560692
CHEMBL2107094,C#CCOc1ccc(N)cc1C(=O)NCCCC,1,-1.449252,-27.326134,6.412141,-2.238791,7.327,2.09,-24.602039,0.0,0,1,-24.602039,-24.602039,,,,246.30999999999995,1.8107,64.35,2.0,3.0,6.0,1.0,18.0,0.35714285714285715,0.10563606809573815,0.027996201325636738,0.014504201658701671,0.00715015170487478,0.05840425939059052
CHEMBL409450,O=C1Nc2cc(Br)ccc2/C1=C1/Nc2ccccc2/C1=N\O,1,0.021926,-26.525541,4.056582,-2.143657,1.184,1.16,-24.590693,0.0,0,1,-24.590693,-24.590693,,,,356.17900000000003,3.4163000000000023,73.72,3.0,4.0,0.0,4.0,22.0,0.0,0.09092226967132505,0.0697934899847605,0.04526945266956721,0.012066622443861703,0.1763568822163051
CHEMBL1018,C/C=C(C(=C/C)/c1ccc(O)cc1)\c1ccc(O)cc1,1,-0.46644,-24.525896,2.583517,-2.175186,6.896,2.59,-24.584005,0.0,0,1,-24.584005,-24.584005,,,,266.34,4.604600000000004,40.46,2.0,2.0,3.0,2.0,20.0,0.1111111111111111,0.12013062141490145,0.11162369999266478,0.05208620541348595,0.03110954153213261,0.23828115272737943
CHEMBL1401,CC(=O)Oc1ccccc1C(=O)Nc1ncc([N+](=O)[O-])s1,1,-1.904418,-26.195412,7.077368,-3.52725,1.142,1.1,-24.549713,0.0,0,1,-24.549713,-24.549713,,,,307.28700000000003,2.2289000000000003,111.43,1.0,7.0,4.0,2.0,21.0,0.08333333333333333,0.08396163116785589,0.03651128454964179,0.018135876005172226,0.011647854131532671,0.07777184221897249
CHEMBL3187365,CN1CC2c3ccccc3Oc3ccc(Cl)cc3C2C1,1,0.716178,-24.309824,1.897047,-2.836059,0.0,0.0,-24.532658,0.0,0,1,-24.532658,-24.532658,,,,285.77400000000006,4.258500000000003,12.47,0.0,2.0,0.0,4.0,20.0,0.29411764705882354,0.13155799178716004,0.10193886049086727,0.03842552126805288,0.052383030060351464,0.20052483725718404
CHEMBL294199,COc1cc(CNC(=O)CCCC/C=C/C(C)C)ccc1O,1,-0.765312,-25.432711,4.314462,-2.586524,7.292,2.34,-24.470085,0.0,0,1,-24.470085,-24.470085,,,,305.418,3.789600000000003,58.56,2.0,3.0,9.0,1.0,22.0,0.5,0.21608874225870425,0.14640172454420383,0.056403521393931906,0.051072140387829736,0.2670743236524193
CHEMBL259972,COc1ccc(-c2noc(CC(=O)O)c2-c2ccc(OC)cc2)cc1,1,-18.965799,-33.289368,31.707903,-3.918087,2.759,1.45,-24.465349,0.0,0,1,-24.465349,-24.465349,,,,339.34700000000004,3.6529000000000025,81.79,1.0,5.0,6.0,3.0,25.0,0.15789473684210525,0.1267007222272011,0.09025140259592107,0.02091384918384862,0.05703281028301419,0.1311196135865051
CHEMBL1481388,Nc1cccc(Nc2ncnc3ccccc23)c1,1,0.139922,-25.742334,3.748581,-2.595845,1.516,1.47,-24.449678,0.0,0,1,-24.449678,-24.449678,,,,236.27800000000005,2.9556000000000004,63.83,2.0,4.0,2.0,3.0,18.0,0.0,0.08908371324267265,0.03536537563544027,0.019806525094958893,0.007710747004696843,0.07965304309307246
CHEMBL1055,NS(=O)(=O)c1cc(C2(O)NC(=O)c3ccccc32)ccc1Cl,1,-6.495898,-25.933573,7.101193,0.883365,1.042,1.02,-24.444912,0.0,0,1,-24.444912,-24.444912,,,,338.77200000000005,0.9242000000000001,109.49000000000001,3.0,4.0,2.0,3.0,22.0,0.07142857142857142,0.051457244104997656,0.01905200161477507,0.015392262910395664,0.0025907955383880988,0.06166123672345
CHEMBL5198290,CNC(=O)c1csc(C(=O)c2c[nH]c3ccccc23)n1,1,-3.378933,-27.064901,7.915674,-1.83703,5.074,2.73,-24.365191,0.0,0,1,-24.365191,-24.365191,,,,285.32800000000003,2.215,74.85,2.0,4.0,3.0,3.0,20.0,0.07142857142857142,0.062258419066685035,0.02620641613348778,0.013559198390826485,0.007717640805203971,0.057123699537542864
CHEMBL1201284,C[C@@H](NCCCc1cccc(C(F)(F)F)c1)c1cccc2ccccc12,1,7.036228,-29.61891,4.618711,-6.375597,5.392,2.12,-24.339567,0.0,0,1,-24.339567,-24.339567,,,,357.41900000000004,6.142000000000005,12.03,1.0,1.0,6.0,3.0,26.0,0.2727272727272727,0.3962371919053389,0.32506096521998673,0.09354331936406517,0.16242637169114763,0.5219614710668117
CHEMBL1369106,COc1ccccc1Nc1nc(NCCO)nc(N)c1[N+](=O)[O-],1,-1.319402,-25.935646,4.22624,-1.263598,3.051,1.46,-24.292406,0.0,0,1,-24.292406,-24.292406,,,,320.3090000000001,1.1233999999999997,148.46,4.0,9.0,7.0,2.0,23.0,0.23076923076923078,0.059816841156543434,0.04810349291725546,0.04328239887700443,0.003933532710909948,0.16432099217909274
CHEMBL1535518,CC(=O)Nc1cccc(OCC(=O)Nc2ccc(F)cc2)c1,1,-3.945905,-27.082895,9.637633,-2.874308,6.071,2.09,-24.265474,0.0,0,1,-24.265474,-24.265474,,,,302.305,2.8016000000000005,67.42999999999999,2.0,3.0,5.0,2.0,22.0,0.125,0.07742300174656104,0.040684965902298184,0.01850311963249051,0.012025224852283857,0.0798505442991284
CHEMBL1383970,Cc1csc(SCC(=O)Nc2ccc(Cl)cn2)n1,1,-1.347421,-24.927017,4.780316,-2.696275,3.704,1.71,-24.190399,0.0,0,1,-24.190399,-24.190399,,,,299.808,3.2307200000000016,54.88,1.0,5.0,4.0,2.0,18.0,0.18181818181818182,0.08755386091300221,0.04843659061687577,0.015058335800035594,0.025788308301968942,0.08114702060893936
CHEMBL3187723,Cn1cnc2c(F)c(Nc3ccc(Br)cc3F)c(C(=O)NOCCO)cc21,1,-0.277236,-31.739347,10.724251,-2.863022,4.849,1.47,-24.155354,0.0,0,1,-24.155354,-24.155354,,,,441.2320000000002,3.0113000000000003,88.41000000000001,3.0,5.0,6.0,3.0,27.0,0.17647058823529413,0.10792485950803195,0.08060816717089478,0.0400751384850841,0.021817901420008015,0.1649010243849681
CHEMBL1527352,Cc1ccc2c(c1)c1nc3ccccc3nc1n2C,1,-0.610493,-25.075298,5.257769,-3.653174,0.0,0.0,-24.081196,0.0,0,1,-24.081196,-24.081196,,,,247.30100000000002,3.5831200000000027,30.71,0.0,2.0,0.0,4.0,19.0,0.125,0.08721312065612956,0.048558594129410944,0.015324735955101535,0.02796087543083049,0.08347354015389284
CHEMBL1430347,[O-][n+]1onc2c1CCc1nnc(-c3ccccc3)cc1-2,1,-0.837253,-25.250034,5.208216,-3.19407,0.437,0.43,-24.073141,0.0,0,1,-24.073141,-24.073141,,,,266.26000000000005,1.5306000000000002,78.75,0.0,5.0,1.0,4.0,20.0,0.14285714285714285,0.05186495398592112,0.01948709787881238,0.0077254800047712,0.007602840001897224,0.034347514460452776
CHEMBL1481360,CCCCc1cc2c(c(NC(C)=O)n1)c(=O)oc1ccccc12,1,-0.629052,-25.678099,5.884674,-3.606377,2.003,1.62,-24.028852,0.0,0,1,-24.028852,-24.028852,,,,310.353,3.6422000000000017,72.2,1.0,4.0,4.0,3.0,23.0,0.2777777777777778,0.11181733626599615,0.09651008062256188,0.019148045427877895,0.06460497852891098,0.13509330263103744
CHEMBL1516375,NNc1nc(O)c2c3c(sc2n1)-c1ccccc1CC3,1,-0.080563,-24.307961,3.236293,-2.860377,0.014,0.01,-24.012608,0.0,0,1,-24.012608,-24.012608,,,,284.3440000000001,2.4481,84.06,3.0,6.0,1.0,4.0,20.0,0.14285714285714285,0.11441286118518013,0.049743479460711,0.03512273780050914,0.006146895208458189,0.13750111368583853
CHEMBL806,CC(C)C(=O)Nc1ccc([N+](=O)[O-])c(C(F)(F)F)c1,1,-0.257622,-24.743574,4.08564,-3.026461,2.646,1.43,-23.942017,0.0,0,1,-23.942017,-23.942017,,,,276.21399999999994,3.2081000000000017,72.24,1.0,3.0,3.0,1.0,19.0,0.36363636363636365,0.10591590761792108,0.07515269322341556,0.0281524821372012,0.03044440842758192,0.1399430047312722
CHEMBL4786793,C[C@H](c1ccccc1)N(C(=O)c1ccccc1)[C@@H](C(N)=O)c1ccccc1,1,2.130423,-29.018341,6.916109,-3.886078,5.069,1.87,-23.857887,0.0,0,1,-23.857887,-23.857887,,,,358.4410000000001,4.116600000000002,63.4,1.0,2.0,6.0,3.0,27.0,0.13043478260869565,0.17590315878640847,0.10484873604527763,0.032675815246630234,0.055219895017749626,0.17855506805026886
CHEMBL313972,C[C@H](Cc1ccc(O)c(O)c1)[C@@H](C)Cc1ccc(O)c(O)c1,1,-2.262703,-25.589697,4.512796,-0.427123,4.879,1.83,-23.766726,0.0,0,1,-23.766726,-23.766726,,,,302.37,3.5664000000000033,80.92,4.0,4.0,5.0,2.0,22.0,0.3333333333333333,0.12850281990567902,0.14722934019786793,0.09678207724070889,0.021768726407403443,0.34938824131295343
CHEMBL1576542,N#C/C(=C/c1ccccc1)c1nn(CCO)c(N)c1C#N,1,-3.560298,-24.128437,5.355049,-1.428939,7.553,3.09,-23.762627,0.0,0,1,-23.762627,-23.762627,,,,279.30299999999994,1.3934599999999995,111.65,2.0,5.0,4.0,2.0,21.0,0.13333333333333333,0.04647097767567144,0.022157056399764685,0.012818119683285932,0.005030568256219736,0.050988320385743316
CHEMBL45,COc1ccc2[nH]cc(CCNC(C)=O)c2c1,1,-2.144281,-26.763929,7.018686,-1.859289,0.775,0.66,-23.748814,0.0,0,1,-23.748814,-23.748814,,,,232.28299999999996,1.8550999999999997,54.12,2.0,2.0,4.0,2.0,17.0,0.3076923076923077,0.09577501582471137,0.02357611262646229,0.0128363872970069,0.006351127844418171,0.0507412961566965
CHEMBL681,CCOC(=O)c1cncn1[C@H](C)c1ccccc1,1,-0.055424,-23.039566,2.974995,-3.593371,8.779,5.73,-23.713366,0.0,0,1,-23.713366,-23.713366,,,,244.294,2.669100000000001,44.12,0.0,3.0,4.0,2.0,18.0,0.2857142857142857,0.07484606183226657,0.0338177413511215,0.009076418337263128,0.017067446772647595,0.05288041573442372
CHEMBL1256391,Cc1ccc(=O)n(-c2ccccc2)c1,1,-2.272741,-23.849045,6.189532,-3.750933,1.168,1.16,-23.683187,0.0,0,1,-23.683187,-23.683187,,,,185.22600000000003,2.1459200000000003,22.0,0.0,1.0,1.0,2.0,14.0,0.08333333333333333,0.08031471094006001,0.013265391222527578,0.006596636923936304,0.0046781482934782565,0.029374098452712383
CHEMBL1491587,Cc1ccccc1-c1nc(-c2cccnc2)no1,1,-0.258769,-24.815411,3.647427,-2.24621,2.083,2.05,-23.672962,0.0,0,1,-23.672962,-23.672962,,,,237.26200000000003,3.1070200000000012,51.81,0.0,4.0,2.0,3.0,18.0,0.07142857142857142,0.06725767964497992,0.03495071992902115,0.012398561377559724,0.016843526712331695,0.06348738863519755
CHEMBL93077,O=C(C[S+]([O-])C(c1ccccc1)c1ccccc1)NO,1,-6.154212,-24.133539,7.518183,-0.865495,5.265,2.73,-23.635061,0.0,0,1,-23.635061,-23.635061,,,,289.356,2.0301,72.39,2.0,3.0,5.0,2.0,20.0,0.13333333333333333,0.05410046559490464,0.023985905917815117,0.013071497534197465,0.005994722271486263,0.05387609597088876
CHEMBL12856,Nc1cc(-c2ccncc2)c[nH]c1=O,1,-1.940052,-25.411308,4.462333,-0.72876,1.082,1.08,-23.617786,0.0,0,1,-23.617786,-23.617786,,,,187.202,1.0191,71.77,2.0,3.0,1.0,2.0,14.0,0.0,0.015075329762795152,0.009314073490307722,0.0075065563201001505,0.000999332107638749,0.030172569017657067
CHEMBL597452,Cc1cc(Nc2ccc(Br)cc2)n2nc(C)nc2n1,1,-0.701255,-24.543221,5.916725,-4.257401,4.517,3.64,-23.585152,0.0,0,1,-23.585152,-23.585152,,,,318.17800000000005,3.2472400000000015,55.11,1.0,4.0,2.0,3.0,19.0,0.15384615384615385,0.08302042106139701,0.04658057185208617,0.010768860355695414,0.028125590994596772,0.06988352940596758
CHEMBL1697754,CC(C)OC(=O)C(C(=O)OC(C)C)=C1SC=CS1,1,-3.038594,-20.518604,3.444314,-3.453095,10.189,3.98,-23.565979,0.0,0,1,-23.565979,-23.565979,,,,288.39,3.0524000000000013,52.60000000000001,0.0,6.0,4.0,1.0,18.0,0.5,0.10556737941260029,0.08435191895236889,0.043256963927875224,0.02366218820559322,0.19582073253466856
CHEMBL277522,O=C(O)CCC(=O)c1ccc(-c2ccccc2)cc1,1,-8.9736,-27.620989,17.740707,-4.709099,7.089,1.95,-23.562981,0.0,0,1,-23.562981,-23.562981,,,,254.28500000000003,3.4011000000000022,54.37,1.0,2.0,5.0,2.0,19.0,0.125,0.10832644039827773,0.0452223125189538,0.014602998200767148,0.0171084889918698,0.07606959140190077
CHEMBL1518278,COc1ccccc1C(=O)Nc1ccc(N2CCCCC2)cc1,1,-1.587554,-23.424261,5.369218,-3.87282,3.961,1.16,-23.515417,0.0,0,1,-23.515417,-23.515417,,,,310.39700000000005,3.937800000000003,41.57,1.0,3.0,4.0,3.0,23.0,0.3157894736842105,0.1484013704929993,0.0981153894397612,0.01379537351775551,0.07477640177209478,0.1273936197095835
CHEMBL1289,Clc1cc(Cl)c(OCC#CI)cc1Cl,1,0.385346,-22.150085,1.966918,-3.715884,3.765,2.09,-23.513706,0.0,0,1,-23.513706,-23.513706,,,,361.39300000000003,4.421500000000001,9.23,0.0,1.0,2.0,1.0,14.0,0.1111111111111111,0.15481589702163126,0.06897760333292274,0.04355286375579237,0.017983166514235576,0.18447691332257984
CHEMBL130,O=C(N[C@H](CO)[C@H](O)c1ccc([N+](=O)[O-])cc1)C(Cl)Cl,1,-2.809115,-22.847845,3.670182,-1.474093,4.392,1.54,-23.460871,0.0,0,1,-23.460871,-23.460871,,,,323.13199999999995,0.9089999999999998,112.70000000000002,3.0,5.0,6.0,1.0,20.0,0.36363636363636365,0.08710512292528742,0.026259634891225913,0.01756179465163633,0.00390738194950003,0.06231761659930505
CHEMBL628,CC(=O)CCCCn1c(=O)c2c(ncn2C)n(C)c1=O,1,-0.491435,-26.685949,7.058925,-3.318716,4.151,1.62,-23.437174,0.0,0,1,-23.437174,-23.437174,,,,278.31200000000007,0.19300000000000006,78.89,0.0,4.0,5.0,2.0,20.0,0.5384615384615384,0.05007493644487116,0.01627630562916997,0.009552981079902718,0.004364173647506949,0.036224395068700996
CHEMBL198362,O=C(NC[C@H]1CN(c2ccc(N3CCOCC3=O)cc2)C(=O)O1)c1ccc(Cl)s1,1,1.141969,-31.378641,9.700774,-2.863901,5.007,1.68,-23.399797,0.0,0,1,-23.399797,-23.399797,,,,435.8890000000001,2.5199000000000007,88.18,1.0,6.0,5.0,4.0,29.0,0.3157894736842105,0.10802349861417511,0.07102045147385237,0.024981326601672967,0.032442203729478945,0.12440551662296266
CHEMBL1578889,CCOCC(=O)Nc1cccc(-c2nc3cccnc3s2)c1C,1,0.55394,-27.062588,5.803989,-2.685845,5.455,2.42,-23.390503,0.0,0,1,-23.390503,-23.390503,,,,327.4090000000001,3.641720000000002,64.11,1.0,5.0,5.0,3.0,23.0,0.23529411764705882,0.1167936649502936,0.08304294305827269,0.013902606774917966,0.056332743938517,0.10724703065911638
CHEMBL1427854,Cc1cnc(NC(=O)c2c(Cl)cnn2C)s1,1,2.241059,-29.461773,5.976619,-2.142987,2.646,2.64,-23.387081,0.0,0,1,-23.387081,-23.387081,,,,256.718,2.0907199999999997,59.81,1.0,4.0,2.0,2.0,16.0,0.2222222222222222,0.06785880428994927,0.022312445103377095,0.008575449954995183,0.01002857529566721,0.04133090323486077
CHEMBL284906,O=C(NCCO[N+](=O)[O-])c1cccnc1,1,-1.579096,-23.892588,3.841347,-1.731485,1.237,1.05,-23.361822,0.0,0,1,-23.361822,-23.361822,,,,211.17700000000002,0.01969999999999983,94.36,1.0,5.0,5.0,1.0,15.0,0.25,0.0416123303306318,0.0080446571799445,0.0056114280565450056,0.0014408801634121671,0.02194492417931951
CHEMBL1485041,Nc1[nH]ncc1C(=O)Nc1cccc(C(F)(F)F)c1,1,-1.975266,-26.360033,6.057997,-1.083809,0.994,0.88,-23.361113,0.0,0,1,-23.361113,-23.361113,,,,270.214,2.263,83.80000000000001,3.0,3.0,2.0,2.0,19.0,0.09090909090909091,0.02403318296671547,0.03299085179579761,0.023123260513505765,0.004557728212759528,0.08674568895022979
CHEMBL5086642,O=C1c2nc3cccc(C(F)(F)F)c3n2CCN1CC1CCC1,1,1.509286,-26.019375,5.249822,-3.910538,1.676,1.5,-23.170807,0.0,0,1,-23.170807,-23.170807,,,,323.3180000000001,3.3110000000000017,38.13,0.0,2.0,2.0,4.0,23.0,0.5,0.1740155489460968,0.09707970926569034,0.03936964507810069,0.044199932115157936,0.19444088276926252
CHEMBL1486581,CCC(=O)NC(=S)Nc1ccc(NC(=O)c2ccco2)c(Cl)c1,1,-6.002838,-24.773123,10.350358,-2.724078,5.066,1.57,-23.149679,0.0,0,1,-23.149679,-23.149679,,,,351.81500000000005,3.4083000000000006,83.37,3.0,4.0,4.0,2.0,23.0,0.13333333333333333,0.13800909772806977,0.07962660822570435,0.04155675768469416,0.018614060243119106,0.16282311208078235
CHEMBL1771,COC(=O)[C@H](c1ccccc1Cl)N1CCc2sccc2C1,1,1.264591,-23.876881,2.787373,-3.206126,1.641,0.74,-23.031042,0.0,0,1,-23.031042,-23.031042,,,,321.829,3.6739000000000024,29.54,0.0,4.0,3.0,3.0,21.0,0.3125,0.21563022300103998,0.07567098402874396,0.025027378615075077,0.04098655775535422,0.1401374288129241
CHEMBL1319897,O=C(Nc1ccc2c(c1)OCO2)c1ccncc1,1,-2.521761,-24.566383,5.673684,-1.505955,1.93,1.05,-22.920414,0.0,0,1,-22.920414,-22.920414,,,,242.23399999999998,2.0625999999999998,60.45,1.0,4.0,2.0,3.0,18.0,0.07692307692307693,0.060947793050321754,0.018210641732890543,0.008000871166938145,0.006891370850173721,0.03592243994519682
CHEMBL19236,COc1nc(C)nc(Cl)c1NC1=NCCN1,1,-0.661633,-25.446028,3.811556,-0.603777,5.015,3.64,-22.899883,0.0,0,1,-22.899883,-22.899883,,,,241.68200000000002,0.8181199999999997,71.43,2.0,6.0,2.0,2.0,16.0,0.4444444444444444,0.04574199299412592,0.018159168043120896,0.011093203811473384,0.004737193439493147,0.04451632413989724
CHEMBL585,Nc1nc(N)c2nc(-c3ccccc3)c(N)nc2n1,1,-3.52376,-24.237335,5.364614,-0.447042,0.017,0.01,-22.843523,0.0,0,1,-22.843523,-22.843523,,,,253.26900000000003,0.8334000000000001,129.62,3.0,7.0,1.0,3.0,19.0,0.0,0.005852913956279023,0.017810611683818766,0.01579420753475953,0.0014226514023319157,0.05883087987381808
CHEMBL1480987,CC1CC(OC(=O)C(O)c2ccccc2)CC(C)(C)C1,1,-0.958077,-20.172916,1.894195,-3.545061,2.045,1.37,-22.781858,0.0,1,1,-22.781858,-22.781858,,,,276.37600000000003,3.4780000000000024,46.53,1.0,3.0,3.0,2.0,20.0,0.5882352941176471,0.12122786537452224,0.11591490810470909,0.03686231030962431,0.05941637870672077,0.19904510684847518
CHEMBL1392445,O=C1c2ccccc2-c2nc3ccccc3nc21,1,-0.625236,-25.505608,6.023154,-2.594947,0.0,0.0,-22.702639,0.0,0,1,-22.702639,-22.702639,,,,232.242,2.8412000000000006,42.85,0.0,3.0,0.0,4.0,18.0,0.0,0.05546639732337343,0.024402182364721917,0.009994484511161316,0.009822723434876331,0.044848668167422646
CHEMBL1200596,Oc1c(Cl)cc(Cl)c2cccnc12,1,-0.652946,-23.655922,3.175564,-1.484266,0.0,0.0,-22.617571,0.0,0,1,-22.617571,-22.617571,,,,214.051,3.2472000000000003,33.120000000000005,1.0,2.0,0.0,2.0,13.0,0.0,0.05018094089785954,0.025178558676326804,0.012576480105582268,0.006418031828754514,0.05189672737525631
CHEMBL477,Nc1ncnc2c1ncn2[C@@H]1O[C@H](CO)[C@@H](O)[C@H]1O,1,-5.879737,-23.879599,5.751312,1.397872,2.6,2.1,-22.610149,0.0,0,1,-22.610149,-22.610149,,,,267.245,-1.9800000000000006,139.54000000000002,4.0,8.0,2.0,3.0,19.0,0.5,0.020032397563794335,0.009238755916611193,0.009952457125904004,0.0005108813811251036,0.03557143783639284
CHEMBL4251290,COC(=O)CN(c1ccc(C(C)(C)O)cc1)S(=O)(=O)c1ccccc1,1,-0.37306,-26.430593,5.834622,-1.567293,6.26,2.19,-22.536325,0.0,0,1,-22.536325,-22.536325,,,,363.4350000000001,2.2823,83.91,1.0,5.0,6.0,2.0,25.0,0.2777777777777778,0.060904320725270744,0.042144083298141045,0.013943079616538142,0.020404411677683258,0.06875970446541795
CHEMBL223228,O=C1Nc2ccc(Cl)cc2[C@@](C#CC2CC2)(C(F)(F)F)O1,1,-2.308596,-21.086578,4.078815,-3.198749,0.38,0.38,-22.515108,0.0,0,1,-22.515108,-22.515108,,,,315.67799999999994,4.073100000000001,38.33,1.0,2.0,0.0,3.0,21.0,0.35714285714285715,0.16278338977425902,0.11198296220111395,0.03486982522794004,0.06173137378521747,0.20433719499315878
CHEMBL1321,CNNCc1ccc(C(=O)NC(C)C)cc1,1,-2.68806,-21.920319,2.912757,-0.798288,2.326,1.05,-22.49391,0.0,0,1,-22.49391,-22.49391,,,,221.304,1.0487999999999995,53.16,3.0,3.0,5.0,1.0,16.0,0.4166666666666667,0.04016375239672491,0.01911261103316698,0.015089338576487962,0.0025194445835758548,0.05930370920025839
CHEMBL249856,CSc1ccc(C(=O)c2[nH]c(=O)[nH]c2C)cc1,1,-3.663656,-20.644405,4.083065,-2.253128,4.074,2.73,-22.478125,0.0,0,1,-22.478125,-22.478125,,,,248.307,1.9643199999999998,65.72,2.0,3.0,3.0,2.0,17.0,0.16666666666666666,0.03792867814337509,0.02046645992845733,0.011177365740578657,0.004477896417418658,0.04563023663487132
CHEMBL1567449,COc1ccccc1NC(=O)Nc1cccnc1,1,0.439412,-24.999138,4.056108,-1.957197,2.352,1.46,-22.460814,0.0,0,1,-22.460814,-22.460814,,,,243.26600000000002,2.7342000000000004,63.25,2.0,3.0,3.0,2.0,18.0,0.07692307692307693,0.05776648294745982,0.029816646776295495,0.01568247408531453,0.006550867933536605,0.060640363769027136
CHEMBL781,OC1(c2ccc(Cl)cc2)c2ccccc2C2=NCCN21,1,-1.771834,-22.782879,4.134428,-1.938642,0.754,0.75,-22.358927,0.0,0,1,-22.358927,-22.358927,,,,284.74600000000004,2.6092000000000004,35.830000000000005,1.0,3.0,1.0,4.0,20.0,0.1875,0.08271073461076368,0.029396219312896103,0.011005160638924308,0.012501748057119658,0.052915736209579685
CHEMBL277062,O=C1CN=C(c2ccccn2)c2cc(Br)ccc2N1,1,-0.583753,-23.032331,3.137346,-1.798058,2.09,2.09,-22.276796,0.0,0,1,-22.276796,-22.276796,,,,316.15799999999996,2.6336000000000004,54.35,1.0,3.0,1.0,3.0,19.0,0.07142857142857142,0.05626466942223559,0.025438019757766727,0.009550900771950258,0.01097885074625738,0.04647204249769076
CHEMBL3823873,COc1cccc(-c2nc3ccccc3c(=S)[nH]2)c1,1,-2.195121,-28.465466,12.205454,-3.650428,1.514,1.49,-22.10556,0.0,1,1,-22.10556,-22.10556,,,,268.341,3.967990000000002,37.91,1.0,3.0,2.0,3.0,19.0,0.06666666666666667,0.0846397343877096,0.05443817655126616,0.017064787856071618,0.025133663428645737,0.08544179767685567
CHEMBL1175,CNCC[C@H](Oc1cccc2ccccc12)c1cccs1,1,4.918907,-27.600864,5.047583,-4.420096,4.458,2.27,-22.05447,0.0,0,1,-22.05447,-22.05447,,,,297.423,4.630900000000003,21.259999999999998,1.0,3.0,6.0,3.0,21.0,0.2222222222222222,0.13946686788335386,0.10608177312093325,0.03100620665126798,0.06167198483070646,0.18301331971866727
CHEMBL4585141,O=S(=O)(Nc1cscn1)c1cc(Cl)c(NCc2cc(CN3CCC3)ccc2F)cc1F,1,-7.199633,-35.504917,22.878056,-2.223292,8.002,3.5,-22.049789,0.0,0,1,-22.049789,-22.049789,,,,484.9810000000003,4.6933000000000025,74.33,2.0,6.0,8.0,4.0,31.0,0.25,0.1934601003047344,0.23472529841213732,0.06289454499121316,0.12374440064878203,0.38115613852064584
CHEMBL371463,C[C@H]1CCC[C@H](O)CCC/C=C/c2cc(O)cc(O)c2C(=O)O1,1,-2.222654,-23.452612,4.02634,-0.294764,0.0,0.0,-21.943689,0.0,0,1,-21.943689,-21.943689,,,,320.38500000000005,3.3714000000000026,86.99,3.0,5.0,0.0,2.0,23.0,0.5,0.06338258124704743,0.17121226697029596,0.10457319486619716,0.03529072392932171,0.3958016604414511
CHEMBL399121,COc1ccc([C@@H]2CC(=O)c3c(O)cc(O)cc3O2)cc1O,1,-1.100309,-26.005821,5.558231,-0.387932,0.61,0.61,-21.935831,0.0,0,1,-21.935831,-21.935831,,,,302.28200000000004,2.518500000000001,96.22000000000001,3.0,6.0,2.0,3.0,22.0,0.1875,0.10633489574734856,0.05518729501988389,0.034869561362087596,0.008939029503497684,0.12813423831271636
CHEMBL36,CCc1nc(N)nc(N)c1-c1ccc(Cl)cc1,1,-1.92322,-19.489637,1.923538,-2.380791,0.872,0.85,-21.87011,0.0,0,1,-21.87011,-21.87011,,,,248.71700000000004,2.5238000000000005,77.82,2.0,4.0,2.0,2.0,17.0,0.16666666666666666,0.0650118200313864,0.03279004587896116,0.01662670987418698,0.00853281950066274,0.0668788061530601
CHEMBL861,CCC1(c2ccccc2)NC(=O)N(C)C1=O,1,-0.296118,-22.746197,3.664516,-2.42971,0.847,0.65,-21.807508,0.0,0,1,-21.807508,-21.807508,,,,218.25599999999994,1.4735000000000003,49.410000000000004,1.0,2.0,2.0,2.0,16.0,0.3333333333333333,0.06195518849956818,0.015549411991777088,0.006971387905155159,0.005522775649957352,0.03214179259095054
CHEMBL569713,CN1[C@@H]2C[C@@H](OC(=O)[C@H](CO)c3ccccc3)C[C@H]1[C@@H]1O[C@@H]12,1,-0.268811,-24.342485,3.542428,-0.693392,7.518,4.05,-21.76226,0.0,0,1,-21.76226,-21.76226,,,,303.358,0.9180999999999995,62.3,1.0,5.0,4.0,4.0,22.0,0.5882352941176471,0.06136268647545038,0.02637250885364292,0.01120718172169031,0.007821806626362048,0.05117194315127233
CHEMBL1363,COc1ccc(C[C@@H](C)NC[C@H](O)c2ccc(O)c(NC=O)c2)cc1,1,7.090841,-32.195946,3.879196,-0.491078,5.651,1.5,-21.716988,0.0,0,1,-21.716988,-21.716988,,,,344.41100000000006,2.2233,90.82,4.0,5.0,9.0,2.0,25.0,0.3157894736842105,0.07945152593239467,0.06307889740381559,0.04594233243368443,0.00804579162929186,0.16570102124826083
CHEMBL135400,CN1CCN(C(=O)OC2c3nccnc3C(=O)N2c2ccc(Cl)cn2)CC1,1,0.339631,-33.204437,13.347288,-2.174508,4.138,2.69,-21.692026,0.0,0,1,-21.692026,-21.692026,,,,388.8150000000001,1.5679999999999998,91.75999999999999,0.0,7.0,2.0,4.0,27.0,0.35294117647058826,0.06305320170316579,0.04078347269689196,0.020211799451726863,0.012115212252000148,0.08351126217064264
CHEMBL2104523,CCOc1cc(N)c([N+](=O)[O-])cc1C(=O)NC1CCN(CC2CC=CCC2)CC1,1,9.123636,-34.040474,7.567832,-4.330573,7.203,2.09,-21.679579,0.0,0,1,-21.679579,-21.679579,,,,402.4950000000003,3.1262000000000016,110.73,2.0,6.0,7.0,3.0,29.0,0.5714285714285714,0.16066903444960234,0.18244120901345365,0.062174676234135764,0.08828389433084262,0.32565598902011705
CHEMBL2105918,Cc1ccccc1-n1c(CF)nc2ccc(N)cc2c1=O,1,-1.675801,-21.899309,4.660275,-2.724624,1.683,1.15,-21.639458,0.0,0,1,-21.639458,-21.639458,,,,283.30600000000004,2.74582,60.910000000000004,1.0,3.0,2.0,3.0,21.0,0.125,0.06121033257796845,0.03131658431177723,0.009594911972158742,0.01537140315588534,0.04976720153415191
CHEMBL3195512,O=C(N/N=C/c1ccco1)c1ccc(C(=O)N/N=C/c2ccco2)o1,1,2.691797,-31.865368,9.966402,-2.376792,3.302,3.16,-21.583961,0.0,0,1,-21.583961,-21.583961,,,,340.2950000000001,1.9934,122.34,2.0,7.0,6.0,3.0,25.0,0.0,0.040801207806773564,0.031212707234279154,0.018266928168872244,0.006927106693836051,0.06816976071628725
CHEMBL17,NS(=O)(=O)c1cc(Cl)c(Cl)c(S(N)(=O)=O)c1,1,-1.996422,-26.83857,5.415625,1.856394,0.042,0.02,-21.562973,0.0,0,1,-21.562973,-21.562973,,,,305.16400000000004,0.2882000000000006,120.32,2.0,4.0,2.0,1.0,16.0,0.0,0.016365395433328152,0.008280378816465338,0.00721245712555138,0.0008499071567138304,0.027674829204396057
CHEMBL1201117,COc1ccccc1OCC(O)COC(N)=O,1,-5.817563,-21.3853,5.479549,0.169359,4.755,1.94,-21.553953,0.0,0,1,-21.553953,-21.553953,,,,241.24299999999994,0.5302000000000002,91.00999999999999,2.0,5.0,6.0,1.0,17.0,0.36363636363636365,0.036687149678066744,0.013286099245430337,0.00847980272034811,0.0025884322553013208,0.031613691844031955
CHEMBL2088586,O=c1ccn2nc(Oc3ccc(F)cc3F)ccc2c1-c1c(F)cccc1F,1,-0.23731,-25.569317,8.731374,-4.452963,0.791,0.55,-21.528215,0.0,0,1,-21.528215,-21.528215,,,,386.3040000000001,4.710200000000002,43.60000000000001,0.0,3.0,3.0,4.0,28.0,0.0,0.20854538430098943,0.11193085887277343,0.047431035056636615,0.050024422061729,0.23045095478418773
CHEMBL1527608,Cn1c(=O)c2c(ncn2CC2OCCO2)n(C)c1=O,1,-0.74289,-23.660717,5.074884,-2.096251,2.49,2.45,-21.424973,0.0,0,1,-21.424973,-21.424973,,,,266.25699999999995,-1.1933999999999994,80.28,0.0,5.0,2.0,3.0,19.0,0.5454545454545454,0.04038392727179032,0.007156627893429156,0.004954198216540616,0.0012288936362272076,0.01922669714634061
CHEMBL3103437,c1ccc(-c2ccc(C3(Cc4nnn[nH]4)C4CC5CC(C4)CC3C5)cc2)cc1,1,-7.541624,-27.893211,18.762066,-4.735804,2.177,0.84,-21.408571,0.0,0,1,-21.408571,-21.408571,,,,370.5000000000001,4.803300000000004,54.46,1.0,3.0,4.0,7.0,28.0,0.4583333333333333,0.39587494753151775,0.3087267540912963,0.14184583564440917,0.08937668628581018,0.6208156490563684
CHEMBL385517,N#C[C@@H]1C[C@@H]2C[C@@H]2N1C(=O)[C@@H](N)C12CC3CC(CC(O)(C3)C1)C2,1,0.272017,-24.514036,4.091186,-1.23899,1.801,1.26,-21.389822,0.0,0,1,-21.389822,-21.389822,,,,315.4170000000001,1.157979999999999,90.35000000000001,2.0,4.0,2.0,6.0,23.0,0.8888888888888888,0.10456749693576989,0.09515610762113273,0.06550142246349615,0.01344801738101407,0.26020630307057624
CHEMBL446,Cc1cc(C)nc(NS(=O)(=O)c2ccc(N)cc2)n1,1,-5.131481,-22.001528,6.652968,-0.869195,0.113,0.08,-21.349237,0.0,0,1,-21.349237,-21.349237,,,,278.337,1.4764399999999998,97.97,2.0,5.0,3.0,2.0,19.0,0.16666666666666666,0.0501737963731044,0.01923809184021072,0.010653028481100738,0.005020129704361125,0.039693694973433204
CHEMBL1773,CCCCCOC(=O)Nc1nc(=O)n([C@@H]2O[C@H](C)[C@@H](O)[C@H]2O)cc1F,1,-0.333322,-28.628822,7.819969,-0.165445,1.987,1.59,-21.307621,0.0,0,1,-21.307621,-21.307621,,,,359.35400000000004,0.7601999999999995,122.91000000000001,3.0,7.0,6.0,2.0,25.0,0.6666666666666666,0.08429249412053093,0.04870291811740375,0.027229717854835474,0.011002232793152203,0.10569546141730322
CHEMBL460499,CCCCCCNC(=O)n1cc(F)c(=O)[nH]c1=O,1,-0.175519,-25.902227,6.53883,-1.729919,4.521,1.59,-21.268837,0.0,0,1,-21.268837,-21.268837,,,,257.265,0.8136999999999999,83.96000000000001,2.0,3.0,5.0,1.0,18.0,0.5454545454545454,0.0647146555320314,0.020948212631989153,0.011557200056375217,0.004831389648120872,0.043164017977275086
CHEMBL1672352,CC(C)(C)Cc1c[nH]c(CC(C)(O)c2ccc(-c3ccc(F)cn3)cc2)n1,1,-0.395464,-22.275757,4.733951,-3.304559,2.836,0.85,-21.241829,0.0,0,1,-21.241829,-21.241829,,,,367.468,4.649600000000004,61.8,2.0,3.0,5.0,3.0,27.0,0.36363636363636365,0.22093825035166503,0.21198729078643805,0.05763415256224489,0.13065525348163923,0.34205850781600694
CHEMBL93,CC(c1cc2ccccc2s1)N(O)C(N)=O,1,-0.123538,-23.232399,3.644411,-1.529176,1.388,0.83,-21.240702,0.0,0,1,-21.240702,-21.240702,,,,236.29599999999996,2.7321999999999997,66.56,2.0,3.0,2.0,2.0,16.0,0.18181818181818182,0.05402935988499961,0.0335243475672041,0.01675964637688968,0.008512704009279254,0.06498002227680323
CHEMBL1024,O=P1(NCCCl)OCCCN1CCCl,1,-2.975823,-20.055115,3.446994,-1.623311,2.274,1.59,-21.207253,0.0,0,1,-21.207253,-21.207253,,,,261.08899999999994,1.884,41.57,1.0,2.0,5.0,1.0,14.0,1.0,0.10803740135774814,0.07707980483718337,0.0495426122935205,0.016602978374141365,0.20407006442255893
CHEMBL460,CCc1c(C)[nH]c2c1C(=O)C(CN1CCOCC1)CC2,1,-0.557645,-23.177359,4.686917,-2.064012,2.646,1.5,-21.112099,0.0,0,1,-21.112099,-21.112099,,,,276.38,1.96282,45.33,1.0,3.0,3.0,3.0,20.0,0.6875,0.08117711581233589,0.048065917251491695,0.01698067260658393,0.02301991299330812,0.0900117082922571
CHEMBL6,COc1ccc2c(c1)c(CC(=O)O)c(C)n2C(=O)c1ccc(Cl)cc1,1,-10.816533,-28.61615,22.972519,-4.580163,4.049,1.87,-21.040325,0.0,0,1,-21.040325,-21.040325,,,,357.793,3.9273200000000026,68.53,1.0,3.0,4.0,3.0,25.0,0.15789473684210525,0.14071668090756673,0.08547832752303743,0.017132639353599658,0.05712288315414903,0.11851485663590013
CHEMBL1097235,NS(=O)(=O)c1cc(-c2nnn[nH]2)c(NCc2cccs2)cc1Cl,1,-14.608984,-28.61146,21.79747,0.390072,3.608,2.23,-21.032902,0.0,0,1,-21.032902,-21.032902,,,,370.8470000000001,1.8410999999999997,126.65,3.0,7.0,5.0,3.0,23.0,0.08333333333333333,0.04504556676281307,0.03471186959913387,0.023328568335827728,0.006813127979074458,0.08639734470555464
CHEMBL571,CC(C(=O)O)c1cccc(C(=O)c2ccccc2)c1,1,-11.019175,-25.487888,19.578047,-4.06352,2.731,1.79,-20.992538,0.0,0,1,-20.992538,-20.992538,,,,254.285,3.1057000000000015,54.37,1.0,2.0,4.0,2.0,19.0,0.125,0.07353817334444332,0.03376071514946711,0.011705680319032052,0.013129431781799131,0.05685029949893403
CHEMBL810,Cn1nnc2c(C(N)=O)ncn2c1=O,1,-1.998771,-25.062904,5.598555,0.512846,2.408,2.4,-20.950275,0.0,0,1,-20.950275,-20.950275,,,,194.154,-2.078099999999999,108.17000000000002,1.0,5.0,1.0,2.0,14.0,0.16666666666666666,0.01120224505644755,0.0023176816329533957,0.0023496742214273274,0.00015724024643610653,0.009029955354253445
CHEMBL1488455,O=C(NC(=S)Nc1ccc(F)c(Cl)c1)C1CC1,1,-1.638197,-21.360847,5.262105,-3.05267,2.894,1.53,-20.789608,0.0,0,1,-20.789608,-20.789608,,,,272.7320000000001,2.7021000000000006,41.13,2.0,2.0,2.0,2.0,17.0,0.2727272727272727,0.06956845488785895,0.032484684765601235,0.015829825299626794,0.009874502937030804,0.07036621938400471
CHEMBL1413,Cc1cc(C2CCCCC2)n(O)c(=O)c1,1,-2.393754,-20.48064,4.189921,-2.071112,0.297,0.29,-20.755583,0.0,0,1,-20.755583,-20.755583,,,,207.273,2.4417199999999992,42.230000000000004,1.0,2.0,1.0,2.0,15.0,0.5833333333333334,0.08242908499343372,0.04421084025101762,0.01664029700582362,0.01864066441257285,0.0786381757451188
CHEMBL1307677,CC(=O)c1noc(C)c1C(=O)Nc1nccs1,1,-3.89971,-21.508049,6.409688,-1.756231,4.674,2.34,-20.754301,0.0,0,1,-20.754301,-20.754301,,,,251.26700000000002,1.89442,85.09,1.0,6.0,3.0,2.0,17.0,0.2,0.05331293761866632,0.02235938465731164,0.010315152295759397,0.008149386295063213,0.04304894181675635
CHEMBL1095,CCN1C(=O)NC(c2ccccc2)C1=O,1,-0.870856,-21.377064,3.55203,-2.026444,0.12,0.1,-20.722332,0.0,0,1,-20.722332,-20.722332,,,,204.22899999999998,1.2993999999999999,49.410000000000004,1.0,2.0,2.0,2.0,15.0,0.2727272727272727,0.04358662061345634,0.011767605469100478,0.005998749659897791,0.003565758152839452,0.026824998651695568
CHEMBL1532,CCC1NC(=O)c2cc(S(N)(=O)=O)c(Cl)cc2N1,1,-0.974532,-28.647036,8.100996,0.804157,0.412,0.39,-20.716415,0.0,0,1,-20.716415,-20.716415,,,,289.74399999999997,0.8788000000000005,101.28999999999999,3.0,4.0,2.0,2.0,18.0,0.3,0.03118433810960843,0.01864933112559263,0.013250611597390445,0.0029001614210074395,0.050617317804470624
CHEMBL934,CC(C)(C(=O)c1cccnc1)c1cccnc1,1,-0.898293,-22.238319,4.072194,-1.651453,2.787,1.87,-20.715872,0.0,0,1,-20.715872,-20.715872,,,,226.279,2.637100000000001,42.85,0.0,3.0,3.0,2.0,17.0,0.21428571428571427,0.058827528374881005,0.0252875278893491,0.007841909184306025,0.011164228037432779,0.04163371429857032
CHEMBL1765291,CC(C(=O)O)c1ccc2c(c1)CC(=O)c1ccccc1S2,1,-11.582844,-23.805784,19.156687,-4.433955,0.896,0.86,-20.665894,0.0,0,1,-20.665894,-20.665894,,,,298.363,3.764700000000002,54.37,1.0,3.0,2.0,3.0,21.0,0.17647058823529413,0.098176189601119,0.06381991044298227,0.014152633496727749,0.037062397751501365,0.09319166145523491
CHEMBL415324,COc1ccc(/C=C/C(=O)Nc2ccccc2C(=O)O)cc1OC,1,-8.37191,-29.781958,21.050882,-3.561203,5.826,2.39,-20.66419,0.0,0,1,-20.66419,-20.66419,,,,327.33600000000007,3.0539000000000014,84.86,2.0,4.0,6.0,2.0,24.0,0.1111111111111111,0.0756362384721826,0.049367836622877165,0.021105484881412468,0.015439943707205616,0.09347326352413726
CHEMBL1743304,N[C@@H](Cc1ccc(Oc2cc(I)c(O)c(I)c2)c(I)c1)C(=O)O,1,-6.872123,-27.576338,17.000587,-3.202384,5.664,2.44,-20.650257,0.0,0,1,-20.650257,-20.650257,,,,650.9760000000001,3.952700000000001,92.78000000000002,3.0,4.0,5.0,2.0,23.0,0.13333333333333333,0.2554693747645545,0.14856116998608104,0.11436236890080986,0.014216192008883322,0.41268880455643914
CHEMBL98,O=C(CCCCCCC(=O)Nc1ccccc1)NO,1,-0.476952,-25.592884,7.65975,-2.194869,8.89,1.65,-20.604954,0.0,0,1,-20.604954,-20.604954,,,,264.32500000000005,2.4711,78.43,3.0,3.0,8.0,1.0,19.0,0.42857142857142855,0.11615878756612052,0.05610885022319317,0.03350739151680751,0.008961100586237405,0.12443467849971401
CHEMBL590,CC1=CC(=O)c2ccccc2C1=O,1,-0.615577,-20.48608,3.10206,-2.59577,0.0,0.0,-20.595367,0.0,0,1,-20.595367,-20.595367,,,,172.18299999999996,2.0119000000000002,34.14,0.0,2.0,0.0,2.0,13.0,0.09090909090909091,0.04207636018480232,0.011716956830959966,0.0057082903591905215,0.0036456769400277033,0.025546884380070863
CHEMBL19224,COc1ccc(Cc2nccc3cc(OC)c(OC)cc23)cc1OC,1,-0.16467,-22.97241,5.789614,-3.213778,4.427,0.8,-20.561245,0.0,0,1,-20.561245,-20.561245,,,,339.3910000000001,3.860000000000003,49.81,0.0,5.0,6.0,3.0,25.0,0.25,0.09794913485572161,0.08895588236013822,0.030070248158260798,0.04487622816879183,0.1592261451578621
CHEMBL1475,Cc1cc2cc3c(C)cc(=O)oc3c(C)c2o1,1,-3.326559,-18.866735,5.050052,-3.38701,0.0,0.0,-20.530252,0.0,0,1,-20.530252,-20.530252,,,,228.24699999999996,3.4644600000000025,43.35,0.0,3.0,0.0,3.0,17.0,0.21428571428571427,0.08196712601811582,0.04866938806361313,0.018566273460067534,0.023163849374655016,0.09514593945526405
CHEMBL1316,CC(C(=O)O)c1ccc2c(c1)[nH]c1ccc(Cl)cc12,1,-8.382718,-24.817055,16.458012,-3.786322,1.279,0.92,-20.528082,0.0,0,1,-20.528082,-20.528082,,,,273.719,4.162600000000002,53.089999999999996,2.0,1.0,2.0,3.0,19.0,0.13333333333333333,0.13506704508302403,0.07936117338182788,0.03767307036719965,0.023392296211712675,0.1712459068472249
CHEMBL4069598,O=C(CC1(c2ccc(F)cc2)C2CC3CC1CC(C2)C3O)N1CC(O)C1,1,0.009305,-24.737078,5.232808,-0.823439,2.847,1.45,-20.318403,0.0,0,1,-20.318403,-20.318403,,,,359.4410000000001,2.0835999999999997,60.769999999999996,2.0,3.0,3.0,6.0,26.0,0.6666666666666666,0.08199762418841298,0.08579931324303706,0.04978828012298809,0.01858239680066168,0.20754575976199421
CHEMBL2106613,CC(=O)OCC(=O)[C@@]1(O)CC[C@H]2[C@@H]3CCC4=CC(=O)CC[C@]4(C)C3=CC[C@@]21C,1,-2.948807,-19.468342,5.659666,-3.47279,2.958,2.05,-20.230272,0.0,0,1,-20.230272,-20.230272,,,,386.4880000000002,3.301700000000002,80.67000000000002,1.0,5.0,3.0,4.0,28.0,0.6956521739130435,0.1368741297768695,0.2020588633749283,0.08227715102515525,0.08136610989194633,0.3956947207764513
CHEMBL1398824,O=C(/C=C\c1cccs1)c1c(O)ccc2ccc(=O)oc12,1,-11.491768,-24.891613,19.918959,-3.764921,7.857,2.73,-20.229343,0.0,0,1,-20.229343,-20.229343,,,,298.3190000000001,3.4562000000000017,67.50999999999999,1.0,5.0,3.0,3.0,21.0,0.0,0.052223902291853364,0.04296819735768727,0.015669164588400564,0.017867561410557765,0.07590650097565001
CHEMBL1351761,Nc1ccc(C(=O)Nc2ccccc2N)cc1,1,-1.769503,-21.348579,3.969859,-1.051099,1.927,1.03,-20.199322,0.0,0,1,-20.199322,-20.199322,,,,227.26700000000002,2.1033,81.14,3.0,3.0,2.0,2.0,17.0,0.0,0.05640364534791109,0.021942676390427934,0.017602477923084798,0.0018104610950061052,0.05990340939962419
CHEMBL1288810,OC[C@@H](O)CN1CCN(c2ccccc2)CC1,1,-3.01711,-20.76767,3.101917,0.538826,3.681,1.78,-20.144037,0.0,0,1,-20.144037,-20.144037,,,,236.31500000000003,0.16179999999999972,46.940000000000005,2.0,4.0,4.0,2.0,17.0,0.5384615384615384,0.03890991198539378,0.011114317820716995,0.007831029250063348,0.002494197198748094,0.030568959118797746
CHEMBL1405973,CCCCCCOc1ccccc1C(N)=O,1,-1.707522,-20.301933,4.326535,-2.459874,7.485,2.32,-20.142796,0.0,0,1,-20.142796,-20.142796,,,,221.29999999999998,2.7446,52.32,1.0,2.0,7.0,1.0,16.0,0.46153846153846156,0.10732459284530582,0.043957812339542705,0.017662156240295,0.012993574556073525,0.07939785012448825
CHEMBL137,Cc1ncc([N+](=O)[O-])n1CCO,1,-0.314031,-22.212454,4.577827,-2.13024,0.02,0.01,-20.078897,0.0,0,1,-20.078897,-20.078897,,,,171.15599999999998,0.09201999999999994,81.19,1.0,4.0,3.0,1.0,12.0,0.5,0.044029573555050654,0.009474041678820466,0.005828409419210531,0.0020779117937167117,0.023384689352110667
CHEMBL1257030,O=C(O)c1nn(Cc2ccc(Cl)cc2Cl)c2ccccc12,1,-9.909602,-28.611612,23.140781,-4.694541,3.426,2.11,-20.074972,0.0,0,1,-20.074972,-20.074972,,,,321.16300000000007,4.089600000000002,55.12,1.0,2.0,3.0,3.0,21.0,0.06666666666666667,0.1027998364135176,0.06312211127900215,0.01621125525910048,0.034931560562246264,0.09382512543070627
CHEMBL232148,NS(=O)(=O)c1ccc(-c2ccc(/C=C3\SC(=O)NC3=O)o2)cc1,1,-22.419111,-28.510794,29.45447,1.488472,3.849,2.69,-19.986963,0.0,0,1,-19.986963,-19.986963,,,,350.37700000000007,1.9179000000000002,119.47000000000001,2.0,6.0,3.0,3.0,23.0,0.0,0.05178008863592128,0.025356306266275334,0.01418151137841768,0.006472930646778936,0.059799080727727924
CHEMBL456,C=C(CC)C(=O)c1ccc(OCC(=O)O)c(Cl)c1Cl,1,-9.505793,-24.443283,18.069529,-4.100175,8.26,3.05,-19.979721,0.0,0,1,-19.979721,-19.979721,,,,303.14099999999996,3.6057000000000023,63.60000000000001,1.0,3.0,6.0,1.0,19.0,0.23076923076923078,0.12744147805906722,0.06075052666429467,0.02131019118418196,0.024156276361926788,0.1056542059109252
CHEMBL973,C/C(O)=C(\C#N)C(=O)Nc1ccc(C(F)(F)F)cc1,1,-0.838044,-22.943398,6.942979,-3.061031,2.114,0.92,-19.899492,0.0,0,1,-19.899492,-19.899492,,,,270.21,2.99948,73.11999999999999,2.0,3.0,2.0,1.0,19.0,0.16666666666666666,0.06809750712090572,0.043499649853880926,0.023936929877369253,0.010175805170377635,0.09523122974374612
CHEMBL56367,CS(=O)(=O)Nc1ccc([N+](=O)[O-])cc1Oc1ccccc1,1,-9.628692,-25.062778,16.491501,-1.683144,1.776,1.28,-19.883114,0.0,0,1,-19.883114,-19.883114,,,,308.315,2.7586000000000013,98.54,1.0,5.0,5.0,2.0,21.0,0.07692307692307693,0.057796322106929386,0.037141383380977236,0.01595770380887085,0.012862164270501339,0.07079930191350725
CHEMBL1173055,CNCc1ccc(-c2[nH]c3cc(F)cc4c3c2CCNC4=O)cc1,1,1.303056,-29.05526,10.49605,-2.579688,0.239,0.22,-19.835844,0.0,0,1,-19.835844,-19.835844,,,,323.371,2.979300000000001,56.92,3.0,2.0,3.0,4.0,24.0,0.21052631578947367,0.07595817136454595,0.0564837636526493,0.03699460483895582,0.01102277899379885,0.14961489047680512
CHEMBL1043,Nc1ccc(S(=O)(=O)c2ccc(N)cc2)cc1,1,-2.001714,-22.478943,5.136746,-0.294257,0.048,0.02,-19.638166,0.0,0,1,-19.638166,-19.638166,,,,248.30700000000002,1.6838000000000002,86.18,2.0,4.0,2.0,2.0,17.0,0.0,0.041193331766388896,0.014078004690595508,0.009470507477194044,0.0021330979673753405,0.03419432938707046
CHEMBL92401,CC(C)NNC(=O)c1ccncc1,1,-1.564649,-21.122677,3.949349,-0.881624,2.204,1.05,-19.6196,0.0,0,1,-19.6196,-19.6196,,,,179.223,0.7243999999999996,54.019999999999996,2.0,3.0,3.0,1.0,13.0,0.3333333333333333,0.0402575090189106,0.009507586700451237,0.006856145847822721,0.0014799400081976523,0.026664826303235346
CHEMBL1619,Nc1nc(Cl)nc2c1ncn2[C@H]1C[C@H](O)[C@@H](CO)O1,1,-3.653859,-21.807697,4.48608,1.414354,3.421,1.95,-19.561121,0.0,0,1,-19.561121,-19.561121,,,,285.69100000000003,-0.29740000000000044,119.31000000000002,3.0,7.0,2.0,3.0,19.0,0.5,0.030428519054600478,0.015322471407779948,0.011625783670005434,0.0023006725891487993,0.04384297377449873
CHEMBL564109,CCCCOC(=O)C(=O)Nc1cccc(-c2nnn[nH]2)c1,1,-18.111395,-25.181257,25.955999,-2.107478,1.868,0.97,-19.44413,0.0,0,1,-19.44413,-19.44413,,,,289.295,1.1484999999999996,109.86000000000001,2.0,6.0,5.0,2.0,21.0,0.3076923076923077,0.027803750547700817,0.021302387912317887,0.011225669745906254,0.005790071109202125,0.046647238336722546
CHEMBL744,Nc1nc2ccc(OC(F)(F)F)cc2s1,1,-0.221631,-20.306225,2.199412,-1.066919,5.033,2.89,-19.395363,0.0,0,1,-19.395363,-19.395363,,,,234.20199999999994,2.7771,48.14,1.0,4.0,1.0,2.0,15.0,0.125,0.03641688749461993,0.024136147639079137,0.01069183660368551,0.00821574510446168,0.04624274737782623
CHEMBL18116,Cc1cccc(N2CC(CO)OC2=O)c1,1,-1.893549,-21.873997,6.006608,-1.616397,1.135,1.07,-19.377335,0.0,0,1,-19.377335,-19.377335,,,,207.22899999999998,1.31252,49.77,1.0,3.0,2.0,2.0,15.0,0.36363636363636365,0.04135892587480466,0.013343581129559441,0.006039708884484517,0.004785584512763238,0.02708856834558069
CHEMBL400585,O=C(O)COn1c(-c2ccccc2)nc2ccc([N+](=O)[O-])cc21,1,-10.707311,-26.219265,21.988194,-4.41971,6.712,2.18,-19.358091,0.0,0,1,-19.358091,-19.358091,,,,313.2690000000001,2.1247000000000007,107.49000000000001,1.0,5.0,5.0,3.0,23.0,0.06666666666666667,0.04633889726209575,0.027230703430872718,0.012598046465008946,0.007580160277852191,0.057172363977788306
CHEMBL1324157,COc1ccccc1-c1nnc(NC(C)=O)s1,1,-2.028164,-22.691439,7.336701,-1.905399,2.327,2.05,-19.2883,0.0,0,1,-19.2883,-19.2883,,,,249.295,2.1720999999999995,64.11000000000001,1.0,5.0,3.0,2.0,17.0,0.18181818181818182,0.04268886150813612,0.020444984710796633,0.008511279084751355,0.00792523086953552,0.038690507025361996
CHEMBL1542516,Cc1ccc(Nc2ncccc2C(N)=O)cc1,1,-0.662764,-21.626486,4.917047,-1.871855,1.554,1.47,-19.244059,0.0,0,1,-19.244059,-19.244059,,,,227.26700000000002,2.23252,68.00999999999999,2.0,3.0,3.0,2.0,17.0,0.07692307692307693,0.03885421930123604,0.019266683831767585,0.011435353144109437,0.0035032924986530636,0.045871040187344704
CHEMBL30707,O=c1oc2cc(O)ccc2c2oc3cc(O)ccc3c12,1,-1.159203,-22.832838,5.4977,-0.733791,0.0,0.0,-19.228132,0.0,0,1,-19.228132,-19.228132,,,,268.224,3.1036,83.81,2.0,5.0,0.0,4.0,20.0,0.0,0.07057681644341023,0.04441694333681049,0.027360537759589763,0.008546816359524615,0.10628699647213376
CHEMBL3764044,CC1(C)CCc2cc(S(=O)(=O)N(CC(=O)O)Cc3cccc(-c4ccccc4)c3)ccc2O1,1,-7.743104,-34.043934,28.499527,-5.909655,6.519,1.78,-19.197165,0.0,0,1,-19.197165,-19.197165,,,,465.5710000000002,4.732700000000004,83.91000000000001,1.0,4.0,7.0,4.0,33.0,0.2692307692307692,0.19656685330619214,0.24206004223039312,0.07956141771417456,0.11617718215808033,0.41350258349091235
CHEMBL77921,Cc1cccc(C(C)c2c[nH]cn2)c1C,1,-2.304037,-16.887539,3.056049,-3.01432,1.684,0.93,-19.149847,0.0,0,1,-19.149847,-19.149847,,,,200.28500000000003,3.1783400000000013,28.68,1.0,1.0,2.0,2.0,15.0,0.3076923076923077,0.09646776090123388,0.03508341864608202,0.012726390983909723,0.01349494911128611,0.06306756413276879
CHEMBL404108,Cc1ccc(Nc2c(F)cccc2Cl)c(CC(=O)O)c1,1,-20.489929,-25.341131,31.145164,-4.422418,3.694,1.53,-19.108315,0.0,0,1,-19.108315,-19.108315,,,,293.725,4.158220000000002,49.33,2.0,2.0,4.0,2.0,20.0,0.13333333333333333,0.08699716855504457,0.07149111917936785,0.028767042748261487,0.020324776811738873,0.12470510703813165
CHEMBL562,COC1=CC(=O)C[C@@H](C)[C@]12Oc1c(Cl)c(OC)cc(OC)c1C2=O,1,-0.324207,-22.213579,5.37831,-1.817064,5.303,3.7,-18.976542,0.0,0,1,-18.976542,-18.976542,,,,352.7700000000001,2.8103000000000007,71.06,0.0,6.0,3.0,3.0,24.0,0.4117647058823529,0.07684774974199482,0.06778496019829289,0.026178645935906263,0.030167740143201265,0.12677836696377223
CHEMBL1201754,NC(=O)c1cn(Cc2c(F)cccc2F)nn1,1,-3.650632,-17.877722,3.572782,-0.819618,3.363,2.05,-18.77519,0.0,0,1,-18.77519,-18.77519,,,,238.197,0.7035000000000001,73.80000000000001,1.0,3.0,3.0,2.0,17.0,0.1,0.022918856898750815,0.007415882670946108,0.004899228532358595,0.001430087834742818,0.019280967055157885
CHEMBL802,Nc1cc(N2CCCCC2)nc(N)[n+]1[O-],1,-3.402966,-17.619482,4.17644,-1.914388,1.154,1.15,-18.760397,0.0,0,1,-18.760397,-18.760397,,,,209.25300000000001,-0.13029999999999975,95.11,2.0,5.0,1.0,2.0,15.0,0.5555555555555556,0.05611347669447559,0.011549308328725116,0.007438089808040309,0.0023908194062830413,0.02742034611067582
CHEMBL395091,CN[C@]1(c2ccccc2Cl)CCCCC1=O,1,-0.924291,-17.76409,2.230989,-2.20871,3.116,1.63,-18.666101,0.0,0,1,-18.666101,-18.666101,,,,237.7299999999999,2.897800000000001,29.1,1.0,2.0,2.0,2.0,16.0,0.46153846153846156,0.07156891479282784,0.03994749804055077,0.012192199621260303,0.019518205192052503,0.066836403826555
CHEMBL1432238,COc1ccc(N2CCN(c3cc(C)c4ccc(O)cc4n3)CC2)cc1,1,-1.925257,-31.558195,18.08564,-3.218339,3.551,2.34,-18.616152,0.0,0,1,-18.616152,-18.616152,,,,349.43400000000014,3.5840200000000024,48.83,1.0,5.0,3.0,4.0,26.0,0.2857142857142857,0.092929385152158,0.07784463354237112,0.02152669537799802,0.047056419418646925,0.12465031844385233
CHEMBL1554350,Cc1ccc(C)c2sc(NC(=O)C3CC3)nc12,1,-1.820975,-19.445938,5.749733,-3.087349,0.894,0.86,-18.60453,0.0,0,1,-18.60453,-18.60453,,,,246.33499999999998,3.2616400000000016,41.99,1.0,3.0,2.0,3.0,17.0,0.38461538461538464,0.08116658545857965,0.05242846704054153,0.01586998249406051,0.02504401886481772,0.08523562314859212
CHEMBL551991,Cc1cc2cc(/N=C(/NC#N)N[C@H]3CCCCN(CC(=O)N4CCCC4)C3=O)ccc2o1,1,1.394274,-22.507603,8.202106,-5.653,5.749,1.53,-18.564224,0.0,0,1,-18.564224,-18.564224,,,,436.5160000000003,2.3925,113.97000000000001,2.0,5.0,4.0,4.0,32.0,0.4782608695652174,0.11322548552647808,0.10069819179295234,0.04080829348248239,0.04279538820137266,0.19609489061186694
CHEMBL36994,COc1ccc(C(=O)N2CCCC2=O)cc1,1,-5.172824,-20.168446,9.000619,-2.184928,2.765,1.79,-18.525581,0.0,0,1,-18.525581,-18.525581,,,,219.23999999999995,1.4578,46.61,0.0,3.0,2.0,2.0,16.0,0.3333333333333333,0.046379434462989276,0.013570116531056593,0.005208485866953382,0.005525560479362127,0.025229886888769155
CHEMBL1441,CCc1cc(C(N)=S)ccn1,1,-7.580218,-13.630851,4.277074,-1.548507,2.45,1.42,-18.4825,0.0,0,1,-18.4825,-18.4825,,,,166.24900000000002,1.2782,38.91,1.0,2.0,2.0,1.0,11.0,0.25,0.03110554437392864,0.008771811974882512,0.00538439056764524,0.00173039259855893,0.021672855578935106
CHEMBL448416,CN=C(N)NC(=O)Nc1c(C)cccc1C,1,-1.573681,-20.157446,5.309713,-2.001933,1.355,1.35,-18.423347,0.0,0,1,-18.423347,-18.423347,,,,220.27599999999998,1.3694400000000002,79.50999999999999,3.0,2.0,1.0,1.0,16.0,0.2727272727272727,0.06314163945887884,0.01915306494637998,0.015159402168422537,0.0019931123853422546,0.05476517194857207
CHEMBL514800,CCOc1cc([C@@H](CS(C)(=O)=O)N2C(=O)c3cccc(NC(C)=O)c3C2=O)ccc1OC,1,-0.78067,-24.389349,10.147542,-3.291277,7.559,2.31,-18.313755,0.0,0,1,-18.313755,-18.313755,,,,460.5080000000002,2.4342000000000006,119.08,1.0,7.0,8.0,3.0,32.0,0.3181818181818182,0.14127787175883308,0.07711873262352106,0.03510189766753974,0.02910108929978979,0.15670513828581378
CHEMBL5425066,Cn1cc(-c2cc(C(N)=O)nc3cc(CN4CCOC(C5CC5)C4)ccc23)cn1,1,4.601348,-30.100067,9.375991,-2.150565,4.391,2.19,-18.273293,0.0,1,1,-18.273293,-18.273293,,,,391.47500000000014,2.3449999999999998,86.27,1.0,5.0,5.0,5.0,29.0,0.4090909090909091,0.07110939970847528,0.06269875678981411,0.021983220252891164,0.025411172081452466,0.11033630040153261
CHEMBL1487460,Nc1cc2c3c(cccc3c1)C(=O)N(CCN1CCCC1)C2=O,1,3.900054,-26.231323,6.880363,-2.796467,4.708,1.82,-18.247372,0.0,0,1,-18.247372,-18.247372,,,,309.369,2.1138000000000003,66.64000000000001,1.0,4.0,3.0,4.0,23.0,0.3333333333333333,0.054523548393048606,0.030667677466801588,0.008079106154024927,0.014967772573522484,0.04732641126403954
CHEMBL1129,O=c1[nH]c(=O)n([C@H]2C[C@H](O)[C@@H](CO)O2)cc1C(F)(F)F,1,-7.987929,-18.011137,5.890537,1.871047,3.474,2.1,-18.23748,0.0,0,1,-18.23748,-18.23748,,,,296.20099999999996,-0.8039000000000001,104.55000000000001,3.0,5.0,2.0,2.0,20.0,0.6,0.048990112942189724,0.011283876829931105,0.008899910977217072,0.0013231385336716767,0.03299395039812015
CHEMBL1371,O=c1[nH]c2cc(Cl)ccc2o1,1,-0.266095,-18.935081,2.766105,-1.748267,0.0,0.0,-18.183336,0.0,0,1,-18.183336,-18.183336,,,,169.56699999999998,1.7745,46.0,1.0,2.0,0.0,2.0,11.0,0.0,0.02265972915157256,0.008619760050206576,0.0057304249652384755,0.001499061731857337,0.022295159477919126
CHEMBL19449,CC(C)C(=O)c1c(C(C)C)nn2ccccc12,1,-1.863933,-17.74959,4.261664,-2.825714,3.729,2.4,-18.177574,0.0,0,1,-18.177574,-18.177574,,,,230.311,3.296400000000002,34.370000000000005,0.0,2.0,3.0,2.0,17.0,0.42857142857142855,0.12858870775390233,0.05115488953689029,0.016084475490174693,0.025235311234720795,0.0844567704259318
CHEMBL4067777,O=C(CC1(c2ccc(F)cc2)C2CC3CC(C2)CC1C3)N1CC(O)C1,1,-1.456666,-19.346649,4.976499,-2.326253,2.705,1.3,-18.153069,0.0,1,1,-18.153069,-18.153069,,,,343.4420000000001,3.112800000000002,40.540000000000006,1.0,2.0,3.0,6.0,25.0,0.6666666666666666,0.09219771211379874,0.12338363024430389,0.06213773937513817,0.03469463411245348,0.2681361405635782
CHEMBL4544968,COC[C@H](Nc1cc(F)c(S(=O)(=O)Nc2nccs2)cc1Cl)c1ccccc1,1,-8.678008,-34.233139,28.011927,-3.236437,6.295,3.15,-18.135658,0.0,1,1,-18.135658,-18.135658,,,,441.93700000000007,4.536000000000003,80.32,2.0,6.0,8.0,3.0,28.0,0.16666666666666666,0.17347038602436238,0.15315779476219027,0.044258084602388635,0.07930708448240167,0.24461383960655314
CHEMBL189,Cc1[nH]c(=O)c(C#N)cc1-c1ccncc1,1,-0.18558,-23.90554,7.839623,-1.882829,0.681,0.68,-18.134329,0.0,0,1,-18.134329,-18.134329,,,,211.22400000000002,1.617,69.53999999999999,1.0,3.0,1.0,2.0,16.0,0.08333333333333333,0.02766739683399066,0.011554569977198146,0.006436841142373296,0.0027422749699994513,0.026201367962441352
CHEMBL1201356,CC[C@@H](CO)NC(=O)[C@@H]1C=C2c3cccc4[nH]cc(c34)C[C@H]2N(C)C1,1,6.939422,-26.815647,3.424022,-1.665221,2.787,1.5,-18.117422,0.0,0,1,-18.117422,-18.117422,,,,339.4390000000002,1.9247,68.36,3.0,3.0,4.0,4.0,25.0,0.45,0.062341238301212715,0.04474694828825658,0.02880137321590785,0.009219477797759881,0.12512485574635715
CHEMBL563,CC(C(=O)O)c1ccc(-c2ccccc2)c(F)c1,1,-10.453941,-24.10417,21.282032,-4.749688,1.314,0.86,-18.025768,0.0,0,1,-18.025768,-18.025768,,,,244.265,3.6808000000000023,37.3,1.0,1.0,3.0,2.0,18.0,0.13333333333333333,0.07130836732636679,0.03962514589245803,0.014510973045646969,0.01373938863848818,0.06794627793284291
CHEMBL19490,Cc1cc(CC(=O)O)n(C)c1C(=O)c1ccc(Cl)cc1,1,-11.770517,-23.118193,20.842762,-3.979779,6.271,2.33,-18.025726,0.0,0,1,-18.025726,-18.025726,,,,291.73400000000004,2.8450200000000017,59.3,1.0,2.0,4.0,2.0,20.0,0.2,0.06960907501386081,0.03112579203240935,0.010362550104632128,0.013556878335214035,0.05252871939227782
CHEMBL589,CCCN(CCC)CCc1cccc2c1CC(=O)N2,1,7.033978,-27.569351,5.922115,-3.333813,4.519,1.16,-17.947071,0.0,0,1,-17.947071,-17.947071,,,,260.3809999999999,2.845700000000001,32.34,1.0,2.0,7.0,2.0,19.0,0.5625,0.10112566759375176,0.0502858020229039,0.01725103388020481,0.02311741764178284,0.08477812453505276
CHEMBL1200714,CN1C(=O)CCS(=O)(=O)C1c1ccc(Cl)cc1,1,-2.192339,-19.165495,4.262815,-0.814661,0.744,0.74,-17.909681,0.0,0,1,-17.909681,-17.909681,,,,273.741,1.6155000000000002,54.45,0.0,3.0,1.0,2.0,17.0,0.36363636363636365,0.07339621114918594,0.01746709121433634,0.006582942696652524,0.006915730454703108,0.030790399178926113
CHEMBL945,N=C(N)NC(=O)c1nc(Cl)c(N)nc1N,1,-1.057321,-21.74789,4.150418,0.747829,0.038,0.03,-17.906963,0.0,0,1,-17.906963,-17.906963,,,,229.63099999999997,-1.0823299999999998,156.79,5.0,6.0,1.0,1.0,15.0,0.0,0.008612366202448353,0.008080317121025374,0.010799785040785995,0.00010833852028333938,0.03307471909764368
CHEMBL3183440,CC=CC(=O)N(CC)c1ccccc1C,1,-1.006911,-16.934029,3.422505,-3.276923,3.787,2.4,-17.795357,0.0,0,1,-17.795357,-17.795357,,,,203.28500000000003,2.9240200000000014,20.310000000000002,0.0,1.0,3.0,1.0,15.0,0.3076923076923077,0.09727415042521441,0.02599878467270118,0.0097200505732663,0.008460647952671476,0.04865686938415895
CHEMBL9298,N#Cc1ccc(C2CCCc3cncn32)cc1,1,0.061489,-18.441521,3.863037,-3.197034,0.19,0.19,-17.714029,0.0,0,1,-17.714029,-17.714029,,,,223.279,2.680480000000001,41.61,0.0,2.0,1.0,3.0,17.0,0.2857142857142857,0.06381288964332076,0.02722546954552487,0.008555943361882527,0.013294184871702149,0.04535273102187071
CHEMBL3213524,C/C(=N\NC(=O)c1cccnc1)c1ccc(-n2ccnc2)cc1,1,-1.906217,-18.83147,6.959033,-3.928636,5.886,2.48,-17.707291,0.0,0,1,-17.707291,-17.707291,,,,305.341,2.4213000000000005,72.17,1.0,4.0,4.0,3.0,23.0,0.058823529411764705,0.03883618114032974,0.022942269644227808,0.009280981351292596,0.008081111304529662,0.043189457213710154
CHEMBL1351173,CC(=O)Nc1sc2c(c1-c1nc3ccccc3s1)CCN(C(C)C)C2,1,6.046712,-28.962347,9.660917,-4.375957,3.838,2.34,-17.630672,0.0,0,1,-17.630672,-17.630672,,,,371.5310000000002,4.749700000000003,45.230000000000004,1.0,5.0,3.0,4.0,25.0,0.3684210526315789,0.12515908536768286,0.18700875303591905,0.06628380011235212,0.09671965799360857,0.3459469663520442
CHEMBL797,CN1C(=O)CC(c2ccccc2)C1=O,1,-1.040914,-17.57188,3.410396,-2.318379,0.377,0.37,-17.520777,0.0,0,1,-17.520777,-17.520777,,,,189.214,1.1588999999999998,37.38,0.0,2.0,1.0,2.0,14.0,0.2727272727272727,0.040951451962860826,0.008738615665171453,0.00427267436373187,0.0030019996711801236,0.01894840516127738
CHEMBL4580996,C[C@H](Nc1cc(F)c(S(=O)(=O)Nc2cscn2)cc1Cl)c1cc(F)ccc1F,1,-5.864337,-30.582304,22.189955,-3.251196,7.5,3.5,-17.507881,0.0,1,1,-17.507881,-17.507881,,,,447.89100000000013,5.187700000000002,71.09,2.0,5.0,6.0,3.0,28.0,0.11764705882352941,0.16051906707937622,0.19493641315117138,0.0536943486600878,0.10315074671605912,0.2965831166433265
CHEMBL1454,c1ccc([C@H]2CN3CCSC3=N2)cc1,1,-1.48249,-16.575172,3.076511,-2.465701,0.111,0.11,-17.446854,0.0,0,1,-17.446854,-17.446854,,,,204.298,2.1460999999999997,15.6,0.0,3.0,1.0,3.0,14.0,0.36363636363636365,0.05554331961140288,0.01814572120978031,0.007426050138568978,0.007531175107753151,0.035153151514355926
CHEMBL1094,NC(=O)OCC(COC(N)=O)c1ccccc1,1,-0.103373,-22.525417,4.797463,0.406062,15.897,4.05,-17.425266,0.0,0,1,-17.425266,-17.425266,,,,238.24300000000002,0.9607999999999993,104.64000000000001,2.0,4.0,5.0,1.0,17.0,0.2727272727272727,0.04221725254897615,0.014191068024545611,0.009252340729310467,0.00274628231450149,0.033467544185347524
CHEMBL70418,CN1C(=O)CC(=O)N(c2ccccc2)c2cc(Cl)ccc21,1,-8.557142,-24.63702,19.409407,-3.608441,1.155,1.15,-17.393194,0.0,0,1,-17.393194,-17.393194,,,,300.74500000000006,3.3712000000000018,40.620000000000005,0.0,2.0,1.0,3.0,21.0,0.125,0.058637864184948346,0.03656439585888119,0.011963588572960088,0.0172886871396249,0.06123008736793566
CHEMBL56564,CN1[C@@H]2CC[C@H]1C[C@@H](OC(=O)c1c[nH]c3ccccc13)C2,1,5.351057,-26.303808,7.83244,-4.171591,9.049,5.73,-17.291903,0.0,0,1,-17.291903,-17.291903,,,,284.3590000000001,2.9499000000000013,45.33,1.0,3.0,2.0,4.0,21.0,0.47058823529411764,0.06900601853237155,0.05598171014777332,0.015272827494424832,0.028975556705822365,0.09093401019481122
CHEMBL1580,OC[C@H]1O[C@@H](n2cnc3c2N=CNC[C@H]3O)C[C@@H]1O,1,-5.792603,-21.616869,6.798676,3.363539,3.125,1.83,-17.247257,0.0,0,1,-17.247257,-17.247257,,,,268.273,-1.1798000000000006,112.13000000000001,4.0,7.0,2.0,3.0,19.0,0.6363636363636364,0.030592011668519256,0.012383542130364671,0.012247218436552382,0.0009818044418296505,0.04337074825079776
CHEMBL550,CC[C@@H]1C(=O)OC[C@@H]1Cc1cncn1C,1,0.371716,-19.462425,4.741138,-2.839428,3.781,2.9,-17.188999,0.0,0,1,-17.188999,-17.188999,,,,208.261,1.1618000000000002,44.12,0.0,3.0,3.0,2.0,15.0,0.6363636363636364,0.06989533567830909,0.018440082588324514,0.007738545352804967,0.007280022737672416,0.03547624944871838
CHEMBL365795,CC(C(=O)O)c1ccc(C(=O)c2ccccc2)s1,1,-12.244463,-24.056595,23.185394,-3.974217,4.61,2.73,-17.089878,0.0,0,1,-17.089878,-17.089878,,,,260.31399999999996,3.167200000000001,54.37,1.0,3.0,4.0,2.0,18.0,0.14285714285714285,0.05933970760582171,0.031298646007066874,0.010719313753409383,0.011618147364007084,0.052581565960506574
CHEMBL488,CCC1(c2ccc(N)cc2)CCC(=O)NC1=O,1,-0.713737,-19.999678,3.8281,-0.196367,0.528,0.35,-17.08168,0.0,0,1,-17.08168,-17.08168,,,,232.28299999999996,1.3532,72.19,2.0,3.0,2.0,2.0,17.0,0.38461538461538464,0.02182312442565662,0.017238974999627024,0.009161301768353794,0.004093939919497413,0.03418040665552568
CHEMBL126,CC(=O)NC[C@H]1CN(c2ccc(N3CCOCC3)c(F)c2)C(=O)O1,1,1.186788,-26.61619,9.156045,-0.708755,3.087,1.19,-16.982113,0.0,0,1,-16.982113,-16.982113,,,,337.35100000000006,1.1235999999999997,71.11,1.0,5.0,4.0,3.0,24.0,0.5,0.05258188931433904,0.02232469801015255,0.007733258133183797,0.008986574686170467,0.036873008839638774
CHEMBL1643,NC(=O)c1ncn([C@@H]2O[C@H](CO)[C@@H](O)[C@H]2O)n1,1,-8.058361,-19.050692,6.674155,3.476351,2.462,1.92,-16.958548,0.0,0,1,-16.958548,-16.958548,,,,244.20700000000002,-3.0114999999999994,143.72000000000003,4.0,7.0,3.0,2.0,17.0,0.625,0.010332050656642082,0.004625214637446707,0.0052615253816620505,0.00019953294582347356,0.018542842843612784
CHEMBL712,COc1ccc(C2C(=O)c3ccccc3C2=O)cc1,1,-10.909382,-22.224205,18.935234,-2.752198,1.071,1.06,-16.95055,0.0,0,1,-16.95055,-16.95055,,,,252.269,2.8580000000000005,43.370000000000005,0.0,3.0,2.0,3.0,19.0,0.125,0.05035158116906447,0.02427100408788387,0.00819595145783448,0.010890526041702635,0.04185472978841718
CHEMBL1600434,COCC(=O)Nc1nnc(-c2cccs2)s1,1,-9.167899,-24.985439,18.901369,-1.681492,5.497,3.48,-16.933462,0.0,0,1,-16.933462,-16.933462,,,,255.324,1.8515,64.11,1.0,6.0,4.0,2.0,16.0,0.2222222222222222,0.03628465421741214,0.016752702433480125,0.007987235597280167,0.005835900787741879,0.03656853534149171
CHEMBL182,Nc1nc2c(ncn2COC(CO)CO)c(=O)[nH]1,1,-8.363663,-18.975485,9.213487,1.201276,5.632,3.09,-16.924383,0.0,0,1,-16.924383,-16.924383,,,,255.23399999999998,-1.970899999999999,139.28,4.0,7.0,5.0,2.0,18.0,0.4444444444444444,0.024028907201843575,0.006076334855243499,0.006627695558648194,0.00029433995975665817,0.023379418883524423
CHEMBL1114,Cn1cnc2c1c(=O)[nH]c(=O)n2C,1,-0.252683,-20.537329,5.720678,-1.824595,0.0,0.0,-16.893929,0.0,0,1,-16.893929,-16.893929,,,,180.16699999999997,-1.0397,72.68,1.0,3.0,0.0,2.0,13.0,0.2857142857142857,0.013766992444933743,0.0031456885511779047,0.0026927233169522437,0.0003602208385408329,0.010411761034363528
CHEMBL668,CNCCCC1c2ccccc2C=Cc2ccccc21,1,8.140503,-25.30938,4.877526,-4.519183,2.044,1.62,-16.810534,0.0,0,1,-16.810534,-16.810534,,,,263.384,4.301900000000003,12.03,1.0,1.0,4.0,3.0,20.0,0.2631578947368421,0.10278050985930749,0.06727079781289631,0.021515178658528367,0.0354222449828545,0.1159325767111614
CHEMBL454,C=CCC1(CC(C)C)C(=O)NC(=O)NC1=O,1,-0.911327,-16.998072,1.756196,-0.604718,3.643,1.75,-16.757921,0.0,0,1,-16.757921,-16.757921,,,,224.26,0.9609999999999999,75.27000000000001,2.0,3.0,4.0,1.0,16.0,0.5454545454545454,0.06214142555058045,0.017125861488608975,0.00934944883984542,0.003885612301996212,0.0366878468824309
CHEMBL256997,O=C(O)c1cccc(-c2noc(-c3ccccc3F)n2)c1,1,-7.057281,-27.733084,21.868326,-3.814163,1.024,0.95,-16.7362,0.0,0,1,-16.7362,-16.7362,,,,284.246,3.240900000000001,76.22,1.0,4.0,3.0,3.0,21.0,0.0,0.0446374306711489,0.03454975195922618,0.014525687020921735,0.011946049816050476,0.06682500032281449
CHEMBL462605,Clc1ccc(CCCOCCCN2CCCCC2)cc1,1,7.484612,-25.763594,6.402346,-4.837646,8.451,1.62,-16.714283,0.0,0,1,-16.714283,-16.714283,,,,295.8539999999999,4.165200000000003,12.47,0.0,2.0,8.0,2.0,20.0,0.6470588235294118,0.13651105258629326,0.13466285922347618,0.07052016565233647,0.038743010437336606,0.3066204284742623
CHEMBL1495,CN1CCCN=C1COC(=O)C(O)(c1ccccc1)C1CCCCC1,1,5.465242,-25.347378,7.737702,-4.559016,2.087,1.56,-16.703449,0.0,0,1,-16.703449,-16.703449,,,,344.4550000000002,2.731700000000001,62.129999999999995,1.0,5.0,5.0,3.0,25.0,0.6,0.13386032099279851,0.07500014208542895,0.019163582647998813,0.04367803177812242,0.11936252251447119
CHEMBL325109,COc1cc(N)c(Cl)cc1C(=O)NC1CCN(Cc2ccccc2)CC1,1,9.4537,-30.02696,7.794786,-3.901222,1.827,1.16,-16.679697,0.0,0,1,-16.679697,-16.679697,,,,373.8840000000002,3.3252000000000024,67.58999999999999,2.0,4.0,5.0,3.0,26.0,0.35,0.08015444541426028,0.07421810881243525,0.018314866501814756,0.0369593928162376,0.10500749154775042
CHEMBL370805,COC(=O)[C@H]1[C@@H](OC(=O)c2ccccc2)C[C@@H]2CC[C@H]1N2C,1,7.346892,-25.68259,5.910697,-4.236597,1.333,0.97,-16.661598,0.0,0,1,-16.661598,-16.661598,,,,303.35800000000006,1.8677,55.84,0.0,5.0,3.0,3.0,22.0,0.5294117647058824,0.05629550031029997,0.033531148013825625,0.011540423018631273,0.015132450816460443,0.06523110966435143
CHEMBL2107333,COC(=O)/C=C/C(=O)OC,1,-0.620722,-17.48793,3.310356,-1.756124,5.126,2.73,-16.55442,0.0,0,1,-16.55442,-16.55442,,,,144.12599999999998,-0.11140000000000017,52.60000000000001,0.0,4.0,2.0,0.0,10.0,0.3333333333333333,0.02997009854434557,0.004587546931496827,0.0034403025464116925,0.000780213288041943,0.012929858449010564
CHEMBL506,COc1cc(NC(C)CCCN)c2ncccc2c1,1,6.548481,-25.153671,4.492245,-2.388476,3.551,1.53,-16.501421,0.0,0,1,-16.501421,-16.501421,,,,259.35299999999995,2.782700000000001,60.17,2.0,4.0,6.0,2.0,19.0,0.4,0.05074053214520746,0.04365230310819057,0.017456986825171175,0.01495548149366532,0.07834292857110255
CHEMBL885,Nc1nc(=O)n([C@@H]2CS[C@H](CO)O2)cc1F,1,-4.27234,-18.219215,4.769371,1.233538,2.418,1.91,-16.488646,0.0,0,1,-16.488646,-16.488646,,,,247.25099999999998,-0.4550000000000003,90.37,2.0,6.0,2.0,2.0,16.0,0.5,0.02271146311224582,0.007854036935189058,0.00537911672739037,0.0016519617594619334,0.020498493594505892
CHEMBL117287,COCCCN1CCC(NC(=O)c2cc(Cl)c(N)c3c2OCC3)CC1,1,8.018993,-29.201065,7.2247,-2.520335,6.116,1.62,-16.477705,0.0,0,1,-16.477705,-16.477705,,,,367.8770000000003,2.0877999999999997,76.82000000000001,2.0,5.0,6.0,3.0,25.0,0.6111111111111112,0.08948705107141892,0.05595152522080071,0.018086433456045825,0.025477335475974732,0.09117809852399061
CHEMBL388751,OCC(O)COc1ccc(Cl)cc1,1,-1.48619,-17.469048,3.016457,-0.480059,6.151,3.37,-16.418839,0.0,0,1,-16.418839,-16.418839,,,,202.63700000000003,1.072,49.69,2.0,3.0,4.0,1.0,13.0,0.3333333333333333,0.03864687959104355,0.010124518167351038,0.006822008698865578,0.0016296297362530798,0.028140099431593124
CHEMBL697,CN1C(=O)CC(C)(c2ccccc2)C1=O,1,-1.237451,-16.960329,3.51142,-1.717665,0.804,0.8,-16.404026,0.0,0,1,-16.404026,-16.404026,,,,203.241,1.333,37.38,0.0,2.0,1.0,2.0,15.0,0.3333333333333333,0.03439924131086212,0.010660553996009521,0.004624485253914443,0.003941954508744291,0.021743945916921067
CHEMBL1078261,CCCOC(C(=O)OC1CCN(C)CC1)(c1ccccc1)c1ccccc1,1,7.101649,-29.284704,12.001968,-6.206248,5.736,1.62,-16.387337,0.0,0,1,-16.387337,-16.387337,,,,367.489,3.994200000000003,38.77,0.0,4.0,7.0,3.0,27.0,0.43478260869565216,0.2657432186383974,0.11745739259242427,0.04966507696978669,0.049893560303161305,0.23170683984005752
CHEMBL595,CCc1ccc(CCOc2ccc(CC3SC(=O)NC3=O)cc2)nc1,1,-9.245421,-28.923168,23.091322,-1.285459,10.64,3.05,-16.362728,0.0,0,1,-16.362728,-16.362728,,,,356.44700000000006,3.159600000000001,68.28999999999999,1.0,5.0,7.0,3.0,25.0,0.3157894736842105,0.11112711446539188,0.058933456082299586,0.01410164985696814,0.031170152182215933,0.08644651588212877
CHEMBL154,COc1ccc2cc([C@H](C)C(=O)O)ccc2c1,1,-17.816875,-21.485268,26.240086,-3.212646,0.912,0.86,-16.274704,0.0,0,1,-16.274704,-16.274704,,,,230.26299999999998,3.036500000000001,46.53,1.0,2.0,3.0,2.0,17.0,0.21428571428571427,0.05352425995036964,0.02881282016209533,0.010261264305198161,0.009455642097257109,0.049162603726107264
CHEMBL1460,O=c1[nH]cnc2c1ncn2[C@H]1CC[C@@H](CO)O1,1,-1.623969,-24.183336,9.781949,-0.21888,2.28,1.92,-16.244236,0.0,0,1,-16.244236,-16.244236,,,,236.23099999999997,-0.21050000000000008,93.03,2.0,5.0,2.0,3.0,17.0,0.5,0.0325468974130075,0.009517990668683564,0.006097817933624406,0.0018804822882815138,0.02245903163419484
CHEMBL1518,CCCc1cc(=O)[nH]c(=S)[nH]1,1,-3.075768,-16.180136,4.789156,-1.776923,0.529,0.52,-16.24367,0.0,0,1,-16.24367,-16.24367,,,,170.237,1.38499,48.65,2.0,2.0,2.0,1.0,11.0,0.42857142857142855,0.05684599764817761,0.013639862689556557,0.008659432828340509,0.00224623662812412,0.03326460214344365
CHEMBL1584969,COc1cccc2c(O)c3cccc(N)c3nc12,1,-0.683471,-17.538868,3.690803,-1.654924,0.799,0.79,-16.18646,0.0,0,1,-16.18646,-16.18646,,,,240.26199999999997,2.6844,68.37,2.0,4.0,1.0,3.0,18.0,0.07142857142857142,0.048325953878487336,0.025863223142900963,0.015196656564341077,0.005439231517126151,0.058208911256555904
CHEMBL328560,NS(=O)(=O)c1ccc(N2CCCCS2(=O)=O)cc1,1,-3.271293,-21.19013,7.709234,0.591889,1.081,1.05,-16.160301,0.0,0,1,-16.160301,-16.160301,,,,290.36599999999993,0.2639999999999998,97.53999999999999,1.0,4.0,2.0,2.0,18.0,0.4,0.02785419130903781,0.010321965784999157,0.005550961031945487,0.0027975211058993486,0.023273486103286337
CHEMBL226345,Nc1[nH]cnc2ncnc1-2,1,-1.507477,-18.513702,5.458977,-1.559672,0.0,0.0,-16.121874,0.0,0,1,-16.121874,-16.121874,,,,135.13,-0.11330000000000012,80.48,2.0,4.0,0.0,2.0,10.0,0.0,0.00890963448600422,0.0037484080516120865,0.0037686411187576544,0.0002373903717356872,0.01354126614850458
CHEMBL750,NS(=O)(=O)Cc1noc2ccccc12,1,-1.338149,-21.272417,7.276941,-0.602959,0.0,0.0,-15.936583,0.0,0,1,-15.936583,-15.936583,,,,212.23000000000002,0.6163,86.19000000000001,1.0,4.0,2.0,2.0,14.0,0.125,0.015746589289685857,0.006685028145741639,0.0043558107975120355,0.0011600875084400075,0.0167204328283273
CHEMBL469,O=C(c1ccccc1)c1ccc2n1CCC2C(=O)O,1,-10.60825,-22.733299,20.954786,-3.540519,3.552,2.64,-15.927281,0.0,0,1,-15.927281,-15.927281,,,,255.27299999999997,2.291,59.3,1.0,2.0,3.0,3.0,19.0,0.2,0.0357726409598196,0.020004154540624493,0.0078117789948037595,0.00698042351255481,0.036557897002651676
CHEMBL3589557,O=C(c1cc(S(=O)(=O)Nc2ccccc2F)c(F)cc1Cl)N1CCN2CCC[C@@H]2C1,1,3.120384,-29.831718,14.139256,-3.301073,2.718,1.87,-15.873151,0.0,0,1,-15.873151,-15.873151,,,,455.9140000000003,3.3392000000000017,69.72,1.0,4.0,4.0,4.0,30.0,0.35,0.15373690581404895,0.0902038849168122,0.03387517554445367,0.038119013320506,0.16001941509307838
CHEMBL956,CC(C(=O)O)c1ccc(C(=O)c2cccs2)cc1,1,-10.602893,-20.568796,19.133827,-3.8016,3.67,2.73,-15.83946,0.0,0,1,-15.83946,-15.83946,,,,260.31399999999996,3.167200000000001,54.37,1.0,3.0,4.0,2.0,18.0,0.14285714285714285,0.044927946206648715,0.030070681215670563,0.010685418779198753,0.011037951113082764,0.05216893930431733
CHEMBL2103837,O=C(O)c1ccc2nc(-c3cc(Cl)cc(Cl)c3)oc2c1,1,-10.208235,-25.454042,22.878548,-2.971447,0.034,0.02,-15.755177,0.0,0,1,-15.755177,-15.755177,,,,308.12000000000006,4.4998000000000005,63.33,1.0,3.0,2.0,3.0,20.0,0.0,0.0766103407314372,0.07139589177063933,0.031308567628229825,0.02602118062491079,0.15356156051916578
CHEMBL5593488,COc1cnc2c(-c3nc4cc(F)c5c(c4s3)C[C@H](COC(=O)Nc3cnc(C)nc3)O5)cc(C)cc2n1,1,2.625542,-24.61322,8.550296,-2.208272,8.699,4.05,-15.645655,0.0,0,1,-15.645655,-15.645655,,,,532.5570000000002,5.013240000000004,121.24000000000001,1.0,10.0,5.0,6.0,38.0,0.23076923076923078,0.25698260918405785,0.38540547074934683,0.1715248074768226,0.11165176810412109,0.7493655921466899
CHEMBL70972,CC1=C(C)C(=O)C(C(CCCCCC(=O)O)c2ccccc2)=C(C)C1=O,1,-5.524316,-32.634392,28.118191,-5.580345,6.47,1.59,-15.620861,0.0,0,1,-15.620861,-15.620861,,,,354.446,4.610000000000003,71.44,1.0,3.0,8.0,2.0,26.0,0.4090909090909091,0.1274849224529645,0.187280516521032,0.07401361447387927,0.0753707838563428,0.3559208435998439
CHEMBL404422,CCCCC1(CC)C(=O)NC(=O)NC1=O,1,-1.215251,-15.917024,1.75276,-0.18292,2.643,1.62,-15.562435,0.0,0,1,-15.562435,-15.562435,,,,212.249,0.9389999999999998,75.27000000000001,2.0,3.0,4.0,1.0,15.0,0.7,0.05074193945071733,0.02151984941662878,0.011807902041207009,0.005020200904615043,0.05019385743121862
CHEMBL898,O=C(O)c1cc(-c2ccc(F)cc2F)ccc1O,1,-8.464099,-21.606152,17.926447,-3.361209,3.762,1.89,-15.505013,0.0,0,1,-15.505013,-15.505013,,,,250.19999999999996,3.035600000000001,57.53,2.0,2.0,2.0,2.0,18.0,0.0,0.03753526734780647,0.024645187109392782,0.015200555772983602,0.004117357392696981,0.05723776630794157
CHEMBL2105617,CCC1C2CC3C4N(C)c5ccccc5C45CC(C2[C@H]5O)N3C1O,1,8.075653,-24.151087,2.107921,-1.500981,0.345,0.34,-15.468493,0.0,0,1,-15.468493,-15.468493,,,,326.44,1.5545,46.94,2.0,4.0,1.0,7.0,24.0,0.7,0.09192078830934818,0.055397436706276774,0.03962706354402121,0.008065923204678582,0.15059995689983635
CHEMBL1544647,CN1CCN(CCCNC(=O)c2cc3c(-c4ccc(Cl)cc4)nn(C)c3s2)CC1,1,8.81612,-36.373814,16.061316,-3.94298,5.019,2.39,-15.439358,0.0,0,1,-15.439358,-15.439358,,,,431.99300000000017,3.3225000000000016,53.4,1.0,5.0,6.0,4.0,29.0,0.42857142857142855,0.07968737021717646,0.08798287819177557,0.031511041721124115,0.03660093796035485,0.1589009001082519
CHEMBL918,NC(=O)NC(=O)Cc1ccccc1,1,-5.888871,-16.746174,7.892213,-0.683861,3.727,1.51,-15.426692,0.0,0,1,-15.426692,-15.426692,,,,178.191,0.42399999999999954,72.19,2.0,2.0,2.0,1.0,13.0,0.1111111111111111,0.026617632422968957,0.005524090944315616,0.004895165160434295,0.0004696289865890095,0.018286487509810486
CHEMBL856,CCC1(c2ccccc2)C(=O)NCNC1=O,1,-2.48337,-16.59079,4.552989,-0.827854,0.782,0.4,-15.349025,0.0,0,1,-15.349025,-15.349025,,,,218.25599999999994,0.5378999999999999,58.2,2.0,2.0,2.0,2.0,16.0,0.3333333333333333,0.03452135582821128,0.008147178381176257,0.00586481082659005,0.0014219007231470247,0.023487278489641637
CHEMBL686,Cc1cccc(Nc2ccccc2C(=O)O)c1C,1,-19.638716,-23.27784,31.415119,-3.745462,1.611,1.53,-15.246901,0.0,0,1,-15.246901,-15.246901,,,,241.29,3.7452400000000017,49.33,2.0,2.0,3.0,2.0,18.0,0.13333333333333333,0.06611883794240346,0.046353739301741734,0.023982401019033844,0.009003044982796969,0.09246121673906907
CHEMBL652,O=C(NCC1CCCCN1)c1cc(OCC(F)(F)F)ccc1OCC(F)(F)F,1,7.329165,-29.130312,10.263185,-3.566874,11.14,2.31,-15.104836,0.0,0,1,-15.104836,-15.104836,,,,414.34600000000006,3.4407000000000014,59.59,2.0,4.0,7.0,2.0,28.0,0.5882352941176471,0.16098040626386204,0.12168347492974664,0.04328425461153168,0.04730609008790285,0.2213405907197534
CHEMBL814,COCCCC/C(=N\OCCN)c1ccc(C(F)(F)F)cc1,1,7.531851,-23.097898,3.239755,-2.75928,6.465,2.0,-15.085572,0.0,0,1,-15.085572,-15.085572,,,,318.339,3.201500000000001,56.84,1.0,4.0,9.0,1.0,22.0,0.5333333333333333,0.08008021230405371,0.07323072865114992,0.03118138807654451,0.02755011206716766,0.13541552806324772
CHEMBL847,CC(C)NCC1CCc2cc(CO)c([N+](=O)[O-])cc2N1,1,6.944096,-25.018238,4.598327,-1.568893,2.244,1.16,-15.044708,0.0,0,1,-15.044708,-15.044708,,,,279.34,1.8117999999999996,87.42999999999999,3.0,5.0,5.0,2.0,20.0,0.5714285714285714,0.06230804289345163,0.042847643536272996,0.02434509267860324,0.010573891639502397,0.09822582827472598
CHEMBL1201220,CC(=O)Nc1c(I)c(NC(C)=O)c(I)c(C(=O)O)c1I,1,-7.722811,-29.436571,24.755108,-2.634492,4.94,1.87,-15.038767,0.0,0,1,-15.038767,-15.038767,,,,613.9150000000002,3.1154,95.50000000000001,3.0,3.0,3.0,1.0,20.0,0.18181818181818182,0.14580876582108124,0.07958175772063893,0.08037763048456975,0.00580860915047645,0.26544402718109683
CHEMBL527,CN1C(C(=O)Nc2ccccn2)=C(O)c2ccccc2S1(=O)=O,1,-10.705126,-26.958433,24.569607,-1.926197,2.384,2.33,-15.020149,0.0,0,1,-15.020149,-15.020149,,,,331.35300000000007,1.5809999999999997,99.6,2.0,5.0,2.0,3.0,23.0,0.06666666666666667,0.012064789669764793,0.016414798019643805,0.009726610579827545,0.0037472506692823693,0.037111423258980744
CHEMBL1537068,Cc1ccc[n+](CC(=O)c2ccc(Br)cc2)c1C,1,6.833661,-23.828104,6.444849,-4.441102,2.11,1.1,-14.990697,0.0,0,1,-14.990697,-14.990697,,,,305.19500000000005,3.236340000000002,20.95,0.0,1.0,3.0,2.0,18.0,0.2,0.10250889060331299,0.02840205966180926,0.012710697298078834,0.009116781705952738,0.0570402858077644
CHEMBL1589,CC(=O)c1ccc(S(=O)(=O)NC(=O)NC2CCCCC2)cc1,1,-10.762109,-27.268665,24.771097,-1.693787,2.694,1.08,-14.953463,0.0,0,1,-14.953463,-14.953463,,,,324.4020000000001,2.2098000000000004,92.34,2.0,4.0,4.0,2.0,22.0,0.4666666666666667,0.0439905975084016,0.04315298585584348,0.016173979687130968,0.0167716166453768,0.07496159041594522
CHEMBL926,CC(CCc1ccc(O)cc1)NCCc1ccc(O)c(O)c1,1,5.627469,-26.670712,7.208701,-1.079876,8.417,2.03,-14.914418,0.0,0,1,-14.914418,-14.914418,,,,301.386,2.956800000000002,72.72,4.0,4.0,7.0,2.0,22.0,0.3333333333333333,0.07774028339796316,0.06757700656525786,0.047636453795035845,0.007206992455344699,0.16359714646420467
CHEMBL449,CCC(C)C1(CC)C(=O)NC(=O)NC1=O,1,-2.227864,-14.951699,1.898871,0.374382,3.219,2.41,-14.90631,0.0,0,1,-14.90631,-14.90631,,,,212.249,0.7948999999999999,75.27000000000001,2.0,3.0,3.0,1.0,15.0,0.7,0.04709869808964438,0.019203687000587708,0.010735439235534175,0.0044019758950832955,0.042411400986194635
CHEMBL468927,C[C@H](N)C(=O)NCc1cccc(-n2nc(C(F)(F)F)cc2-c2nnc(-c3cccc4ncsc34)o2)c1,1,8.366845,-40.832424,19.6689,-2.109625,7.453,2.33,-14.906305,0.0,0,1,-14.906305,-14.906305,,,,513.5050000000002,4.181200000000002,124.75,2.0,8.0,6.0,5.0,36.0,0.17391304347826086,0.1170222719291794,0.20835466686188067,0.08147621305378551,0.08144500218421868,0.40010675867615936
CHEMBL557555,CC(C)(Oc1ccc(C2CC2(Cl)Cl)cc1)C(=O)O,1,-7.089248,-21.678284,17.938898,-4.071734,7.879,3.54,-14.900368,0.0,0,1,-14.900368,-14.900368,,,,289.158,3.589800000000003,46.53,1.0,2.0,4.0,2.0,18.0,0.46153846153846156,0.11355894313219683,0.06682155662296849,0.019161948535709294,0.03308532223653763,0.10815201682479894
CHEMBL641,CNCC[C@@H](Oc1ccccc1C)c1ccccc1,1,6.784654,-22.985806,5.309962,-3.911463,4.092,2.64,-14.802653,0.0,0,1,-14.802653,-14.802653,,,,255.361,3.7246200000000034,21.259999999999998,1.0,2.0,6.0,2.0,19.0,0.29411764705882354,0.06649065779344086,0.045405431461206576,0.015408984299560566,0.022008712977332905,0.07741245967179834
CHEMBL493682,COc1ccc(CCNC[C@H](O)c2ccc(O)cc2)cc1OC,1,5.658658,-25.539112,5.984275,-0.884725,2.106,1.62,-14.780905,0.0,0,1,-14.780905,-14.780905,,,,317.3850000000001,2.2751,70.95,3.0,5.0,8.0,2.0,23.0,0.3333333333333333,0.044795668019629774,0.035378346722702146,0.0206299055267186,0.008051727590063425,0.0772084893794061
CHEMBL11662,O=C(O)/C=C/c1ccc(Cn2ccnc2)cc1,1,-16.774029,-24.96854,31.569025,-4.533895,4.435,2.64,-14.707438,0.0,0,1,-14.707438,-14.707438,,,,228.251,2.0292,55.12,1.0,2.0,4.0,2.0,17.0,0.07692307692307693,0.03849810386757551,0.01216757151652139,0.00676711098117311,0.0024717299717668764,0.028065307330594688
CHEMBL174,CC1(C)S[C@@H]2[C@H](NC(=O)[C@H](N)c3ccccc3)C(=O)N2[C@H]1C(=O)O,1,-10.653332,-28.373463,25.669819,-1.192739,2.473,1.26,-14.549714,0.0,0,1,-14.549714,-14.549714,,,,349.4120000000001,0.3181000000000002,112.73,3.0,5.0,4.0,3.0,24.0,0.4375,0.042361856722726805,0.01697914861916826,0.011702931299842241,0.00340650504489547,0.04508527929517879
CHEMBL855,Cc1ccc(/C(=C\CN2CCCC2)c2ccccn2)cc1,1,6.101731,-24.13142,7.970198,-4.488896,4.742,2.14,-14.548388,0.0,0,1,-14.548388,-14.548388,,,,278.399,3.917520000000003,16.130000000000003,0.0,2.0,4.0,3.0,21.0,0.3157894736842105,0.08483987776765707,0.0566989740034801,0.018620364317459673,0.028279852149077193,0.09713650215174703
CHEMBL878,Cc1ccccc1N1C(=O)c2cc(S(N)(=O)=O)c(Cl)cc2NC1C,1,-1.068995,-19.174746,7.473407,-1.731765,1.177,1.15,-14.502097,0.0,0,1,-14.502097,-14.502097,,,,365.8420000000001,2.714120000000001,92.5,2.0,4.0,2.0,3.0,24.0,0.1875,0.029694337386582035,0.03965050732246179,0.01586353507112098,0.014048854599198107,0.06996952555572397
CHEMBL465026,CN1CCOC(c2ccccc2)c2ccccc2C1,1,6.143751,-19.827627,2.96745,-3.780153,0.102,0.1,-14.496578,0.0,0,1,-14.496578,-14.496578,,,,253.345,3.238000000000002,12.47,0.0,2.0,1.0,3.0,19.0,0.29411764705882354,0.05427530800739039,0.03248468819855432,0.011224067986428388,0.01649130933862023,0.058938876102140055
CHEMBL112,CC(=O)Nc1ccc(O)cc1,1,-1.151326,-17.944044,5.07501,-0.445731,1.535,1.53,-14.466089,0.0,0,1,-14.466089,-14.466089,,,,151.165,1.3505999999999998,49.33,2.0,2.0,1.0,1.0,11.0,0.125,0.02969480349871949,0.007987536167891439,0.006499599578184302,0.0007382498252618807,0.023942102326642293
CHEMBL450,CCC1(CC)C(=O)NC(=O)N(C)C1=O,1,-0.720895,-15.944042,2.305557,-0.09746,1.013,0.55,-14.456839,0.0,0,1,-14.456839,-14.456839,,,,198.22199999999998,0.5009999999999999,66.48,1.0,3.0,2.0,1.0,14.0,0.6666666666666666,0.03685842026242313,0.012674714690746073,0.006469840423992755,0.0033845829419542617,0.025521200671379658
CHEMBL483,C[C@H](Cn1cnc2c(N)ncnc21)OCP(=O)(O)O,1,-12.469907,-23.85191,22.931334,-1.065424,4.246,1.5,-14.455906,0.0,0,1,-14.455906,-14.455906,,,,287.21599999999995,-0.051200000000000134,136.38000000000002,3.0,6.0,5.0,2.0,19.0,0.4444444444444444,0.035280067980065756,0.01426459515357098,0.011094544729295285,0.002023573491847556,0.042146217483708476
CHEMBL639,CN1CCCC(n2nc(Cc3ccc(Cl)cc3)c3ccccc3c2=O)CC1,1,9.17942,-28.534876,10.244661,-5.310376,3.501,2.16,-14.42117,0.0,0,1,-14.42117,-14.42117,,,,381.9070000000002,4.297500000000004,38.13,0.0,3.0,3.0,4.0,27.0,0.36363636363636365,0.08150649065115043,0.12154928782022051,0.050686029810929095,0.05352333056924155,0.23027722205309534
CHEMBL86715,OC(CCN1CCCC1)(c1ccccc1)C1CCCCC1,1,6.18408,-21.871857,4.869236,-3.516138,2.83,1.29,-14.334679,0.0,0,1,-14.334679,-14.334679,,,,287.4470000000001,3.940400000000003,23.47,1.0,2.0,5.0,3.0,21.0,0.6842105263157895,0.09328079184469544,0.1248552006805264,0.04717289737520493,0.051171709344614895,0.2284832315685498
CHEMBL844,Brc1c(NC2=NCCN2)ccc2nccnc12,1,7.786359,-25.552187,5.168854,-1.719819,3.514,2.32,-14.316792,0.0,0,1,-14.316792,-14.316792,,,,292.14000000000004,1.7633999999999999,62.2,2.0,5.0,1.0,3.0,17.0,0.18181818181818182,0.027674113770157927,0.014834787543202223,0.0086288104972091,0.0035870634579480876,0.03624135595311995
CHEMBL316561,CCCN(CCC)C(=O)C(CCC(=O)O)NC(=O)c1ccccc1,1,-14.452066,-24.284538,28.287615,-3.838731,5.831,1.59,-14.28772,0.0,0,1,-14.28772,-14.28772,,,,334.41600000000005,2.2984,86.71000000000001,2.0,3.0,10.0,1.0,24.0,0.5,0.08663619018735562,0.05043974342609379,0.029498391216793693,0.013230194135051066,0.1231039080680354
CHEMBL572,O=C1CN(/N=C/c2ccc([N+](=O)[O-])o2)C(=O)N1,1,-2.705789,-24.299219,12.939624,-0.207331,0.892,0.74,-14.272716,0.0,0,1,-14.272716,-14.272716,,,,238.15899999999996,0.07349999999999995,118.05000000000001,1.0,6.0,3.0,2.0,17.0,0.125,0.016618693108403967,0.006496602443084049,0.0046131695001863406,0.0009366492429415707,0.01836732670434267
CHEMBL19,CC(=O)/N=c1/sc(S(N)(=O)=O)nn1C,1,-18.117998,-17.108118,18.920712,2.074707,5.864,3.58,-14.230698,0.0,0,1,-14.230698,-14.230698,,,,236.278,-1.4237999999999997,107.41,1.0,5.0,1.0,1.0,14.0,0.4,0.012712072343248016,0.003556335790111957,0.002929421276691,0.0004898540475482588,0.011295969225420569
CHEMBL1213603,CCNC1=N[C@@H]2[C@@H](O)[C@H](O)[C@@H](CO)O[C@@H]2S1,1,-5.14733,-14.641436,3.1896,2.404845,1.142,0.65,-14.19432,0.0,0,1,-14.19432,-14.19432,,,,248.30399999999997,-1.4936999999999994,94.31000000000002,4.0,7.0,2.0,2.0,16.0,0.8888888888888888,0.02286171154648405,0.011893855720908184,0.011553414936435549,0.0008377698435763775,0.04469542836913885
CHEMBL471498,O=C(O)[C@H](CC(=O)N1C[C@H]2CCCC[C@H]2C1)Cc1ccccc1,1,-8.667559,-25.952305,25.146421,-4.535268,3.213,1.45,-14.008712,0.0,0,1,-14.008712,-14.008712,,,,315.41299999999995,2.9686000000000012,57.61,1.0,2.0,5.0,3.0,23.0,0.5789473684210527,0.09150627092398,0.06769593804156009,0.022190002142038142,0.03456550902370956,0.12041151353867638
CHEMBL1576,C#CC1(OC(N)=O)CCCCC1,1,-1.447696,-15.922729,3.891296,-0.424727,0.027,0.02,-13.903857,0.0,0,1,-13.903857,-13.903857,,,,167.20799999999997,1.4178000000000002,52.32,1.0,2.0,1.0,1.0,12.0,0.6666666666666666,0.047262611010430854,0.01990101701237048,0.01004140455329813,0.005605889221247069,0.03944122220977084
CHEMBL1303,CCCN(CCc1cccs1)[C@H]1CCc2c(O)cccc2C1,1,9.372226,-25.350636,6.062712,-3.871415,4.083,1.2,-13.787113,0.0,0,1,-13.787113,-13.787113,,,,315.482,4.265700000000003,23.47,1.0,3.0,6.0,3.0,22.0,0.47368421052631576,0.11584002649229184,0.10427082054651436,0.03354082578784338,0.056732606646653826,0.1754451208105845
CHEMBL1765292,CCC(C(=O)O)c1ccc(N2Cc3ccccc3C2=O)cc1,1,-10.214212,-25.942024,26.595577,-4.177145,2.317,1.07,-13.737803,0.0,0,1,-13.737803,-13.737803,,,,295.33799999999997,3.425200000000002,57.61,1.0,2.0,4.0,3.0,22.0,0.2222222222222222,0.060751637417940686,0.04442032187578839,0.013401778470594707,0.02024930901190414,0.07166575310169682
CHEMBL63323,O=C(O)c1cccnc1Nc1cccc(C(F)(F)F)c1,1,-11.582168,-22.635216,24.383083,-3.888205,1.5,1.35,-13.722506,0.0,0,1,-13.722506,-13.722506,,,,282.221,3.542200000000001,62.22,2.0,3.0,3.0,2.0,20.0,0.07692307692307693,0.05712893263970372,0.040002427197225854,0.0203785885724207,0.009303214091999096,0.0792862091489596
CHEMBL546,C=CCOc1ccccc1OCC(O)CNC(C)C,1,7.503485,-21.034529,2.221836,-2.371883,7.809,2.32,-13.681091,0.0,0,1,-13.681091,-13.681091,,,,265.35299999999995,1.9890999999999999,50.72,2.0,4.0,9.0,1.0,19.0,0.4666666666666667,0.04830922654238634,0.024826973712620933,0.013118281430998574,0.006155739412501108,0.0518054125543597
CHEMBL83063,CC(NCCc1ccc(O)cc1)C(O)c1ccc(O)cc1,1,7.054503,-25.324659,4.845943,-0.207634,5.059,2.12,-13.631847,0.0,0,1,-13.631847,-13.631847,,,,287.35900000000004,2.3520000000000003,72.72,4.0,4.0,6.0,2.0,21.0,0.29411764705882354,0.05368941162306615,0.03980857918182894,0.030721819117232103,0.004073033177850561,0.10789063772020406
CHEMBL1902981,CCc1ccc(C(=O)C(C)CN2CCCCC2)cc1,1,6.665733,-21.28735,5.21208,-4.150316,4.12,1.79,-13.559853,0.0,0,1,-13.559853,-13.559853,,,,259.3929999999999,3.5537000000000027,20.310000000000002,0.0,2.0,5.0,2.0,19.0,0.5882352941176471,0.09239678256009193,0.0697109348142281,0.0280109838311201,0.030080526721106497,0.12841045484858243
CHEMBL695,CN1C(=O)OC(C)(C)C1=O,1,-2.63651,-12.700257,2.682231,-0.89534,0.0,0.0,-13.549876,0.0,0,1,-13.549876,-13.549876,,,,143.142,0.37359999999999993,46.61,0.0,3.0,0.0,1.0,10.0,0.6666666666666666,0.03137075455177971,0.009465838797461316,0.005332473257351594,0.002147408468028426,0.021961565636149923
CHEMBL862,N=C(N)NC(=O)Cc1c(Cl)cccc1Cl,1,6.843478,-20.647606,2.622998,-2.290478,3.658,2.56,-13.471608,0.0,0,1,-13.471608,-13.471608,,,,246.097,1.5455700000000003,78.97,3.0,2.0,2.0,1.0,15.0,0.1111111111111111,0.03813289708297532,0.012965418047270366,0.01082937505732927,0.0009641877180526793,0.03654331674164194
CHEMBL273575,CN1Cc2c(N)cccc2C(c2ccccc2)C1,1,8.243729,-22.805193,4.432199,-3.30826,0.373,0.37,-13.437525,0.0,0,1,-13.437525,-13.437525,,,,238.334,2.8461000000000016,29.259999999999998,1.0,2.0,1.0,3.0,18.0,0.25,0.04821078531495889,0.02367319454108839,0.009155590599221568,0.008719277055725982,0.04289615141175456
CHEMBL1201198,Cc1cccn2c(=O)c(-c3nnn[nH]3)cnc12,1,-20.73003,-22.71344,31.306187,-1.295323,2.339,2.33,-13.432606,0.0,0,1,-13.432606,-13.432606,,,,228.21500000000003,0.1830199999999999,88.83,1.0,5.0,1.0,3.0,17.0,0.1,0.01087773351093362,0.00530970432340454,0.0036397031248871638,0.0009667745209310205,0.014933045327153524
CHEMBL709,COc1cc2nc(N(C)CCCNC(=O)C3CCCO3)nc(N)c2cc1OC,1,2.157686,-21.543837,8.613487,-2.519201,3.692,1.0,-13.291864,0.0,0,1,-13.291864,-13.291864,,,,389.4560000000002,1.3507000000000002,111.83,2.0,8.0,8.0,3.0,28.0,0.5263157894736842,0.0490182134588116,0.03819300041863735,0.01643344655896519,0.013578955601415386,0.07867744383113229
CHEMBL73451,c1ccc2c(c1)Sc1ccccc1N2CC1CN2CCC1CC2,1,2.937235,-24.78606,13.444643,-4.851202,1.37,1.0,-13.255384,0.0,0,1,-13.255384,-13.255384,,,,322.47700000000015,4.631100000000005,6.48,0.0,3.0,2.0,6.0,23.0,0.4,0.2037455940896373,0.13422638562494982,0.08391224404267106,0.04266457153139399,0.3525536751431539
CHEMBL1464,CC(=O)CC(c1ccccc1)c1c(O)c2ccccc2oc1=O,1,-9.119839,-23.61342,23.609749,-4.093765,2.459,1.65,-13.217278,0.0,0,1,-13.217278,-13.217278,,,,308.3330000000001,3.609600000000003,67.50999999999999,1.0,4.0,4.0,3.0,23.0,0.15789473684210525,0.05864388165908028,0.05076889073357215,0.016602873097878293,0.02247104521242088,0.0849149349780576
CHEMBL972,C#CCN(C)[C@H](C)Cc1ccccc1,1,6.303366,-19.578606,4.234388,-4.121712,4.71,2.03,-13.162563,0.0,0,1,-13.162563,-13.162563,,,,187.286,2.1826,3.24,0.0,1.0,4.0,1.0,14.0,0.38461538461538464,0.04144124872448485,0.014057239210995593,0.006629376671399015,0.003800645068261827,0.029283910086542488
CHEMBL11672,CN(C(=O)c1c(O)c2ccccc2n(C)c1=O)c1ccccc1,1,-7.627623,-26.310333,24.074316,-3.279711,3.766,2.4,-13.143353,0.0,0,1,-13.143353,-13.143353,,,,308.337,2.5207000000000006,62.540000000000006,1.0,3.0,2.0,3.0,23.0,0.1111111111111111,0.026282156804534763,0.021710282161712894,0.009013373876093383,0.00869298263874708,0.04259840998154685
CHEMBL622,CCc1cccc2c3c([nH]c12)C(CC)(CC(=O)O)OCC3,1,-8.979591,-22.412039,22.167896,-3.782202,3.632,1.77,-13.005936,0.0,0,1,-13.005936,-13.005936,,,,287.35900000000004,3.383000000000002,62.32000000000001,2.0,2.0,4.0,3.0,21.0,0.47058823529411764,0.09881140216220025,0.07356441162379021,0.030341391319241025,0.02455368380013642,0.14369533567258586
CHEMBL1159717,CC(C)(C)NCC(O)c1ccccc1Cl,1,6.386908,-17.583649,0.743364,-2.551887,3.727,1.83,-13.005263,0.0,0,1,-13.005263,-13.005263,,,,227.735,2.7615000000000007,32.26,2.0,2.0,3.0,1.0,15.0,0.5,0.05074411480964919,0.03412926462676705,0.017027239694671927,0.009233477221104344,0.06861990712650239
CHEMBL278398,CN1CCC2=C(C1)C(c1ccccc1)c1ccccc12,1,7.403514,-23.593357,8.267595,-5.075693,0.061,0.06,-12.99794,0.0,0,1,-12.99794,-12.99794,,,,261.36800000000005,3.9212000000000033,3.24,0.0,1.0,1.0,4.0,20.0,0.2631578947368421,0.07777885570198773,0.04643449627555795,0.019560950889979316,0.021821976408485298,0.08732817813959712
CHEMBL188921,COc1cc(OC)c(C(=O)CCCN2CCCC2)c(OC)c1,1,7.278528,-25.476517,8.206227,-2.957786,6.289,1.78,-12.949547,0.0,0,1,-12.949547,-12.949547,,,,307.39,2.7711000000000015,48.0,0.0,5.0,8.0,2.0,22.0,0.5882352941176471,0.0585550310650245,0.05778473695991491,0.027563690089497186,0.017571504597083638,0.11979352383746726
CHEMBL1286,CC[C@@H](C(N)=O)N1CCCC1=O,1,-4.336168,-14.015237,6.302928,-0.84583,4.294,2.59,-12.894308,0.0,0,1,-12.894308,-12.894308,,,,170.212,-0.12729999999999997,63.400000000000006,1.0,2.0,3.0,1.0,12.0,0.75,0.04301715986061246,0.008852325964762627,0.005537263860170151,0.0018676018336648646,0.02166454832469869
CHEMBL46102,CC(=O)OCC(=O)NCCCOc1cccc(CN2CCCCC2)c1,1,9.337503,-27.15304,9.033703,-4.036366,9.622,2.09,-12.818199,0.0,0,1,-12.818199,-12.818199,,,,348.44300000000015,2.1206999999999994,67.87,1.0,5.0,9.0,2.0,25.0,0.5789473684210527,0.05104847861683859,0.042843280193127393,0.017076667353328263,0.017043287709091845,0.08211288421989855
CHEMBL637,COc1ccc(C(CN(C)C)C2(O)CCCCC2)cc1,1,7.71385,-21.501385,3.897573,-2.900041,1.068,0.35,-12.790003,0.0,0,1,-12.790003,-12.790003,,,,277.4079999999999,3.0356000000000014,32.7,1.0,3.0,5.0,2.0,20.0,0.6470588235294118,0.10525734271035499,0.058908788552314274,0.018671913147198346,0.02999009225168461,0.10029713132061831
CHEMBL2106561,CCOC(=O)NNc1ccc(N(CC)CC(C)O)nn1,1,-1.908502,-14.549706,5.241067,-1.539606,3.45,1.57,-12.756746,0.0,0,1,-12.756746,-12.756746,,,,283.332,0.7566999999999997,99.61,3.0,7.0,7.0,1.0,20.0,0.5833333333333334,0.03102201760908034,0.021809962741920392,0.014436268521232577,0.0038427993611108995,0.05488702922294483
CHEMBL4636169,CCCSc1nc(=O)cc(O)n1-c1ccccc1OC,1,-11.336725,-27.048151,28.176981,-2.536057,1.963,1.15,-12.743953,0.0,0,1,-12.743953,-12.743953,,,,292.36000000000007,2.4488000000000003,64.35,1.0,5.0,5.0,2.0,20.0,0.2857142857142857,0.037706805801690925,0.025125195397258337,0.008525057182665389,0.010614621921463818,0.04250314078507805
CHEMBL3596279,O=C(O)c1ccc(-c2nc(C(=O)c3c(Cl)cccc3C3CC3)n3cccnc23)cc1O,1,-7.837402,-29.447111,30.060925,-5.323817,4.502,1.87,-12.547407,0.0,0,1,-12.547407,-12.547407,,,,433.85100000000017,4.561900000000003,104.78999999999999,2.0,5.0,5.0,5.0,31.0,0.13043478260869565,0.12832249911144994,0.17147885673762608,0.07319037444366745,0.055747965292642754,0.32047334904817376
CHEMBL70927,Cc1c(O)c(=O)ccn1C,1,-6.952835,-11.04458,6.216815,-0.751233,0.0,0.0,-12.531832,0.0,0,1,-12.531832,-12.531832,,,,139.154,0.39931999999999984,42.23,1.0,2.0,0.0,1.0,10.0,0.2857142857142857,0.021660066045652116,0.004570324733978853,0.003432824616567228,0.0006261365186153408,0.013383827340792591
CHEMBL508102,CCOC(=O)n1ccn(C)c1=S,1,-4.044629,-15.433209,9.598785,-2.649932,4.994,4.01,-12.528986,0.0,0,1,-12.528986,-12.528986,,,,186.236,1.56069,36.16,0.0,3.0,1.0,1.0,12.0,0.42857142857142855,0.03242926547024358,0.011996168832791244,0.005496170110093914,0.002865497607845652,0.024233803376947537
CHEMBL41632,O=C(O)Cc1cc(I)c(Oc2ccc(O)c(I)c2)c(I)c1,1,-3.836663,-31.940809,27.313116,-3.962363,5.533,2.44,-12.42672,0.0,0,1,-12.42672,-12.42672,,,,621.9340000000001,4.625400000000002,66.76,2.0,3.0,4.0,2.0,21.0,0.07142857142857142,0.12951400279487565,0.11811552345934383,0.09645448355929094,0.017765752629154422,0.3767095508623876
CHEMBL153479,Nc1c(Br)cc(Br)cc1CN[C@H]1CC[C@H](O)CC1,1,7.83268,-19.707104,1.072246,-1.621171,1.246,1.22,-12.423348,0.0,0,1,-12.423348,-12.423348,,,,378.10800000000023,3.1869000000000014,58.28,3.0,3.0,3.0,2.0,18.0,0.5384615384615384,0.08799166948456416,0.07448243048349716,0.041317823103238165,0.019973787164712823,0.1647502378395987
CHEMBL1200790,CCC1(CC)C(=O)NCC(C)C1=O,1,-1.899397,-12.934186,3.151609,-0.607713,0.741,0.37,-12.289686,0.0,0,1,-12.289686,-12.289686,,,,183.25099999999998,1.1278,46.17,1.0,2.0,2.0,1.0,13.0,0.8,0.04123704450631263,0.019548094829642145,0.009746352863671828,0.005738533014485216,0.03980249065542
CHEMBL56337,CC(/C=C1\SC(=S)N(CC(=O)O)C1=O)=C\c1ccccc1,1,-8.693224,-29.839346,31.44453,-5.197744,5.966,1.94,-12.285784,0.0,0,1,-12.285784,-12.285784,,,,319.407,2.918700000000001,57.61000000000001,1.0,4.0,4.0,2.0,21.0,0.13333333333333333,0.04569888785556001,0.02543250887716772,0.009831760093744943,0.009569246882441174,0.04652505593368796
CHEMBL696,CCC1(C)CC(=O)NC1=O,1,0.006311,-16.395962,4.216519,-0.092267,0.44,0.44,-12.265398,0.0,0,1,-12.265398,-12.265398,,,,141.17,0.4491999999999999,46.17,1.0,2.0,1.0,1.0,10.0,0.7142857142857143,0.029413862697250784,0.009913534792150786,0.005783904470182558,0.00229189655015578,0.02246625618966127
CHEMBL1148,Cc1cccc(Nc2ccncc2S(=O)(=O)NC(=O)NC(C)C)c1,1,-7.178483,-27.515064,23.390034,-0.932805,3.094,1.47,-12.236318,0.0,0,1,-12.236318,-12.236318,,,,348.4280000000001,2.5299199999999997,100.19,3.0,5.0,5.0,2.0,24.0,0.25,0.056313221678060556,0.041846052596144004,0.023536321541469455,0.009211802488056272,0.08352152682726473
CHEMBL614,NC(=O)c1cnccn1,1,-1.703225,-15.495335,4.344231,0.736,0.025,0.02,-12.118328,0.0,0,1,-12.118328,-12.118328,,,,123.11499999999998,-0.4245000000000001,68.87,1.0,3.0,1.0,1.0,9.0,0.0,0.00899159382529835,0.002251359710545419,0.0022916481097292416,0.00015477876674837237,0.009134185894876577
CHEMBL43,COc1cc(NS(C)(=O)=O)ccc1Nc1c2ccccc2nc2ccccc12,1,7.55508,-28.918016,12.259877,-2.970425,4.13,1.67,-12.073484,0.0,0,1,-12.073484,-12.073484,,,,393.46800000000013,4.511700000000003,80.32,2.0,5.0,5.0,4.0,28.0,0.09523809523809523,0.08001675582061311,0.11308527184888517,0.04360832002628954,0.042217028836915325,0.20596851958056153
CHEMBL4218423,O=C(O)CC1CN(S(=O)(=O)c2ccc(F)cc2)c2ccc(C(O)(C(F)(F)F)C(F)(F)F)cc2S1,1,-8.890423,-26.365782,26.41935,-3.235404,6.52,2.34,-12.072257,0.0,0,1,-12.072257,-12.072257,,,,533.4430000000001,4.282200000000003,94.91000000000001,2.0,5.0,5.0,3.0,34.0,0.3157894736842105,0.22456103977720923,0.1875020502286746,0.07534236282987791,0.06854939220306709,0.36081136348524645
CHEMBL181,CC1=Nc2ccc(Cl)cc2S(=O)(=O)N1,1,-5.241566,-20.943113,15.540703,-1.376948,0.0,0.0,-12.020924,0.0,0,1,-12.020924,-12.020924,,,,230.676,1.6818,58.53,1.0,3.0,0.0,2.0,14.0,0.125,0.025852577804751493,0.00934948612047777,0.005214415692332616,0.002016540946186266,0.021255995055267686
CHEMBL1760,CC(C)(C)NCC(O)c1cc(O)cc(O)c1,1,4.357925,-19.497559,2.086134,1.128574,3.522,1.83,-11.924926,0.0,0,1,-11.924926,-11.924926,,,,225.288,1.5192999999999997,72.72,4.0,4.0,3.0,1.0,16.0,0.5,0.038342657242017145,0.028745592056810668,0.02411401997439745,0.0022322218505615448,0.08367479652785458
CHEMBL1201260,C/N=C(\NC)NCc1ccccc1,1,5.995845,-16.447792,1.185941,-2.657505,4.339,2.34,-11.92351,0.0,0,1,-11.92351,-11.92351,,,,177.251,0.9813999999999995,36.42,2.0,1.0,2.0,1.0,13.0,0.3,0.02817400247588332,0.007315667182989343,0.005782901833523994,0.0009922669675567078,0.021897429699802472
CHEMBL163238,Cc1cccc(C)c1NC(=O)CC12CCCN1CCC2,1,6.999863,-21.481234,6.911676,-4.287189,1.737,1.35,-11.856884,0.0,0,1,-11.856884,-11.856884,,,,272.392,3.260440000000002,32.34,1.0,2.0,3.0,3.0,20.0,0.5882352941176471,0.08532467023781005,0.06048878063561689,0.018934723861493877,0.03067007311352281,0.1032172652629343
CHEMBL17860,CC(Oc1c(Cl)cccc1Cl)C1=NCCN1,1,6.178999,-18.269642,2.488902,-2.217894,3.269,1.96,-11.819636,0.0,0,1,-11.819636,-11.819636,,,,259.13599999999997,2.7624000000000004,33.62,1.0,3.0,3.0,2.0,16.0,0.36363636363636365,0.04763225095718354,0.024697310229454195,0.008265180522087686,0.010180912783564226,0.04043241419345204
CHEMBL1730601,Oc1cc(O)c(Cl)cn1,1,-1.601276,-15.715635,5.249393,0.305482,0.0,0.0,-11.762036,0.0,0,1,-11.762036,-11.762036,,,,145.54500000000002,1.1461999999999997,53.35,2.0,3.0,0.0,1.0,9.0,0.0,0.013360757582602092,0.005563421778895937,0.005251225751191799,0.000362884530745126,0.020051071383543416
CHEMBL803,Nc1ccn([C@@H]2O[C@H](CO)[C@@H](O)[C@@H]2O)c(=O)n1,1,-5.255562,-17.365042,7.83856,3.085545,2.392,1.94,-11.696499,0.0,0,1,-11.696499,-11.696499,,,,243.21900000000002,-2.563,130.82999999999998,4.0,7.0,2.0,2.0,17.0,0.5555555555555556,0.007499112605361277,0.003986113828584299,0.004562612309923724,0.00018764963806566188,0.01537592655048084
CHEMBL1308,Cc1cn[nH]c1,1,-1.20926,-11.369234,2.278306,-1.184908,0.0,0.0,-11.485096,0.0,0,1,-11.485096,-11.485096,,,,82.106,0.7181199999999999,28.68,1.0,1.0,0.0,1.0,6.0,0.25,0.020708456348041124,0.004282633635738941,0.0034627810753656675,0.0004439836060000105,0.012776828682228963
CHEMBL36715,NC(=O)CN1CCCC1=O,1,-6.636084,-11.756889,6.400646,0.540817,5.322,3.54,-11.451509,0.0,0,1,-11.451509,-11.451509,,,,142.158,-0.9059000000000004,63.400000000000006,1.0,2.0,2.0,1.0,10.0,0.6666666666666666,0.0204221305740932,0.0043603010488516124,0.003274944948272681,0.0006541918364463677,0.013525952599477276
CHEMBL1201338,CN(C)CCOC(=O)C(c1ccccc1)C1(O)CCCC1,1,5.288893,-22.332636,8.653479,-3.049298,6.281,4.05,-11.439563,0.0,0,1,-11.439563,-11.439563,,,,291.39100000000013,2.1801000000000004,49.769999999999996,1.0,4.0,6.0,2.0,21.0,0.5882352941176471,0.054211718759266996,0.032081947393157194,0.009629646575876498,0.015587695647993099,0.04907761687630759
CHEMBL1208,CCn1nc(C(=O)O)c(=O)c2cc3c(cc21)OCO3,1,-21.518482,-24.637426,37.171978,-2.437888,5.5,3.09,-11.421816,0.0,0,1,-11.421816,-11.421816,,,,262.22099999999995,0.8432999999999997,90.65,1.0,5.0,2.0,3.0,19.0,0.25,0.02667320270308605,0.00976815831485025,0.004911781193554703,0.002852996977211069,0.020080029137831173
CHEMBL1372341,O=C(O)c1cc(O)c2c3nc4ccccc4oc-3cc(=O)c2n1,1,-6.35922,-30.329802,28.227716,-2.936376,0.003,0.0,-11.397682,0.0,0,1,-11.397682,-11.397682,,,,308.249,2.2447999999999997,113.52,2.0,6.0,1.0,4.0,23.0,0.0,0.023931061474663076,0.025490084376121182,0.01655886002458122,0.004902557059373749,0.06161619957709667
CHEMBL1194,CCCNC(C)C(=O)Nc1ccccc1C,1,8.723006,-19.635458,2.238822,-2.580992,3.574,1.47,-11.254622,0.0,0,1,-11.254622,-11.254622,,,,220.316,2.3216200000000002,41.13,2.0,2.0,5.0,1.0,16.0,0.46153846153846156,0.04675406520933759,0.02330673447599063,0.011892254097348195,0.00464945377340595,0.05058534218651323
CHEMBL476,CN(C)/N=N/c1[nH]cnc1C(N)=O,1,-2.269403,-17.416399,8.538152,-0.026063,3.684,3.58,-11.173714,0.0,0,1,-11.173714,-11.173714,,,,182.18699999999998,0.0688999999999999,99.72999999999999,2.0,4.0,3.0,1.0,13.0,0.3333333333333333,0.021074627116605352,0.006478229773002464,0.005057490006608361,0.0008253122193174245,0.01845029643568666
CHEMBL1422,N[C@@H](CC(=O)N1CCn2c(nnc2C(F)(F)F)C1)Cc1cc(F)c(F)cc1F,1,7.187932,-25.817471,11.364891,-3.825513,5.826,1.93,-11.090161,0.0,0,1,-11.090161,-11.090161,,,,407.31800000000015,2.0164999999999997,77.04,1.0,4.0,4.0,3.0,28.0,0.4375,0.0424678002613759,0.03542851125298124,0.01430329625535273,0.01410750654804711,0.06547457625796613
CHEMBL897,CCCN(CCC)S(=O)(=O)c1ccc(C(=O)O)cc1,1,-12.353554,-24.084669,27.677168,-2.243429,5.939,2.39,-11.004486,0.0,0,1,-11.004486,-11.004486,,,,285.36499999999995,2.1955,74.68,1.0,3.0,7.0,1.0,19.0,0.46153846153846156,0.048860025010070585,0.028663668407418824,0.013683451962663538,0.009710596838679402,0.06139289049692545
CHEMBL1240977,CN1CCCN=C1/C=C/c1cccc(O)c1,1,6.924909,-21.620882,5.116882,-1.400431,3.276,2.33,-10.979522,0.0,0,1,-10.979522,-10.979522,,,,216.28400000000002,2.1394,35.83,1.0,3.0,2.0,2.0,16.0,0.3076923076923077,0.026807533663910626,0.014683997766242195,0.0064841449222215975,0.004818811581367367,0.027908906624761032
CHEMBL5077683,Cc1cc(C(=O)O)c2oc(CNC(=O)c3cnn4cccnc34)c(Cl)c2c1,1,-9.109256,-34.216263,36.236095,-3.872396,4.241,1.87,-10.96182,0.0,0,1,-10.96182,-10.96182,,,,384.77900000000005,3.065520000000001,109.72999999999999,2.0,5.0,4.0,4.0,27.0,0.1111111111111111,0.0598264316879951,0.051319300751867816,0.023151725049601935,0.01534329034980368,0.09552022799590097
CHEMBL29292,CC(C)C[C@H](NC(=O)[C@@H](O)[C@H](N)Cc1ccccc1)C(=O)O,1,-5.506142,-21.465172,18.543301,-2.46472,5.819,1.6,-10.892733,0.0,0,1,-10.892733,-10.892733,,,,308.37800000000004,0.5328000000000004,112.64999999999999,4.0,4.0,8.0,1.0,22.0,0.5,0.04203847324670154,0.020949519179825654,0.018491984916046658,0.0016093104889987199,0.06305135951399941
CHEMBL1201039,NS(=O)(=O)c1cc2c(cc1Cl)N=C(CSCc1ccccc1)NS2(=O)=O,1,-6.797419,-25.783001,21.693924,0.091879,0.956,0.36,-10.794619,0.0,0,1,-10.794619,-10.794619,,,,431.9480000000001,2.2427,118.69,2.0,6.0,5.0,3.0,26.0,0.13333333333333333,0.038966654465347576,0.030699089519598596,0.014687431006854802,0.00927245397123046,0.06178229846218612
CHEMBL1231530,O=C(O)CCNC(=O)c1ccccc1,1,-8.848289,-19.458885,19.507549,-1.964617,5.048,1.62,-10.764242,0.0,0,1,-10.764242,-10.764242,,,,193.20200000000003,0.8911,66.4,2.0,2.0,4.0,1.0,14.0,0.2,0.01866577287480886,0.0068752033859596105,0.005436977708842086,0.000749697154549001,0.020676917959718134
CHEMBL529888,Cc1ccc(S(=O)(=O)NC(=O)N[C@H]2[C@H]3CC[C@@](C)([C@H]2O)C3(C)C)cc1,1,-9.59505,-29.983541,29.399755,-0.515524,1.093,0.91,-10.694359,0.0,0,1,-10.694359,-10.694359,,,,366.4830000000001,2.16852,95.5,3.0,4.0,3.0,3.0,25.0,0.6111111111111112,0.06325385819663477,0.06280104064071897,0.03383561901823255,0.016513377336205268,0.132298025300473
CHEMBL459,C[C@](N)(Cc1ccc(O)c(O)c1)C(=O)O,1,-5.117215,-17.711235,11.132053,1.010908,2.778,1.85,-10.685488,0.0,0,1,-10.685488,-10.685488,,,,211.21699999999998,0.4423000000000001,103.78000000000002,4.0,4.0,3.0,1.0,15.0,0.3,0.031051552971088497,0.01170403954657764,0.011288873733812902,0.000636852914217082,0.039342084575180555
CHEMBL1474889,CC(CN(C)C)C(C)(O)Cc1ccc(Cl)cc1,1,4.614661,-19.558952,6.942885,-2.674733,6.4,2.68,-10.67614,0.0,0,1,-10.67614,-10.67614,,,,255.789,2.831200000000001,23.47,1.0,2.0,5.0,1.0,17.0,0.5714285714285714,0.05501265643696643,0.034559479143671884,0.013234610720098534,0.012588153114393302,0.0604894365843286
CHEMBL1439973,CC(C)(O)C(Cl)(Cl)Cl,1,-0.382548,-9.574376,0.452881,-1.162305,0.351,0.35,-10.666348,0.0,0,1,-10.666348,-10.666348,,,,177.458,2.127500000000001,20.23,1.0,1.0,0.0,0.0,8.0,1.0,0.06764424592761684,0.0468909028160857,0.03210250684282951,0.008276824464210589,0.1306898184141117
CHEMBL37744,CN(C)C/C=C(/c1ccc(Br)cc1)c1cccnc1,1,7.776433,-23.574093,9.410345,-4.170775,4.891,2.28,-10.558088,0.0,0,1,-10.558088,-10.558088,,,,317.22999999999996,3.8374000000000024,16.130000000000003,0.0,2.0,4.0,2.0,19.0,0.1875,0.05076208519066152,0.036450505361363975,0.016985264670828268,0.0127800912011288,0.07933119043212605
CHEMBL264374,CC(C)(Oc1ccc(CCNC(=O)c2ccc(Cl)cc2)cc1)C(=O)O,1,-8.707487,-30.679867,33.35199,-4.469515,9.35,2.93,-10.504877,0.0,0,1,-10.504877,-10.504877,,,,361.82500000000005,3.554500000000001,75.63,2.0,3.0,7.0,2.0,25.0,0.2631578947368421,0.061064631207120905,0.061083534052756294,0.025299100317703823,0.019685814706649256,0.11523445487984463
CHEMBL1435,Cc1nnc(SCC2=C(C(=O)O)N3C(=O)[C@@H](NC(=O)Cn4cnnn4)[C@H]3SC2)s1,1,-13.675764,-31.235704,36.627789,-2.220724,5.445,2.4,-10.504404,0.0,0,1,-10.504404,-10.504404,,,,454.5190000000002,-0.6360799999999995,156.08999999999997,2.0,11.0,7.0,4.0,29.0,0.42857142857142855,0.01868479804055401,0.014378273910416033,0.010267789210007221,0.0017300387470630292,0.04045808054751146
CHEMBL1075733,CCC(C)C(CC)C(N)=O,1,-1.280154,-10.329659,2.084234,-0.801994,1.975,0.92,-10.327574,0.0,0,1,-10.327574,-10.327574,,,,143.23,1.544,43.09,1.0,1.0,4.0,0.0,10.0,0.875,0.07143046807123114,0.025941754418062093,0.015749708262881502,0.004473715017905297,0.05778429855098305
CHEMBL700,Nc1ccc(S(=O)(=O)Nc2ccccn2)cc1,1,-9.957397,-21.648518,21.979296,-0.623952,0.501,0.37,-10.250571,0.0,0,1,-10.250571,-10.250571,,,,249.29500000000004,1.4646000000000001,85.08,2.0,4.0,3.0,2.0,17.0,0.0,0.018660687795529346,0.008942970869093476,0.006710444641606777,0.0010212568911210102,0.02710070745763973
CHEMBL277945,CCN1CCCC1CNC(=O)c1cc(S(=O)(=O)CC)ccc1OC,1,6.564566,-22.001623,7.767173,-2.54537,1.774,1.08,-10.215254,0.0,0,1,-10.215254,-10.215254,,,,354.47200000000015,1.7028999999999999,75.71000000000001,1.0,5.0,7.0,2.0,24.0,0.5882352941176471,0.0652662710551937,0.03064191834703186,0.01174780724082947,0.01255828715351879,0.053311440747967224
CHEMBL152231,COc1ccccc1OCCNCC(O)c1ccc(C)c(S(N)(=O)=O)c1,1,10.586894,-28.354588,8.733402,-1.093924,8.625,2.43,-10.128215,0.0,0,1,-10.128215,-10.128215,,,,380.4660000000001,1.35302,110.88,3.0,6.0,9.0,2.0,26.0,0.3333333333333333,0.028524101560848013,0.024050079000179348,0.016561359222824205,0.004302333132477627,0.0660210590458497
CHEMBL4515137,O=C(CNc1nonc1/C(=N/O)N[C@H]1Cc2ccc(F)cc21)NCCO,1,-11.30549,-29.233763,31.065168,-0.652481,8.099,2.35,-10.126566,0.0,0,1,-10.126566,-10.126566,,,,364.33700000000016,-0.24810000000000076,144.9,5.0,8.0,7.0,3.0,26.0,0.3333333333333333,0.014071559867418147,0.018122005736283617,0.02052788427540579,0.0010512486307156,0.07491137335637953
CHEMBL1455,CN(C)c1nc(N(C)C)nc(N(C)C)n1,1,7.536537,-18.53661,5.710586,-4.660667,2.351,1.15,-9.950153,0.0,0,1,-9.950153,-9.950153,,,,210.285,0.0696000000000001,48.39000000000001,0.0,6.0,3.0,1.0,15.0,0.6666666666666666,0.029336040362598872,0.008652077380375135,0.004947713541945685,0.0019771965779079824,0.019643126081920436
CHEMBL267930,O=C(CCCN1CCC2(CC1)C(=O)NCN2c1ccccc1)c1ccc(F)cc1,1,6.353332,-19.299725,7.340643,-4.289968,6.108,1.62,-9.895718,0.0,0,1,-9.895718,-9.895718,,,,395.47800000000007,3.217100000000001,52.650000000000006,1.0,4.0,6.0,4.0,29.0,0.391304347826087,0.04943710726014277,0.060047076717805174,0.019524079085410206,0.025572782944640673,0.10447023258698249
CHEMBL5202550,CC(C)(C)c1nc(-c2cc(Cl)cc(NS(=O)(=O)c3cc(F)ccc3F)c2F)c(-c2ccnc(N)n2)s1,1,-9.992315,-25.660364,29.969404,-4.210817,2.464,0.66,-9.894093,0.0,1,1,-9.894093,-9.894093,,,,554.0190000000002,6.018300000000003,110.86,2.0,7.0,5.0,4.0,36.0,0.17391304347826086,0.19269394705714316,0.41897768970355714,0.1463066877140809,0.1450053262525069,0.6987353318042232
CHEMBL1329455,CCOC(=O)[N-]c1c[n+](N2CCOCC2)no1,1,7.862488,-23.573792,6.520783,-0.694856,2.754,1.15,-9.885377,0.0,0,1,-9.885377,-9.885377,,,,242.23499999999993,0.09200000000000008,82.78000000000002,0.0,6.0,3.0,2.0,17.0,0.6666666666666666,0.03020410284040306,0.01176927673637024,0.0065374513669279755,0.002607393464505899,0.028411138655240187
CHEMBL607,CCOC(=O)C1(c2ccccc2)CCN(C)CC1,1,6.61483,-19.436121,6.607428,-3.504263,5.954,4.61,-9.718126,0.0,0,1,-9.718126,-9.718126,,,,247.33799999999994,2.2131,29.54,0.0,3.0,3.0,2.0,18.0,0.5333333333333333,0.041125761507525845,0.023013628878930298,0.008289723429209769,0.009119782092441745,0.04287239253179327
CHEMBL671,S=P(N1CC1)(N1CC1)N1CC1,1,-1.033566,-14.120666,6.374536,-0.934238,1.896,0.66,-9.713934,0.0,0,1,-9.713934,-9.713934,,,,189.22399999999996,0.15770000000000017,9.03,0.0,1.0,3.0,3.0,11.0,1.0,0.06670550733686358,0.013626250796473118,0.009773290759471578,0.0017641118874035017,0.03895297914913188
CHEMBL1199080,CC[N+](C)(C)Cc1ccccc1Br,1,5.998377,-15.930639,3.337165,-3.110922,1.183,1.16,-9.706019,0.0,0,1,-9.706019,-9.706019,,,,243.16799999999998,3.0454000000000017,0.0,0.0,0.0,3.0,1.0,13.0,0.45454545454545453,0.05116872834595659,0.024753078001534905,0.012338604472145,0.006480284999326968,0.050235699083429335
CHEMBL35,NS(=O)(=O)c1cc(C(=O)O)c(NCc2ccco2)cc1Cl,1,-12.44475,-26.266033,30.42874,-1.382021,6.347,2.42,-9.664066,0.0,0,1,-9.664066,-9.664066,,,,330.749,1.8907,122.63000000000001,3.0,5.0,5.0,2.0,21.0,0.08333333333333333,0.03536098877020034,0.021671933942668004,0.015937959871604263,0.0025013732268840145,0.05785130093941625
CHEMBL6995,CC(=O)Nc1ccc(OCC(O)CNC(C)C)cc1,1,5.60325,-24.495462,9.850521,-0.514572,7.579,2.09,-9.556263,0.0,0,1,-9.556263,-9.556263,,,,266.34099999999995,1.3826999999999992,70.59,3.0,4.0,7.0,1.0,19.0,0.5,0.014444460412158999,0.019121926010260592,0.01252991216841197,0.0030108106065882727,0.04653705660132103
CHEMBL1463,Nc1nc(=O)[nH]cc1F,1,-3.895985,-11.878848,5.41932,0.859835,0.0,0.0,-9.495678,0.0,0,1,-9.495678,-9.495678,,,,129.09399999999997,-0.5088000000000001,71.77,2.0,3.0,0.0,1.0,9.0,0.0,0.004842973436382865,0.002240455708047662,0.0026235448116974807,0.00012191283016908013,0.009365450990829074
CHEMBL1201319,C[C@H](N)[C@H](O)c1cccc(O)c1,1,5.319419,-15.093245,0.231638,0.137287,0.958,0.6,-9.4049,0.0,0,1,-9.4049,-9.4049,,,,167.20799999999997,0.7728000000000002,66.48,3.0,3.0,2.0,1.0,12.0,0.3333333333333333,0.003258983728638414,0.008554369583718217,0.007366284986713599,0.0006066245227687067,0.025113088126677164
CHEMBL360328,C[C@H]1CNCCc2ccc(Cl)cc21,1,7.037267,-17.764194,4.620733,-3.168184,0.0,0.0,-9.274379,0.0,0,1,-9.274379,-9.274379,,,,195.69299999999998,2.589200000000001,12.03,1.0,1.0,0.0,2.0,13.0,0.45454545454545453,0.02430202056950718,0.01959882702630892,0.009270639954942336,0.006458360359749561,0.039400746854327394
CHEMBL4218626,CC(C)(O)CC(=O)NCC1CN(S(=O)(=O)c2ccc(F)cc2)c2ccc(C(O)(C(F)(F)F)C(F)(F)F)cc2S1,1,-4.257003,-31.247814,28.79351,-2.479286,9.362,2.39,-9.190594,0.0,1,1,-9.190594,-9.190594,,,,604.5660000000001,4.084700000000003,106.94000000000001,3.0,6.0,7.0,3.0,39.0,0.43478260869565216,0.14860495231350734,0.24223182914835914,0.11210930385082404,0.05154307945543306,0.48947433851242744
CHEMBL134342,O=C(O)CCCC[C@@H]1CCSS1,1,-9.766292,-13.833497,17.861172,-3.389432,4.688,1.64,-9.128049,0.0,1,1,-9.128049,-9.128049,,,,206.332,2.7851000000000017,37.3,1.0,3.0,5.0,1.0,12.0,0.875,0.07581483118911879,0.0661307882431304,0.03851440224440422,0.01521205080519821,0.1547853258102367
CHEMBL340978,CC(C(=O)O)c1ccc2oc(-c3ccc(Cl)cc3)nc2c1,1,-8.184823,-26.384571,29.002434,-3.537668,0.915,0.86,-9.104628,0.0,0,1,-9.104628,-9.104628,,,,301.729,4.336300000000002,63.33,1.0,3.0,3.0,3.0,21.0,0.125,0.07040050557374757,0.06636950669469485,0.031179264514003432,0.0190290199953651,0.14311640996557085
CHEMBL979,CCCC(C)(COC(N)=O)COC(N)=O,1,-0.972975,-12.990119,3.53399,1.396079,4.143,1.83,-9.033026,0.0,0,1,-9.033026,-9.033026,,,,218.25299999999996,0.9834000000000005,104.63999999999999,2.0,4.0,6.0,0.0,15.0,0.7777777777777778,0.04702345091994135,0.02777829163434467,0.019836096681806945,0.004329330657600366,0.06750783409851566
CHEMBL2105022,C1=Cc2cccc(OCC3CNCCO3)c2C1,1,7.097944,-19.429296,5.850101,-2.526959,5.549,2.92,-9.008209,0.0,0,1,-9.008209,-9.008209,,,,231.29499999999993,1.6231,30.49,1.0,3.0,3.0,3.0,17.0,0.42857142857142855,0.028210788592946862,0.012485398472959685,0.005530100879659331,0.004218060333783713,0.025064764324849113
CHEMBL857,O=C(O)CCCC[C@@H]1SC[C@@H]2NC(=O)N[C@@H]21,1,-23.104553,-16.924665,32.415562,-1.394391,3.347,1.59,-9.00805,0.0,0,1,-9.00805,-9.00805,,,,244.31600000000003,0.7968000000000001,78.43,3.0,3.0,5.0,2.0,16.0,0.8,0.04290385501498628,0.023547286847462393,0.01665836884146118,0.0033328305714315047,0.05972596009446747
CHEMBL1096,CC(C)c1ccc2oc3nc(N)c(C(=O)O)cc3c(=O)c2c1,1,-8.980564,-29.625086,31.405621,-1.781564,1.905,1.87,-8.981595,0.0,0,1,-8.981595,-8.981595,,,,298.298,2.745,106.42000000000002,2.0,5.0,2.0,3.0,22.0,0.1875,0.013925238124551166,0.03953888698166026,0.023218690368590627,0.008254897346061687,0.09011932900446618
CHEMBL5279683,NS(=O)(=O)c1nccc(-c2ccc(CO)cc2)c1-c1nn[nH]n1,1,-10.214932,-25.019505,23.802223,2.560685,5.016,2.56,-8.871528,0.0,0,1,-8.871528,-8.871528,,,,332.345,0.0683999999999999,147.74,3.0,7.0,4.0,3.0,23.0,0.07692307692307693,0.008754757625869629,0.008928387216893617,0.008135452779278683,0.0006963642158302818,0.03270388825602283
CHEMBL279229,COc1ccccc1N1CCN(CCCNc2cc(=O)n(C)c(=O)n2C)CC1,1,-0.607637,-13.093282,7.336627,-2.496035,5.002,1.7,-8.860326,0.0,0,1,-8.860326,-8.860326,,,,387.48400000000015,0.7168000000000008,71.74000000000001,1.0,6.0,7.0,3.0,28.0,0.5,0.02051186102311239,0.01621481319010627,0.00826435107998295,0.004404645375791277,0.036449764478504565
CHEMBL891,Cc1onc(-c2ccccc2Cl)c1C(=O)N[C@@H]1C(=O)N2[C@@H]1SC(C)(C)[C@@H]2C(=O)O,1,-5.069569,-31.045029,31.043077,-3.736982,7.413,2.73,-8.808502,0.0,0,1,-8.808502,-8.808502,,,,435.8890000000002,2.5487200000000003,112.74,2.0,6.0,4.0,4.0,29.0,0.3684210526315789,0.05583118784351787,0.05755763608270788,0.020396974795383462,0.022403331085980898,0.0972123634717882
CHEMBL364713,COc1ccc2c(c1OC)C(=O)O[C@@H]2[C@H]1c2c(cc3c(c2OC)OCO3)CCN1C,1,5.803999,-24.553761,12.717276,-2.572711,3.786,1.98,-8.605198,0.0,0,1,-8.605198,-8.605198,,,,413.4260000000003,2.881800000000001,75.69000000000001,0.0,8.0,4.0,5.0,30.0,0.4090909090909091,0.08156059518788546,0.07531467456203637,0.04680363469802173,0.020511579852717832,0.19028921193927137
CHEMBL20,CC(=O)Nc1nnc(S(N)(=O)=O)s1,1,-8.356066,-18.943939,15.850213,2.855417,4.931,3.48,-8.594375,0.0,0,1,-8.594375,-8.594375,,,,222.251,-0.8561000000000003,115.03999999999999,2.0,6.0,2.0,1.0,13.0,0.25,0.008551802535819521,0.0034933203994324553,0.003194181377793055,0.00027457588415204405,0.011915696250532454
CHEMBL279085,C=CCN1CCc2nc(N)sc2CC1,1,3.936091,-18.501608,7.741333,-1.741489,0.241,0.22,-8.565673,0.0,0,1,-8.565673,-8.565673,,,,209.31799999999996,1.3119,42.150000000000006,1.0,4.0,2.0,2.0,14.0,0.5,0.029819788500834155,0.011394827892322892,0.005384068109854376,0.003332580219063792,0.022970119873280716
CHEMBL185,O=c1[nH]cc(F)c(=O)[nH]1,1,-3.529983,-10.584409,5.227385,0.423276,0.0,0.0,-8.463731,0.0,0,1,-8.463731,-8.463731,,,,130.078,-0.7977000000000001,65.72,2.0,2.0,0.0,1.0,9.0,0.0,0.01237116769387857,0.0018136096096119936,0.0022840417756508987,7.587714630668188e-05,0.0073736679764949365
CHEMBL51934,Nc1c2c(nc3ccccc13)CCCC2O,1,7.039576,-17.297716,2.983222,-1.169567,0.0,0.0,-8.444486,0.0,0,1,-8.444486,-8.444486,,,,214.26799999999994,2.1867000000000005,59.14,2.0,3.0,0.0,3.0,16.0,0.3076923076923077,0.03293353936042254,0.01917423799329304,0.011829381769444177,0.0035270009787653146,0.046356803402629564
CHEMBL245416,N[C@@H](Cn1ccc(=O)c(O)c1)C(=O)O,1,-4.101097,-16.12471,12.291336,-0.506269,5.269,2.49,-8.440741,0.0,0,1,-8.440741,-8.440741,,,,198.17799999999997,-1.0342000000000002,105.55,3.0,4.0,3.0,1.0,14.0,0.25,0.00848950166185643,0.0033567912934329425,0.0036313053357055797,0.00017738702453136735,0.012358518660248053
CHEMBL434,CC(C)NCC(O)c1ccc(O)c(O)c1,1,6.400219,-16.80909,1.599754,0.41861,2.778,1.5,-8.390507,0.0,0,1,-8.390507,-8.390507,,,,211.261,1.1291999999999998,72.72,4.0,4.0,4.0,1.0,15.0,0.45454545454545453,0.023836895469646246,0.017248252433507347,0.015117529178812966,0.0011912305609734692,0.05305186600298675
CHEMBL4591417,Cc1cc(Nc2nccc(-c3sc(C4CCNCC4)nc3-c3ccc(F)cc3)n2)ccn1,1,4.494174,-33.72678,26.232311,-5.376213,3.331,1.35,-8.376507,0.0,0,1,-8.376507,-8.376507,,,,446.5550000000001,5.320220000000004,75.62,2.0,7.0,5.0,5.0,32.0,0.25,0.17258723273415255,0.25582394071866693,0.11325339090761274,0.08598080683952071,0.5144071289648704
CHEMBL341812,CC(C)Cc1ccc(CC(=O)O)cc1,1,-14.634671,-17.137602,27.221113,-3.769193,1.499,1.04,-8.320354,0.0,0,1,-8.320354,-8.320354,,,,192.25799999999998,2.5122,37.3,1.0,1.0,4.0,1.0,14.0,0.4166666666666667,0.041300714680442406,0.019149017159487393,0.00905142754176563,0.00426547649771768,0.03955260755837568
CHEMBL2110732,COc1cc2ncnc(Nc3ccc(F)c(Cl)c3)c2cc1NC(=O)/C=C/CN1CCCCC1,1,9.064699,-25.694706,14.475957,-6.150713,2.954,0.87,-8.304763,0.0,0,1,-8.304763,-8.304763,,,,469.9480000000004,5.1551000000000045,79.38000000000001,2.0,6.0,7.0,4.0,33.0,0.2916666666666667,0.13616302470151034,0.23895745875252639,0.08425181995186178,0.09204788106275935,0.4117940280764814
CHEMBL770,c1ccc(CC2=NCCN2)cc1,1,6.100199,-15.99619,3.900494,-2.218711,2.461,1.64,-8.214209,0.0,0,1,-8.214209,-8.214209,,,,160.22000000000003,1.2308,24.39,1.0,2.0,2.0,2.0,12.0,0.3,0.00879579046542247,0.006339678137411851,0.003973743382954892,0.001260331405457336,0.01543736173974266
CHEMBL1029,CCCCN1C[C@H](O)[C@@H](O)[C@H](O)[C@H]1CO,1,0.969908,-14.020096,2.714994,2.138479,3.115,1.59,-8.196715,0.0,0,1,-8.196715,-8.196715,,,,219.28099999999998,-1.4542999999999995,84.16000000000001,4.0,5.0,4.0,1.0,15.0,1.0,0.024882164634895166,0.009769192067091807,0.009248784230588156,0.0006931322043283639,0.03188962428391295
CHEMBL41286,CC(=O)Oc1cccc2c1C(=O)c1c(OC(C)=O)cc(C(=O)O)cc1C2=O,1,-4.463855,-32.239349,33.462708,-4.752493,4.182,4.13,-7.99299,0.0,0,1,-7.99299,-7.99299,,,,368.2970000000001,2.0107999999999997,124.04000000000002,1.0,7.0,3.0,3.0,27.0,0.10526315789473684,0.03109772891366307,0.025750827560140566,0.013514661040405305,0.005499067574458685,0.05563597242583114
CHEMBL887,C#CCN[C@@H]1CCc2ccccc21,1,7.446577,-13.764925,1.585704,-2.881363,0.128,0.12,-7.614008,0.0,0,1,-7.614008,-7.614008,,,,171.243,1.8967,12.03,1.0,1.0,2.0,2.0,13.0,0.3333333333333333,0.028586768696120524,0.009328490640061957,0.0052673579037994436,0.0020577695067325497,0.020838447850404646
CHEMBL558,Cc1cccc(C)c1OCC(C)N,1,5.326705,-14.468966,3.66084,-2.107031,4.748,2.09,-7.58845,0.0,0,1,-7.58845,-7.58845,,,,179.26299999999998,2.0294399999999997,35.25,1.0,2.0,3.0,1.0,13.0,0.45454545454545453,0.024708224609821555,0.014140245620483024,0.006816246179986064,0.0034371066085329186,0.028224018207390754
CHEMBL301265,CCCN[C@H]1CCc2nc(N)sc2C1,1,7.257845,-16.204626,2.832446,-1.375471,2.768,1.59,-7.489807,0.0,0,1,-7.489807,-7.489807,,,,211.33399999999997,1.5822,50.94,2.0,4.0,3.0,2.0,14.0,0.7,0.016324567228729953,0.022039353028359254,0.01206323219874916,0.0049146012689630664,0.0499784527058177
CHEMBL109037,NC(Cc1cc(O)c(O)cc1O)C(=O)O,1,-1.693202,-16.683588,9.586468,1.548791,2.94,1.75,-7.24153,0.0,0,1,-7.24153,-7.24153,,,,213.18899999999996,-0.24220000000000003,124.01,5.0,5.0,3.0,1.0,15.0,0.2222222222222222,0.021214605633151192,0.009381075065790135,0.011108437596703252,0.00018974287020412294,0.03833704022163349
CHEMBL24441,CNCCc1ccccn1,1,6.040643,-14.958825,3.593,-1.775503,1.033,1.02,-7.100686,0.0,0,1,-7.100686,-7.100686,,,,136.19799999999995,0.8434999999999999,24.92,1.0,2.0,3.0,1.0,10.0,0.375,0.02216151178173703,0.00513430566595017,0.0034826881947854983,0.0008083883530913071,0.013677760727819404
CHEMBL1200368,O=C(O)c1ccc(NC(=O)[C@H](Cc2ccc(O)cc2)NC(=O)c2ccccc2)cc1,1,-7.872956,-32.759388,37.520828,-3.977193,3.718,1.05,-7.088708,0.0,0,1,-7.088708,-7.088708,,,,404.4220000000001,3.0702000000000016,115.73000000000002,4.0,4.0,7.0,3.0,30.0,0.08695652173913043,0.06511588248901679,0.06459172444559931,0.050487976654815095,0.006795580477490836,0.19178532951412622
CHEMBL3094381,O=C(O)c1ccc(N(CC(F)(F)F)S(=O)(=O)c2ccccc2)cc1,1,-11.273006,-23.284744,30.226665,-2.4874,3.427,1.16,-6.818485,0.0,0,1,-6.818485,-6.818485,,,,359.32500000000005,3.142400000000002,74.68,1.0,3.0,5.0,2.0,24.0,0.13333333333333333,0.04830127846822583,0.03125828225869935,0.014956649397816974,0.008511651151906907,0.06718722152804359
CHEMBL405,CC(N)Cc1ccccc1,1,7.272046,-12.791947,0.959603,-2.194906,0.353,0.34,-6.755205,0.0,0,1,-6.755205,-6.755205,,,,135.20999999999998,1.5763,26.02,1.0,1.0,2.0,1.0,10.0,0.3333333333333333,0.014433679721515132,0.007362373591941926,0.004645496993833215,0.0011439597570701552,0.018436102399134083
CHEMBL1289110,CN1c2ccccc2C(NCCCCCCC(=O)O)c2ccc(Cl)cc2S1(=O)=O,1,-1.749405,-28.298811,28.194016,-4.819977,9.248,1.62,-6.674178,0.0,0,1,-6.674178,-6.674178,,,,436.96100000000007,4.192600000000003,86.71000000000001,2.0,4.0,8.0,3.0,29.0,0.38095238095238093,0.10027942149404405,0.13031899385655044,0.0510486141209967,0.045434098823435264,0.23425152989061096
CHEMBL2103827,N[C@H](C(=O)O)[C@H](O)c1ccc(O)c(O)c1,1,-8.212809,-14.788055,14.621624,1.711675,2.96,1.83,-6.667565,0.0,1,1,-6.667565,-6.667565,,,,213.189,-0.4569000000000002,124.01000000000002,5.0,5.0,3.0,1.0,15.0,0.2222222222222222,0.0005399124434053096,0.008033850856523831,0.009709475080927338,0.00015175852244718227,0.03432429190979756
CHEMBL499,CC(C)(C)NC[C@H](O)COc1nsnc1N1CCOCC1,1,6.947683,-18.112888,4.051719,0.548555,12.518,3.7,-6.564931,0.0,0,1,-6.564931,-6.564931,,,,316.4270000000002,0.5024999999999997,79.74,2.0,8.0,6.0,2.0,21.0,0.8461538461538461,0.03336087497590453,0.021616801679702907,0.011625974611577175,0.00477636798493259,0.047581429108193574
CHEMBL1314,CC(S)C(=O)NCC(=O)O,1,-11.22714,-12.190936,17.652914,-0.68489,1.508,1.03,-6.450051,0.0,0,1,-6.450051,-6.450051,,,,163.198,-0.49450000000000044,66.4,3.0,3.0,3.0,0.0,10.0,0.6,0.02084271879321729,0.005104547105339651,0.004686531722345759,0.0003096660823862063,0.01647845425980782
CHEMBL3190223,CCc1cc(/C(Cc2ccc3ccccc3n2)=N\O)c(O)cc1O,1,-11.142051,-20.000755,27.328636,-2.510952,7.004,2.56,-6.325122,0.0,0,1,-6.325122,-6.325122,,,,322.3640000000001,3.6294000000000017,85.94000000000001,3.0,5.0,4.0,3.0,24.0,0.15789473684210525,0.057811160105930286,0.06206713951587004,0.03996383113700595,0.011725301092716273,0.1485365927022635
CHEMBL455,CC(=O)NS(=O)(=O)c1ccc(N)cc1,1,-9.039107,-19.130362,21.34754,0.646714,0.408,0.37,-6.175214,0.0,0,1,-6.175214,-6.175214,,,,214.246,0.0935999999999998,89.26,2.0,4.0,2.0,1.0,14.0,0.125,0.011189328658215772,0.003960177026548317,0.003625556553354851,0.00032687858903732083,0.013688189795597955
CHEMBL19299,CC(C(=O)O)c1ccc(CC2CCCC2=O)cc1,1,-11.300671,-19.376392,27.700275,-3.18129,2.523,1.61,-6.158077,0.0,0,1,-6.158077,-6.158077,,,,246.30599999999993,2.7864000000000013,54.37,1.0,2.0,4.0,2.0,18.0,0.4666666666666667,0.04032231311268792,0.03055883809989516,0.012644549617664182,0.009967637338243523,0.0582392936667722
CHEMBL2105420,O=S1(=O)CCN(CN2CCS(=O)(=O)NC2)CN1,1,1.012924,-19.982634,9.454869,3.530138,1.386,0.82,-5.984702,0.0,0,1,-5.984702,-5.984702,,,,284.363,-2.6710999999999965,98.82000000000001,2.0,6.0,2.0,2.0,17.0,1.0,0.018339818956867517,0.004272706087429588,0.0035868109856361536,0.00046743638205532455,0.012904593290732649
CHEMBL1076903,c1cnc2cc3c(cc2n1)[C@@H]1CNC[C@H]3C1,1,7.614792,-19.565985,7.556822,-1.42242,0.0,0.0,-5.816791,0.0,0,1,-5.816791,-5.816791,,,,211.26799999999994,1.8038999999999998,37.81,1.0,3.0,0.0,4.0,16.0,0.38461538461538464,0.010166714771690325,0.01320353947577245,0.0070239613862208,0.0036822362165571157,0.02898344252016246
CHEMBL701,NCC(CC(=O)O)c1ccc(Cl)cc1,1,-3.698205,-15.906765,16.077766,-2.218714,5.006,1.85,-5.745918,0.0,0,1,-5.745918,-5.745918,,,,213.664,1.857,63.32000000000001,2.0,2.0,4.0,1.0,14.0,0.3,0.028119401575944645,0.012124074284886105,0.007825891457922448,0.0015520524835170941,0.02842150518479276
CHEMBL1447,smilestoolong,1,10.539492,-23.935488,7.785908,0.012328,5.401,1.94,-5.59776,0.0,0,1,-5.59776,-5.59776,,,,,,,,,,,,,0.025270500979859455,0.023471569680824547,0.009059821401267307,0.008554435249370749,0.0411796192014605
CHEMBL1697744,O=C(O)CSCC(=O)NC1CCSC1=O,1,-9.48264,-17.836956,23.429565,-1.540864,5.142,1.71,-5.430894,0.0,0,1,-5.430894,-5.430894,,,,249.313,-0.047499999999999876,83.47,2.0,5.0,5.0,1.0,15.0,0.625,0.023907644150699486,0.007501915660577633,0.004903187395632354,0.0013882669025120419,0.019315928052108886
CHEMBL1189679,O=C1c2cccc3c2[C@H](CCC3)CN1[C@@H]1CN2CCC1CC2,1,7.195714,-21.93541,13.49921,-3.921583,0.969,0.96,-5.162068,0.0,0,1,-5.162068,-5.162068,,,,296.414,2.656500000000001,23.550000000000004,0.0,2.0,1.0,6.0,22.0,0.631578947368421,0.03305047908262092,0.04755685805388473,0.030519558660768126,0.011071580036768846,0.13676079421624512
CHEMBL259209,CCN(CC)C(=O)C1(c2ccccc2)CC1CN,1,5.108375,-18.939289,10.881862,-2.13288,4.269,2.31,-5.081933,0.0,0,1,-5.081933,-5.081933,,,,246.35399999999998,1.7713999999999999,46.33,1.0,2.0,5.0,2.0,18.0,0.5333333333333333,0.024810488187048035,0.015725172084282302,0.0069285981226128385,0.005026514662073549,0.03281642105722467
CHEMBL1488165,O=C1CC[C@@H](C(=O)N2CSC[C@H]2C(=O)O)N1,1,-9.674253,-18.719597,24.414667,-0.889668,3.09,1.92,-4.868852,0.0,0,1,-4.868852,-4.868852,,,,244.272,-0.7488999999999997,86.71000000000001,2.0,4.0,2.0,2.0,16.0,0.6666666666666666,0.004868199330958014,0.005523850407237587,0.003897488472473579,0.0009215665020438653,0.015594628304357606
CHEMBL1393674,Cc1cc(C)n2cc(-c3ccc(Cl)cc3)c(C(=O)O)c2n1,1,-8.205874,-22.487091,30.492586,-3.993927,2.423,2.4,-4.194308,0.0,0,1,-4.194308,-4.194308,,,,300.74500000000006,3.9697400000000025,54.6,1.0,2.0,2.0,3.0,21.0,0.125,0.05445123542391314,0.04026877853324322,0.018919771804218537,0.010832551746173862,0.08120975438271737
CHEMBL1169,Nc1ccc(C(=O)O)c(O)c1,1,-9.499082,-14.519711,20.100147,-0.198594,1.87,1.87,-4.117238,0.0,0,1,-4.117238,-4.117238,,,,153.137,0.6726000000000001,83.55000000000001,3.0,3.0,1.0,1.0,11.0,0.0,0.005067142382898943,0.0049053236632929905,0.005607205771699397,0.00013304025113732493,0.01959161512567144
CHEMBL940,NCC1(CC(=O)O)CCCCC1,1,-3.417223,-11.676297,12.532043,-1.41859,3.658,1.85,-3.980068,0.0,0,1,-3.980068,-3.980068,,,,171.23999999999992,1.3702999999999994,63.32000000000001,2.0,2.0,3.0,1.0,12.0,0.8888888888888888,0.03773816902257041,0.025853183967900657,0.017706192258469162,0.0038820342081236883,0.06839787823953074
CHEMBL600,CC(=O)N[C@@H](CS)C(=O)O,1,-11.27535,-10.778318,19.057365,-0.780102,3.422,1.83,-3.776405,0.0,0,1,-3.776405,-3.776405,,,,163.198,-0.4945,66.4,3.0,3.0,3.0,0.0,10.0,0.6,0.011274878969606073,0.004647387120116877,0.004310949490897148,0.0002582476330469671,0.01496417117849923
CHEMBL521686,O=C(c1cc(Cc2n[nH]c(=O)c3ccccc23)ccc1F)N1CCN(C(=O)C2CC2)CC1,1,0.479515,-11.297468,11.158151,-4.045982,4.421,1.78,-3.705785,0.0,0,1,-3.705785,-3.705785,,,,434.47100000000034,2.3474000000000004,86.37,1.0,4.0,4.0,5.0,32.0,0.3333333333333333,0.06339889532459135,0.03858099234820274,0.019015957566237987,0.01024651631733055,0.08654841372775836
CHEMBL817,Cc1ccc(S(=O)(=O)NC(=O)NN2CCCCCC2)cc1,1,-4.596058,-23.875587,26.157534,-1.282249,1.31,0.91,-3.596361,0.0,0,1,-3.596361,-3.596361,,,,311.4070000000001,1.7739199999999995,78.50999999999999,2.0,4.0,3.0,2.0,21.0,0.5,0.02942038907045709,0.020430257307163954,0.009413091266893676,0.005685814030746754,0.04025888987448857
CHEMBL44884,CC[C@@H](CO)NCCN[C@@H](CC)CO,1,4.350892,-14.121963,4.673703,1.520804,5.612,1.59,-3.576564,0.0,0,1,-3.576564,-3.576564,,,,204.314,-0.292599999999999,64.52,4.0,4.0,9.0,0.0,14.0,1.0,0.007466373704237166,0.014399021360374456,0.013552330760677599,0.0009668358193908426,0.05243074751162315
CHEMBL85,Cc1nc2n(c(=O)c1CCN1CCC(c3noc4cc(F)ccc34)CC1)CCCC2,1,5.922917,-9.845844,6.396919,-5.102148,4.282,1.59,-2.628156,0.0,0,1,-2.628156,-2.628156,,,,410.4930000000003,3.5904200000000026,64.16,0.0,5.0,4.0,5.0,30.0,0.5217391304347826,0.08325841003886636,0.10473107639259244,0.06221530750137319,0.025515326154327347,0.2565493230644109
CHEMBL836,CCOc1ccccc1OCCN[C@H](C)Cc1ccc(OC)c(S(N)(=O)=O)c1,1,10.430023,-21.338507,9.927037,-1.624618,9.198,2.42,-2.606064,0.0,0,1,-2.606064,-2.606064,,,,408.5200000000001,2.3409000000000004,99.88,2.0,6.0,11.0,2.0,28.0,0.4,0.052356462558851465,0.038509021890034544,0.024592399018150638,0.009883001242686654,0.09647613953179701
CHEMBL1201323,NCCc1cc[nH]n1,1,6.809953,-11.442616,2.614303,-0.585857,0.529,0.52,-2.604216,0.0,0,1,-2.604216,-2.604216,,,,111.14799999999998,-0.08910000000000035,54.7,2.0,2.0,2.0,1.0,8.0,0.4,0.013823929883705144,0.003330135809240607,0.0030339827833085484,0.00020049184484617857,0.009949523254869318
CHEMBL1730,CO/N=C(\C(=O)N[C@@H]1C(=O)N2C(C(=O)O)=C(COC(C)=O)CS[C@H]12)c1csc(N)n1,1,-7.572032,-26.770182,34.647472,-2.889001,8.341,2.64,-2.583741,0.0,0,1,-2.583741,-2.583741,,,,455.47400000000016,-0.6224999999999987,173.51,3.0,11.0,7.0,3.0,30.0,0.375,0.0032614638966849186,0.011771471672698786,0.010186083351668646,0.0012730860086009428,0.04456076859837036
CHEMBL95889,C[N+](C)(C)CC(=O)O,1,-3.836051,-8.096123,11.470064,-1.637709,1.791,1.78,-2.09982,0.0,0,1,-2.09982,-2.09982,,,,118.15599999999998,-0.22280000000000016,37.3,1.0,1.0,2.0,0.0,8.0,0.8,0.01176165790471853,0.004813515080551723,0.003464045262259773,0.00063276120234445,0.01252891856137033
CHEMBL660,NC12CC3CC(CC(C3)C1)C2,1,6.298835,-9.178725,2.906907,-1.395451,0.0,0.0,-1.368434,0.0,0,1,-1.368434,-1.368434,,,,151.253,1.9139,26.02,1.0,1.0,0.0,4.0,11.0,1.0,0.033057158878839595,0.04112652003299508,0.03448821706774483,0.005922284580824392,0.11601631971097062
CHEMBL1566956,COc1cc(C(=O)NC2CCCNC2)cc(OC)c1OC,1,10.907957,-25.707134,15.446333,-1.498832,3.597,1.03,-0.851677,0.0,0,1,-0.851677,-0.851677,,,,294.351,1.1941999999999997,68.82000000000001,2.0,5.0,5.0,2.0,21.0,0.5333333333333333,0.023839346001407663,0.012726029659100706,0.0065765643524439525,0.003160277778340723,0.025769998006845207
CHEMBL1720065,CCCCCCCCCC(CC)c1ccc(S(=O)(=O)[O-])cc1,1,-9.64672,-15.718721,28.001657,-3.149798,2.385,1.62,-0.513581,0.0,0,1,-0.513581,-0.513581,,,,325.4940000000001,5.225000000000005,57.2,0.0,3.0,11.0,1.0,22.0,0.6666666666666666,0.3417058204968637,0.24566444253678038,0.16763259417813509,0.031698019222648685,0.6333018856559097
CHEMBL117785,COc1cc2c(cc1OC)C1CC(=O)C(CC(C)C)CN1CC2,1,7.562323,-15.114408,10.66845,-3.4736,2.355,0.8,-0.357235,0.0,0,1,-0.357235,-0.357235,,,,317.4290000000001,3.238100000000002,38.77,0.0,4.0,4.0,3.0,23.0,0.631578947368421,0.029972990855223102,0.057493867426969054,0.03098147918043538,0.015926577678900242,0.1325239368975571
CHEMBL1757,C[C@@H]1O[C@@H]1P(=O)(O)O,1,-8.361074,-6.671704,13.84628,0.910013,2.139,2.13,-0.276486,0.0,0,1,-0.276486,-0.276486,,,,138.059,-0.09110000000000007,70.06,2.0,2.0,1.0,1.0,8.0,1.0,0.0053107834572266935,0.010799381232031557,0.008796345998152178,0.0010773139102986805,0.031772820930952364
CHEMBL397420,CC(=O)CC(c1ccc([N+](=O)[O-])cc1)c1c(O)c2ccccc2oc1=O,1,-6.836349,-9.708593,21.271685,-4.659053,4.989,1.95,0.067688,0.0,1,1,0.067688,0.067688,,,,353.33000000000004,3.517800000000003,110.65,1.0,6.0,5.0,3.0,26.0,0.15789473684210525,0.02289339711680499,0.056985619199336535,0.0366037031172795,0.009432371376855481,0.15946629074801372
CHEMBL1059,CC(C)C[C@H](CN)CC(=O)O,1,-0.221991,-9.894868,11.935086,-1.511599,5.834,1.85,0.306628,0.0,0,1,0.306628,0.306628,,,,159.229,1.0821,63.32000000000001,2.0,2.0,5.0,0.0,11.0,0.875,0.029505995282513395,0.016867974635924803,0.012497859539601046,0.001639296191598898,0.046947493898958685
CHEMBL777,O=C(O)[C@H]1/C(=C/CO)O[C@@H]2CC(=O)N21,1,-9.707317,-11.799505,20.884995,1.298996,1.106,0.77,0.677168,0.0,0,1,0.677168,0.677168,,,,199.16199999999998,-1.0956,87.07000000000001,2.0,4.0,2.0,2.0,14.0,0.5,0.00995711317296029,0.002776231481814309,0.0024076057565511487,0.00030110758236076833,0.00861932730838782
CHEMBL339323,CC(=N)N1CC[C@H](SC2=C(C(=O)O)N3C(=O)[C@H]([C@@H](C)O)[C@H]3C2)C1,1,-0.513075,-25.359833,28.430271,-0.330524,8.544,3.5,2.226839,0.0,0,1,2.226839,2.226839,,,,339.4170000000001,0.6987700000000001,104.92999999999999,3.0,5.0,4.0,3.0,23.0,0.6666666666666666,0.02645566339253866,0.016752644268296837,0.01096823682504386,0.0028647966892233223,0.04165612912125274
CHEMBL89598,C=CC(N)CCC(=O)O,1,-2.655221,-9.837461,16.293743,-1.372701,4.585,1.59,2.428361,0.0,0,1,2.428361,2.428361,,,,129.159,0.36450000000000005,63.32000000000001,2.0,2.0,4.0,0.0,9.0,0.5,0.01723329030979653,0.004711154677456548,0.004058622551801941,0.00029898494987475564,0.014105940931637619
CHEMBL877,NC[C@H]1CC[C@H](C(=O)O)CC1,1,-14.817803,-11.278775,30.625027,-1.50037,1.271,0.92,3.028079,0.0,0,1,3.028079,3.028079,,,,157.21299999999997,0.8361000000000001,63.32000000000001,2.0,2.0,2.0,1.0,11.0,0.875,0.006132676106844394,0.013606729107123149,0.010230455609940728,0.0014203077796255228,0.039369002918384306
CHEMBL830,NCCCC(N)(C(=O)O)C(F)F,1,2.195075,-9.12989,10.415398,-0.32947,4.175,2.68,3.151113,0.0,0,1,3.151113,3.151113,,,,182.17,-0.22749999999999942,89.34,3.0,3.0,5.0,0.0,12.0,0.8333333333333334,0.010392516202961133,0.00807516232126801,0.007178665340866447,0.0005490183790472949,0.029056654048276818
CHEMBL349803,NS(=O)(=O)c1cc(C(=O)O)cc(N2CCCC2)c1Oc1ccccc1,1,-9.94329,-16.772013,32.241009,-2.088805,2.041,1.16,3.436902,0.0,0,1,3.436902,3.436902,,,,362.40700000000004,2.4247000000000005,109.93,2.0,5.0,5.0,3.0,25.0,0.23529411764705882,0.015568452969394075,0.024558396370215223,0.01377144859006361,0.0047752295959778744,0.05450249333491875
CHEMBL959,CC(N)C12CC3CC(CC(C3)C1)C2,1,8.266331,-8.060607,5.744992,-1.690725,0.351,0.35,4.259991,0.0,0,1,4.259991,4.259991,,,,179.30699999999996,2.5500000000000007,26.02,1.0,1.0,1.0,4.0,13.0,1.0,0.04018647574220164,0.05570094215875598,0.04724040285539053,0.006099749654241808,0.16564501198707898
CHEMBL2103870,Cc1ccc(NC(=O)C2(c3ccc4c(c3)OC(F)(F)O4)CC2)nc1-c1cccc(C(=O)O)c1,1,-6.676734,-18.292675,35.474571,-5.768078,2.212,0.9,4.737083,0.0,1,1,4.737083,4.737083,,,,452.41300000000024,4.747020000000004,97.75000000000001,2.0,5.0,5.0,5.0,33.0,0.20833333333333334,0.11302705135316572,0.13856082016064108,0.07714475757821579,0.022992013124313957,0.2947544833161685
CHEMBL4301645,c1ccc([C@@H]2C[C@H]2NC2CCNCC2)cc1,1,14.802831,-18.128483,11.172611,-3.091844,3.448,1.84,4.755115,0.0,0,1,4.755115,4.755115,,,,216.32799999999995,1.8840999999999999,24.06,2.0,2.0,3.0,3.0,16.0,0.5714285714285714,0.02365436915976391,0.012479542783862685,0.007991535088177836,0.0020744270280047138,0.02991964899976945
CHEMBL3786182,O=C(O)c1ccc(CN2CCC(CN[C@@H]3C[C@H]3c3ccccc3)CC2)cc1,1,4.129598,-30.515831,38.82877,-6.421741,4.499,2.54,6.020796,0.0,0,1,6.020796,6.020796,,,,364.4890000000001,3.7425000000000033,52.57,2.0,3.0,7.0,4.0,27.0,0.43478260869565216,0.05638427778036581,0.05544558561186599,0.028117917403812014,0.014380949654839032,0.11922796331391468
CHEMBL601,NCC(=O)CCC(=O)O,1,-1.802433,-8.683202,17.613274,-0.616022,5.655,1.59,6.511617,0.0,0,1,6.511617,6.511617,,,,131.131,-0.6210000000000004,80.39,2.0,3.0,4.0,0.0,9.0,0.6,0.009569260414207734,0.003088091902834715,0.0028684022612192285,0.00015563202292447517,0.010077397115856196
CHEMBL1614658,NC(=O)OC[C@@H]1[C@H](NC(=O)/C(=N\OCC(=O)O)c2csc(N)n2)C(=O)N1S(=O)(=O)O,1,-16.033323,-33.051212,56.003021,3.055461,21.993999,4.05,9.973948,0.0,0,1,9.973948,9.973948,,,,466.41000000000014,-2.8756999999999975,253.9,5.0,12.0,9.0,2.0,30.0,0.3333333333333333,0.006288949467166818,0.005794281886865851,0.008966516916352854,7.717595216529788e-05,0.03657401540375034
CHEMBL1466,O=c1oc2ccccc2c(O)c1Cc1c(O)c2ccccc2oc1=O,1,-15.049818,-26.520172,56.778824,-4.054439,1.813,0.91,11.154393,0.0,0,1,11.154393,11.154393,,,,336.29900000000004,2.9014000000000006,100.88,2.0,6.0,2.0,4.0,25.0,0.05263157894736842,0.008635122704940735,0.02248673194790174,0.017374162230484654,0.0022971875415288886,0.06527829359905568
CHEMBL3707366,C[C@H](N)C(=O)N[C@@H](CCC(N)=O)C(=O)O,1,1.295254,-18.456556,28.787136,1.244257,6.537,1.59,12.87009,0.0,0,1,12.87009,12.87009,,,,217.22499999999997,-1.8314999999999984,135.51,4.0,4.0,6.0,0.0,15.0,0.625,0.012050288194188638,0.002906255420995255,0.0037760444198871447,6.0969393361417914e-05,0.011806714254775011
CHEMBL4303665,C/C(=C(\CCOP(=O)(O)O)SC(=O)c1ccccc1)N(C=O)Cc1cnc(C)nc1N,1,-20.347748,-37.027245,74.427383,-3.358269,11.556,3.51,13.694122,0.0,0,1,13.694122,13.694122,,,,466.45600000000024,2.630119999999999,155.94000000000003,3.0,8.0,10.0,2.0,31.0,0.2631578947368421,0.025313978287610808,0.04677635870413663,0.04008441483820276,0.004086907906639049,0.14984148606309908
CHEMBL503160,O=C(O)/C=C/C(=O)O,1,-19.25581,-8.629364,44.285595,-1.320217,0.028,0.02,15.080204,0.0,0,1,15.080204,15.080204,,,,116.07199999999999,-0.28819999999999985,74.6,2.0,2.0,2.0,0.0,8.0,0.0,0.003339658836601542,0.001364340665420064,0.002021623077098598,2.1819984387532e-05,0.00714892051811293
CHEMBL1016,CCOc1nc2cccc(C(=O)O)c2n1Cc1ccc(-c2ccccc2-c2nnn[nH]2)cc1,1,-9.094258,-37.201393,66.675941,-4.491223,8.886,2.65,15.889069,0.0,0,1,15.889069,15.889069,,,,440.4630000000001,4.028600000000002,118.81,2.0,6.0,7.0,5.0,33.0,0.125,0.0650837084690039,0.07287003892164051,0.05829763043613523,0.005600738201814784,0.21349226005310856
CHEMBL1605,Nc1nc(/C(=C/CC(=O)O)C(=O)N[C@@H]2C(=O)N3C(C(=O)O)=CCS[C@H]23)cs1,1,-16.762745,-26.410357,67.655739,-2.370374,9.394,2.73,22.112261,0.0,0,1,22.112261,22.112261,,,,410.4330000000001,-0.0481999999999998,162.92,4.0,8.0,6.0,3.0,27.0,0.26666666666666666,0.0032790012935254302,0.006562976038496125,0.0072368539810247655,0.00020540827157915497,0.0266339317799765
CHEMBL1096882,Nc1nc(F)nc2c1ncn2[C@@H]1O[C@H](COP(=O)(O)O)[C@@H](O)[C@@H]1O,1,-44.394608,-25.921665,93.120995,1.939509,5.587,2.04,24.744234,0.0,0,1,24.744234,24.744234,,,,365.21400000000006,-1.7239000000000007,186.07,5.0,9.0,4.0,3.0,24.0,0.5,0.007310845153131038,0.0043240145175025635,0.005674359988361193,7.490297474709644e-05,0.017967774926311155
CHEMBL428,N[C@@H]1[C@H]2CN(c3nc4c(cc3F)c(=O)c(C(=O)O)cn4-c3ccc(F)cc3F)C[C@@H]12,1,4.236793,-31.132858,56.190701,-4.038398,2.271,1.17,25.256237,0.0,0,1,25.256237,25.256237,,,,416.3590000000001,1.8944999999999996,101.44999999999999,2.0,5.0,3.0,5.0,30.0,0.25,0.016605859048083944,0.012345016662723024,0.008977758095665636,0.0011533796037191447,0.032887204992599596
CHEMBL1006,NCCCNCCSP(=O)(O)O,1,-4.523494,-11.870111,43.49474,-0.623178,4.818,1.62,26.477957,0.0,0,1,26.477957,26.477957,,,,214.22699999999998,-0.2492999999999997,95.58,4.0,4.0,7.0,0.0,12.0,1.0,0.023974853685505098,0.007206171237556116,0.008490899825754445,0.00015112127310910867,0.029384743333095466
CHEMBL225071,Cc1nc(=O)c2cc(CN(C)c3ccc(C(=O)N[C@@H](CCC(=O)O)C(=O)O)s3)ccc2[nH]1,1,-20.928774,-28.515238,79.453979,-3.489843,9.892,3.2,26.520124,0.0,0,1,26.520124,26.520124,,,,458.4960000000002,1.9772199999999995,152.69,4.0,7.0,9.0,3.0,32.0,0.2857142857142857,0.029433236623369195,0.024618287042377923,0.024086885315007158,0.00105662158910411,0.08820656323898839
CHEMBL577,C[C@H](N[C@@H](CCc1ccccc1)C(=O)O)C(=O)N1CCC[C@H]1C(=O)O,1,-13.221513,-26.495165,71.355202,-3.854072,5.682,1.51,27.784451,0.0,0,1,27.784451,27.784451,,,,348.39900000000017,1.1261000000000003,106.94000000000001,3.0,4.0,8.0,2.0,25.0,0.5,0.03137461864163818,0.009252553193998907,0.008771496359575949,0.00041373194793226055,0.031389767536215904
CHEMBL9,CCn1cc(C(=O)O)c(=O)c2cc(F)c(N3CCNCC3)cc21,1,1.732359,-25.568695,55.289261,-2.959506,5.579,4.36,28.493418,0.0,0,1,28.493418,28.493418,,,,319.336,1.2683,74.57000000000001,2.0,4.0,3.0,3.0,23.0,0.375,0.0037691060864591722,0.005659266156992735,0.004400562519009257,0.00046659836670671727,0.01662346933853287
CHEMBL858,O=C(O)CN(CCN(CC(=O)O)CC(=O)O)CC(=O)O,1,-33.802402,-18.483431,95.098061,-2.352544,12.375,2.36,40.459682,0.0,0,1,40.459682,40.459682,,,,292.244,-2.0711999999999957,155.68,4.0,6.0,11.0,0.0,20.0,0.6,0.012877518816523879,0.0019079519525584023,0.003313135167272781,1.1060030210570058e-05,0.009074094126330524
CHEMBL287275,O=C(O)c1ccccc1OP(=O)(O)O,1,-27.72632,-15.524343,96.447678,-1.947676,0.321,0.29,51.249336,0.0,0,1,51.249336,51.249336,,,,218.10099999999997,0.8562999999999998,104.06,3.0,3.0,3.0,1.0,14.0,0.0,0.0004896946564719246,0.0021303093306512338,0.003730605672262076,5.237921400628417e-06,0.009735641460766747
